REPLACE INTO `creature_ai_scripts` (`id`, `creature_id`, `event_type`, `event_inverse_phase_mask`, `event_chance`, `event_flags`, `event_param1`, `event_param2`, `event_param3`, `event_param4`, `event_param5`, `event_param6`, `action1_type`, `action1_param1`, `action1_param2`, `action1_param3`, `action2_type`, `action2_param1`, `action2_param2`, `action2_param3`, `action3_type`, `action3_param1`, `action3_param2`, `action3_param3`, `comment`) VALUES
(2336402, 23364, 30, 0, 100, 0, 5, 23364, 0, 0, 0, 0, 4, 431, 0, 0, 41, 0, 0, 0, 0, 0, 0, 0, 'YTDB(TBCDB) - Black Dragon Whelpling - Play Sound 431 amd Despawn Self on Receive AI Event 5 (A)'),
(2339005, 23390, 11, 0, 100, 0, 0, 0, 0, 0, 0, 0, 11, 34427, 0, 2, 11, 41365, 0, 2, 0, 0, 0, 0, 'YTDB(TBCDB) - Bash''ir''s Harbinger - Cast Ethereal Teleport and Cast Blade''s Edge - Bash''ir Materialization Beam 00 on Spawn'),
(2339006, 23390, 1, 0, 100, 1, 100, 100, 1000, 2000, 0, 0, 45, 5, 12, 0, 0, 0, 0, 0, 0, 0, 0, 0, 'YTDB(TBCDB) - Bash''ir''s Harbinger - Throw AI Event 5 (A) OOC'),
(2339001, 23390, 4, 0, 100, 0, 0, 0, 0, 0, 0, 0, 11, 30798, 0, 0, 54, 0, 6, 10163, 0, 0, 0, 0, 'YTDB(TBCDB) - Bash''ir''s Harbinger - Cast Dual Wield and Random Say on Aggro'),
(2339007, 23390, 30, 0, 100, 1, 8, 23390, 0, 0, 0, 0, 19, 256, 0, 0, 55, 11, 0, 0, 22, 1, 0, 0, 'YTDB(TBCDB) - Bash''ir''s Harbinger - Remove UnitFlag 256 and Attack Spawner and Set Phase 1 on Receive AI Event 8 (C)'),
(2339008, 23390, 30, 0, 100, 1, 9, 23390, 0, 0, 0, 0, 19, 256, 0, 0, 55, 11, 0, 0, 22, 2, 0, 0, 'YTDB(TBCDB) - Bash''ir''s Harbinger - Remove UnitFlag 256 and Attack Spawner and Set Phase 2 on Receive AI Event 9 (D)'),
(2339009, 23390, 30, 0, 100, 1, 10, 23390, 0, 0, 0, 0, 19, 256, 0, 0, 55, 11, 0, 0, 22, 3, 0, 0, 'YTDB(TBCDB) - Bash''ir''s Harbinger - Remove UnitFlag 256 and Attack Spawner and Set Phase 3 on Receive AI Event 10 (E)'),
(2339010, 23390, 30, 0, 100, 1, 11, 23390, 0, 0, 0, 0, 19, 256, 0, 0, 55, 11, 0, 0, 22, 4, 0, 0, 'YTDB(TBCDB) - Bash''ir''s Harbinger - Remove UnitFlag 256 and Attack Spawner and Set Phase 4 on Receive AI Event 11 (F)'),
(2339011, 23390, 6, 29, 100, 0, 0, 0, 0, 0, 0, 0, 53, 10157, 0, 0, 0, 0, 0, 0, 0, 0, 0, 0, 'YTDB(TBCDB) - Bash''ir''s Harbinger - Start Relay Script on Death (Phase 1)'),
(2339012, 23390, 6, 27, 100, 0, 0, 0, 0, 0, 0, 0, 53, 10158, 0, 0, 0, 0, 0, 0, 0, 0, 0, 0, 'YTDB(TBCDB) - Bash''ir''s Harbinger - Start Relay Script on Death (Phase 2)'),
(2339013, 23390, 6, 23, 100, 0, 0, 0, 0, 0, 0, 0, 53, 10159, 0, 0, 0, 0, 0, 0, 0, 0, 0, 0, 'YTDB(TBCDB) - Bash''ir''s Harbinger - Start Relay Script on Death (Phase 3)'),
(2339014, 23390, 6, 15, 100, 0, 0, 0, 0, 0, 0, 0, 53, 10160, 0, 0, 0, 0, 0, 0, 0, 0, 0, 0, 'YTDB(TBCDB) - Bash''ir''s Harbinger - Start Relay Script on Death (Phase 4)'),
(2339105, 23391, 11, 0, 100, 0, 0, 0, 0, 0, 0, 0, 11, 34427, 0, 2, 11, 41365, 0, 2, 0, 0, 0, 0, 'YTDB(TBCDB) - Bash''ir - Cast Ethereal Teleport and Cast Blade''s Edge - Bash''ir Materialization Beam 00 on Spawn'),
(2339106, 23391, 1, 0, 100, 1, 100, 100, 1000, 2000, 0, 0, 45, 5, 12, 0, 0, 0, 0, 0, 0, 0, 0, 0, 'YTDB(TBCDB) - Bash''ir - Throw AI Event 5 (A) OOC'),
(2339107, 23391, 4, 0, 100, 0, 0, 0, 0, 0, 0, 0, 54, 0, 6, 10164, 0, 0, 0, 0, 0, 0, 0, 0, 'YTDB(TBCDB) - Bash''ir - Random Say on Aggro'),
(2339108, 23391, 30, 0, 100, 1, 8, 23391, 0, 0, 0, 0, 19, 256, 0, 0, 55, 11, 0, 0, 22, 1, 0, 0, 'YTDB(TBCDB) - Bash''ir - Remove UnitFlag 256 and Attack Spawner and Set Phase 1 on Receive AI Event 8 (C)'),
(2339109, 23391, 30, 0, 100, 1, 9, 23391, 0, 0, 0, 0, 19, 256, 0, 0, 55, 11, 0, 0, 22, 2, 0, 0, 'YTDB(TBCDB) - Bash''ir - Remove UnitFlag 256 and Attack Spawner and Set Phase 2 on Receive AI Event 9 (D)'),
(2339110, 23391, 30, 0, 100, 1, 10, 23391, 0, 0, 0, 0, 19, 256, 0, 0, 55, 11, 0, 0, 22, 3, 0, 0, 'YTDB(TBCDB) - Bash''ir - Remove UnitFlag 256 and Attack Spawner and Set Phase 3 on Receive AI Event 10 (E)'),
(2339111, 23391, 30, 0, 100, 1, 11, 23391, 0, 0, 0, 0, 19, 256, 0, 0, 55, 11, 0, 0, 22, 4, 0, 0, 'YTDB(TBCDB) - Bash''ir - Remove UnitFlag 256 and Attack Spawner and Set Phase 4 on Receive AI Event 11 (F)'),
(2339112, 23391, 6, 29, 100, 0, 0, 0, 0, 0, 0, 0, 53, 10157, 0, 0, 0, 0, 0, 0, 0, 0, 0, 0, 'YTDB(TBCDB) - Bash''ir - Start Relay Script on Death (Phase 1)'),
(2339113, 23391, 6, 27, 100, 0, 0, 0, 0, 0, 0, 0, 53, 10158, 0, 0, 0, 0, 0, 0, 0, 0, 0, 0, 'YTDB(TBCDB) - Bash''ir - Start Relay Script on Death (Phase 2)'),
(2339114, 23391, 6, 23, 100, 0, 0, 0, 0, 0, 0, 0, 53, 10159, 0, 0, 0, 0, 0, 0, 0, 0, 0, 0, 'YTDB(TBCDB) - Bash''ir - Start Relay Script on Death (Phase 3)'),
(2339115, 23391, 6, 15, 100, 0, 0, 0, 0, 0, 0, 0, 53, 10160, 0, 0, 0, 0, 0, 0, 0, 0, 0, 0, 'YTDB(TBCDB) - Bash''ir - Start Relay Script on Death (Phase 4)');

REPLACE INTO `creature_ai_scripts` (`id`,`creature_id`,`event_type`,`event_inverse_phase_mask`,`event_chance`,`event_flags`,`event_param1`,`event_param2`,`event_param3`,`event_param4`,`event_param5`,`event_param6`,`action1_type`,`action1_param1`,`action1_param2`,`action1_param3`,`action2_type`,`action2_param1`,`action2_param2`,`action2_param3`,`action3_type`,`action3_param1`,`action3_param2`,`action3_param3`,`comment`) VALUES
('2315202','23152','2','2','100','0','2','0','0','0','0','0','53','10136','0','0','22','2','0','0','0','0','0','0','YTDB(TBCDB) - Vagath - Start Relay Script and Set Phase 2 at 1% HP (Phase 0)'),
('2315204','23152','6','0','100','0','0','0','0','0','0','0','1','-10042','0','0','53','10134','0','0','0','0','0','0','YTDB(TBCDB) - Vagath - Yell and Start Relay Script on Death');

REPLACE INTO `creature_ai_scripts` (`id`,`creature_id`,`event_type`,`event_inverse_phase_mask`,`event_chance`,`event_flags`,`event_param1`,`event_param2`,`event_param3`,`event_param4`,`event_param5`,`event_param6`,`action1_type`,`action1_param1`,`action1_param2`,`action1_param3`,`action2_type`,`action2_param1`,`action2_param2`,`action2_param3`,`action3_type`,`action3_param1`,`action3_param2`,`action3_param3`,`comment`) VALUES
('136801','1368','1','0','100','1','30000','60000','30000','60000','0','0','53','4','0','0','0','0','0','0','0','0','0','0','YTDB(TBCDB) - Justin - Start Relay Script OOC');

REPLACE INTO `creature_ai_scripts` (`id`, `creature_id`, `event_type`, `event_inverse_phase_mask`, `event_chance`, `event_flags`, `event_param1`, `event_param2`, `event_param3`, `event_param4`, `event_param5`, `event_param6`, `action1_type`, `action1_param1`, `action1_param2`, `action1_param3`, `action2_type`, `action2_param1`, `action2_param2`, `action2_param3`, `action3_type`, `action3_param1`, `action3_param2`, `action3_param3`, `comment`) VALUES
(88801, 888, 11, 0, 100, 0, 0, 0, 0, 0, 0, 0, 18, 512, 0, 0, 0, 0, 0, 0, 0, 0, 0, 0, 'YTDB(TBCDB) - Watcher Dodds - Set UnitFlag IMMUNE_TO_NPC on Spawn'),
(88802, 888, 21, 0, 100, 0, 0, 0, 0, 0, 0, 0, 18, 512, 0, 0, 0, 0, 0, 0, 0, 0, 0, 0, 'YTDB(TBCDB) - Watcher Dodds - Restore UnitFlag IMMUNE_TO_NPC on Reached Home'),
(1623101, 16231, 1, 30, 100, 1, 10000, 60000, 300000, 600000, 0, 0, 53, 10035, 0, 0, 22, 1, 0, 0, 0, 0, 0, 0, 'YTDB(TBCDB) - Dame Auriferous - Start Relay Script 1 and Set Phase 1 OOC (Phase 0)'),
(1623102, 16231, 1, 29, 100, 1, 80000, 120000, 80000, 120000, 0, 0, 53, 10036, 0, 0, 22, 2, 0, 0, 0, 0, 0, 0, 'YTDB(TBCDB) - Dame Auriferous - Start Relay Script 2 and Set Phase 2 OOC (Phase 1)'),
(1623103, 16231, 1, 27, 100, 1, 80000, 120000, 80000, 120000, 0, 0, 53, 10037, 0, 0, 22, 3, 0, 0, 0, 0, 0, 0, 'YTDB(TBCDB) - Dame Auriferous - Start Relay Script 3 and Set Phase 3 OOC (Phase 2)'),
(1623104, 16231, 1, 23, 100, 1, 80000, 120000, 80000, 120000, 0, 0, 53, 10038, 0, 0, 22, 4, 0, 0, 0, 0, 0, 0, 'YTDB(TBCDB) - Dame Auriferous - Start Relay Script 4 and Set Phase 4 OOC (Phase 3)'),
(1623105, 16231, 1, 15, 100, 1, 80000, 120000, 80000, 120000, 0, 0, 53, 10039, 0, 0, 22, 0, 0, 0, 0, 0, 0, 0, 'YTDB(TBCDB) - Dame Auriferous - Start Relay Script 5 and Set Phase 0 OOC (Phase 4)'),
(2066601, 20666, 30, 0, 100, 1, 5, 20845, 0, 0, 0, 0, 0, 0, 0, 0, 11, 35740, 0, 0, 0, 0, 0, 0, 'YTDB(TBCDB) - Blade''s Edge - Orb Trigger 01 - Cast Holy Nova on Receive AI Event 5'),
(2066602, 20666, 30, 491521, 100, 1, 5, 20845, 0, 0, 0, 0, 23, 1, 0, 0, 0, 0, 0, 0, 0, 0, 0, 0, 'YTDB(TBCDB) - Blade''s Edge - Orb Trigger 01 - Increment Phase on Receive AI Event 5 (Phase 1-14)'),
(2066603, 20666, 30, 458751, 100, 1, 5, 20845, 0, 0, 0, 0, 22, 4, 0, 0, 0, 0, 0, 0, 0, 0, 0, 0, 'YTDB(TBCDB) - Blade''s Edge - Orb Trigger 01 - Set Phase 4 on Receive AI Event 5 (Phase 16)'),
(2066604, 20666, 30, 393215, 100, 1, 5, 20845, 0, 0, 0, 0, 22, 8, 0, 0, 0, 0, 0, 0, 0, 0, 0, 0, 'YTDB(TBCDB) - Blade''s Edge - Orb Trigger 01 - Set Phase 8 on Receive AI Event 5 (Phase 17)'),
(2066605, 20666, 30, 262143, 100, 1, 5, 20845, 0, 0, 0, 0, 22, 12, 0, 0, 0, 0, 0, 0, 0, 0, 0, 0, 'YTDB(TBCDB) - Blade''s Edge - Orb Trigger 01 - Set Phase 12 on Receive AI Event 5 (Phase 18)'),
(2066606, 20666, 30, 524286, 100, 1, 5, 20845, 0, 0, 0, 0, 53, 10051, 0, 0, 53, 10056, 0, 0, 23, 1, 0, 0, 'YTDB(TBCDB) - Blade''s Edge - Orb Trigger 01 - Start Relay Script and Increment Phase and Set Active Object on Receive AI Event 5 (Phase 0)'),
(2066607, 20666, 29, 524285, 100, 1, 300000, 300000, 300000, 300000, 0, 0, 53, 10058, 0, 0, 22, 0, 0, 0, 53, 10059, 0, 0, 'YTDB(TBCDB) - Blade''s Edge - Orb Trigger 01 - Despawn Closest Blade''s Edge - Nexus Prince Event - Orb01 and Set Phase 0 and Set Active Object Off on Generic Timer (Phase 1)'),
(2066608, 20666, 29, 524283, 100, 1, 300000, 300000, 300000, 300000, 0, 0, 53, 10058, 0, 0, 22, 0, 0, 0, 53, 10059, 0, 0, 'YTDB(TBCDB) - Blade''s Edge - Orb Trigger 01 - Despawn Closest Blade''s Edge - Nexus Prince Event - Orb01 and Set Phase 0 and Set Active Object Off on Generic Timer (Phase 2)'),
(2066609, 20666, 29, 524279, 100, 1, 300000, 300000, 300000, 300000, 0, 0, 53, 10058, 0, 0, 22, 0, 0, 0, 53, 10059, 0, 0, 'YTDB(TBCDB) - Blade''s Edge - Orb Trigger 01 - Despawn Closest Blade''s Edge - Nexus Prince Event - Orb01 and Set Phase 0 and Set Active Object Off on Generic Timer (Phase 3)'),
(2066610, 20666, 30, 524271, 100, 1, 5, 20845, 0, 0, 0, 0, 53, 10052, 0, 0, 0, 0, 0, 0, 0, 0, 0, 0, 'YTDB(TBCDB) - Blade''s Edge - Orb Trigger 01 - Start Relay Script on Receive AI Event 5 (Phase 4)'),
(2066611, 20666, 29, 524271, 100, 1, 300000, 300000, 300000, 300000, 0, 0, 53, 10058, 0, 0, 22, 16, 0, 0, 0, 0, 0, 0, 'YTDB(TBCDB) - Blade''s Edge - Orb Trigger 01 - Despawn Closest Blade''s Edge - Nexus Prince Event - Orb01 and Set Phase 16 on Generic Timer (Phase 4)'),
(2066612, 20666, 29, 524255, 100, 1, 300000, 300000, 300000, 300000, 0, 0, 53, 10058, 0, 0, 22, 16, 0, 0, 0, 0, 0, 0, 'YTDB(TBCDB) - Blade''s Edge - Orb Trigger 01 - Despawn Closest Blade''s Edge - Nexus Prince Event - Orb01 and Set Phase 16 on Generic Timer (Phase 5)'),
(2066613, 20666, 29, 524223, 100, 1, 300000, 300000, 300000, 300000, 0, 0, 53, 10058, 0, 0, 22, 16, 0, 0, 0, 0, 0, 0, 'YTDB(TBCDB) - Blade''s Edge - Orb Trigger 01 - Despawn Closest Blade''s Edge - Nexus Prince Event - Orb01 and Set Phase 16 on Generic Timer (Phase 6)'),
(2066614, 20666, 29, 524159, 100, 1, 300000, 300000, 300000, 300000, 0, 0, 53, 10058, 0, 0, 22, 16, 0, 0, 0, 0, 0, 0, 'YTDB(TBCDB) - Blade''s Edge - Orb Trigger 01 - Despawn Closest Blade''s Edge - Nexus Prince Event - Orb01 and Set Phase 16 on Generic Timer (Phase 7)'),
(2066615, 20666, 30, 524031, 100, 1, 5, 20845, 0, 0, 0, 0, 53, 10053, 0, 0, 0, 0, 0, 0, 0, 0, 0, 0, 'YTDB(TBCDB) - Blade''s Edge - Orb Trigger 01 - Start Relay Script on Receive AI Event 5 (Phase 8)'),
(2066616, 20666, 29, 524031, 100, 1, 300000, 300000, 300000, 300000, 0, 0, 53, 10058, 0, 0, 22, 17, 0, 0, 0, 0, 0, 0, 'YTDB(TBCDB) - Blade''s Edge - Orb Trigger 01 - Despawn Closest Blade''s Edge - Nexus Prince Event - Orb01 and Set Phase 17 on Generic Timer (Phase 8)'),
(2066617, 20666, 29, 523775, 100, 1, 300000, 300000, 300000, 300000, 0, 0, 53, 10058, 0, 0, 22, 17, 0, 0, 0, 0, 0, 0, 'YTDB(TBCDB) - Blade''s Edge - Orb Trigger 01 - Despawn Closest Blade''s Edge - Nexus Prince Event - Orb01 and Set Phase 17 on Generic Timer (Phase 9)'),
(2066618, 20666, 29, 523263, 100, 1, 300000, 300000, 300000, 300000, 0, 0, 53, 10058, 0, 0, 22, 17, 0, 0, 0, 0, 0, 0, 'YTDB(TBCDB) - Blade''s Edge - Orb Trigger 01 - Despawn Closest Blade''s Edge - Nexus Prince Event - Orb01 and Set Phase 17 on Generic Timer (Phase 10)'),
(2066619, 20666, 29, 522239, 100, 1, 300000, 300000, 300000, 300000, 0, 0, 53, 10058, 0, 0, 22, 17, 0, 0, 0, 0, 0, 0, 'YTDB(TBCDB) - Blade''s Edge - Orb Trigger 01 - Despawn Closest Blade''s Edge - Nexus Prince Event - Orb01 and Set Phase 17 on Generic Timer (Phase 11)'),
(2066620, 20666, 30, 520191, 100, 1, 5, 20845, 0, 0, 0, 0, 53, 10054, 0, 0, 0, 0, 0, 0, 0, 0, 0, 0, 'YTDB(TBCDB) - Blade''s Edge - Orb Trigger 01 - Start Relay Script on Receive AI Event 5 (Phase 12)'),
(2066621, 20666, 29, 520191, 100, 1, 300000, 300000, 300000, 300000, 0, 0, 53, 10058, 0, 0, 22, 18, 0, 0, 0, 0, 0, 0, 'YTDB(TBCDB) - Blade''s Edge - Orb Trigger 01 - Despawn Closest Blade''s Edge - Nexus Prince Event - Orb01 and Set Phase 18 on Generic Timer (Phase 12)'),
(2066622, 20666, 29, 516095, 100, 1, 300000, 300000, 300000, 300000, 0, 0, 53, 10058, 0, 0, 22, 18, 0, 0, 0, 0, 0, 0, 'YTDB(TBCDB) - Blade''s Edge - Orb Trigger 01 - Despawn Closest Blade''s Edge - Nexus Prince Event - Orb01 and Set Phase 18 on Generic Timer (Phase 13)'),
(2066623, 20666, 29, 507903, 100, 1, 300000, 300000, 300000, 300000, 0, 0, 53, 10058, 0, 0, 22, 18, 0, 0, 0, 0, 0, 0, 'YTDB(TBCDB) - Blade''s Edge - Orb Trigger 01 - Despawn Closest Blade''s Edge - Nexus Prince Event - Orb01 and Set Phase 18 on Generic Timer (Phase 14)'),
(2066624, 20666, 30, 491519, 100, 0, 5, 20845, 0, 0, 0, 0, 53, 10055, 0, 0, 0, 0, 0, 0, 0, 0, 0, 0, 'YTDB(TBCDB) - Blade''s Edge - Orb Trigger 01 - Start Relay Script on Receive AI Event 5 (Phase 15)'),
(2066625, 20666, 30, 491519, 100, 0, 6, 21057, 0, 0, 0, 0, 22, 0, 0, 0, 53, 10059, 0, 0, 24, 0, 0, 0, 'YTDB(TBCDB) - Blade''s Edge - Orb Trigger 01 - Set Phase 0 and Set Active Object Off and Enter Evade Mode on Receive AI Event 6 (Phase 15)'),
(2066626, 20666, 29, 65535, 100, 1, 60000, 60000, 60000, 60000, 0, 0, 45, 5, 10, 0, 22, 0, 0, 0, 53, 10059, 0, 0, 'YTDB(TBCDB) - Blade''s Edge - Orb Trigger 01 - Send AI Event 5 and Set Phase 0 and Set Active Object Off on Generic Timer (Phase 16-18)'),
(2102501, 21025, 30, 0, 100, 0, 5, 20666, 0, 0, 0, 0, 41, 0, 0, 0, 0, 0, 0, 0, 0, 0, 0, 0, 'YTDB(TBCDB) - Blade''s Edge - Nexus Prince Event - Orb01 - Forced Despawn on Receive AI Event 5'),
(2306101, 23061, 30, 0, 100, 0, 5, 23061, 0, 0, 0, 0, 54, 0, 11, 10083, 22, 2, 0, 0, 0, 0, 0, 0, 'YTDB(TBCDB) - Rivendark - Random Yell and Set Phase 2 on Receive AI Event 5 (A)'),
(2306102, 23061, 29, 3, 100, 0, 2000, 2000, 0, 0, 0, 0, 19, 256, 0, 0, 55, 11, 0, 0, 22, 1, 0, 0, 'YTDB(TBCDB) - Rivendark - Remove UNIT_FLAG_IMMUNE_TO_PLAYER and Attack Spawner and Set Phase 1 on Generic Timer (Phase 2)'),
(2306103, 23061, 0, 6, 100, 1, 6000, 6000, 6000, 6000, 0, 0, 11, 40032, 1, 0, 0, 0, 0, 0, 0, 0, 0, 0, 'YTDB(TBCDB) - Rivendark - Cast Fiery Breath (Phase 0)'),
(2306104, 23061, 0, 5, 100, 1, 3500, 5500, 7000, 12000, 0, 0, 11, 40505, 1, 0, 0, 0, 0, 0, 0, 0, 0, 0, 'YTDB(TBCDB) - Rivendark - Cast Cleave (Phase 1)'),
(2306105, 23061, 0, 5, 100, 1, 5000, 15000, 10000, 30000, 0, 0, 11, 9573, 0, 0, 0, 0, 0, 0, 0, 0, 0, 0, 'YTDB(TBCDB) - Rivendark - Cast Flame Breath (Phase 1)'),
(2306106, 23061, 33, 5, 100, 1, 0, 0, 9000, 15000, 0, 0, 11, 15847, 0, 0, 0, 0, 0, 0, 0, 0, 0, 0, 'YTDB(TBCDB) - Rivendark - Cast Tail Sweep (Phase 1)'),
(2306107, 23061, 0, 5, 100, 1, 8000, 25000, 25000, 60000, 0, 0, 11, 36922, 0, 0, 0, 0, 0, 0, 0, 0, 0, 0, 'YTDB(TBCDB) - Rivendark - Cast Bellowing Roar (Phase 1)'),
(2306108, 23061, 0, 5, 100, 1, 10000, 20000, 40000, 60000, 0, 0, 11, 41988, 0, 0, 0, 0, 0, 0, 0, 0, 0, 0, 'YTDB(TBCDB) - Rivendark - Cast Corruption (Phase 1)'),
(2306109, 23061, 6, 5, 100, 0, 0, 0, 0, 0, 0, 0, 53, 10127, 0, 0, 0, 0, 0, 0, 0, 0, 0, 0, 'YTDB(TBCDB) - Rivendark - Start Relay Script on Death (Phase 1)'),
(2306110, 23061, 21, 5, 100, 0, 0, 0, 0, 0, 0, 0, 41, 8000, 0, 0, 53, 10128, 0, 0, 0, 0, 0, 0, 'YTDB(TBCDB) - Rivendark - Delayed Despawn and Start Relay Script on Reached Home (Phase 1)'),
(2305901, 23059, 30, 0, 100, 1, 5, 23390, 0, 0, 0, 0, 11, 41302, 6, 0, 0, 0, 0, 0, 0, 0, 0, 0, 'YTDB(TBCDB) - Legion Ring Event InvisMan - Cast Cosmetic - Bash''ir Spawn Lightning on Receive AI Event 5 (A)'),
(2305902, 23059, 30, 0, 100, 1, 5, 23391, 0, 0, 0, 0, 11, 41302, 6, 0, 0, 0, 0, 0, 0, 0, 0, 0, 'YTDB(TBCDB) - Legion Ring Event InvisMan - Cast Cosmetic - Bash''ir Spawn Lightning on Receive AI Event 5 (A)'),
(2311801, 23118, 11, 0, 100, 0, 0, 0, 0, 0, 0, 0, 11, 40182, 0, 0, 11, 40194, 0, 0, 11, 40196, 0, 0, 'YTDB(TBCDB) - Bombing Run Explosion Bunny - Cast Bombing Run: Summon Bombing Run Explosion Dummy and Bombing Run: Invisibility and Bombing Run: Hunter''s Mark on Spawn'),
(2326101, 23261, 30, 0, 100, 0, 5, 23261, 0, 0, 0, 0, 54, 0, 11, 10083, 22, 2, 0, 0, 0, 0, 0, 0, 'YTDB(TBCDB) - Furywing - Random Yell and Set Phase 2 on Receive AI Event 5 (A)'),
(2326102, 23261, 29, 3, 100, 0, 2000, 2000, 0, 0, 0, 0, 19, 256, 0, 0, 55, 11, 0, 0, 22, 1, 0, 0, 'YTDB(TBCDB) - Furywing - Remove UNIT_FLAG_IMMUNE_TO_PLAYER and Attack Spawner and Set Phase 1 on Generic Timer (Phase 2)'),
(2326103, 23261, 0, 6, 100, 1, 6000, 6000, 6000, 6000, 0, 0, 11, 40032, 1, 0, 0, 0, 0, 0, 0, 0, 0, 0, 'YTDB(TBCDB) - Furywing - Cast Fiery Breath (Phase 0)'),
(2326104, 23261, 0, 5, 100, 1, 3500, 5500, 7000, 12000, 0, 0, 11, 40505, 1, 0, 0, 0, 0, 0, 0, 0, 0, 0, 'YTDB(TBCDB) - Furywing - Cast Cleave (Phase 1)'),
(2326105, 23261, 0, 5, 100, 1, 5000, 15000, 10000, 30000, 0, 0, 11, 9573, 0, 0, 0, 0, 0, 0, 0, 0, 0, 0, 'YTDB(TBCDB) - Furywing - Cast Flame Breath (Phase 1)'),
(2326106, 23261, 33, 5, 100, 1, 0, 0, 9000, 15000, 0, 0, 11, 15847, 0, 0, 0, 0, 0, 0, 0, 0, 0, 0, 'YTDB(TBCDB) - Furywing - Cast Tail Sweep (Phase 1)'),
(2326107, 23261, 0, 5, 100, 1, 8000, 25000, 25000, 60000, 0, 0, 11, 36922, 0, 0, 0, 0, 0, 0, 0, 0, 0, 0, 'YTDB(TBCDB) - Furywing - Cast Bellowing Roar (Phase 1)'),
(2326108, 23261, 0, 5, 100, 1, 4000, 7000, 40000, 60000, 0, 0, 11, 41572, 0, 0, 0, 0, 0, 0, 0, 0, 0, 0, 'YTDB(TBCDB) - Furywing - Cast Wing Buffet (Phase 1)'),
(2326109, 23261, 6, 5, 100, 0, 0, 0, 0, 0, 0, 0, 53, 10129, 0, 0, 0, 0, 0, 0, 0, 0, 0, 0, 'YTDB(TBCDB) - Furywing - Start Relay Script on Death (Phase 1)'),
(2326110, 23261, 21, 5, 100, 0, 0, 0, 0, 0, 0, 0, 41, 8000, 0, 0, 53, 10130, 0, 0, 0, 0, 0, 0, 'YTDB(TBCDB) - Furywing - Delayed Despawn and Start Relay Script on Reached Home (Phase 1)'),
(2328101, 23281, 30, 0, 100, 0, 5, 23281, 0, 0, 0, 0, 54, 0, 11, 10083, 22, 2, 0, 0, 0, 0, 0, 0, 'YTDB(TBCDB) - Insidion - Random Yell and Set Phase 2 on Receive AI Event 5 (A)'),
(2328102, 23281, 29, 3, 100, 0, 2000, 2000, 0, 0, 0, 0, 19, 256, 0, 0, 55, 11, 0, 0, 22, 1, 0, 0, 'YTDB(TBCDB) - Insidion - Remove UNIT_FLAG_IMMUNE_TO_PLAYER and Attack Spawner and Set Phase 1 on Generic Timer (Phase 2)'),
(2328103, 23281, 0, 6, 100, 1, 6000, 6000, 6000, 6000, 0, 0, 11, 40032, 1, 0, 0, 0, 0, 0, 0, 0, 0, 0, 'YTDB(TBCDB) - Insidion - Cast Fiery Breath (Phase 0)'),
(2328104, 23281, 0, 5, 100, 1, 3500, 5500, 7000, 12000, 0, 0, 11, 40505, 1, 0, 0, 0, 0, 0, 0, 0, 0, 0, 'YTDB(TBCDB) - Insidion - Cast Cleave (Phase 1)'),
(2328105, 23281, 0, 5, 100, 1, 5000, 15000, 10000, 30000, 0, 0, 11, 9573, 0, 0, 0, 0, 0, 0, 0, 0, 0, 0, 'YTDB(TBCDB) - Insidion - Cast Flame Breath (Phase 1)'),
(2328106, 23281, 33, 5, 100, 1, 0, 0, 9000, 15000, 0, 0, 11, 15847, 0, 0, 0, 0, 0, 0, 0, 0, 0, 0, 'YTDB(TBCDB) - Insidion - Cast Tail Sweep (Phase 1)'),
(2328107, 23281, 0, 5, 100, 1, 8000, 25000, 25000, 60000, 0, 0, 11, 36922, 0, 0, 0, 0, 0, 0, 0, 0, 0, 0, 'YTDB(TBCDB) - Insidion - Cast Bellowing Roar (Phase 1)'),
(2328108, 23281, 0, 5, 100, 1, 3000, 7000, 10000, 30000, 0, 0, 11, 40719, 0, 0, 0, 0, 0, 0, 0, 0, 0, 0, 'YTDB(TBCDB) - Insidion - Cast Flame Buffet (Phase 1)'),
(2328109, 23281, 6, 5, 100, 0, 0, 0, 0, 0, 0, 0, 53, 10131, 0, 0, 0, 0, 0, 0, 0, 0, 0, 0, 'YTDB(TBCDB) - Insidion - Start Relay Script on Death (Phase 1)'),
(2328110, 23281, 21, 5, 100, 0, 0, 0, 0, 0, 0, 0, 41, 8000, 0, 0, 53, 10132, 0, 0, 0, 0, 0, 0, 'YTDB(TBCDB) - Insidion - Delayed Despawn and Start Relay Script on Reached Home (Phase 1)'),
(2328201, 23282, 30, 0, 100, 0, 5, 23282, 0, 0, 0, 0, 54, 0, 11, 10083, 22, 2, 0, 0, 0, 0, 0, 0, 'YTDB(TBCDB) - Obsidia - Random Yell and Set Phase 2 on Receive AI Event 5 (A)'),
(2328202, 23282, 29, 3, 100, 0, 2000, 2000, 0, 0, 0, 0, 19, 256, 0, 0, 55, 11, 0, 0, 22, 1, 0, 0, 'YTDB(TBCDB) - Obsidia - Remove UNIT_FLAG_IMMUNE_TO_PLAYER and Attack Spawner and Set Phase 1 on Generic Timer (Phase 2)'),
(2328203, 23282, 0, 6, 100, 1, 6000, 6000, 6000, 6000, 0, 0, 11, 40032, 1, 0, 0, 0, 0, 0, 0, 0, 0, 0, 'YTDB(TBCDB) - Obsidia - Cast Fiery Breath (Phase 0)'),
(2328204, 23282, 0, 5, 100, 1, 3500, 5500, 7000, 12000, 0, 0, 11, 40505, 1, 0, 0, 0, 0, 0, 0, 0, 0, 0, 'YTDB(TBCDB) - Obsidia - Cast Cleave (Phase 1)'),
(2328205, 23282, 0, 5, 100, 1, 5000, 15000, 10000, 30000, 0, 0, 11, 9573, 0, 0, 0, 0, 0, 0, 0, 0, 0, 0, 'YTDB(TBCDB) - Obsidia - Cast Flame Breath (Phase 1)'),
(2328206, 23282, 33, 5, 100, 1, 0, 0, 9000, 15000, 0, 0, 11, 15847, 0, 0, 0, 0, 0, 0, 0, 0, 0, 0, 'YTDB(TBCDB) - Obsidia - Cast Tail Sweep (Phase 1)'),
(2328207, 23282, 0, 5, 100, 1, 8000, 25000, 25000, 60000, 0, 0, 11, 36922, 0, 0, 0, 0, 0, 0, 0, 0, 0, 0, 'YTDB(TBCDB) - Obsidia - Cast Bellowing Roar (Phase 1)'),
(2328208, 23282, 0, 5, 100, 1, 5000, 7000, 20000, 30000, 0, 0, 11, 40717, 0, 0, 0, 0, 0, 0, 0, 0, 0, 0, 'YTDB(TBCDB) - Obsidia - Cast Hellfire (Phase 1)'),
(2328209, 23282, 6, 5, 100, 0, 0, 0, 0, 0, 0, 0, 53, 10125, 0, 0, 0, 0, 0, 0, 0, 0, 0, 0, 'YTDB(TBCDB) - Obsidia - Start Relay Script on Death (Phase 1)'),
(2328210, 23282, 21, 5, 100, 0, 0, 0, 0, 0, 0, 0, 41, 8000, 0, 0, 53, 10126, 0, 0, 0, 0, 0, 0, 'YTDB(TBCDB) - Obsidia - Delayed Despawn and Start Relay Script on Reached Home (Phase 1)'),
(2299001, 22990, 0, 0, 100, 1, 2000, 9000, 7500, 12000, 0, 0, 11, 39945, 1, 0, 0, 0, 0, 0, 0, 0, 0, 0, 'YTDB(TBCDB) - Akama - Cast Chain Lightning'),
(2299002, 22990, 21, 0, 100, 0, 0, 0, 0, 0, 0, 0, 45, 5, 300, 11, 0, 0, 0, 0, 0, 0, 0, 0, 'YTDB(TBCDB) - Akama - Send AI Event A on Reached Home');

REPLACE INTO `creature_ai_scripts` (`id`, `creature_id`, `event_type`, `event_inverse_phase_mask`, `event_chance`, `event_flags`, `event_param1`, `event_param2`, `event_param3`, `event_param4`, `event_param5`, `event_param6`, `action1_type`, `action1_param1`, `action1_param2`, `action1_param3`, `action2_type`, `action2_param1`, `action2_param2`, `action2_param3`, `action3_type`, `action3_param1`, `action3_param2`, `action3_param3`, `comment`) VALUES
(3036651, 30366, 1, 0, 100, 0, 1000, 1000, 0, 0, 0, 0, 12, 30340, 0, 300000, 0, 0, 0, 0, 0, 0, 0, 0, 'ytdb'),
(3283851, 32838, 10, 0, 100, 1, 1, 5, 21600000, 28800000, 0, 0, 11, 61839, 7, 22, 11, 61995, 0, 0, 41, 3000, 0, 0, 'ytdb-npc 32838'),
(3321101, 33211, 22, 0, 100, 1, 58, 2878, 0, 0, 0, 0, 11, 62537, 0, 0, 28, 6, 62574, 0, 41, 20000, 0, 0, 'YTDB - Q. A Blade Fit For A Champion'),
(3321102, 33211, 22, 0, 100, 1, 58, 2879, 0, 0, 0, 0, 11, 62581, 6, 0, 0, 0, 0, 0, 0, 0, 0, 0, 'YTDB - Q. A Blade Fit For A Champion'),
(3322401, 33224, 22, 0, 100, 1, 58, 2878, 0, 0, 0, 0, 41, 0, 0, 0, 12, 33220, 0, 30000, 28, 6, 62574, 0, 'YTDB - Q. A Blade Fit For A Champion'),
(3322402, 33224, 22, 0, 100, 1, 58, 2879, 0, 0, 0, 0, 11, 62581, 6, 0, 0, 0, 0, 0, 0, 0, 0, 0, 'YTDB - Q. A Blade Fit For A Champion');

REPLACE INTO `creature_ai_texts` (`entry`, `content_default`, `content_loc1`, `content_loc2`, `content_loc3`, `content_loc4`, `content_loc5`, `content_loc6`, `content_loc7`, `content_loc8`, `sound`, `type`, `language`, `emote`, `comment`) VALUES
(-10042, 'You''ve sealed your fate, Akama. The Master will learn of your betrayal!', NULL, NULL, NULL, NULL, NULL, NULL, NULL, NULL, 0, 1, 0, 0, 'YTDB(TBCDB) - Vagath'),
(-11198, 'And wheresoever did you find the module to activate that controller?  No matter, you won''t be doing that again.', NULL, NULL, NULL, NULL, NULL, NULL, NULL, NULL, 0, 0, 0, 0, 'YTDB(TBCDB) - 23390'),
(-11199, 'Bash''ir sends his regrets that he could not make it, but he sent me along to salve your disappointment.', NULL, NULL, NULL, NULL, NULL, NULL, NULL, NULL, 0, 0, 0, 0, 'YTDB(TBCDB) - 23390'),
(-11200, 'Did you really think that you could fool my master into falling for your sad, little trap, $n?', NULL, NULL, NULL, NULL, NULL, NULL, NULL, NULL, 0, 0, 0, 0, 'YTDB(TBCDB) - 23390'),
(-11201, 'Do you know what you''re playing with, $n?  Here, allow me to educate you and your friends.', NULL, NULL, NULL, NULL, NULL, NULL, NULL, NULL, 0, 0, 0, 0, 'YTDB(TBCDB) - 23390'),
(-11202, 'The master is busy, but I have time to come out and play!', NULL, NULL, NULL, NULL, NULL, NULL, NULL, NULL, 0, 0, 0, 0, 'YTDB(TBCDB) - 23390'),
(-11203, 'You activated the accelerator with only this motley assemblage to back you up?', NULL, NULL, NULL, NULL, NULL, NULL, NULL, NULL, 0, 0, 0, 0, 'YTDB(TBCDB) - 23390'),
(-11204, 'Don''t cry, $n.  It will all soon be over.  I promise not to spit upon your corpse.', NULL, NULL, NULL, NULL, NULL, NULL, NULL, NULL, 0, 0, 0, 0, 'YTDB(TBCDB) - 23391'),
(-11205, 'You were expecting one of my harbingers?', NULL, NULL, NULL, NULL, NULL, NULL, NULL, NULL, 0, 0, 0, 0, 'YTDB(TBCDB) - 23391'),
(-11206, 'What''s this?!  $n and $g his : her; friends come to play?', NULL, NULL, NULL, NULL, NULL, NULL, NULL, NULL, 7274, 1, 0, 0, 'YTDB(TBCDB) - 23282/23281/23261/23281'),
(-11207, 'The Skyguard shall pay for your temerity, $n!', NULL, NULL, NULL, NULL, NULL, NULL, NULL, NULL, 7274, 1, 0, 0, 'YTDB(TBCDB) - 23282/23281/23261/23281'),
(-11208, 'Little $r, you will now come to appreciate my wrath!', NULL, NULL, NULL, NULL, NULL, NULL, NULL, NULL, 7274, 1, 0, 0, 'YTDB(TBCDB) - 23282/23281/23261/23281'),
(-11209, 'You have dared to defile my perch and must now be cleansed in fire!', NULL, NULL, NULL, NULL, NULL, NULL, NULL, NULL, 7274, 1, 0, 0, 'YTDB(TBCDB) - 23282/23281/23261/23281'),
(-11210, 'Get away from my clutch!!!', NULL, NULL, NULL, NULL, NULL, NULL, NULL, NULL, 7274, 1, 0, 0, 'YTDB(TBCDB) - 23282/23281/23261/23281'),
(-11211, 'I tire of interruptions from the insignificant.  Your time has come, $n!', NULL, NULL, NULL, NULL, NULL, NULL, NULL, NULL, 7274, 1, 0, 0, 'YTDB(TBCDB) - 23282/23281/23261/23281'),
(-11212, 'I know you by your stench, little $n.  Here, in my perch, is where your bones shall finally rest.', NULL, NULL, NULL, NULL, NULL, NULL, NULL, NULL, 7274, 1, 0, 0, 'YTDB(TBCDB) - 23282/23281/23261/23281'),
(-11213, 'I believe that I shall feast upon both $r and ogre flesh tonight.', NULL, NULL, NULL, NULL, NULL, NULL, NULL, NULL, 7274, 1, 0, 0, 'YTDB(TBCDB) - 23282/23281/23261/23281');

INSERT INTO `dbscript_random_templates` (`id`, `type`, `target_id`, `chance`, `comments`) VALUES
(10083, 0, -11213, 0, '23282/23281/23261/23281 - Random Texts'),
(10083, 0, -11212, 0, '23282/23281/23261/23281 - Random Texts'),
(10083, 0, -11211, 0, '23282/23281/23261/23281 - Random Texts'),
(10083, 0, -11210, 0, '23282/23281/23261/23281 - Random Texts'),
(10083, 0, -11209, 0, '23282/23281/23261/23281 - Random Texts'),
(10083, 0, -11208, 0, '23282/23281/23261/23281 - Random Texts'),
(10083, 0, -11207, 0, '23282/23281/23261/23281 - Random Texts'),
(10083, 0, -11206, 0, '23282/23281/23261/23281 - Random Texts'),
(10163, 0, -11203, 0, '23390 - Random Say'),
(10163, 0, -11202, 0, '23390 - Random Say'),
(10163, 0, -11201, 0, '23390 - Random Say'),
(10163, 0, -11200, 0, '23390 - Random Say'),
(10163, 0, -11199, 0, '23390 - Random Say'),
(10163, 0, -11198, 0, '23390 - Random Say'),
(10164, 0, -11205, 0, '23391 - Random Say'),
(10164, 0, -11204, 0, '23391 - Random Say');

UPDATE `creature_template` SET `AIName` = 'EventAI' WHERE `Entry` IN (888,1368,16231,20666,21025,22990,23059,23061,23118,23261,23281,23282,30366,32838,33211,33224);
