-- =========
-- CREATURES
-- =========

INSERT INTO `creature_movement` (`id`, `point`, `position_x`, `position_y`, `position_z`, `orientation`, `waittime`, `script_id`) VALUES
(76043, 1, 1505.71, 804.678, 8.92114, 100, 0, 0),
(76043, 2, 1489.44, 799.208, 9.01582, 100, 0, 0),
(76043, 3, 1477.49, 807.631, 9.01582, 100, 0, 0),
(76043, 4, 1456.35, 816.689, 9.01582, 100, 0, 0),
(76043, 5, 1430.5, 811.337, 9.00176, 100, 0, 0),
(76043, 6, 1412.57, 808.41, 9.00176, 100, 0, 0),
(76043, 7, 1393.56, 814.384, 9.01583, 100, 0, 0),
(76043, 8, 1374.62, 816.846, 9.01583, 100, 0, 0),
(76043, 9, 1342.21, 821.619, 9.01583, 100, 0, 0),
(76043, 10, 1324.91, 827.382, 8.93816, 100, 0, 0),
(76043, 11, 1314.94, 835.351, 9.01583, 100, 0, 0),
(76043, 12, 1300.35, 833.466, 9.01583, 100, 0, 0),
(76043, 13, 1282.28, 826.411, 9.00221, 100, 0, 0),
(76043, 14, 1300.35, 833.466, 9.01583, 100, 0, 0),
(76043, 15, 1314.94, 835.351, 9.01583, 100, 0, 0),
(76043, 16, 1324.91, 827.382, 8.93816, 100, 0, 0),
(76043, 17, 1342.21, 821.619, 9.01583, 100, 0, 0),
(76043, 18, 1374.62, 816.846, 9.01583, 100, 0, 0),
(76043, 19, 1393.56, 814.384, 9.01583, 100, 0, 0),
(76043, 20, 1412.57, 808.41, 9.00176, 100, 0, 0),
(76043, 21, 1430.5, 811.337, 9.00176, 100, 0, 0),
(76043, 22, 1456.35, 816.689, 9.01582, 100, 0, 0),
(76043, 23, 1477.49, 807.631, 9.01582, 100, 0, 0),
(76043, 24, 1489.44, 799.208, 9.01582, 100, 0, 0),
(76043, 25, 1505.71, 804.678, 8.92114, 100, 0, 0),
(76043, 26, 1520.66, 818.926, 8.92114, 100, 0, 0),
(53782, 1, 1607.71, 876.732, 9.01583, 100, 0, 0),
(53782, 2, 1591.29, 871.777, 9.01583, 100, 0, 0),
(53782, 3, 1570.76, 854.049, 9.01583, 100, 0, 0),
(53782, 4, 1535.82, 831.555, 8.90182, 100, 0, 0),
(53782, 5, 1515.61, 829.075, 8.92114, 100, 0, 0),
(53782, 6, 1511.88, 810.73, 8.92114, 100, 0, 0),
(53782, 7, 1486.93, 800.326, 9.01582, 100, 0, 0),
(53782, 8, 1467.69, 814.731, 9.01582, 100, 0, 0),
(53782, 9, 1449.26, 816.894, 9.01582, 100, 0, 0),
(53782, 10, 1467.69, 814.731, 9.01582, 100, 0, 0),
(53782, 11, 1486.93, 800.326, 9.01582, 100, 0, 0),
(53782, 12, 1511.88, 810.73, 8.92114, 100, 0, 0),
(53782, 13, 1515.61, 829.075, 8.92114, 100, 0, 0),
(53782, 14, 1535.82, 831.555, 8.90182, 100, 0, 0),
(53782, 15, 1570.76, 854.049, 9.01583, 100, 0, 0),
(53782, 16, 1591.29, 871.777, 9.01583, 100, 0, 0),
(53782, 17, 1607.71, 876.732, 9.01583, 100, 0, 0),
(53782, 18, 1632.14, 887.131, 9.01583, 100, 0, 0),
(30400, 1, 1513.71, 828.24, 8.92114, 100, 0, 0),
(30400, 2, 1508.01, 832.049, 8.92114, 100, 0, 0),
(30400, 3, 1501.19, 835.167, 9.0084, 100, 0, 0),
(30400, 4, 1493.69, 834.344, 9.01583, 100, 0, 0),
(30400, 5, 1484.47, 831.242, 9.01582, 100, 0, 0),
(30400, 6, 1476.33, 827.286, 9.01582, 100, 0, 0),
(30400, 7, 1464.19, 822.784, 9.01582, 100, 0, 0),
(30400, 8, 1454.04, 819.471, 9.01582, 100, 0, 0),
(30400, 9, 1440.21, 815.253, 9.01582, 100, 0, 0),
(30400, 10, 1429.8, 811.668, 9.00176, 100, 0, 0),
(30400, 11, 1420.04, 810.466, 9.00176, 100, 0, 0),
(30400, 12, 1407.14, 811.532, 9.00176, 100, 0, 0),
(30400, 13, 1397.13, 813.365, 9.01583, 100, 0, 0),
(30400, 14, 1381.62, 815.64, 9.01583, 100, 0, 0),
(30400, 15, 1366.66, 818.203, 9.01583, 100, 0, 0),
(30400, 16, 1359.15, 819.926, 9.01583, 100, 0, 0),
(30400, 17, 1349.99, 821.522, 9.11776, 100, 0, 0),
(30400, 18, 1337.75, 823.225, 9.01583, 100, 0, 0),
(30400, 19, 1329.32, 825.409, 8.98967, 100, 0, 0),
(30400, 20, 1337.75, 823.225, 9.01583, 100, 0, 0),
(30400, 21, 1349.99, 821.522, 9.11776, 100, 0, 0),
(30400, 22, 1359.15, 819.926, 9.01583, 100, 0, 0),
(30400, 23, 1366.66, 818.203, 9.01583, 100, 0, 0),
(30400, 24, 1381.62, 815.64, 9.01583, 100, 0, 0),
(30400, 25, 1397.13, 813.365, 9.01583, 100, 0, 0),
(30400, 26, 1407.14, 811.532, 9.00176, 100, 0, 0),
(30400, 27, 1420.04, 810.466, 9.00176, 100, 0, 0),
(30400, 28, 1429.8, 811.668, 9.00176, 100, 0, 0),
(30400, 29, 1440.21, 815.253, 9.01582, 100, 0, 0),
(30400, 30, 1454.04, 819.471, 9.01582, 100, 0, 0),
(30400, 31, 1464.19, 822.784, 9.01582, 100, 0, 0),
(30400, 32, 1476.33, 827.286, 9.01582, 100, 0, 0),
(30400, 33, 1484.47, 831.242, 9.01582, 100, 0, 0),
(30400, 34, 1493.69, 834.344, 9.01583, 100, 0, 0),
(30400, 35, 1501.19, 835.167, 9.0084, 100, 0, 0),
(30400, 36, 1508.01, 832.049, 8.92114, 100, 0, 0),
(30400, 37, 1513.71, 828.24, 8.92114, 100, 0, 0),
(30400, 38, 1518.69, 824.368, 8.92114, 100, 0, 0),
(49250, 1, 1619.96, 882.422, 9.01583, 100, 0, 0),
(49250, 2, 1589.68, 875.036, 9.01583, 100, 0, 0),
(49250, 3, 1575.98, 861.632, 9.01583, 100, 0, 0),
(49250, 4, 1554.12, 844.328, 8.9328, 100, 0, 0),
(49250, 5, 1544.87, 834.351, 8.9328, 100, 0, 0),
(49250, 6, 1521.53, 829.35, 8.92114, 100, 0, 0),
(49250, 7, 1508.29, 834.932, 8.82579, 100, 0, 0),
(49250, 8, 1487.97, 835.104, 9.01583, 100, 0, 0),
(49250, 9, 1471.38, 826.195, 9.01582, 100, 0, 0),
(49250, 10, 1452.28, 816.853, 9.01582, 100, 0, 0),
(49250, 11, 1471.38, 826.195, 9.01582, 100, 0, 0),
(49250, 12, 1487.97, 835.104, 9.01583, 100, 0, 0),
(49250, 13, 1508.29, 834.932, 8.82579, 100, 0, 0),
(49250, 14, 1521.53, 829.35, 8.92114, 100, 0, 0),
(49250, 15, 1544.87, 834.351, 8.9328, 100, 0, 0),
(49250, 16, 1554.12, 844.328, 8.9328, 100, 0, 0),
(49250, 17, 1575.98, 861.632, 9.01583, 100, 0, 0),
(49250, 18, 1589.68, 875.036, 9.01583, 100, 0, 0),
(49250, 19, 1619.96, 882.422, 9.01583, 100, 0, 0),
(49250, 20, 1636.83, 887.656, 9.00178, 100, 0, 0),
(49280, 1, 1621.3, 974.72, 9.0467, 100, 0, 0),
(49280, 2, 1633.31, 955.815, 8.9622, 100, 0, 0),
(49280, 3, 1647.86, 936.49, 9.00178, 100, 0, 0),
(49280, 4, 1675.75, 915.856, 9.00178, 100, 0, 0),
(49280, 5, 1688.84, 903.39, 9.00178, 100, 0, 0),
(49280, 6, 1685.12, 884.915, 9.00179, 100, 0, 0),
(49280, 7, 1688.84, 903.39, 9.00178, 100, 0, 0),
(49280, 8, 1675.75, 915.856, 9.00178, 100, 0, 0),
(49280, 9, 1647.86, 936.49, 9.00178, 100, 0, 0),
(49280, 10, 1633.31, 955.815, 8.9622, 100, 0, 0),
(49280, 11, 1621.3, 974.72, 9.0467, 100, 0, 0),
(49280, 12, 1616.01, 986.63, 9.80317, 100, 0, 0),
(49315, 1, 1701.45, 808.455, 9.00179, 100, 0, 0),
(49315, 2, 1714.17, 814.755, 9.00179, 100, 0, 0),
(49315, 3, 1728.19, 823.084, 9.00179, 100, 0, 0),
(49315, 4, 1743.79, 832.007, 9.00179, 100, 0, 0),
(49315, 5, 1753.38, 839.325, 9.00179, 100, 0, 0),
(49315, 6, 1766.25, 853.455, 9.00179, 100, 0, 0),
(49315, 7, 1777.13, 865.29, 9.00179, 100, 0, 0),
(49315, 8, 1766.25, 853.455, 9.00179, 100, 0, 0),
(49315, 9, 1753.38, 839.325, 9.00179, 100, 0, 0),
(49315, 10, 1743.79, 832.007, 9.00179, 100, 0, 0),
(49315, 11, 1728.19, 823.084, 9.00179, 100, 0, 0),
(49315, 12, 1714.17, 814.755, 9.00179, 100, 0, 0),
(49315, 13, 1701.45, 808.455, 9.00179, 100, 0, 0),
(49315, 14, 1691.16, 805.706, 9.00179, 100, 0, 0),
(49292, 1, 1657.86, 733.844, 22.3907, 100, 0, 0),
(49292, 2, 1653.57, 752.099, 19.2011, 100, 0, 0),
(49292, 3, 1645.03, 771.829, 12.5001, 100, 0, 0),
(49292, 4, 1655.63, 791.874, 10.2166, 100, 0, 0),
(49292, 5, 1662.05, 822.232, 9.00179, 100, 0, 0),
(49292, 6, 1676.13, 841.706, 9.00179, 100, 0, 0),
(49292, 7, 1667.29, 814.354, 9.00179, 100, 0, 0),
(49292, 8, 1683.15, 804.08, 9.00179, 100, 0, 0),
(49292, 9, 1695.72, 805.159, 9.00179, 100, 0, 0),
(49292, 10, 1728.77, 824, 9.00179, 100, 0, 0),
(49292, 11, 1747.52, 834.623, 9.00179, 100, 0, 0),
(49292, 12, 1767.04, 855.048, 9.00179, 100, 0, 0),
(49292, 13, 1747.52, 834.623, 9.00179, 100, 0, 0),
(49292, 14, 1728.77, 824, 9.00179, 100, 0, 0),
(49292, 15, 1695.72, 805.159, 9.00179, 100, 0, 0),
(49292, 16, 1683.15, 804.08, 9.00179, 100, 0, 0),
(49292, 17, 1667.29, 814.354, 9.00179, 100, 0, 0),
(49292, 18, 1676.13, 841.706, 9.00179, 100, 0, 0),
(49292, 19, 1662.05, 822.232, 9.00179, 100, 0, 0),
(49292, 20, 1655.63, 791.874, 10.2166, 100, 0, 0),
(49292, 21, 1645.03, 771.829, 12.5001, 100, 0, 0),
(49292, 22, 1653.57, 752.099, 19.2011, 100, 0, 0),
(49292, 23, 1657.86, 733.844, 22.3907, 100, 0, 0),
(49292, 24, 1650.87, 701.789, 35.1798, 100, 0, 0),
(49313, 1, 1879.2, 1110.64, 8.95783, 0, 0, 0),
(49313, 2, 1852.35, 1058.66, 8.87683, 0, 0, 0),
(49313, 3, 1869.27, 1028.68, 8.87711, 0, 0, 0),
(49313, 4, 1852.35, 1058.66, 8.87683, 0, 0, 0),
(53787, 1, 1631.85, 1158.54, 8.99213, 100, 0, 0),
(53787, 2, 1625.49, 1178.28, 9.04963, 100, 0, 0),
(53787, 3, 1637.06, 1203.99, 8.95, 100, 0, 0),
(53787, 4, 1657.31, 1229.1, 9.85393, 100, 0, 0),
(53787, 5, 1687.11, 1255.78, 11.1268, 100, 0, 0),
(53787, 6, 1714.56, 1240.18, 9.51032, 100, 0, 0),
(53787, 7, 1717.73, 1219.71, 9.38947, 100, 0, 0),
(53787, 8, 1704.61, 1187.38, 9.00178, 100, 0, 0),
(53787, 9, 1676.39, 1157.05, 9.00178, 100, 0, 0),
(53787, 10, 1653.84, 1135.56, 8.99762, 100, 0, 0),
(49256, 1, 1707.11, 892.966, 9.00179, 100, 0, 0),
(49256, 2, 1707.18, 899.435, 9.00179, 100, 0, 0),
(49256, 3, 1705.72, 907.841, 9.00179, 100, 0, 0),
(49256, 4, 1702.21, 911.766, 9.10128, 100, 0, 0),
(49256, 5, 1695.94, 915.612, 10.8465, 100, 0, 0),
(49256, 6, 1690.24, 917.683, 11.773, 100, 0, 0),
(49256, 7, 1683.05, 920.181, 10.4317, 100, 0, 0),
(49256, 8, 1674.14, 923.502, 9.97639, 100, 0, 0),
(49256, 9, 1668.78, 926.923, 9.73616, 100, 0, 0),
(49256, 10, 1661.06, 929.735, 9.00178, 100, 0, 0),
(49256, 11, 1655.09, 926.185, 9.00178, 100, 0, 0),
(49256, 12, 1652.62, 919.441, 9.01996, 100, 0, 0),
(49256, 13, 1651.32, 910.516, 9.00178, 100, 0, 0),
(49256, 14, 1647.61, 904.756, 9.00178, 100, 0, 0),
(49256, 15, 1644.63, 900.505, 9.25178, 100, 0, 0),
(49256, 16, 1643.35, 893.331, 9.00178, 100, 0, 0),
(49256, 17, 1646.74, 888.357, 9.00178, 100, 0, 0),
(49256, 18, 1652.91, 885.495, 9.00178, 100, 0, 0),
(49256, 19, 1660.73, 885.21, 9.56123, 100, 0, 0),
(49256, 20, 1666.7, 886.135, 10.8276, 100, 0, 0),
(49256, 21, 1673.69, 886.464, 9.25179, 100, 0, 0),
(49256, 22, 1681.51, 881.307, 9.00179, 100, 0, 0),
(49256, 23, 1685.53, 877.585, 9.00179, 100, 0, 0),
(49256, 24, 1690.96, 874.267, 9.00179, 100, 0, 0),
(49256, 25, 1697.93, 875.281, 9.00179, 100, 0, 0),
(49256, 26, 1701.02, 884.576, 9.00179, 100, 0, 0),
(49256, 27, 1700.26, 888.66, 9.00179, 100, 0, 0),
(49256, 28, 1697.66, 894.039, 9.00179, 100, 0, 0),
(49256, 29, 1695.52, 899.985, 9.00179, 100, 0, 0),
(49256, 30, 1691.48, 905.171, 9.00178, 100, 0, 0),
(49256, 31, 1685.46, 907.528, 9.00178, 100, 0, 0),
(49256, 32, 1676.94, 912.287, 9.00178, 100, 0, 0),
(49256, 33, 1673.01, 915.07, 9.00178, 100, 0, 0),
(49256, 34, 1663.23, 918.297, 9.00178, 100, 0, 0),
(49256, 35, 1657.91, 912.989, 9.00178, 100, 0, 0),
(49256, 36, 1655.03, 905.348, 9.00178, 100, 0, 0),
(49256, 37, 1655.55, 899.714, 9.00178, 100, 0, 0),
(49256, 38, 1659.62, 894.964, 9.00178, 100, 0, 0),
(49256, 39, 1666.25, 892.399, 9.00178, 100, 0, 0),
(49256, 40, 1671.17, 893.198, 9.00179, 100, 0, 0),
(49256, 41, 1677.62, 896.787, 9.00179, 100, 0, 0),
(49256, 42, 1682.1, 897.174, 9.00179, 100, 0, 0),
(49256, 43, 1686.92, 894.976, 9.00179, 100, 0, 0),
(49256, 44, 1691.19, 891.914, 9.00179, 100, 0, 0),
(49256, 45, 1698.88, 886.521, 9.00179, 100, 0, 0),
(49273, 1, 1770.12, 1069.07, 45.402, 100, 0, 0),
(49273, 2, 1777.43, 1076.22, 43.6668, 100, 0, 0),
(49273, 3, 1784.35, 1082.06, 41.8261, 100, 0, 0),
(49273, 4, 1791.14, 1089.28, 39.0522, 100, 0, 0),
(49273, 5, 1799.25, 1095.14, 36.2298, 100, 0, 0),
(49273, 6, 1805.44, 1101.68, 33.9363, 100, 0, 0),
(49273, 7, 1812.24, 1107.6, 31.4563, 100, 0, 0),
(49273, 8, 1818.12, 1112.85, 29.3572, 100, 0, 0),
(49273, 9, 1824.66, 1118.23, 27.1654, 100, 0, 0),
(49273, 10, 1832.93, 1124.7, 24.2559, 100, 0, 0),
(49273, 11, 1840.23, 1130.53, 21.811, 100, 0, 0),
(49273, 12, 1832.93, 1124.7, 24.2559, 100, 0, 0),
(49273, 13, 1824.66, 1118.23, 27.1654, 100, 0, 0),
(49273, 14, 1818.12, 1112.85, 29.3572, 100, 0, 0),
(49273, 15, 1812.24, 1107.6, 31.4563, 100, 0, 0),
(49273, 16, 1805.51, 1101.76, 33.9644, 100, 0, 0),
(49273, 17, 1799.34, 1095.21, 36.2298, 100, 0, 0),
(49273, 18, 1791.24, 1089.35, 39.1048, 100, 0, 0),
(49273, 19, 1784.35, 1082.06, 41.8261, 100, 0, 0),
(49273, 20, 1777.43, 1076.22, 43.6668, 100, 0, 0),
(49273, 21, 1770.12, 1069.07, 45.402, 100, 0, 0),
(49273, 22, 1762.29, 1061.62, 47.1633, 100, 0, 0),
(49302, 1, 1626.51, 1136.02, 8.87709, 0, 0, 0),
(49302, 2, 1591.89, 1098.49, 8.87709, 0, 0, 0),
(49236, 1, 1767.67, 850.924, 8.8832, 0, 0, 0),
(49236, 2, 1739.69, 827.685, 9.0024, 0, 0, 0),
(49236, 3, 1700.28, 805.852, 8.8768, 0, 0, 0),
(49236, 4, 1739.69, 827.685, 9.0024, 0, 0, 0),
(50662, 1, 1822.72, 914.188, 9.00179, 100, 0, 0),
(50662, 2, 1829.39, 923.992, 9.00179, 100, 0, 0),
(50662, 3, 1837.67, 936.405, 9.00179, 100, 0, 0),
(50662, 4, 1844.07, 947.634, 9.00179, 100, 0, 0),
(50662, 5, 1853.31, 963.347, 9.00179, 100, 0, 0),
(50662, 6, 1858.71, 971.43, 9.00179, 100, 0, 0),
(50662, 7, 1862.53, 977.665, 9.00179, 100, 0, 0),
(50662, 8, 1874.02, 984.365, 9.00179, 100, 0, 0),
(50662, 9, 1862.53, 977.665, 9.00179, 100, 0, 0),
(50662, 10, 1858.71, 971.43, 9.00179, 100, 0, 0),
(50662, 11, 1853.31, 963.347, 9.00179, 100, 0, 0),
(50662, 12, 1844.07, 947.634, 9.00179, 100, 0, 0),
(50662, 13, 1837.67, 936.405, 9.00179, 100, 0, 0),
(50662, 14, 1829.39, 923.992, 9.00179, 100, 0, 0),
(50662, 15, 1822.72, 914.188, 9.00179, 100, 0, 0),
(50662, 16, 1820.13, 908.081, 9.00179, 100, 0, 0),
(49237, 1, 1821.7, 1177, 8.99118, 0, 0, 0),
(49237, 2, 1784.07, 1144.06, 8.98784, 0, 0, 0),
(49237, 3, 1746.63, 1146.4, 9.13882, 0, 0, 0),
(49237, 4, 1784.07, 1144.06, 8.98784, 0, 0, 0),
(49263, 1, 1899.24, 1214.72, 9.00179, 100, 0, 0),
(49263, 2, 1903.43, 1197.44, 9.00179, 100, 0, 0),
(49263, 3, 1895.65, 1173.6, 9.00179, 100, 0, 0),
(49263, 4, 1887.92, 1155.68, 9.00179, 100, 0, 0),
(49263, 5, 1890.68, 1129.74, 9.00179, 100, 0, 0),
(49263, 6, 1875.23, 1107.65, 9.00179, 100, 0, 0),
(49263, 7, 1870.35, 1090.96, 9.00253, 100, 0, 0),
(49263, 8, 1853.59, 1062.46, 9.00168, 100, 0, 0),
(49263, 9, 1847.49, 1044.62, 9.00168, 100, 0, 0),
(49263, 10, 1853.72, 1034.95, 9.00168, 100, 0, 0),
(49263, 11, 1866.2, 1028.3, 9.00179, 100, 0, 0),
(49263, 12, 1879.55, 1016.07, 9.00179, 100, 0, 0),
(49263, 13, 1884.11, 999.977, 9.00179, 100, 0, 0),
(49263, 14, 1879.55, 1016.07, 9.00179, 100, 0, 0),
(49263, 15, 1866.2, 1028.3, 9.00179, 100, 0, 0),
(49263, 16, 1853.72, 1034.95, 9.00168, 100, 0, 0),
(49263, 17, 1847.49, 1044.62, 9.00168, 100, 0, 0),
(49263, 18, 1853.59, 1062.46, 9.00168, 100, 0, 0),
(49263, 19, 1870.35, 1090.96, 9.00253, 100, 0, 0),
(49263, 20, 1875.23, 1107.65, 9.00179, 100, 0, 0),
(49263, 21, 1890.68, 1129.74, 9.00179, 100, 0, 0),
(49263, 22, 1887.92, 1155.68, 9.00179, 100, 0, 0),
(49263, 23, 1895.65, 1173.6, 9.00179, 100, 0, 0),
(49263, 24, 1903.43, 1197.44, 9.00179, 100, 0, 0),
(49263, 25, 1899.24, 1214.72, 9.00179, 100, 0, 0),
(49263, 26, 1915.15, 1230.71, 9.45266, 100, 0, 0),
(49287, 1, 1712.96, 1155.77, 9.11063, 100, 0, 0),
(49287, 2, 1720.23, 1150.12, 9.11063, 100, 0, 0),
(49287, 3, 1727.11, 1145.31, 9.11063, 100, 0, 0),
(49287, 4, 1737.04, 1144.63, 9.11254, 100, 0, 0),
(49287, 5, 1746.26, 1143.72, 9.11254, 100, 0, 0),
(49287, 6, 1756.26, 1142.69, 9.11254, 100, 0, 0),
(49287, 7, 1765.5, 1143.26, 9.11254, 100, 0, 0),
(49287, 8, 1777.22, 1143.98, 9.11254, 100, 0, 0),
(49287, 9, 1785.7, 1143.89, 9.11254, 100, 0, 0),
(49287, 10, 1794.07, 1147.77, 9.11254, 100, 0, 0),
(49287, 11, 1800.87, 1154.84, 9.11254, 100, 0, 0),
(49287, 12, 1807.96, 1161.4, 9.11254, 100, 0, 0),
(49287, 13, 1812.94, 1168.62, 9.11254, 100, 0, 0),
(49287, 14, 1820.76, 1175.9, 9.11254, 100, 0, 0),
(49287, 15, 1826.36, 1181.47, 9.11254, 100, 0, 0),
(49287, 16, 1820.76, 1175.9, 9.11254, 100, 0, 0),
(49287, 17, 1812.94, 1168.62, 9.11254, 100, 0, 0),
(49287, 18, 1807.96, 1161.4, 9.11254, 100, 0, 0),
(49287, 19, 1800.87, 1154.84, 9.11254, 100, 0, 0),
(49287, 20, 1794.07, 1147.77, 9.11254, 100, 0, 0),
(49287, 21, 1785.7, 1143.89, 9.11254, 100, 0, 0),
(49287, 22, 1777.22, 1143.98, 9.11254, 100, 0, 0),
(49287, 23, 1765.5, 1143.26, 9.11254, 100, 0, 0),
(49287, 24, 1756.26, 1142.69, 9.11254, 100, 0, 0),
(49287, 25, 1746.26, 1143.72, 9.11254, 100, 0, 0),
(49287, 26, 1737.04, 1144.63, 9.11254, 100, 0, 0),
(49287, 27, 1727.11, 1145.31, 9.11063, 100, 0, 0),
(49287, 28, 1720.23, 1150.12, 9.11063, 100, 0, 0),
(49287, 29, 1712.96, 1155.77, 9.11063, 100, 0, 0),
(49287, 30, 1702.15, 1164.06, 8.98563, 100, 0, 0),
(52771, 1, 1530.99, 967.979, 9.28181, 100, 0, 0),
(52771, 2, 1545.95, 968.185, 9.25178, 100, 0, 0),
(52771, 3, 1564.99, 990.023, 10.1364, 100, 0, 0),
(52771, 4, 1574.78, 993.126, 9.38911, 100, 0, 0),
(52771, 5, 1568.83, 1017.11, 9.00178, 100, 0, 0),
(52771, 6, 1566.59, 1041.06, 8.93418, 100, 0, 0),
(52771, 7, 1579.52, 1065.01, 9.00148, 100, 0, 0),
(52771, 8, 1582.1, 1084.12, 9.00178, 100, 0, 0),
(52771, 9, 1593.92, 1101.62, 9.00178, 100, 0, 0),
(52771, 10, 1603.23, 1118.38, 9.00178, 100, 0, 0),
(52771, 11, 1628.35, 1137.7, 9.00178, 100, 0, 0),
(52771, 12, 1639.03, 1153.21, 8.99762, 100, 0, 0),
(52771, 13, 1630.11, 1160.08, 9.10517, 100, 0, 0),
(52771, 14, 1622.89, 1159.08, 9.54047, 100, 0, 0),
(52771, 15, 1630.11, 1160.08, 9.10517, 100, 0, 0),
(52771, 16, 1639.03, 1153.21, 8.99762, 100, 0, 0),
(52771, 17, 1628.35, 1137.7, 9.00178, 100, 0, 0),
(52771, 18, 1603.23, 1118.38, 9.00178, 100, 0, 0),
(52771, 19, 1593.92, 1101.62, 9.00178, 100, 0, 0),
(52771, 20, 1582.1, 1084.12, 9.00178, 100, 0, 0),
(52771, 21, 1579.52, 1065.01, 9.00148, 100, 0, 0),
(52771, 22, 1566.59, 1041.06, 8.93418, 100, 0, 0),
(52771, 23, 1568.83, 1017.11, 9.00178, 100, 0, 0),
(52771, 24, 1574.78, 993.126, 9.38911, 100, 0, 0),
(52771, 25, 1564.99, 990.023, 10.1364, 100, 0, 0),
(52771, 26, 1545.95, 968.185, 9.25178, 100, 0, 0),
(52771, 27, 1530.99, 967.979, 9.28181, 100, 0, 0),
(52771, 28, 1517.93, 988.597, 9.16266, 100, 0, 0),
(51722, 1, 1778.01, 859.671, 8.87682, 0, 0, 0),
(51722, 2, 1813.75, 845.876, 8.87692, 0, 0, 0),
(51722, 3, 1822.83, 885.402, 8.87689, 0, 0, 0),
(51722, 4, 1787.43, 889.226, 8.90576, 0, 0, 0),
(91228, 1, 1872.58, 1166.41, 9.72933, 100, 0, 0),
(91228, 2, 1870.81, 1151.77, 11.4838, 100, 0, 0),
(91228, 3, 1870.89, 1145.76, 11.7596, 100, 0, 0),
(91228, 4, 1867.51, 1125.07, 14.4422, 100, 0, 0),
(91228, 5, 1867.24, 1112.47, 9.25179, 100, 0, 0),
(91228, 6, 1869.74, 1103.03, 9.31368, 100, 0, 0),
(91228, 7, 1877.92, 1098.56, 9.54538, 100, 0, 0),
(91228, 8, 1890.75, 1102.74, 12.903, 100, 0, 0),
(91228, 9, 1899.09, 1108.78, 13.4779, 100, 0, 0),
(91228, 10, 1898.97, 1117.5, 10.5553, 100, 0, 0),
(91228, 11, 1895.48, 1129.37, 9.00179, 100, 0, 0),
(91228, 12, 1892.57, 1140.23, 9.00179, 100, 0, 0),
(91228, 13, 1895.28, 1145.35, 9.00179, 100, 0, 0),
(91228, 14, 1903.17, 1153.16, 9.00179, 100, 0, 0),
(91228, 15, 1914.6, 1152.97, 9.94197, 100, 0, 0),
(91228, 16, 1920.64, 1160.54, 11.276, 100, 0, 0),
(91228, 17, 1919.67, 1167.17, 11.3226, 100, 0, 0),
(91228, 18, 1914.83, 1173.54, 9.62679, 100, 0, 0),
(91228, 19, 1908.97, 1181.83, 9.00179, 100, 0, 0),
(91228, 20, 1902.11, 1191.94, 9.00179, 100, 0, 0),
(91228, 21, 1901.11, 1200.79, 8.94961, 100, 0, 0),
(91228, 22, 1904.22, 1211.32, 8.94961, 100, 0, 0),
(91228, 23, 1909.53, 1218.64, 9.19961, 100, 0, 0),
(91228, 24, 1904.73, 1222.62, 9.07461, 100, 0, 0),
(91228, 25, 1892, 1226.51, 9.62679, 100, 0, 0),
(91228, 26, 1874.94, 1220.5, 9.19649, 100, 0, 0),
(91228, 27, 1863.89, 1210.68, 9.61605, 100, 0, 0),
(91228, 28, 1855.91, 1198.56, 9.00179, 100, 0, 0),
(91228, 29, 1843.42, 1193.71, 9.12679, 100, 0, 0),
(91228, 30, 1843.5, 1178.02, 9.20198, 100, 0, 0),
(91228, 31, 1854.53, 1171.62, 12.5968, 100, 0, 0),
(91228, 32, 1869.62, 1173.79, 9.08516, 100, 0, 0),
(91279, 1, 1676, 1232.11, 8.98723, 100, 0, 0),
(91279, 2, 1664.35, 1222.66, 8.91838, 100, 0, 0),
(91279, 3, 1651.89, 1213.12, 9.29338, 100, 0, 0),
(91279, 4, 1637.75, 1203.76, 8.91838, 100, 0, 0),
(91279, 5, 1629.4, 1192.04, 9.00178, 100, 0, 0),
(91279, 6, 1623, 1181.17, 9.1789, 100, 0, 0),
(91279, 7, 1625.71, 1167.79, 10.8098, 100, 0, 0),
(91279, 8, 1629.05, 1156.65, 9.07819, 100, 0, 0),
(91279, 9, 1635.81, 1149.07, 8.99762, 100, 0, 0),
(91279, 10, 1643.26, 1144.43, 8.99762, 100, 0, 0),
(91279, 11, 1654.9, 1139.55, 8.99762, 100, 0, 0),
(91279, 12, 1661.44, 1140.48, 9.01312, 100, 0, 0),
(91279, 13, 1668.63, 1147.17, 9.00178, 100, 0, 0),
(91279, 14, 1676.05, 1157.09, 9.00178, 100, 0, 0),
(91279, 15, 1685.57, 1169.38, 8.98723, 100, 0, 0),
(91279, 16, 1692.32, 1177.11, 8.98723, 100, 0, 0),
(91279, 17, 1699.52, 1182.58, 8.98723, 100, 0, 0),
(91279, 18, 1706.19, 1190.48, 9.00178, 100, 0, 0),
(91279, 19, 1716.25, 1198.72, 11.1268, 100, 0, 0),
(91279, 20, 1724.17, 1206.94, 12.4213, 100, 0, 0),
(91279, 21, 1727.98, 1214.82, 10.2376, 100, 0, 0),
(91279, 22, 1730.96, 1231.73, 9.64985, 100, 0, 0),
(91279, 23, 1731.49, 1249.69, 11.2438, 100, 0, 0),
(91279, 24, 1727.72, 1263.77, 12.1059, 100, 0, 0),
(91279, 25, 1716.33, 1267.56, 11.6169, 100, 0, 0),
(91279, 26, 1706.47, 1261.58, 10.7041, 100, 0, 0),
(91279, 27, 1716.33, 1267.56, 11.6169, 100, 0, 0),
(91279, 28, 1727.72, 1263.77, 12.1059, 100, 0, 0),
(91279, 29, 1731.49, 1249.69, 11.2438, 100, 0, 0),
(91279, 30, 1730.96, 1231.73, 9.64985, 100, 0, 0),
(91279, 31, 1727.98, 1214.82, 10.2376, 100, 0, 0),
(91279, 32, 1724.17, 1206.94, 12.4213, 100, 0, 0),
(91279, 33, 1716.56, 1199.02, 11.1268, 100, 0, 0),
(91279, 34, 1706.19, 1190.48, 9.00178, 100, 0, 0),
(91279, 35, 1699.52, 1182.58, 8.98723, 100, 0, 0),
(91279, 36, 1692.32, 1177.11, 8.98723, 100, 0, 0),
(91279, 37, 1685.57, 1169.38, 8.98723, 100, 0, 0),
(91279, 38, 1676.05, 1157.09, 9.00178, 100, 0, 0),
(91279, 39, 1668.63, 1147.17, 9.00178, 100, 0, 0),
(91279, 40, 1661.44, 1140.48, 9.01312, 100, 0, 0),
(91279, 41, 1654.9, 1139.55, 8.99762, 100, 0, 0),
(91279, 42, 1643.26, 1144.43, 8.99762, 100, 0, 0),
(91279, 43, 1635.81, 1149.07, 8.99762, 100, 0, 0),
(91279, 44, 1629.05, 1156.65, 9.07819, 100, 0, 0),
(91279, 45, 1625.71, 1167.79, 10.8098, 100, 0, 0),
(91279, 46, 1623, 1181.17, 9.1789, 100, 0, 0),
(91279, 47, 1629.4, 1192.04, 9.00178, 100, 0, 0),
(91279, 48, 1637.75, 1203.76, 8.91838, 100, 0, 0),
(91279, 49, 1651.89, 1213.12, 9.29338, 100, 0, 0),
(91279, 50, 1664.35, 1222.66, 8.91838, 100, 0, 0),
(91279, 51, 1676, 1232.11, 8.98723, 100, 0, 0),
(91279, 52, 1687.26, 1241.24, 9.00178, 100, 0, 0),
(91276, 1, 1585.96, 1004.8, 9.25178, 100, 0, 0),
(91276, 2, 1583.85, 1017.39, 9.00178, 100, 0, 0),
(91276, 3, 1569.84, 1034.87, 9.00148, 100, 0, 0),
(91276, 4, 1572.15, 1045.97, 9.00148, 100, 0, 0),
(91276, 5, 1579.43, 1059.47, 9.00148, 100, 0, 0),
(91276, 6, 1580.26, 1072.15, 9.00178, 100, 0, 0),
(91276, 7, 1584.77, 1084.64, 9.00178, 100, 0, 0),
(91276, 8, 1588.74, 1094.64, 9.00178, 100, 0, 0),
(91276, 9, 1596.14, 1107.49, 9.00178, 100, 0, 0),
(91276, 10, 1603.57, 1113.88, 9.00178, 100, 0, 0),
(91276, 11, 1612.99, 1117.49, 9.00178, 100, 0, 0),
(91276, 12, 1622.3, 1120.82, 9.00178, 100, 0, 0),
(91276, 13, 1626.16, 1130.65, 9.00178, 100, 0, 0),
(91276, 14, 1618.54, 1136.95, 9.21064, 100, 0, 0),
(91276, 15, 1610.93, 1134.01, 10.4184, 100, 0, 0),
(91276, 16, 1599.94, 1125.86, 12.1966, 100, 0, 0),
(91276, 17, 1595.73, 1117.7, 10.9123, 100, 0, 0),
(91276, 18, 1592.71, 1107.05, 9.22199, 100, 0, 0),
(91276, 19, 1588.39, 1097.47, 9.00178, 100, 0, 0),
(91276, 20, 1583.76, 1086.97, 9.00178, 100, 0, 0),
(91276, 21, 1577.51, 1072.29, 9.00178, 100, 0, 0),
(91276, 22, 1572.3, 1059.49, 9.00148, 100, 0, 0),
(91276, 23, 1566.08, 1048.11, 8.93418, 100, 0, 0),
(91276, 24, 1561.13, 1038.94, 8.93418, 100, 0, 0),
(91276, 25, 1554.65, 1029.21, 9.00178, 100, 0, 0),
(91276, 26, 1551.34, 1018.45, 9.00178, 100, 0, 0),
(91276, 27, 1560.42, 997.424, 8.93659, 100, 0, 0),
(91276, 28, 1566.5, 985.94, 10.8765, 100, 0, 0),
(51510, 1, 1707.11, 892.966, 9.00179, 100, 0, 0),
(51510, 2, 1707.18, 899.435, 9.00179, 100, 0, 0),
(51510, 3, 1705.72, 907.841, 9.00179, 100, 0, 0),
(51510, 4, 1702.21, 911.766, 9.10128, 100, 0, 0),
(51510, 5, 1695.94, 915.612, 10.8465, 100, 0, 0),
(51510, 6, 1690.24, 917.683, 11.773, 100, 0, 0),
(51510, 7, 1683.05, 920.181, 10.4317, 100, 0, 0),
(51510, 8, 1674.14, 923.502, 9.97639, 100, 0, 0),
(51510, 9, 1668.78, 926.923, 9.73616, 100, 0, 0),
(51510, 10, 1661.06, 929.735, 9.00178, 100, 0, 0),
(51510, 11, 1655.09, 926.185, 9.00178, 100, 0, 0),
(51510, 12, 1652.62, 919.441, 9.01996, 100, 0, 0),
(51510, 13, 1651.32, 910.516, 9.00178, 100, 0, 0),
(51510, 14, 1647.61, 904.756, 9.00178, 100, 0, 0),
(51510, 15, 1644.63, 900.505, 9.25178, 100, 0, 0),
(51510, 16, 1643.35, 893.331, 9.00178, 100, 0, 0),
(51510, 17, 1646.74, 888.357, 9.00178, 100, 0, 0),
(51510, 18, 1652.91, 885.495, 9.00178, 100, 0, 0),
(51510, 19, 1660.73, 885.21, 9.56123, 100, 0, 0),
(51510, 20, 1666.7, 886.135, 10.8276, 100, 0, 0),
(51510, 21, 1673.69, 886.464, 9.25179, 100, 0, 0),
(51510, 22, 1681.51, 881.307, 9.00179, 100, 0, 0),
(51510, 23, 1685.53, 877.585, 9.00179, 100, 0, 0),
(51510, 24, 1690.96, 874.267, 9.00179, 100, 0, 0),
(51510, 25, 1697.93, 875.281, 9.00179, 100, 0, 0),
(51510, 26, 1701.02, 884.576, 9.00179, 100, 0, 0),
(51510, 27, 1700.26, 888.66, 9.00179, 100, 0, 0),
(51510, 28, 1697.66, 894.039, 9.00179, 100, 0, 0),
(51510, 29, 1695.52, 899.985, 9.00179, 100, 0, 0),
(51510, 30, 1691.48, 905.171, 9.00178, 100, 0, 0),
(51510, 31, 1685.46, 907.528, 9.00178, 100, 0, 0),
(51510, 32, 1676.94, 912.287, 9.00178, 100, 0, 0),
(51510, 33, 1673.01, 915.07, 9.00178, 100, 0, 0),
(51510, 34, 1663.23, 918.297, 9.00178, 100, 0, 0),
(51510, 35, 1657.91, 912.989, 9.00178, 100, 0, 0),
(51510, 36, 1655.03, 905.348, 9.00178, 100, 0, 0),
(51510, 37, 1655.55, 899.714, 9.00178, 100, 0, 0),
(51510, 38, 1659.62, 894.964, 9.00178, 100, 0, 0),
(51510, 39, 1666.25, 892.399, 9.00178, 100, 0, 0),
(51510, 40, 1671.17, 893.198, 9.00179, 100, 0, 0),
(51510, 41, 1677.62, 896.787, 9.00179, 100, 0, 0),
(51510, 42, 1682.1, 897.174, 9.00179, 100, 0, 0),
(51510, 43, 1686.92, 894.976, 9.00179, 100, 0, 0),
(51510, 44, 1691.19, 891.914, 9.00179, 100, 0, 0),
(51510, 45, 1698.88, 886.521, 9.00179, 100, 0, 0),
(123899, 1, 1534.288, 966.3132, 9.251768, 100, 0, 0),
(123899, 2, 1551.104, 978.8848, 9.751776, 100, 0, 0),
(123899, 3, 1558.765, 992.5928, 9.376776, 100, 0, 0),
(123899, 4, 1548.029, 999.1307, 9.001776, 100, 0, 0),
(123899, 5, 1551.857, 994.3583, 9.001776, 100, 0, 0),
(123899, 6, 1559.434, 997.0353, 9.001776, 100, 0, 0),
(123899, 7, 1561.864, 1008.586, 9.001776, 100, 0, 0),
(123899, 8, 1554.342, 1013.426, 9.001776, 100, 0, 0),
(123899, 9, 1546.021, 1007.769, 9.001776, 100, 0, 0),
(123899, 10, 1549.344, 1021.266, 9.001776, 100, 0, 0),
(123899, 11, 1538.99, 1027.237, 9.626776, 100, 0, 0),
(123899, 12, 1519.63, 1010.74, 10.48, 100, 0, 0); -- last point guessed to complete circle

DELETE FROM creature_movement_template WHERE entry IN (7273,7604,7605,7606,7607,7608,7795,10082);
INSERT INTO `creature_movement_template` (`entry`, `pathId`, `point`, `position_x`, `position_y`, `position_z`, `orientation`, `waittime`, `script_id`) VALUES
(7273, 0, 1, 1703.79, 1225.99, 8.8768, 100, 1000, 727301),
(7604, 0, 1, 1882.89, 1299.27, 48.3843, 4.83, 1000, 760401),
(7604, 0, 2, 1883.4, 1297.18, 48.293, 4.83, 1000, 760402),
(7604, 0, 3, 1881, 1293.34, 47.627, 0, 0, 0),
(7604, 0, 4, 1880.21, 1290.43, 45.97, 0, 0, 0),
(7604, 0, 5, 1880.21, 1290.43, 45.97, 0, 0, 0),
(7604, 0, 6, 1886.9, 1264.08, 41.494, 4.71, 1000, 760401),
(7604, 0, 7, 1886.7, 1227.96, 9.9242, 0, 0, 0),
(7604, 0, 8, 1884.29, 1202.94, 8.8781, 4.61, 60000, 760408),
(7604, 0, 9, 1884.29, 1202.94, 8.8781, 4.61, 15000, 760409),
(7605, 0, 1, 1886.64, 1299.11, 48.3146, 4.36, 1000, 760501),
(7605, 0, 2, 1886.12, 1297.25, 48.241, 4.36, 1000, 760502),
(7605, 0, 3, 1881, 1293.34, 47.627, 0, 0, 0),
(7605, 0, 4, 1880.21, 1290.43, 45.97, 0, 0, 0),
(7605, 0, 5, 1880.21, 1290.43, 45.97, 0, 0, 0),
(7605, 0, 6, 1890.22, 1264.3, 41.42, 4.71, 1000, 760501),
(7605, 0, 7, 1895.36, 1227.6, 9.521, 0, 0, 0),
(7605, 0, 8, 1889.01, 1201.98, 8.878, 4.54, 60000, 0),
(7605, 0, 9, 1889.01, 1201.98, 8.878, 4.54, 15000, 760509),
(7606, 0, 1, 1889.62, 1298.01, 48.2581, 3.94, 1000, 760601),
(7606, 0, 2, 1888.2, 1296.76, 48.203, 3.94, 1000, 760602),
(7606, 0, 3, 1881, 1293.34, 47.627, 0, 0, 0),
(7606, 0, 4, 1880.21, 1290.43, 45.97, 0, 0, 0),
(7606, 0, 5, 1880.21, 1290.43, 45.97, 0, 0, 0),
(7606, 0, 6, 1883.21, 1272, 41.85, 4.71, 1000, 760601),
(7606, 0, 7, 1879.25, 1227.15, 9.276, 0, 0, 0),
(7606, 0, 8, 1876.14, 1207.26, 8.877, 4.64, 60000, 0),
(7606, 0, 9, 1876.14, 1207.26, 8.877, 4.64, 15000, 760609),
(7607, 0, 1, 1881.05, 1297.36, 48.419, 5.41, 1000, 760701),
(7607, 0, 2, 1881.74, 1295.99, 48.323, 5.41, 1000, 760702),
(7607, 0, 3, 1881, 1293.34, 47.627, 0, 0, 0),
(7607, 0, 4, 1880.21, 1290.43, 45.97, 0, 0, 0),
(7607, 0, 5, 1880.21, 1290.43, 45.97, 0, 0, 0),
(7607, 0, 6, 1891.08, 1284.61, 43.58, 4.71, 1000, 760706),
(7607, 0, 7, 1883.29, 1263.76, 41.576, 4.71, 2000, 760707),
(7607, 0, 8, 1889.49, 1271.97, 41.626, 4.71, 1000, 760701),
(7607, 0, 9, 1895.36, 1227.6, 9.521, 0, 0, 0),
(7607, 0, 10, 1893.28, 1206.29, 8.877, 4.61, 1000, 760710),
(7607, 0, 11, 1891.67, 1181.69, 8.877, 0, 0, 760711),
(7607, 0, 12, 1876.01, 1161.77, 9.653, 0, 0, 0),
(7607, 0, 13, 1857.49, 1145.53, 15.119, 3.86, 1000, 760713),
(7607, 0, 14, 1877.11, 1148.82, 10.316, 0, 0, 0),
(7607, 0, 15, 1886.31, 1137.95, 9.352, 0, 0, 0),
(7607, 0, 16, 1869.98, 1092.89, 8.876, 0, 0, 1),
(7608, 0, 1, 1891.07, 1294.78, 48.2347, 3.31, 1000, 760801),
(7608, 0, 2, 1889.02, 1294.43, 48.189, 3.31, 1000, 760802),
(7608, 0, 3, 1881, 1293.34, 47.627, 0, 0, 0),
(7608, 0, 4, 1880.21, 1290.43, 45.97, 0, 0, 0),
(7608, 0, 5, 1880.21, 1290.43, 45.97, 0, 0, 0),
(7608, 0, 6, 1886.34, 1271.89, 41.735, 4.71, 1000, 760801),
(7608, 0, 7, 1886.7, 1227.96, 9.924, 0, 0, 0),
(7608, 0, 8, 1884.86, 1208.98, 8.878, 4.61, 60000, 0),
(7608, 0, 9, 1884.86, 1208.98, 8.878, 4.61, 15000, 760809),
(7795, 0, 1, 1704.96, 1202.13, 9.24427, 0, 0, 0),
(7795, 0, 2, 1684.78, 1225.34, 8.87707, 0, 0, 0),
(7795, 0, 3, 1706.28, 1200.92, 9.22012, 0, 0, 0),
(7795, 0, 4, 1681.82, 1180.19, 8.89546, 0, 0, 0),
(10082, 0, 1, 1707.11, 892.966, 9.00179, 100, 0, 0),
(10082, 0, 2, 1707.18, 899.435, 9.00179, 100, 0, 0),
(10082, 0, 3, 1705.72, 907.841, 9.00179, 100, 0, 0),
(10082, 0, 4, 1702.21, 911.766, 9.10128, 100, 0, 0),
(10082, 0, 5, 1695.94, 915.612, 10.8465, 100, 0, 0),
(10082, 0, 6, 1690.24, 917.683, 11.773, 100, 0, 0),
(10082, 0, 7, 1683.05, 920.181, 10.4317, 100, 0, 0),
(10082, 0, 8, 1674.14, 923.502, 9.97639, 100, 0, 0),
(10082, 0, 9, 1668.78, 926.923, 9.73616, 100, 0, 0),
(10082, 0, 10, 1661.06, 929.735, 9.00178, 100, 0, 0),
(10082, 0, 11, 1655.09, 926.185, 9.00178, 100, 0, 0),
(10082, 0, 12, 1652.62, 919.441, 9.01996, 100, 0, 0),
(10082, 0, 13, 1651.32, 910.516, 9.00178, 100, 0, 0),
(10082, 0, 14, 1647.61, 904.756, 9.00178, 100, 0, 0),
(10082, 0, 15, 1644.63, 900.505, 9.25178, 100, 0, 0),
(10082, 0, 16, 1643.35, 893.331, 9.00178, 100, 0, 0),
(10082, 0, 17, 1646.74, 888.357, 9.00178, 100, 0, 0),
(10082, 0, 18, 1652.91, 885.495, 9.00178, 100, 0, 0),
(10082, 0, 19, 1660.73, 885.21, 9.56123, 100, 0, 0),
(10082, 0, 20, 1666.7, 886.135, 10.8276, 100, 0, 0),
(10082, 0, 21, 1673.69, 886.464, 9.25179, 100, 0, 0),
(10082, 0, 22, 1681.51, 881.307, 9.00179, 100, 0, 0),
(10082, 0, 23, 1685.53, 877.585, 9.00179, 100, 0, 0),
(10082, 0, 24, 1690.96, 874.267, 9.00179, 100, 0, 0),
(10082, 0, 25, 1697.93, 875.281, 9.00179, 100, 0, 0),
(10082, 0, 26, 1701.02, 884.576, 9.00179, 100, 0, 0),
(10082, 0, 27, 1700.26, 888.66, 9.00179, 100, 0, 0),
(10082, 0, 28, 1697.66, 894.039, 9.00179, 100, 0, 0),
(10082, 0, 29, 1695.52, 899.985, 9.00179, 100, 0, 0),
(10082, 0, 30, 1691.48, 905.171, 9.00178, 100, 0, 0),
(10082, 0, 31, 1685.46, 907.528, 9.00178, 100, 0, 0),
(10082, 0, 32, 1676.94, 912.287, 9.00178, 100, 0, 0),
(10082, 0, 33, 1673.01, 915.07, 9.00178, 100, 0, 0),
(10082, 0, 34, 1663.23, 918.297, 9.00178, 100, 0, 0),
(10082, 0, 35, 1657.91, 912.989, 9.00178, 100, 0, 0),
(10082, 0, 36, 1655.03, 905.348, 9.00178, 100, 0, 0),
(10082, 0, 37, 1655.55, 899.714, 9.00178, 100, 0, 0),
(10082, 0, 38, 1659.62, 894.964, 9.00178, 100, 0, 0),
(10082, 0, 39, 1666.25, 892.399, 9.00178, 100, 0, 0),
(10082, 0, 40, 1671.17, 893.198, 9.00179, 100, 0, 0),
(10082, 0, 41, 1677.62, 896.787, 9.00179, 100, 0, 0),
(10082, 0, 42, 1682.1, 897.174, 9.00179, 100, 0, 0),
(10082, 0, 43, 1686.92, 894.976, 9.00179, 100, 0, 0),
(10082, 0, 44, 1691.19, 891.914, 9.00179, 100, 0, 0),
(10082, 0, 45, 1698.88, 886.521, 9.00179, 100, 0, 0);

INSERT INTO `creature_addon` (`guid`, `mount`, `bytes1`, `b2_0_sheath`, `b2_1_pvp_state`, `emote`, `moveflags`, `auras`) VALUES
(76047, 0, 1, 1, 16, 0, 0, NULL), -- Sandfury Shadowcaster
(76044, 0, 8, 1, 16, 0, 0, '8734'), -- Sandfury Shadowcaster
(76042, 0, 8, 1, 16, 0, 0, '8734'), -- Sandfury Shadowcaster
(76040, 0, 8, 1, 16, 0, 0, '8734'), -- Sandfury Shadowcaster
(49284, 0, 8, 1, 16, 0, 0, '8734'), -- Sandfury Shadowcaster
(49257, 0, 8, 1, 16, 0, 0, '8734'), -- Sandfury Shadowcaster
(30120, 0, 0, 1, 16, 133, 0, NULL), -- Sandfury Blood Drinker
(49245, 0, 8, 1, 16, 0, 0, '8734'), -- Sandfury Witch Doctor
(49246, 0, 8, 1, 16, 0, 0, '8734'), -- Sandfury Witch Doctor
(49261, 0, 8, 1, 16, 0, 0, '8734'), -- Sandfury Witch Doctor
(49278, 0, 8, 1, 16, 0, 0, '8734'), -- Sandfury Witch Doctor
(49313, 0, 0, 0, 0, 0, 0, NULL), -- Sandfury Witch Doctor
(53771, 0, 8, 1, 16, 0, 0, NULL), -- Sandfury Witch Doctor
(53790, 0, 8, 1, 16, 0, 0, '8734'), -- Sandfury Witch Doctor
(49275, 0, 0, 0, 0, 0, 0, NULL), -- Sandfury Shadowhunter
(49302, 0, 0, 0, 0, 0, 0, NULL), -- Sandfury Shadowhunter
(91282, 0, 8, 1, 16, 0, 0, NULL), -- Sandfury Shadowhunter
(49235, 0, 8, 1, 16, 0, 0, NULL), -- Sandfury Soul Eater
(49287, 0, 0, 0, 0, 0, 0, NULL), -- Sandfury Soul Eater
(51722, 0, 0, 0, 0, 0, 0, NULL); -- Theka the Martyr

REPLACE INTO `creature_template_addon` (`entry`, `mount`, `bytes1`, `b2_0_sheath`, `b2_1_pvp_state`, `emote`, `moveflags`, `auras`) VALUES
(5648, 0, 0, 1, 16, 0, 0, NULL), -- Sandfury Shadowcaster
(5649, 0, 0, 1, 16, 0, 0, NULL), -- Sandfury Blood Drinker
(5650, 0, 0, 1, 16, 0, 0, NULL), -- Sandfury Witch Doctor
(7246, 0, 0, 1, 16, 0, 0, NULL), -- Sandfury Shadowhunter
(7247, 0, 0, 1, 16, 0, 0, NULL), -- Sandfury Soul Eater
(7267, 0, 0, 1, 16, 0, 0, '11838'), -- Chief Ukorz Sandscalp
(7268, 0, 0, 1, 16, 0, 0, '7276 8876'), -- Sandfury Guardian
(7269, 0, 0, 1, 16, 0, 0, NULL), -- Scarab
(7271, 0, 0, 1, 16, 193, 0, NULL), -- Witch Doctor Zum'rah
(7272, 0, 0, 1, 16, 0, 0, NULL), -- Theka the Martyr
(7274, 0, 0, 1, 16, 0, 0, NULL), -- Sandfury Executioner
(7604, 0, 0, 1, 16, 0, 0, NULL), -- Sergeant Bly
(7605, 0, 0, 1, 16, 0, 0, '3616'), -- Raven
(7606, 0, 0, 1, 16, 0, 0, NULL), -- Oro Eyegouge
(7607, 0, 0, 1, 16, 0, 0, NULL), -- Weegli Blastfuse
(7608, 0, 0, 1, 16, 0, 0, NULL), -- Murta Grimgut
(7795, 0, 0, 1, 16, 0, 0, NULL), -- Hydromancer Velratha
(7797, 0, 0, 1, 16, 0, 0, NULL), -- Ruuzlu
(8095, 0, 0, 1, 16, 0, 0, NULL), -- Sul'lithuz Sandcrawler
(8120, 0, 0, 1, 16, 0, 0, NULL), -- Sul'lithuz Abomination
(8127, 0, 0, 1, 16, 0, 0, NULL), -- Antu'sul
(8130, 0, 0, 1, 16, 0, 0, NULL), -- Sul'lithuz Hatchling
(8138, 0, 0, 1, 16, 0, 0, '8876'), -- Sul'lithuz Broodling
(10080, 0, 0, 1, 16, 0, 0, NULL), -- Sandarr Dunereaver
(10081, 0, 0, 1, 16, 0, 0, '12254'), -- Dustwraith
(10082, 0, 0, 1, 16, 0, 0, NULL), -- Zerillis
(15578, 0, 0, 1, 16, 0, 0, '25824'); -- Elder Wildmane

INSERT INTO `creature_linking` (`guid`, `master_guid`, `flag`) VALUES
(49309, 49236, 515), -- Sandfury Blood Drinker -> Sandfury Witch Doctor
(49275, 49273, 515), -- Sandfury Shadowhunter -> Sandfury Shadowhunter
(53758, 53759, 3), -- Sandfury Guardian -> Sandfury Guardian
(53756, 53759, 3), -- Sandfury Guardian -> Sandfury Guardian
(53757, 53759, 3), -- Sandfury Guardian -> Sandfury Guardian
(51424, 53755, 3); -- Sul'lithuz Abomination -> Sul'lithuz Abomination

REPLACE INTO `creature_linking_template` (`entry`, `map`, `master_entry`, `flag`, `search_range`) VALUES
(7268, 209, 7267, 1, 0), -- Sandfury Guardian -> Chief Ukorz Sandscalp
(8120, 209, 7267, 1, 0), -- Sul'lithuz Abomination -> Chief Ukorz Sandscalp
(7605, 209, 7604, 3, 20), -- Raven -> Sergeant Bly
(7606, 209, 7604, 3, 20), -- Oro Eyegouge -> Sergeant Bly
(7608, 209, 7604, 3, 20); -- Murta Grimgut -> Sergeant Bly

INSERT INTO `creature` (`guid`, `id`, `map`, `position_x`, `position_y`, `position_z`, `orientation`, `spawntimesecsmin`, `spawntimesecsmax`, `spawndist`, `currentwaypoint`, `DeathState`, `MovementType`, `curhealth`, `curmana`) VALUES
(80740, 5648, 209, 1262.07, 840.807, 8.9959, 0.383972, 18000, 18000, 0, 0, 0, 0, 3500, 7360), -- Sandfury Shadowcaster
(80739, 5648, 209, 1296.55, 807.73, 12.1035, 2.00713, 18000, 18000, 0, 0, 0, 0, 3500, 7360), -- Sandfury Shadowcaster
(80738, 5648, 209, 1265.82, 840.409, 9.10481, 2.19912, 18000, 18000, 0, 0, 0, 0, 3500, 7360), -- Sandfury Shadowcaster
(80737, 5648, 209, 1325.66, 843.422, 11.7873, 4.01426, 18000, 18000, 0, 0, 0, 0, 3500, 7360), -- Sandfury Shadowcaster
(76048, 5648, 209, 1430.52, 795.113, 11.9563, 2.33874, 18000, 18000, 0, 0, 0, 0, 3500, 7360), -- Sandfury Shadowcaster
(76047, 5648, 209, 1427.77, 794.452, 11.6592, 1.79769, 18000, 18000, 0, 0, 0, 0, 3500, 7360), -- Sandfury Shadowcaster
(76046, 5648, 209, 1426.05, 800.303, 10.6506, 5.14872, 18000, 18000, 0, 0, 0, 0, 3500, 7360), -- Sandfury Shadowcaster
(76045, 5648, 209, 1511.31, 844.814, 9.72667, 2.87979, 18000, 18000, 0, 0, 0, 0, 3500, 7360), -- Sandfury Shadowcaster
(76044, 5648, 209, 1504.88, 818.578, 8.97416, 2.46091, 18000, 18000, 0, 0, 0, 0, 3500, 7360), -- Sandfury Shadowcaster
(76043, 5648, 209, 1520.41, 816.591, 9.01407, 3.82263, 7200, 7200, 0, 0, 0, 2, 3500, 7360), -- Sandfury Shadowcaster
(76042, 5648, 209, 1489.73, 824.167, 9.08669, 6.00393, 18000, 18000, 0, 0, 0, 0, 3500, 7360), -- Sandfury Shadowcaster
(76041, 5648, 209, 1505.32, 844.512, 9.4491, 0.069813, 18000, 18000, 0, 0, 0, 0, 3500, 7360), -- Sandfury Shadowcaster
(76040, 5648, 209, 1488.54, 816.122, 9.21445, 5.37561, 18000, 18000, 0, 0, 0, 0, 3500, 7360), -- Sandfury Shadowcaster
(76038, 5648, 209, 1505.5, 846.106, 9.74815, 6.10865, 18000, 18000, 0, 0, 0, 0, 3500, 7360), -- Sandfury Shadowcaster
(72400, 5648, 209, 1531.04, 822.545, 9.17081, 0.628319, 18000, 18000, 0, 0, 0, 0, 3500, 7360), -- Sandfury Shadowcaster
(54047, 5648, 209, 1586.46, 853.121, 9.88523, 4.24115, 18000, 18000, 0, 0, 0, 0, 3500, 7360), -- Sandfury Shadowcaster
(54046, 5648, 209, 1583, 847.667, 11.134, 0.890118, 18000, 18000, 0, 0, 0, 0, 3500, 7360), -- Sandfury Shadowcaster
(53782, 5648, 209, 1631.44, 886.687, 8.97562, 3.53877, 7200, 7200, 0, 0, 0, 2, 3500, 7360), -- Sandfury Shadowcaster
(49284, 5648, 209, 1606.3, 857.721, 11.6019, 5.0091, 18000, 18000, 0, 0, 0, 0, 3500, 7360), -- Sandfury Shadowcaster
(49279, 5648, 209, 1614.61, 897.026, 9.75628, 5.74213, 18000, 18000, 0, 0, 0, 0, 3500, 7360), -- Sandfury Shadowcaster
(49257, 5648, 209, 1660.46, 901.742, 8.96499, 0.628319, 18000, 18000, 0, 0, 0, 0, 3500, 7360), -- Sandfury Shadowcaster
(49243, 5648, 209, 1688.44, 868.643, 8.96012, 2.87979, 18000, 18000, 0, 0, 0, 0, 3500, 7360), -- Sandfury Shadowcaster
(23655, 5648, 209, 1661.94, 938.541, 9.24633, 2.33874, 18000, 18000, 0, 0, 0, 0, 3500, 7360), -- Sandfury Shadowcaster
(23505, 5648, 209, 1660.76, 937.592, 9.17103, 2.19912, 18000, 18000, 0, 0, 0, 0, 3500, 7360), -- Sandfury Shadowcaster
(23016, 5648, 209, 1707.05, 914.393, 10.2081, 1.18682, 18000, 18000, 0, 0, 0, 0, 3500, 7360), -- Sandfury Shadowcaster
(20700, 5648, 209, 1706.18, 917.728, 11.1787, 5.81195, 18000, 18000, 0, 0, 0, 0, 3500, 7360), -- Sandfury Shadowcaster
(20326, 5649, 209, 1261.55, 846.373, 9.28673, 5.34071, 18000, 18000, 0, 0, 0, 0, 5346, 0), -- Sandfury Blood Drinker
(26091, 5649, 209, 1292.81, 810.933, 10.6402, 5.72468, 18000, 18000, 0, 0, 0, 0, 5346, 0), -- Sandfury Blood Drinker
(27766, 5649, 209, 1319.59, 836.886, 8.97416, 0.418879, 18000, 18000, 0, 0, 0, 0, 5346, 0), -- Sandfury Blood Drinker
(29974, 5649, 209, 1357.26, 817.232, 8.97416, 0.174533, 18000, 18000, 0, 0, 0, 0, 5346, 0), -- Sandfury Blood Drinker
(30088, 5649, 209, 1365.43, 819.994, 8.97416, 3.71755, 18000, 18000, 0, 0, 0, 0, 5346, 0), -- Sandfury Blood Drinker
(30120, 5649, 209, 1465.17, 833.569, 10.0631, 1.91986, 18000, 18000, 0, 0, 0, 0, 5346, 0), -- Sandfury Blood Drinker
(30400, 5649, 209, 1520.36, 822.297, 8.97257, 2.41258, 7200, 7200, 0, 0, 0, 2, 5346, 0), -- Sandfury Blood Drinker
(43044, 5649, 209, 1532.13, 821.041, 9.34458, 1.13446, 18000, 18000, 0, 0, 0, 0, 5346, 0), -- Sandfury Blood Drinker
(49238, 5649, 209, 1535.25, 825.811, 8.87731, 4.08407, 18000, 18000, 0, 0, 0, 0, 5346, 0), -- Sandfury Blood Drinker
(49248, 5649, 209, 1562.31, 868.947, 9.52113, 1.0821, 18000, 18000, 0, 0, 0, 0, 5346, 0), -- Sandfury Blood Drinker
(49250, 5649, 209, 1632.78, 885.086, 8.97525, 3.34664, 7200, 7200, 0, 0, 0, 2, 5346, 0), -- Sandfury Blood Drinker
(49251, 5649, 209, 1564.22, 871.627, 9.70283, 4.46804, 18000, 18000, 0, 0, 0, 0, 5346, 0), -- Sandfury Blood Drinker
(49255, 5649, 209, 1620.09, 773.471, 11.5338, 2.18166, 18000, 18000, 0, 0, 0, 0, 5346, 0), -- Sandfury Blood Drinker
(49260, 5649, 209, 1619.14, 893.287, 9.35544, 2.32129, 18000, 18000, 0, 0, 0, 0, 5346, 0), -- Sandfury Blood Drinker
(49267, 5649, 209, 1525.17, 935.174, 11.8075, 5.22015, 18000, 18000, 5, 0, 0, 1, 5346, 0), -- Sandfury Blood Drinker
(49276, 5649, 209, 1680.85, 871.522, 8.96821, 5.8294, 18000, 18000, 0, 0, 0, 0, 5346, 0), -- Sandfury Blood Drinker
(49280, 5649, 209, 1619.75, 978.372, 9.24063, 5.11505, 7200, 7200, 0, 0, 0, 2, 5346, 0), -- Sandfury Blood Drinker
(49285, 5649, 209, 1605.68, 969.609, 9.18042, 1.29154, 18000, 18000, 0, 0, 0, 0, 5346, 0), -- Sandfury Blood Drinker
(49289, 5649, 209, 1603.14, 970.714, 9.18092, 0.820305, 18000, 18000, 0, 0, 0, 0, 5346, 0), -- Sandfury Blood Drinker
(49291, 5649, 209, 1656.78, 942.958, 9.11468, 5.65487, 18000, 18000, 0, 0, 0, 0, 5346, 0), -- Sandfury Blood Drinker
(49295, 5649, 209, 1708.31, 897.658, 9.00179, 5.09013, 18000, 18000, 0, 0, 0, 0, 5346, 0), -- Sandfury Blood Drinker
(49308, 5649, 209, 1608.46, 978.857, 9.01275, 4.32842, 18000, 18000, 0, 0, 0, 0, 5346, 0), -- Sandfury Blood Drinker
(49310, 5649, 209, 1713.68, 784.082, 17.346, 5.48033, 18000, 18000, 5, 0, 0, 1, 5346, 0), -- Sandfury Blood Drinker
(49315, 5649, 209, 1684.08, 804.784, 8.96012, 0.208293, 7200, 7200, 0, 0, 0, 2, 5346, 0), -- Sandfury Blood Drinker
(49323, 5649, 209, 1861.45, 828.72, 24.1171, 3.64774, 18000, 18000, 5, 0, 0, 1, 5346, 0), -- Sandfury Blood Drinker
(51505, 5649, 209, 1810.61, 939.977, 8.99004, 0.541052, 18000, 18000, 0, 0, 0, 0, 5346, 0), -- Sandfury Blood Drinker
(52766, 5649, 209, 1881.65, 790.797, 36.2795, 1.51022, 18000, 18000, 5, 0, 0, 1, 5346, 0), -- Sandfury Blood Drinker
(52770, 5649, 209, 1903.87, 1133.99, 8.9936, 2.54818, 18000, 18000, 0, 0, 0, 0, 5346, 0), -- Sandfury Blood Drinker
(52937, 5649, 209, 1899.6, 1136.85, 9.09823, 5.68977, 18000, 18000, 0, 0, 0, 0, 5346, 0), -- Sandfury Blood Drinker
(52938, 5649, 209, 1849.2, 1184.55, 8.9883, 6.19592, 18000, 18000, 5, 0, 0, 1, 5346, 0), -- Sandfury Blood Drinker
(53762, 5649, 209, 1900.33, 1166.45, 8.96588, 0.785398, 18000, 18000, 5, 0, 0, 1, 5346, 0), -- Sandfury Blood Drinker
(53764, 5649, 209, 1885.64, 1222.54, 9.1649, 4.27606, 18000, 18000, 3, 0, 0, 1, 5346, 0), -- Sandfury Blood Drinker
(53766, 5649, 209, 1713.23, 1182.44, 9.14993, 0.837758, 18000, 18000, 0, 0, 0, 0, 5346, 0), -- Sandfury Blood Drinker
(53767, 5649, 209, 1712.07, 1187.57, 9.39765, 5.49779, 18000, 18000, 0, 0, 0, 0, 5346, 0), -- Sandfury Blood Drinker
(53773, 5649, 209, 1667.29, 1151.89, 8.96011, 3.63029, 18000, 18000, 5, 0, 0, 1, 5346, 0), -- Sandfury Blood Drinker
(53774, 5649, 209, 1714.38, 1218.58, 8.96012, 5.48033, 18000, 18000, 3, 0, 0, 1, 5346, 0), -- Sandfury Blood Drinker
(53778, 5649, 209, 1648.18, 1152.28, 9.01227, 5.39307, 18000, 18000, 5, 0, 0, 1, 5346, 0), -- Sandfury Blood Drinker
(53783, 5649, 209, 1636.84, 1109.9, 8.9902, 5.75959, 18000, 18000, 0, 0, 0, 0, 5346, 0), -- Sandfury Blood Drinker
(53786, 5649, 209, 1636.05, 1105.06, 8.96016, 0.087266, 18000, 18000, 0, 0, 0, 0, 5346, 0), -- Sandfury Blood Drinker
(53788, 5649, 209, 1636.18, 1106.7, 8.96013, 0.017453, 18000, 18000, 0, 0, 0, 0, 5346, 0), -- Sandfury Blood Drinker
(53792, 5649, 209, 1632.54, 1166.75, 9.05948, 4.60767, 18000, 18000, 5, 0, 0, 1, 5346, 0), -- Sandfury Blood Drinker
(53793, 5649, 209, 1652.06, 1219.91, 9.67312, 1.44862, 18000, 18000, 5, 0, 0, 1, 5346, 0), -- Sandfury Blood Drinker
(53796, 5649, 209, 1699.81, 1233.84, 8.96111, 1.15192, 18000, 18000, 2, 0, 0, 1, 5346, 0), -- Sandfury Blood Drinker
(80713, 5649, 209, 1624.85, 1192.94, 9.08505, 2.72271, 18000, 18000, 0, 0, 0, 0, 5346, 0), -- Sandfury Blood Drinker
(80714, 5649, 209, 1622.26, 1196.97, 9.42084, 4.69494, 18000, 18000, 0, 0, 0, 0, 5346, 0), -- Sandfury Blood Drinker
(80715, 5649, 209, 1666.97, 1233.6, 9.40873, 4.71239, 18000, 18000, 2, 0, 0, 1, 5346, 0), -- Sandfury Blood Drinker
(80718, 5649, 209, 1614.31, 1126.9, 9.00178, 0.655469, 18000, 18000, 5, 0, 0, 1, 5346, 0), -- Sandfury Blood Drinker
(80721, 5649, 209, 1725.75, 1284.01, 14.5964, 5.42797, 18000, 18000, 0, 0, 0, 0, 5346, 0), -- Sandfury Blood Drinker
(80726, 5649, 209, 1585.1, 1035.5, 8.96012, 3.03687, 18000, 18000, 5, 0, 0, 1, 5346, 0), -- Sandfury Blood Drinker
(80728, 5649, 209, 1515.81, 1050.86, 18.1446, 1.36136, 18000, 18000, 5, 0, 0, 1, 5346, 0), -- Sandfury Blood Drinker
(80729, 5649, 209, 1541.13, 1001.76, 8.96011, 5.23599, 18000, 18000, 0, 0, 0, 0, 5346, 0), -- Sandfury Blood Drinker
(80732, 5649, 209, 1527.04, 1017.31, 9.81576, 0.959931, 18000, 18000, 0, 0, 0, 0, 5346, 0), -- Sandfury Blood Drinker
(80733, 5649, 209, 1525.47, 1019.07, 9.98873, 0.436332, 18000, 18000, 0, 0, 0, 0, 5346, 0), -- Sandfury Blood Drinker
(80734, 5649, 209, 1478.6, 980.091, 16.3627, 5.60251, 18000, 18000, 5, 0, 0, 1, 5346, 0), -- Sandfury Blood Drinker
(80735, 5649, 209, 1455.76, 945.569, 26.5751, 3.71755, 18000, 18000, 5, 0, 0, 1, 5346, 0), -- Sandfury Blood Drinker
(80736, 5650, 209, 1296.82, 813.011, 11.1528, 4.50295, 18000, 18000, 0, 0, 0, 0, 4278, 2966), -- Sandfury Witch Doctor
(30408, 5650, 209, 1327.73, 838.162, 9.23823, 3.24631, 18000, 18000, 0, 0, 0, 0, 4278, 2966), -- Sandfury Witch Doctor
(30449, 5650, 209, 1582, 850.825, 9.89255, 5.96903, 18000, 18000, 0, 0, 0, 0, 4278, 2966), -- Sandfury Witch Doctor
(30452, 5650, 209, 1616.86, 778.17, 11.32, 5.3058, 18000, 18000, 0, 0, 0, 0, 4278, 2966), -- Sandfury Witch Doctor
(30544, 5650, 209, 1613.04, 892.271, 9.0397, 6.23082, 18000, 18000, 0, 0, 0, 0, 4278, 2966), -- Sandfury Witch Doctor
(49241, 5650, 209, 1639.96, 798.093, 8.97168, 1.48353, 18000, 18000, 0, 0, 0, 0, 4278, 2966), -- Sandfury Witch Doctor
(49245, 5650, 209, 1633.3, 868.305, 10.4543, 5.02655, 18000, 18000, 0, 0, 0, 0, 4278, 2966), -- Sandfury Witch Doctor
(49246, 5650, 209, 1664.1, 911.256, 8.96011, 4.99164, 18000, 18000, 0, 0, 0, 0, 4278, 2966), -- Sandfury Witch Doctor
(49261, 5650, 209, 1669.67, 896.452, 8.96012, 2.51327, 18000, 18000, 0, 0, 0, 0, 4278, 2966), -- Sandfury Witch Doctor
(49278, 5650, 209, 1670.57, 908.334, 9.1404, 2.56563, 18000, 18000, 0, 0, 0, 0, 4278, 2966), -- Sandfury Witch Doctor
(49292, 5650, 209, 1651.44, 701.343, 35.3521, 1.37537, 7200, 7200, 0, 0, 0, 2, 4278, 2966), -- Sandfury Witch Doctor
(49296, 5650, 209, 1710.08, 915.375, 11.0054, 2.49582, 18000, 18000, 0, 0, 0, 0, 4278, 2966), -- Sandfury Witch Doctor
(49297, 5650, 209, 1655.19, 717.366, 27.1727, 1.27409, 18000, 18000, 5, 0, 0, 1, 4278, 2966), -- Sandfury Witch Doctor
(49300, 5650, 209, 1776.9, 813.656, 23.2348, 3.24631, 18000, 18000, 5, 0, 0, 1, 4278, 2966), -- Sandfury Witch Doctor
(49303, 5650, 209, 1793.86, 747.192, 14.4325, 0.907571, 18000, 18000, 3, 0, 0, 1, 4278, 2966), -- Sandfury Witch Doctor
(49306, 5650, 209, 1814.87, 947.317, 8.97432, 4.74729, 18000, 18000, 0, 0, 0, 0, 4278, 2966), -- Sandfury Witch Doctor
(49311, 5650, 209, 1885.03, 729.866, 33.1269, 3.42085, 18000, 18000, 5, 0, 0, 1, 4278, 2966), -- Sandfury Witch Doctor
(49313, 5650, 209, 1879.2, 1110.64, 8.95783, 4.57276, 1800, 1800, 0, 0, 0, 2, 4278, 2966), -- Sandfury Witch Doctor
(49321, 5650, 209, 1926.08, 1131.13, 10.8489, 1.90241, 18000, 18000, 5, 0, 0, 1, 4278, 2966), -- Sandfury Witch Doctor
(49322, 5650, 209, 1911.82, 1153.47, 9.60223, 2.51327, 18000, 18000, 0, 0, 0, 0, 4278, 2966), -- Sandfury Witch Doctor
(53765, 5650, 209, 1863.11, 1199.95, 8.96012, 4.93928, 18000, 18000, 5, 0, 0, 1, 4278, 2966), -- Sandfury Witch Doctor
(53768, 5650, 209, 1913.5, 1199.53, 9.04154, 5.81195, 18000, 18000, 0, 0, 0, 0, 4278, 2966), -- Sandfury Witch Doctor
(53769, 5650, 209, 1915.55, 1194.25, 8.96012, 1.0821, 18000, 18000, 0, 0, 0, 0, 4278, 2966), -- Sandfury Witch Doctor
(53771, 5650, 209, 1719.98, 1181.94, 10.506, 5.46288, 18000, 18000, 0, 0, 0, 0, 4278, 2966), -- Sandfury Witch Doctor
(53772, 5650, 209, 1714.92, 1190.31, 10.3375, 4.31096, 18000, 18000, 0, 0, 0, 0, 4278, 2966), -- Sandfury Witch Doctor
(53775, 5650, 209, 1644.01, 1104.96, 9.20275, 3.03687, 18000, 18000, 0, 0, 0, 0, 4278, 2966), -- Sandfury Witch Doctor
(53776, 5650, 209, 1643.59, 1200.11, 9.05309, 1.81514, 18000, 18000, 5, 0, 0, 1, 4278, 2966), -- Sandfury Witch Doctor
(53781, 5650, 209, 1620.65, 1191.7, 9.1335, 1.09956, 18000, 18000, 0, 0, 0, 0, 4278, 2966), -- Sandfury Witch Doctor
(53784, 5650, 209, 1666.95, 1259.23, 10.4681, 3.35103, 18000, 18000, 0, 0, 0, 0, 4278, 2966), -- Sandfury Witch Doctor
(53787, 5650, 209, 1647.22, 1115.31, 9.37108, 1.09528, 7200, 7200, 0, 0, 0, 2, 4278, 2966), -- Sandfury Witch Doctor
(53790, 5650, 209, 1606.43, 1106.06, 8.96011, 4.95674, 18000, 18000, 0, 0, 0, 0, 4278, 2966), -- Sandfury Witch Doctor
(50664, 5650, 209, 1610.38, 1108.35, 8.96011, 3.52556, 18000, 18000, 0, 0, 0, 0, 4278, 2966), -- Sandfury Witch Doctor
(50666, 5650, 209, 1576.17, 1079.08, 9.02151, 1.25664, 18000, 18000, 0, 0, 0, 0, 4278, 2966), -- Sandfury Witch Doctor
(80703, 5650, 209, 1554.3, 1006.74, 8.96011, 4.41568, 18000, 18000, 0, 0, 0, 0, 4278, 2966), -- Sandfury Witch Doctor
(80704, 5650, 209, 1556.35, 1002.31, 8.96011, 2.6529, 18000, 18000, 0, 0, 0, 0, 4278, 2966), -- Sandfury Witch Doctor
(80705, 5650, 209, 1530.26, 1021.4, 9.72279, 3.61283, 18000, 18000, 0, 0, 0, 0, 4278, 2966), -- Sandfury Witch Doctor
(80706, 5650, 209, 1456.89, 1033.27, 29.3484, 1.46608, 18000, 18000, 5, 0, 0, 1, 4278, 2966), -- Sandfury Witch Doctor
(6765, 7246, 209, 1620.47, 774.6, 10.363, 2.46091, 18000, 18000, 0, 0, 0, 0, 4119, 2864), -- Sandfury Shadowhunter
(26209, 7246, 209, 1520.33, 916.787, 21.9712, 5.0091, 18000, 18000, 5, 0, 0, 1, 4119, 2864), -- Sandfury Shadowhunter
(43271, 7246, 209, 1644.91, 804.828, 8.96451, 3.87463, 18000, 18000, 0, 0, 0, 0, 4119, 2864), -- Sandfury Shadowhunter
(49239, 7246, 209, 1644.98, 814.596, 8.96928, 4.53786, 18000, 18000, 0, 0, 0, 0, 4119, 2864), -- Sandfury Shadowhunter
(49254, 7246, 209, 1639.3, 805.281, 8.97168, 4.95674, 18000, 18000, 0, 0, 0, 0, 4119, 2864), -- Sandfury Shadowhunter
(49256, 7246, 209, 1707.91, 881.421, 11.9567, 1.64026, 7200, 7200, 0, 0, 0, 2, 4119, 2864), -- Sandfury Shadowhunter
(49259, 7246, 209, 1711.04, 884.029, 12.5559, 3.89163, 7200, 7200, 0, 0, 0, 0, 4119, 2864), -- Sandfury Shadowhunter
(49265, 7246, 209, 1655.41, 746.146, 19.6866, 4.36332, 18000, 18000, 5, 0, 0, 1, 4119, 2864), -- Sandfury Shadowhunter
(49266, 7246, 209, 1816.27, 941.185, 8.9654, 2.32129, 18000, 18000, 0, 0, 0, 0, 4119, 2864), -- Sandfury Shadowhunter
(49269, 7246, 209, 1843.78, 721.991, 20.024, 4.60767, 18000, 18000, 3, 0, 0, 1, 4119, 2864), -- Sandfury Shadowhunter
(49272, 7246, 209, 1752.93, 718.564, 21.2051, 4.88692, 18000, 18000, 5, 0, 0, 1, 4119, 2864), -- Sandfury Shadowhunter
(49273, 7246, 209, 1758.35, 1058.11, 47.6665, 0.75017, 7200, 7200, 0, 0, 0, 2, 4119, 2864), -- Sandfury Shadowhunter
(49275, 7246, 209, 1755.19, 1055.54, 48.0067, 0.376585, 7200, 7200, 0, 0, 0, 0, 4119, 2864), -- Sandfury Shadowhunter
(49277, 7246, 209, 1885.09, 1177.62, 9.00179, 2.63157, 7200, 7200, 0, 0, 0, 0, 4119, 2864), -- Sandfury Shadowhunter
(49281, 7246, 209, 1881.56, 1179.26, 9.00179, 5.61907, 7200, 7200, 0, 0, 0, 0, 4119, 2864), -- Sandfury Shadowhunter
(49282, 7246, 209, 1878.71, 1159.65, 9.60457, 3.66519, 18000, 18000, 5, 0, 0, 1, 4119, 2864), -- Sandfury Shadowhunter
(49283, 7246, 209, 1920.28, 1198.52, 8.96012, 3.45575, 18000, 18000, 0, 0, 0, 0, 4119, 2864), -- Sandfury Shadowhunter
(49290, 7246, 209, 1899.49, 1211.08, 8.96058, 3.19395, 18000, 18000, 2, 0, 0, 1, 4119, 2864), -- Sandfury Shadowhunter
(49294, 7246, 209, 1717.19, 1188.65, 10.8277, 4.31096, 18000, 18000, 0, 0, 0, 0, 4119, 2864), -- Sandfury Shadowhunter
(49299, 7246, 209, 1644.17, 1107.36, 9.04577, 3.28122, 18000, 18000, 0, 0, 0, 0, 4119, 2864), -- Sandfury Shadowhunter
(49302, 7246, 209, 1564.53, 980.052, 12.2048, 1.0567, 7200, 7200, 0, 0, 0, 2, 4119, 2864), -- Sandfury Shadowhunter
(49305, 7246, 209, 1690.27, 1249.82, 10.2119, 1.1005, 7200, 7200, 0, 0, 0, 0, 4119, 2864), -- Sandfury Shadowhunter
(49307, 7246, 209, 1696.71, 1246.79, 9.46871, 2.14863, 7200, 7200, 0, 0, 0, 0, 4119, 2864), -- Sandfury Shadowhunter
(91274, 7246, 209, 1562.43, 980.755, 11.2913, 0.147944, 7200, 7200, 0, 0, 0, 0, 4119, 2864), -- Sandfury Shadowhunter
(91275, 7246, 209, 1662.28, 1257.15, 10.4826, 0.645772, 18000, 18000, 0, 0, 0, 0, 4119, 2864), -- Sandfury Shadowhunter
(91277, 7246, 209, 1665.81, 1254.07, 10.0873, 2.07694, 18000, 18000, 0, 0, 0, 0, 4119, 2864), -- Sandfury Shadowhunter
(91278, 7246, 209, 1665.86, 1260.72, 10.5635, 4.06662, 18000, 18000, 0, 0, 0, 0, 4119, 2864), -- Sandfury Shadowhunter
(91280, 7246, 209, 1713.24, 1247.76, 9.95029, 4.57276, 18000, 18000, 0, 0, 0, 0, 4119, 2864), -- Sandfury Shadowhunter
(91281, 7246, 209, 1728.63, 1281.63, 14.5892, 2.58309, 18000, 18000, 0, 0, 0, 0, 4119, 2864), -- Sandfury Shadowhunter
(49314, 7246, 209, 1601.71, 1104.41, 8.96011, 0.471239, 18000, 18000, 0, 0, 0, 0, 4119, 2864), -- Sandfury Shadowhunter
(49319, 7246, 209, 1608.3, 1110.79, 8.96011, 3.94444, 18000, 18000, 0, 0, 0, 0, 4119, 2864), -- Sandfury Shadowhunter
(90514, 7246, 209, 1578.42, 1085.15, 9.17854, 4.31096, 18000, 18000, 0, 0, 0, 0, 4119, 2864), -- Sandfury Shadowhunter
(91282, 7246, 209, 1591.02, 1047.66, 8.96459, 6.26573, 18000, 18000, 0, 0, 0, 0, 4119, 2864), -- Sandfury Shadowhunter
(91283, 7246, 209, 1545.05, 995.059, 8.96011, 1.88496, 18000, 18000, 0, 0, 0, 0, 4119, 2864), -- Sandfury Shadowhunter
(49235, 7247, 209, 1644.51, 903.655, 9.334, 2.3911, 18000, 18000, 0, 0, 0, 0, 1900, 3068), -- Sandfury Soul Eater
(49236, 7247, 209, 1767.67, 850.924, 8.8832, 3.92424, 1800, 1800, 5, 1, 0, 2, 1900, 3068), -- Sandfury Soul Eater
(50662, 7247, 209, 1820.13, 908.081, 9.00179, 0, 7200, 7200, 0, 0, 0, 2, 1900, 3068), -- Sandfury Soul Eater
(49237, 7247, 209, 1821.7, 1177, 8.99118, 0.96724, 1800, 1800, 5, 1, 0, 2, 1900, 3068), -- Sandfury Soul Eater
(49263, 7247, 209, 1915.15, 1230.71, 9.45266, 0, 7200, 7200, 0, 0, 0, 2, 1900, 3068), -- Sandfury Soul Eater
(49287, 7247, 209, 1698.27, 1167.92, 8.99627, 5.59214, 7200, 7200, 0, 0, 0, 2, 1900, 3068), -- Sandfury Soul Eater
(52771, 7247, 209, 1517.93, 988.597, 9.16266, 0, 7200, 7200, 0, 0, 0, 2, 1900, 3068), -- Sandfury Soul Eater
(49253, 7267, 209, 1726.733, 1018.31, 54.97231, 4.468043, 86400, 86400, 0, 0, 0, 0, 13433, 0), -- Chief Ukorz Sandscalp
(53759, 7268, 209, 1767.163, 1019.993, 53.57059, 2.565634, 7200, 7200, 0, 0, 0, 0, 5400, 0), -- Sandfury Guardian
(53758, 7268, 209, 1761.487, 1012.291, 53.57142, 2.181662, 7200, 7200, 0, 0, 0, 0, 5400, 0), -- Sandfury Guardian
(53756, 7268, 209, 1722.216, 1055.41, 53.55621, 5.550147, 7200, 7200, 0, 0, 0, 0, 5400, 0), -- Sandfury Guardian
(53757, 7268, 209, 1716.237, 1047.529, 53.57142, 5.88176, 7200, 7200, 0, 0, 0, 0, 5400, 0), -- Sandfury Guardian
(23899, 7269, 209, 1517.12, 823.743, 8.97511, 0.226893, 18000, 18000, 3, 0, 0, 1, 1782, 0), -- Scarab
(23901, 7269, 209, 1475.02, 817.334, 8.97415, 2.56563, 18000, 18000, 5, 0, 0, 1, 1782, 0), -- Scarab
(23903, 7269, 209, 1560.28, 849.29, 8.97512, 3.56047, 18000, 18000, 8, 0, 0, 1, 1782, 0), -- Scarab
(23904, 7269, 209, 1610.28, 880.92, 8.97477, 5.32325, 18000, 18000, 5, 0, 0, 1, 1782, 0), -- Scarab
(23908, 7269, 209, 1652.97, 818.11, 8.96013, 3.54302, 18000, 18000, 5, 0, 0, 1, 1782, 0), -- Scarab
(23938, 7269, 209, 1654.45, 929.097, 8.96097, 0.890118, 18000, 18000, 5, 0, 0, 1, 1782, 0), -- Scarab
(23977, 7269, 209, 1655.86, 920.877, 8.96012, 1.39626, 18000, 18000, 5, 0, 0, 1, 1782, 0), -- Scarab
(25516, 7269, 209, 1520, 942.808, 11.4989, 2.86234, 18000, 18000, 5, 0, 0, 1, 1782, 0), -- Scarab
(25624, 7269, 209, 1685.95, 887.844, 8.96012, 5.48033, 18000, 18000, 5, 0, 0, 1, 1782, 0), -- Scarab
(25659, 7269, 209, 1617.68, 970.682, 8.9631, 1.81514, 18000, 18000, 5, 0, 0, 1, 1782, 0), -- Scarab
(25759, 7269, 209, 1650.37, 784.918, 11.112, 5.74213, 18000, 18000, 5, 0, 0, 1, 1782, 0), -- Scarab
(25815, 7269, 209, 1773.89, 861.428, 8.96012, 3.14159, 18000, 18000, 5, 0, 0, 1, 1782, 0), -- Scarab
(25947, 7269, 209, 1762.66, 850.786, 8.96011, 4.86947, 18000, 18000, 5, 0, 0, 1, 1782, 0), -- Scarab
(25989, 7269, 209, 1777.98, 873.714, 9.09439, 3.10669, 18000, 18000, 5, 0, 0, 1, 1782, 0), -- Scarab
(26050, 7269, 209, 1773.16, 826.965, 16.05, 6.21337, 18000, 18000, 5, 0, 0, 1, 1782, 0), -- Scarab
(26110, 7269, 209, 1782.51, 859.632, 8.96012, 1.09956, 18000, 18000, 5, 0, 0, 1, 1782, 0), -- Scarab
(26276, 7269, 209, 1783.67, 853.474, 8.96012, 5.72468, 18000, 18000, 5, 0, 0, 1, 1782, 0), -- Scarab
(26439, 7269, 209, 1799.67, 806.941, 15.5681, 0.139626, 18000, 18000, 5, 0, 0, 1, 1782, 0), -- Scarab
(26491, 7269, 209, 1785.82, 816.439, 21.6703, 1.22173, 18000, 18000, 5, 0, 0, 1, 1782, 0), -- Scarab
(26498, 7269, 209, 1793.46, 890.488, 9.01126, 5.86431, 18000, 18000, 5, 0, 0, 1, 1782, 0), -- Scarab
(26855, 7269, 209, 1796.93, 849.003, 8.99404, 4.24115, 18000, 18000, 5, 0, 0, 1, 1782, 0), -- Scarab
(26892, 7269, 209, 1812.74, 823.662, 9.1601, 3.76991, 18000, 18000, 5, 0, 0, 1, 1782, 0), -- Scarab
(26965, 7269, 209, 1806.16, 843.918, 8.96286, 5.75959, 18000, 18000, 5, 0, 0, 1, 1782, 0), -- Scarab
(26968, 7269, 209, 1786.71, 881.451, 8.96012, 0.471239, 18000, 18000, 5, 0, 0, 1, 1782, 0), -- Scarab
(26981, 7269, 209, 1784.11, 865.568, 8.96013, 5.39307, 18000, 18000, 5, 0, 0, 1, 1782, 0), -- Scarab
(27017, 7269, 209, 1793.11, 878.192, 8.96223, 4.4855, 18000, 18000, 5, 0, 0, 1, 1782, 0), -- Scarab
(27035, 7269, 209, 1785.51, 873.028, 8.96012, 4.46804, 18000, 18000, 5, 0, 0, 1, 1782, 0), -- Scarab
(27039, 7269, 209, 1813.77, 837.721, 8.96013, 0.436332, 18000, 18000, 5, 0, 0, 1, 1782, 0), -- Scarab
(27101, 7269, 209, 1783.71, 893.215, 9.29231, 3.1765, 18000, 18000, 5, 0, 0, 1, 1782, 0), -- Scarab
(27115, 7269, 209, 1802.86, 834.035, 8.96012, 1.72788, 18000, 18000, 5, 0, 0, 1, 1782, 0), -- Scarab
(27118, 7269, 209, 1817.15, 849.678, 8.96013, 4.53786, 18000, 18000, 5, 0, 0, 1, 1782, 0), -- Scarab
(27179, 7269, 209, 1807.79, 851.188, 8.96026, 0.610865, 18000, 18000, 5, 0, 0, 1, 1782, 0), -- Scarab
(27182, 7269, 209, 1834.46, 816.299, 15.1046, 2.82743, 18000, 18000, 5, 0, 0, 1, 1782, 0), -- Scarab
(27280, 7269, 209, 1815.37, 898.562, 8.96016, 3.64774, 18000, 18000, 5, 0, 0, 1, 1782, 0), -- Scarab
(27336, 7269, 209, 1817.88, 868.174, 8.96013, 5.18363, 18000, 18000, 5, 0, 0, 1, 1782, 0), -- Scarab
(43031, 7269, 209, 1813.43, 888.041, 8.96132, 6.10865, 18000, 18000, 5, 0, 0, 1, 1782, 0), -- Scarab
(43102, 7269, 209, 1804.25, 886.572, 8.98023, 5.72468, 18000, 18000, 5, 0, 0, 1, 1782, 0), -- Scarab
(43175, 7269, 209, 1820.12, 861.049, 8.96013, 6.03884, 18000, 18000, 5, 0, 0, 1, 1782, 0), -- Scarab
(49258, 7269, 209, 1825.87, 838.543, 9.04489, 4.11898, 18000, 18000, 5, 0, 0, 1, 1782, 0), -- Scarab
(49268, 7269, 209, 1825.9, 889.764, 8.96012, 3.1765, 18000, 18000, 5, 0, 0, 1, 1782, 0), -- Scarab
(49270, 7269, 209, 1818.52, 880.216, 8.96012, 3.08923, 18000, 18000, 5, 0, 0, 1, 1782, 0), -- Scarab
(49271, 7269, 209, 1794.1, 906.664, 8.97701, 3.49066, 18000, 18000, 5, 0, 0, 1, 1782, 0), -- Scarab
(49274, 7269, 209, 1803.68, 896.158, 8.98506, 4.11898, 18000, 18000, 5, 0, 0, 1, 1782, 0), -- Scarab
(49304, 7269, 209, 1792.51, 898.457, 8.98657, 0, 18000, 18000, 5, 0, 0, 1, 1782, 0), -- Scarab
(49316, 7269, 209, 1821.76, 844.411, 8.96013, 3.49066, 18000, 18000, 5, 0, 0, 1, 1782, 0), -- Scarab
(49317, 7269, 209, 1824.29, 870.903, 8.96012, 4.76475, 18000, 18000, 5, 0, 0, 1, 1782, 0), -- Scarab
(51721, 7269, 209, 1808.38, 899.887, 8.97187, 5.35816, 18000, 18000, 5, 0, 0, 1, 1782, 0), -- Scarab
(53602, 7269, 209, 1802.22, 906.063, 9.03047, 4.20624, 18000, 18000, 5, 0, 0, 1, 1782, 0), -- Scarab
(53752, 7269, 209, 1826.05, 853.896, 8.96012, 2.53073, 18000, 18000, 5, 0, 0, 1, 1782, 0), -- Scarab
(53753, 7269, 209, 1824.48, 881.625, 8.96012, 5.65487, 18000, 18000, 5, 0, 0, 1, 1782, 0), -- Scarab
(50511, 7269, 209, 1802.93, 926.001, 8.98457, 3.59538, 18000, 18000, 5, 0, 0, 1, 1782, 0), -- Scarab
(50514, 7269, 209, 1849.73, 842.241, 14.2548, 5.84685, 18000, 18000, 5, 0, 0, 1, 1782, 0), -- Scarab
(50515, 7269, 209, 1820.72, 910.783, 8.97814, 3.89208, 18000, 18000, 5, 0, 0, 1, 1782, 0), -- Scarab
(50525, 7269, 209, 1832.13, 932.186, 8.96523, 1.78024, 18000, 18000, 5, 0, 0, 1, 1782, 0), -- Scarab
(50526, 7269, 209, 1819.47, 939.92, 9.00765, 0.767945, 18000, 18000, 5, 0, 0, 1, 1782, 0), -- Scarab
(50540, 7269, 209, 1824.31, 955.395, 8.96523, 2.14675, 18000, 18000, 5, 0, 0, 1, 1782, 0), -- Scarab
(50558, 7269, 209, 1882.94, 1117.95, 9.22164, 4.72984, 18000, 18000, 5, 0, 0, 1, 1782, 0), -- Scarab
(50581, 7269, 209, 1884.31, 1149.36, 9.34573, 5.09636, 18000, 18000, 5, 0, 0, 1, 1782, 0), -- Scarab
(50590, 7269, 209, 1851.06, 1186.61, 8.96923, 4.90438, 18000, 18000, 5, 0, 0, 1, 1782, 0), -- Scarab
(50596, 7269, 209, 1677.07, 1153.68, 8.96011, 1.29154, 18000, 18000, 5, 0, 0, 1, 1782, 0), -- Scarab
(50603, 7269, 209, 1714.41, 1250.49, 10.2351, 0.471239, 18000, 18000, 5, 0, 0, 1, 1782, 0), -- Scarab
(50617, 7269, 209, 1649.01, 1218.63, 9.60811, 1.74533, 18000, 18000, 5, 0, 0, 1, 1782, 0), -- Scarab
(50618, 7269, 209, 1609.93, 1119.82, 8.96011, 1.8675, 18000, 18000, 5, 0, 0, 1, 1782, 0), -- Scarab
(50623, 7269, 209, 1576.09, 1055.8, 8.96011, 5.32325, 18000, 18000, 5, 0, 0, 1, 1782, 0), -- Scarab
(50624, 7269, 209, 1554.53, 1019.5, 8.96011, 0.750492, 18000, 18000, 5, 0, 0, 1, 1782, 0), -- Scarab
(50625, 7269, 209, 1581.4, 1018.43, 8.96011, 5.89921, 18000, 18000, 5, 0, 0, 1, 1782, 0), -- Scarab
(50627, 7269, 209, 1521.26, 981.956, 8.98845, 3.57792, 18000, 18000, 5, 0, 0, 1, 1782, 0), -- Scarab
(50628, 7269, 209, 1487.51, 962.706, 14.4566, 0.890118, 18000, 18000, 5, 0, 0, 1, 1782, 0), -- Scarab
(50659, 7269, 209, 1546.25, 1017.14, 8.87683, 0.0109968, 7200, 7200, 5, 0, 0, 1, 1782, 0), -- Scarab
(50661, 7269, 209, 1627.47, 1186.85, 8.87693, 0.647954, 7200, 7200, 5, 0, 0, 1, 1782, 0), -- Scarab
(49262, 7271, 209, 1912.17, 1016.11, 11.5988, 3.10669, 86400, 86400, 0, 0, 0, 0, 10745, 6348), -- Witch Doctor Zum'rah
(51722, 7272, 209, 1778.01, 859.671, 8.87682, 4.39971, 86400, 86400, 5, 1, 0, 2, 5500, 0), -- Theka the Martyr
(49264, 7274, 209, 1886.8, 1289.89, 45.9625, 3.38594, 86400, 86400, 0, 0, 0, 0, 9595, 0), -- Sandfury Executioner
(52768, 7604, 209, 1882.89, 1299.27, 48.3843, 4.83456, 18000, 18000, 0, 0, 0, 2, 18000, 0), -- Sergeant Bly
(43151, 7605, 209, 1886.64, 1299.11, 48.3146, 4.36332, 18000, 18000, 0, 0, 0, 2, 6237, 0), -- Raven
(49249, 7606, 209, 1889.62, 1298.01, 48.2581, 3.94444, 18000, 18000, 0, 0, 0, 2, 4200, 3680), -- Oro Eyegouge
(42981, 7607, 209, 1881.05, 1297.36, 48.419, 5.41052, 18000, 18000, 0, 0, 0, 2, 16645, 0), -- Weegli Blastfuse
(43149, 7608, 209, 1891.07, 1294.78, 48.2347, 3.31613, 18000, 18000, 0, 0, 0, 2, 4991, 1483), -- Murta Grimgut
(49286, 7795, 209, 1698.24, 1210.74, 9.41781, 5.45566, 86400, 86400, 0, 0, 0, 2, 4029, 7846), -- Hydromancer Velratha
(53760, 7797, 209, 1730.438, 1015.554, 54.96126, 0.9599311, 86400, 86400, 0, 0, 0, 0, 9240, 0), -- Ruuzlu
(53763, 8095, 209, 1414.69, 772.811, 28.7146, 5.72987, 18000, 18000, 5, 0, 0, 1, 5346, 0), -- Sul'lithuz Sandcrawler
(53777, 8095, 209, 1452.61, 761.849, 40.2917, 6.17755, 18000, 18000, 5, 0, 0, 1, 5346, 0), -- Sul'lithuz Sandcrawler
(76049, 8095, 209, 1473.8, 859.438, 18.4442, 0.151279, 18000, 18000, 5, 0, 0, 1, 5346, 0), -- Sul'lithuz Sandcrawler
(53761, 8095, 209, 1519.79, 753.656, 26.956, 1.33225, 18000, 18000, 5, 0, 0, 1, 5346, 0), -- Sul'lithuz Sandcrawler
(53795, 8095, 209, 1547.6, 742.664, 36.6663, 2.79026, 18000, 18000, 5, 0, 0, 1, 5346, 0), -- Sul'lithuz Sandcrawler
(53794, 8095, 209, 1588.65, 750.514, 29.347, 3.5212, 18000, 18000, 5, 0, 0, 1, 5346, 0), -- Sul'lithuz Sandcrawler
(53785, 8095, 209, 1538.36, 896.122, 12.2658, 2.6316, 18000, 18000, 5, 0, 0, 1, 5346, 0), -- Sul'lithuz Sandcrawler
(53754, 8095, 209, 1663.34, 783.054, 15.5692, 2.02458, 18000, 18000, 5, 0, 0, 1, 5346, 0), -- Sul'lithuz Sandcrawler
(52939, 8095, 209, 1615.78, 753.916, 22.0062, 0.170666, 18000, 18000, 5, 0, 0, 1, 5346, 0), -- Sul'lithuz Sandcrawler
(51574, 8095, 209, 1768.32, 757.659, 27.3368, 5.98648, 18000, 18000, 5, 0, 0, 1, 5346, 0), -- Sul'lithuz Sandcrawler
(53780, 8095, 209, 1856.18, 854.172, 21.642, 1.25722, 18000, 18000, 5, 0, 0, 1, 5346, 0), -- Sul'lithuz Sandcrawler
(53779, 8095, 209, 1802.24, 738.69, 14.5232, 4.79092, 18000, 18000, 5, 0, 0, 1, 5346, 0), -- Sul'lithuz Sandcrawler
(51426, 8095, 209, 1882.49, 797.599, 34.9542, 1.09561, 18000, 18000, 5, 0, 0, 1, 5346, 0), -- Sul'lithuz Sandcrawler
(49320, 8095, 209, 1843.61, 729.022, 18.1469, 2.65402, 18000, 18000, 5, 0, 0, 1, 5346, 0), -- Sul'lithuz Sandcrawler
(91228, 8095, 209, 1882.54, 1177.69, 9.09556, 3.98979, 7200, 7200, 0, 0, 0, 2, 5346, 0), -- Sul'lithuz Sandcrawler
(52769, 8095, 209, 1760.61, 1215.38, 28.1244, 4.92385, 18000, 18000, 5, 0, 0, 1, 5346, 0), -- Sul'lithuz Sandcrawler
(51743, 8095, 209, 1764.58, 1243.75, 33.4994, 1.84091, 18000, 18000, 5, 0, 0, 1, 5346, 0), -- Sul'lithuz Sandcrawler
(91279, 8095, 209, 1693.95, 1250.76, 10.0266, 3.94637, 7200, 7200, 0, 0, 0, 2, 5346, 0), -- Sul'lithuz Sandcrawler
(91276, 8095, 209, 1568.98, 982.69, 11.8875, 0.915674, 7200, 7200, 0, 0, 0, 2, 5346, 0), -- Sul'lithuz Sandcrawler
(53755, 8120, 209, 1769.01, 1043.17, 50.5992, 2.40855, 18000, 18000, 5, 0, 0, 1, 3696, 0), -- Sul'lithuz Abomination
(51424, 8120, 209, 1744.88, 1066.61, 51.2345, 5.51524, 18000, 18000, 5, 0, 0, 1, 3696, 0), -- Sul'lithuz Abomination
(49244, 8127, 209, 1815.85, 670.392, 15.023, 2.02458, 86400, 86400, 0, 0, 0, 0, 12280, 12696), -- Antu'sul
(125823, 8130, 209, 1817.61, 678.311, 14.2237, 3.9619, 18000, 18000, 0, 0, 0, 0, 2865, 0), -- Sul'lithuz Hatchling
(125824, 8130, 209, 1819.85, 674.938, 14.5555, 3.83972, 18000, 18000, 0, 0, 0, 0, 2865, 0), -- Sul'lithuz Hatchling
(126437, 8130, 209, 1812.14, 667.302, 15.8964, 1.62316, 18000, 18000, 0, 0, 0, 0, 2865, 0), -- Sul'lithuz Hatchling
(123899, 10080, 209, 1518.592, 984.9248, 9.126776, 5.252151, 43200, 86400, 0, 0, 0, 2, 5544, 0), -- Sandarr Dunereaver
(123900, 10081, 209, 1627.47, 1186.85, 8.87693, 0.647954, 43200, 86400, 15, 0, 0, 1, 5757, 0), -- Dustwraith
(51510, 10082, 209, 1707.91, 881.421, 11.9567, 1.64026, 43200, 86400, 0, 0, 0, 2, 5544, 0), -- Zerillis
(124565, 15578, 209, 1689.15, 1147.89, 8.87702, 2.41196, 25, 25, 0, 0, 0, 0, 2600, 5751), -- Elder Wildmane
(43037, 10080, 209, 1661.51, 900.463, 8.91101, 3.54889, 43200, 86400, 0, 0, 0, 0, 5544, 0), -- Sandarr Dunereaver
(49309, 5649, 209, 1775.91, 858.567, 8.87745, 3.8720, 7200, 7200, 0, 0, 0, 0, 5346, 0), -- Sandfury Blood Drinker
(109637, 42443, 209, 1216.7, 830.414, 8.92868, 5.75611, 120, 120, 0, 0, 0, 0, 697250, 0),
(109639, 42600, 209, 1219.15, 829.273, 8.90522, 2.65772, 120, 120, 0, 0, 0, 0, 697250, 0);
-- ===========
-- GAMEOBJECTS
-- ===========

INSERT INTO `gameobject` (`guid`, `id`, `map`, `spawnMask`, `phaseMask`, `position_x`, `position_y`, `position_z`, `orientation`, `rotation0`, `rotation1`, `rotation2`, `rotation3`, `spawntimesecsmin`, `spawntimesecsmax`, `animprogress`, `state`) VALUES
-- 1-3
(19263, 146084, 209, 1, 1, 1854.53, 1142.89, 16.0846, 0.671953, 0, 0, 0.329691, 0.944089, 7200, 7200, 100, 1),
(19264, 142715, 209, 1, 1, 1800.81, 857.587, 8.65556, 1.9984, -0.264375, 0.160184, 0.801304, 0.512209, 7200, 7200, 100, 1),
(19265, 128308, 209, 1, 1, 1866.21, 987.673, 8.9228, 0.921279, 0, 0, 0.444521, 0.895768, 43200, 43200, 100, 1),
(19266, 128308, 209, 1, 1, 1870.87, 994.528, 8.8824, 1.03752, 0, 0, 0.495804, 0.868435, 43200, 43200, 100, 1),
(19267, 128308, 209, 1, 1, 1877.1, 972.773, 9.79669, 2.49835, 0, 0, 0.948724, 0.316105, 43200, 43200, 100, 1),
(19268, 128308, 209, 1, 1, 1896.07, 980.49, 8.90335, 1.18674, 0, 0, 0.559158, 0.829061, 43200, 43200, 100, 1),
(19269, 128308, 209, 1, 1, 1890.31, 966.168, 9.16208, 1.14354, 0, 0, 0.541121, 0.840945, 43200, 43200, 100, 1),
(19270, 141832, 209, 1, 1, 1650.91, 1171.88, 10.901, -2.3911, 0, 0, 0.930418, -0.366501, 7200, 7200, 100, 1),
(19271, 128308, 209, 1, 1, 1885.28, 972.624, 8.87682, 4.27571, 0, 0, 0.843485, -0.537153, 43200, 43200, 100, 1),
(19272, 128308, 209, 1, 1, 1890.26, 993.856, 8.87682, 6.27847, 0, 0, 0.00235763, -0.999997, 43200, 43200, 100, 1),
(19273, 128308, 209, 1, 1, 1887.41, 984.385, 8.87682, 6.01929, 0, 0, 0.131565, -0.991308, 43200, 43200, 100, 1),
(19274, 128308, 209, 1, 1, 1884.48, 1037.21, 8.87704, 5.87399, 0, 0, 0.203173, -0.979143, 43200, 43200, 100, 1),
(19275, 128308, 209, 1, 1, 1873.3, 1004.08, 8.87704, 5.30929, 0, 0, 0.467931, -0.883765, 43200, 43200, 100, 1),
(19276, 128308, 209, 1, 1, 1865.38, 1012.47, 8.87704, 5.40353, 0, 0, 0.425783, -0.904825, 43200, 43200, 100, 1),
(19277, 128308, 209, 1, 1, 1872.88, 1046.54, 9.22299, 5.73811, 0, 0, 0.269176, -0.963091, 43200, 43200, 100, 1),
(19278, 128308, 209, 1, 1, 1881.93, 978.37, 8.87687, 0.0777447, 0, 0, 0.0388626, 0.999245, 43200, 43200, 100, 1),
(19284, 141596, 209, 1, 1, 1908.09, 1017.97, 11.5153, -2.97579, 0, 0, 0.996566, -0.082808, 7200, 7200, 100, 1),
(19285, 128308, 209, 1, 1, 1892.24, 974.687, 8.94385, 2.44702, 0, 0, 0.9403, 0.340347, 43200, 43200, 100, 1),
(19286, 92426, 209, 1, 1, 1810.09, 673.184, 14.2178, 1.49916, -0.00027, 0.037908, 0.680317, 0.731937, 7200, 7200, 100, 1),
(19287, 128308, 209, 1, 1, 1891.14, 988.616, 8.8768, 6.17923, 0, 0, 0.0519541, -0.998649, 43200, 43200, 100, 1),
(19288, 128308, 209, 1, 1, 1873.84, 1010.16, 8.8768, 2.18391, 0, 0, 0.887529, 0.460751, 43200, 43200, 100, 1),
(19289, 128308, 209, 1, 1, 1881.34, 1044.6, 9.56279, 5.7127, 0, 0, 0.28139, -0.959593, 43200, 43200, 100, 1),
(19290, 128308, 209, 1, 1, 1878.21, 1038.99, 8.87685, 2.75568, 0, 0, 0.981442, 0.191761, 43200, 43200, 100, 1),
(19291, 128308, 209, 1, 1, 1865.58, 1048.21, 8.92811, 5.55719, 0, 0, 0.355078, -0.934837, 43200, 43200, 100, 1),
(19292, 128308, 209, 1, 1, 1862.46, 1053.91, 9.71641, 5.77003, 0, 0, 0.253772, -0.967264, 43200, 43200, 100, 1),
(19293, 128308, 209, 1, 1, 1863.22, 1018.34, 8.87702, 5.61844, 0, 0, 0.326287, -0.945271, 43200, 43200, 100, 1),
(19294, 128308, 209, 1, 1, 1845.51, 1021.77, 9.07264, 6.01036, 0, 0, 0.13599, -0.99071, 43200, 43200, 100, 1),
(19295, 128308, 209, 1, 1, 1853.9, 1023.69, 8.87707, 3.02349, 0, 0, 0.998257, 0.059017, 43200, 43200, 100, 1),
(19296, 128308, 209, 1, 1, 1836.74, 1028.08, 9.2729, 2.275, 0, 0, 0.907587, 0.419865, 43200, 43200, 100, 1),
(19297, 128308, 209, 1, 1, 1843.37, 1028.02, 9.11219, 5.70327, 0, 0, 0.285912, -0.958256, 43200, 43200, 100, 1),
(19298, 128308, 209, 1, 1, 1840.49, 1034.35, 9.00595, 1.05764, 0, 0, 0.504515, 0.863403, 43200, 43200, 100, 1),
(19299, 128308, 209, 1, 1, 1839.44, 1045.26, 9.55093, 4.28484, 0, 0, 0.841024, -0.540998, 43200, 43200, 100, 1),
(19300, 128308, 209, 1, 1, 1844.18, 1044.92, 8.91256, 1.26262, 0, 0, 0.590203, 0.807255, 43200, 43200, 100, 1),
(19763, 141070, 209, 1, 1, 1890.96, 1294.47, 48.1535, 1.66679, 0, 0, 0.740218, 0.672367, 7200, 7200, 100, 1),
(16479, 141072, 209, 1, 1, 1889.76, 1297.68, 48.1727, 2.19039, 0, 0, 0.889017, 0.457874, 7200, 7200, 100, 1),
(25485, 141074, 209, 1, 1, 1883.33, 1298.99, 48.2929, -3.02815, 0, 0, 0.998392, -0.056693, 7200, 7200, 100, 1),
(69261, 128403, 209, 1, 1, 1875.85, 1044.26, 9.07804, 0.855211, 0, 0, 0.414693, 0.909961, 43200, 43200, 100, 1),
(69262, 128403, 209, 1, 1, 1871.08, 1046.76, 9.03374, -2.16421, 0, 0, -0.882948, 0.469471, 43200, 43200, 100, 1),
(69263, 128403, 209, 1, 1, 1881.46, 1041.43, 8.87679, -2.19912, 0, 0, -0.891008, 0.453988, 43200, 43200, 100, 1),
(69264, 128403, 209, 1, 1, 1862.12, 1050.76, 9.05665, -2.3911, 0, 0, -0.930417, 0.366502, 43200, 43200, 100, 1),
(69265, 128403, 209, 1, 1, 1858.7, 1053.75, 8.87679, -2.74017, 0, 0, -0.979925, 0.199366, 43200, 43200, 100, 1),
(69266, 128403, 209, 1, 1, 1845.96, 1047.25, 8.87679, -0.453786, 0, 0, -0.224951, 0.97437, 43200, 43200, 100, 1),
(69267, 128403, 209, 1, 1, 1891.6, 1023.06, 9.37117, 2.79253, 0, 0, 0.984808, 0.173647, 43200, 43200, 100, 1),
(69268, 128403, 209, 1, 1, 1881.99, 1034.68, 8.87679, -0.453786, 0, 0, -0.224951, 0.97437, 43200, 43200, 100, 1),
(69269, 128403, 209, 1, 1, 1888.36, 1037, 8.92103, -1.98968, 0, 0, -0.838672, 0.544637, 43200, 43200, 100, 1),
(69270, 128403, 209, 1, 1, 1892.57, 1006.37, 9.06781, -2.1293, 0, 0, -0.874619, 0.48481, 43200, 43200, 100, 1),
(69271, 128403, 209, 1, 1, 1887.94, 1029.08, 9.14775, 0.855211, 0, 0, 0.414693, 0.909961, 43200, 43200, 100, 1),
(69272, 128403, 209, 1, 1, 1867.74, 1041.84, 8.8768, -0.436333, 0, 0, -0.21644, 0.976296, 43200, 43200, 100, 1),
(69273, 141851, 209, 1, 1, 1909.48, 1016.13, 11.5157, 2.79253, 0, 0, 0.984808, 0.173648, 7200, 7200, 100, 1),
(69274, 128403, 209, 1, 1, 1845.54, 1024.12, 9.07972, 0.977384, 0, 0, 0.469471, 0.882948, 43200, 43200, 100, 1),
(69275, 128403, 209, 1, 1, 1839.18, 1036.88, 9.35239, -1.67552, 0, 0, -0.743146, 0.669129, 43200, 43200, 100, 1),
(69276, 128403, 209, 1, 1, 1841.82, 1027.76, 9.15097, 0.959931, 0, 0, 0.461749, 0.887011, 43200, 43200, 100, 1),
(69277, 128403, 209, 1, 1, 1843.19, 1041.16, 8.87679, -0.401426, 0, 0, -0.199368, 0.979925, 43200, 43200, 100, 1),
(69278, 128403, 209, 1, 1, 1852.41, 1024.78, 8.87679, -2.49582, 0, 0, -0.948324, 0.317305, 43200, 43200, 100, 1),
(69279, 128403, 209, 1, 1, 1841.08, 1045.54, 9.21622, 3.05433, 0, 0, 0.999048, 0.0436174, 43200, 43200, 100, 1),
(69280, 128403, 209, 1, 1, 1832.72, 1032.39, 9.45168, 0.575959, 0, 0, 0.284016, 0.95882, 43200, 43200, 100, 1),
(69281, 128403, 209, 1, 1, 1871.3, 1008.32, 8.87679, 1.0821, 0, 0, 0.515036, 0.857168, 43200, 43200, 100, 1),
(69282, 128403, 209, 1, 1, 1871.86, 994.256, 8.8819, 0.506145, 0, 0, 0.25038, 0.968148, 43200, 43200, 100, 1),
(69283, 128403, 209, 1, 1, 1894.39, 977.006, 8.92631, -0.279253, 0, 0, -0.139173, 0.990268, 43200, 43200, 100, 1),
(69284, 128403, 209, 1, 1, 1890.12, 989.759, 8.87679, 2.70526, 0, 0, 0.976296, 0.21644, 43200, 43200, 100, 1),
(69285, 128403, 209, 1, 1, 1865.03, 1012.49, 8.8768, 1.0472, 0, 0, 0.500001, 0.866025, 43200, 43200, 100, 1),
(69286, 128403, 209, 1, 1, 1866.24, 1008.4, 8.87679, 0.663225, 0, 0, 0.325568, 0.945519, 43200, 43200, 100, 1),
(69287, 128403, 209, 1, 1, 1861.12, 1019.39, 8.87679, -1.18682, 0, 0, -0.559191, 0.829039, 43200, 43200, 100, 1),
(69288, 128403, 209, 1, 1, 1839.42, 1023.49, 9.56256, 2.98451, 0, 0, 0.996917, 0.0784606, 43200, 43200, 100, 1),
(69289, 128403, 209, 1, 1, 1882.7, 971.825, 8.87679, 0.994838, 0, 0, 0.477159, 0.878817, 43200, 43200, 100, 1),
(69290, 128403, 209, 1, 1, 1876.44, 972.207, 9.91169, 2.84489, 0, 0, 0.989016, 0.147808, 43200, 43200, 100, 1),
(69291, 128403, 209, 1, 1, 1879.89, 974.651, 8.87679, 1.0472, 0, 0, 0.500001, 0.866025, 43200, 43200, 100, 1),
(69292, 128403, 209, 1, 1, 1887.46, 967.143, 8.98506, -0.314159, 0, 0, -0.156434, 0.987688, 43200, 43200, 100, 1),
(69293, 141852, 209, 1, 1, 1646.76, 801.711, 8.88617, 3.14159, 0, 0, 1, 0, 7200, 7200, 100, 1),
(25478, 141073, 209, 1, 1, 1886.88, 1298.94, 48.2268, 2.76635, 0, 0, 0.98245, 0.186524, 7200, 7200, 100, 1),
(5667, 141071, 209, 1, 1, 1881.33, 1297.46, 48.3304, -2.72271, 0, 0, 0.978148, -0.207912, 7200, 7200, 100, 1),
(104885, 128308, 209, 1, 1, 1832.72, 1032.39, 9.45168, 0.575959, 0, 0, 0.284016, 0.95882, 43200, 43200, 100, 1),
(104886, 128403, 209, 1, 1, 1836.74, 1028.08, 9.2729, 2.275, 0, 0, 0.907587, 0.419865, 43200, 43200, 100, 1),
(104887, 128308, 209, 1, 1, 1839.18, 1036.88, 9.35239, -1.67552, 0, 0, -0.743146, 0.669129, 43200, 43200, 100, 1),
(104888, 128308, 209, 1, 1, 1839.42, 1023.49, 9.56256, 2.98451, 0, 0, 0.996917, 0.0784606, 43200, 43200, 100, 1),
(104889, 128403, 209, 1, 1, 1839.44, 1045.26, 9.55093, 4.28484, 0, 0, 0.841024, -0.540998, 43200, 43200, 100, 1),
(104890, 128403, 209, 1, 1, 1840.49, 1034.35, 9.00595, 1.05764, 0, 0, 0.504515, 0.863403, 43200, 43200, 100, 1),
(104891, 128308, 209, 1, 1, 1841.08, 1045.54, 9.21622, 3.05433, 0, 0, 0.999048, 0.0436174, 43200, 43200, 100, 1),
(104892, 128308, 209, 1, 1, 1841.82, 1027.76, 9.15097, 0.959931, 0, 0, 0.461749, 0.887011, 43200, 43200, 100, 1),
(104893, 128308, 209, 1, 1, 1843.19, 1041.16, 8.87679, -0.401426, 0, 0, -0.199368, 0.979925, 43200, 43200, 100, 1),
(104894, 128403, 209, 1, 1, 1843.37, 1028.02, 9.11219, 5.70327, 0, 0, 0.285912, -0.958256, 43200, 43200, 100, 1),
(104895, 128403, 209, 1, 1, 1844.18, 1044.92, 8.91256, 1.26262, 0, 0, 0.590203, 0.807255, 43200, 43200, 100, 1),
(104896, 128403, 209, 1, 1, 1845.51, 1021.77, 9.07264, 6.01036, 0, 0, 0.13599, -0.99071, 43200, 43200, 100, 1),
(104897, 128308, 209, 1, 1, 1845.54, 1024.12, 9.07972, 0.977384, 0, 0, 0.469471, 0.882948, 43200, 43200, 100, 1),
(104898, 128308, 209, 1, 1, 1845.96, 1047.25, 8.87679, -0.453786, 0, 0, -0.224951, 0.97437, 43200, 43200, 100, 1),
(104899, 128308, 209, 1, 1, 1852.41, 1024.78, 8.87679, -2.49582, 0, 0, -0.948324, 0.317305, 43200, 43200, 100, 1),
(104900, 128403, 209, 1, 1, 1853.9, 1023.69, 8.87707, 3.02349, 0, 0, 0.998257, 0.059017, 43200, 43200, 100, 1),
(104901, 128308, 209, 1, 1, 1858.7, 1053.75, 8.87679, -2.74017, 0, 0, -0.979925, 0.199366, 43200, 43200, 100, 1),
(104902, 128308, 209, 1, 1, 1861.12, 1019.39, 8.87679, -1.18682, 0, 0, -0.559191, 0.829039, 43200, 43200, 100, 1),
(104903, 128308, 209, 1, 1, 1862.12, 1050.76, 9.05665, -2.3911, 0, 0, -0.930417, 0.366502, 43200, 43200, 100, 1),
(104904, 128403, 209, 1, 1, 1862.46, 1053.91, 9.71641, 5.77003, 0, 0, 0.253772, -0.967264, 43200, 43200, 100, 1),
(104905, 128403, 209, 1, 1, 1863.22, 1018.34, 8.87702, 5.61844, 0, 0, 0.326287, -0.945271, 43200, 43200, 100, 1),
(104906, 128308, 209, 1, 1, 1865.03, 1012.49, 8.8768, 1.0472, 0, 0, 0.500001, 0.866025, 43200, 43200, 100, 1),
(104907, 128403, 209, 1, 1, 1865.38, 1012.47, 8.87704, 5.40353, 0, 0, 0.425783, -0.904825, 43200, 43200, 100, 1),
(104908, 128403, 209, 1, 1, 1865.58, 1048.21, 8.92811, 5.55719, 0, 0, 0.355078, -0.934837, 43200, 43200, 100, 1),
(104909, 128403, 209, 1, 1, 1866.21, 987.673, 8.9228, 0.921279, 0, 0, 0.444521, 0.895768, 43200, 43200, 100, 1),
(104910, 128308, 209, 1, 1, 1866.24, 1008.4, 8.87679, 0.663225, 0, 0, 0.325568, 0.945519, 43200, 43200, 100, 1),
(104911, 128308, 209, 1, 1, 1867.74, 1041.84, 8.8768, -0.436333, 0, 0, -0.21644, 0.976296, 43200, 43200, 100, 1),
(104912, 128403, 209, 1, 1, 1870.87, 994.528, 8.8824, 1.03752, 0, 0, 0.495804, 0.868435, 43200, 43200, 100, 1),
(104913, 128308, 209, 1, 1, 1871.08, 1046.76, 9.03374, -2.16421, 0, 0, -0.882948, 0.469471, 43200, 43200, 100, 1),
(104914, 128308, 209, 1, 1, 1871.3, 1008.32, 8.87679, 1.0821, 0, 0, 0.515036, 0.857168, 43200, 43200, 100, 1),
(104915, 128308, 209, 1, 1, 1871.86, 994.256, 8.8819, 0.506145, 0, 0, 0.25038, 0.968148, 43200, 43200, 100, 1),
(104916, 128403, 209, 1, 1, 1872.88, 1046.54, 9.22299, 5.73811, 0, 0, 0.269176, -0.963091, 43200, 43200, 100, 1),
(104917, 128403, 209, 1, 1, 1873.3, 1004.08, 8.87704, 5.30929, 0, 0, 0.467931, -0.883765, 43200, 43200, 100, 1),
(104918, 128403, 209, 1, 1, 1873.84, 1010.16, 8.8768, 2.18391, 0, 0, 0.887529, 0.460751, 43200, 43200, 100, 1),
(104919, 128308, 209, 1, 1, 1875.85, 1044.26, 9.07804, 0.855211, 0, 0, 0.414693, 0.909961, 43200, 43200, 100, 1),
(104920, 128308, 209, 1, 1, 1876.44, 972.207, 9.91169, 2.84489, 0, 0, 0.989016, 0.147808, 43200, 43200, 100, 1),
(104921, 128403, 209, 1, 1, 1877.1, 972.773, 9.79669, 2.49835, 0, 0, 0.948724, 0.316105, 43200, 43200, 100, 1),
(104922, 128403, 209, 1, 1, 1878.21, 1038.99, 8.87685, 2.75568, 0, 0, 0.981442, 0.191761, 43200, 43200, 100, 1),
(104923, 128308, 209, 1, 1, 1879.89, 974.651, 8.87679, 1.0472, 0, 0, 0.500001, 0.866025, 43200, 43200, 100, 1),
(104924, 128403, 209, 1, 1, 1881.34, 1044.6, 9.56279, 5.7127, 0, 0, 0.28139, -0.959593, 43200, 43200, 100, 1),
(104925, 128308, 209, 1, 1, 1881.46, 1041.43, 8.87679, -2.19912, 0, 0, -0.891008, 0.453988, 43200, 43200, 100, 1),
(104926, 128403, 209, 1, 1, 1881.93, 978.37, 8.87687, 0.0777447, 0, 0, 0.0388626, 0.999245, 43200, 43200, 100, 1),
(104927, 128308, 209, 1, 1, 1881.99, 1034.68, 8.87679, -0.453786, 0, 0, -0.224951, 0.97437, 43200, 43200, 100, 1),
(104928, 128308, 209, 1, 1, 1882.7, 971.825, 8.87679, 0.994838, 0, 0, 0.477159, 0.878817, 43200, 43200, 100, 1),
(104929, 128403, 209, 1, 1, 1884.48, 1037.21, 8.87704, 5.87399, 0, 0, 0.203173, -0.979143, 43200, 43200, 100, 1),
(104930, 128403, 209, 1, 1, 1885.28, 972.624, 8.87682, 4.27571, 0, 0, 0.843485, -0.537153, 43200, 43200, 100, 1),
(104931, 128403, 209, 1, 1, 1887.41, 984.385, 8.87682, 6.01929, 0, 0, 0.131565, -0.991308, 43200, 43200, 100, 1),
(104932, 128308, 209, 1, 1, 1887.46, 967.143, 8.98506, -0.314159, 0, 0, -0.156434, 0.987688, 43200, 43200, 100, 1),
(104933, 128308, 209, 1, 1, 1887.94, 1029.08, 9.14775, 0.855211, 0, 0, 0.414693, 0.909961, 43200, 43200, 100, 1),
(104934, 128308, 209, 1, 1, 1888.36, 1037, 8.92103, -1.98968, 0, 0, -0.838672, 0.544637, 43200, 43200, 100, 1),
(104935, 128308, 209, 1, 1, 1890.12, 989.759, 8.87679, 2.70526, 0, 0, 0.976296, 0.21644, 43200, 43200, 100, 1),
(104936, 128403, 209, 1, 1, 1890.26, 993.856, 8.87682, 6.27847, 0, 0, 0.00235763, -0.999997, 43200, 43200, 100, 1),
(104937, 128403, 209, 1, 1, 1890.31, 966.168, 9.16208, 1.14354, 0, 0, 0.541121, 0.840945, 43200, 43200, 100, 1),
(104938, 128403, 209, 1, 1, 1891.14, 988.616, 8.8768, 6.17923, 0, 0, 0.0519541, -0.998649, 43200, 43200, 100, 1),
(104939, 128308, 209, 1, 1, 1891.6, 1023.06, 9.37117, 2.79253, 0, 0, 0.984808, 0.173647, 43200, 43200, 100, 1),
(104940, 128403, 209, 1, 1, 1892.24, 974.687, 8.94385, 2.44702, 0, 0, 0.9403, 0.340347, 43200, 43200, 100, 1),
(104941, 128308, 209, 1, 1, 1892.57, 1006.37, 9.06781, -2.1293, 0, 0, -0.874619, 0.48481, 43200, 43200, 100, 1),
(104942, 128308, 209, 1, 1, 1894.39, 977.006, 8.92631, -0.279253, 0, 0, -0.139173, 0.990268, 43200, 43200, 100, 1),
(104943, 128403, 209, 1, 1, 1896.07, 980.49, 8.90335, 1.18674, 0, 0, 0.559158, 0.829061, 43200, 43200, 100, 1);

-- ======
-- EVENTS
-- ======

REPLACE INTO `game_event_creature` (`guid`, `event`) VALUES
(124565, 7), -- Elder Wildmane (Lunar Festival)
(109637, 48),
(109639, 48);

-- INSERT INTO `game_event_creature_data` (`guid`, `entry_id`, `modelid`, `equipment_id`, `spell_start`, `spell_end`, `event`) VALUES

-- INSERT INTO `game_event_gameobject` (`guid`, `event`) VALUES

-- =======
-- POOLING
-- =======

INSERT INTO `pool_pool` (`pool_id`, `mother_pool`, `chance`, `description`) VALUES
(15897, 190, 0, 'Zul''Farrak - Sandarr Dunereaver / Placeholder #1'),
(15898, 190, 0, 'Zul''Farrak - Sandarr Dunereaver / Placeholder #2');

REPLACE INTO `pool_pool` (`pool_id`, `mother_pool`, `chance`, `description`) VALUES
(14273, 14332, 0, 'Shallow Grave 1+2'),
(14274, 14332, 0, 'Shallow Grave 1+2'),
(14275, 14332, 0, 'Shallow Grave 1+2'),
(14276, 14332, 0, 'Shallow Grave 1+2'),
(14277, 14332, 0, 'Shallow Grave 1+2'),
(14278, 14332, 0, 'Shallow Grave 1+2'),
(14279, 14332, 0, 'Shallow Grave 1+2'),
(14280, 14332, 0, 'Shallow Grave 1+2'),
(14281, 14332, 0, 'Shallow Grave 1+2'),
(14282, 14332, 0, 'Shallow Grave 1+2'),
(14283, 14332, 0, 'Shallow Grave 1+2'),
(14284, 14332, 0, 'Shallow Grave 1+2'),
(14285, 14332, 0, 'Shallow Grave 1+2'),
(14286, 14332, 0, 'Shallow Grave 1+2'),
(14287, 14332, 0, 'Shallow Grave 1+2'),
(14288, 14332, 0, 'Shallow Grave 1+2'),
(14289, 14332, 0, 'Shallow Grave 1+2'),
(14290, 14332, 0, 'Shallow Grave 1+2'),
(14291, 14332, 0, 'Shallow Grave 1+2'),
(14292, 14332, 0, 'Shallow Grave 1+2'),
(14293, 14332, 0, 'Shallow Grave 1+2'),
(14294, 14332, 0, 'Shallow Grave 1+2'),
(14295, 14332, 0, 'Shallow Grave 1+2'),
(14296, 14332, 0, 'Shallow Grave 1+2'),
(14297, 14332, 0, 'Shallow Grave 1+2'),
(14298, 14332, 0, 'Shallow Grave 1+2'),
(14299, 14332, 0, 'Shallow Grave 1+2'),
(14300, 14332, 0, 'Shallow Grave 1+2'),
(14301, 14332, 0, 'Shallow Grave 1+2'),
(14302, 14332, 0, 'Shallow Grave 1+2'),
(14303, 14332, 0, 'Shallow Grave 1+2'),
(14304, 14332, 0, 'Shallow Grave 1+2'),
(14305, 14332, 0, 'Shallow Grave 1+2'),
(14306, 14332, 0, 'Shallow Grave 1+2'),
(14307, 14332, 0, 'Shallow Grave 1+2'),
(14308, 14332, 0, 'Shallow Grave 1+2'),
(14309, 14332, 0, 'Shallow Grave 1+2'),
(14310, 14332, 0, 'Shallow Grave 1+2'),
(14311, 14332, 0, 'Shallow Grave 1+2'),
(14312, 14332, 0, 'Shallow Grave 1+2'),
(14313, 14332, 0, 'Shallow Grave 1+2'),
(14314, 14332, 0, 'Shallow Grave 1+2'),
(14315, 14332, 0, 'Shallow Grave 1+2'),
(14316, 14332, 0, 'Shallow Grave 1+2'),
(14317, 14332, 0, 'Shallow Grave 1+2'),
(14318, 14332, 0, 'Shallow Grave 1+2'),
(14319, 14332, 0, 'Shallow Grave 1+2'),
(14320, 14332, 0, 'Shallow Grave 1+2'),
(14321, 14332, 0, 'Shallow Grave 1+2'),
(14322, 14332, 0, 'Shallow Grave 1+2'),
(14323, 14332, 0, 'Shallow Grave 1+2'),
(14324, 14332, 0, 'Shallow Grave 1+2'),
(14325, 14332, 0, 'Shallow Grave 1+2'),
(14326, 14332, 0, 'Shallow Grave 1+2'),
(14327, 14332, 0, 'Shallow Grave 1+2'),
(14328, 14332, 0, 'Shallow Grave 1+2'),
(14329, 14332, 0, 'Shallow Grave 1+2'),
(14330, 14332, 0, 'Shallow Grave 1+2'),
(14331, 14332, 0, 'Shallow Grave 1+2');

INSERT INTO `pool_template` (`entry`, `max_limit`, `description`) VALUES
(190, 1, 'Zul''Farrak - Sandarr Dunereaver (10080)'),
(126, 1, 'Zul''Farrak - Dustwraith (10081)'),
(229, 1, 'Zul''Farrak - Zerillis (10082)'),
(15897, 1, 'Zul''Farrak - Sandarr Dunereaver / Placeholder #1'),
(15898, 1, 'Zul''Farrak - Sandarr Dunereaver / Placeholder #2');

REPLACE INTO `pool_template` (`entry`, `max_limit`, `description`) VALUES
(14273, 1, 'Shallow Grave 1+2'),
(14274, 1, 'Shallow Grave 1+2'),
(14275, 1, 'Shallow Grave 1+2'),
(14276, 1, 'Shallow Grave 1+2'),
(14277, 1, 'Shallow Grave 1+2'),
(14278, 1, 'Shallow Grave 1+2'),
(14279, 1, 'Shallow Grave 1+2'),
(14280, 1, 'Shallow Grave 1+2'),
(14281, 1, 'Shallow Grave 1+2'),
(14282, 1, 'Shallow Grave 1+2'),
(14283, 1, 'Shallow Grave 1+2'),
(14284, 1, 'Shallow Grave 1+2'),
(14285, 1, 'Shallow Grave 1+2'),
(14286, 1, 'Shallow Grave 1+2'),
(14287, 1, 'Shallow Grave 1+2'),
(14288, 1, 'Shallow Grave 1+2'),
(14289, 1, 'Shallow Grave 1+2'),
(14290, 1, 'Shallow Grave 1+2'),
(14291, 1, 'Shallow Grave 1+2'),
(14292, 1, 'Shallow Grave 1+2'),
(14293, 1, 'Shallow Grave 1+2'),
(14294, 1, 'Shallow Grave 1+2'),
(14295, 1, 'Shallow Grave 1+2'),
(14296, 1, 'Shallow Grave 1+2'),
(14297, 1, 'Shallow Grave 1+2'),
(14298, 1, 'Shallow Grave 1+2'),
(14299, 1, 'Shallow Grave 1+2'),
(14300, 1, 'Shallow Grave 1+2'),
(14301, 1, 'Shallow Grave 1+2'),
(14302, 1, 'Shallow Grave 1+2'),
(14303, 1, 'Shallow Grave 1+2'),
(14304, 1, 'Shallow Grave 1+2'),
(14305, 1, 'Shallow Grave 1+2'),
(14306, 1, 'Shallow Grave 1+2'),
(14307, 1, 'Shallow Grave 1+2'),
(14308, 1, 'Shallow Grave 1+2'),
(14309, 1, 'Shallow Grave 1+2'),
(14310, 1, 'Shallow Grave 1+2'),
(14311, 1, 'Shallow Grave 1+2'),
(14312, 1, 'Shallow Grave 1+2'),
(14313, 1, 'Shallow Grave 1+2'),
(14314, 1, 'Shallow Grave 1+2'),
(14315, 1, 'Shallow Grave 1+2'),
(14316, 1, 'Shallow Grave 1+2'),
(14317, 1, 'Shallow Grave 1+2'),
(14318, 1, 'Shallow Grave 1+2'),
(14319, 1, 'Shallow Grave 1+2'),
(14320, 1, 'Shallow Grave 1+2'),
(14321, 1, 'Shallow Grave 1+2'),
(14322, 1, 'Shallow Grave 1+2'),
(14323, 1, 'Shallow Grave 1+2'),
(14324, 1, 'Shallow Grave 1+2'),
(14325, 1, 'Shallow Grave 1+2'),
(14326, 1, 'Shallow Grave 1+2'),
(14327, 1, 'Shallow Grave 1+2'),
(14328, 1, 'Shallow Grave 1+2'),
(14329, 1, 'Shallow Grave 1+2'),
(14330, 1, 'Shallow Grave 1+2'),
(14331, 1, 'Shallow Grave 1+2'),
(14332, 20, 'Shallow Grave 1+2 Master');

INSERT INTO `pool_creature` (`guid`, `pool_entry`, `chance`, `description`) VALUES
(50661, 126, 0, 'Zul''Farrak - Dustwraith placeholder'),
(123900, 126, 10, 'Zul''Farrak - Dustwraith (10081)'),
(49256, 229, 0, 'Zul''Farrak - Zerillis placeholder'),
(51510, 229, 30, 'Zul''Farrak - Zerillis (10082)'),
(50659, 15897, 0, 'Zul''Farrak - Sandarr Dunereaver Placeholder #1'),
(123899, 15897, 10, 'Zul''Farrak - Sandarr Dunereaver (10080) #1'),
(49257, 15898, 0, 'Zul''Farrak - Sandarr Dunereaver Placeholder #2'),
(43037, 15898, 10, 'Zul''Farrak - Sandarr Dunereaver (10080) #2');

-- INSERT INTO `pool_creature_template` (`id`, `pool_entry`, `chance`, `description`) VALUES

REPLACE INTO `pool_gameobject` (`guid`, `pool_entry`, `chance`, `description`) VALUES
(69280, 14273, 0, 'Shallow Grave 2'),
(104885, 14273, 0, 'Shallow Grave 1'),
(19296, 14274, 0, 'Shallow Grave 1'),
(104886, 14274, 0, 'Shallow Grave 2'),
(69275, 14275, 0, 'Shallow Grave 2'),
(104887, 14275, 0, 'Shallow Grave 1'),
(104888, 14276, 0, 'Shallow Grave 1'),
(69288, 14276, 0, 'Shallow Grave 2'),
(104889, 14277, 0, 'Shallow Grave 1'),
(19299, 14277, 0, 'Shallow Grave 2'),
(104890, 14278, 0, 'Shallow Grave 2'),
(19298, 14278, 0, 'Shallow Grave 1'),
(104891, 14279, 0, 'Shallow Grave 1'),
(69279, 14279, 0, 'Shallow Grave 2'),
(104892, 14280, 0, 'Shallow Grave 2'),
(69276, 14280, 0, 'Shallow Grave 1'),
(104893, 14281, 0, 'Shallow Grave 1'),
(69277, 14281, 0, 'Shallow Grave 2'),
(104894, 14282, 0, 'Shallow Grave 1'),
(19297, 14282, 0, 'Shallow Grave 2'),
(104895, 14283, 0, 'Shallow Grave 2'),
(19300, 14283, 0, 'Shallow Grave 1'),
(19294, 14284, 0, 'Shallow Grave 1'),
(104896, 14284, 0, 'Shallow Grave 2'),
(104897, 14285, 0, 'Shallow Grave 2'),
(69274, 14285, 0, 'Shallow Grave 1'),
(69266, 14286, 0, 'Shallow Grave 2'),
(104898, 14286, 0, 'Shallow Grave 1'),
(104899, 14287, 0, 'Shallow Grave 1'),
(69278, 14287, 0, 'Shallow Grave 2'),
(19295, 14288, 0, 'Shallow Grave 1'),
(104900, 14288, 0, 'Shallow Grave 2'),
(69265, 14289, 0, 'Shallow Grave 1'),
(104901, 14289, 0, 'Shallow Grave 2'),
(69287, 14290, 0, 'Shallow Grave 2'),
(104902, 14290, 0, 'Shallow Grave 1'),
(69264, 14291, 0, 'Shallow Grave 2'),
(104903, 14291, 0, 'Shallow Grave 1'),
(104904, 14292, 0, 'Shallow Grave 2'),
(19292, 14292, 0, 'Shallow Grave 1'),
(104905, 14293, 0, 'Shallow Grave 1'),
(19293, 14293, 0, 'Shallow Grave 2'),
(104906, 14294, 0, 'Shallow Grave 1'),
(69285, 14294, 0, 'Shallow Grave 2'),
(104907, 14295, 0, 'Shallow Grave 1'),
(19276, 14295, 0, 'Shallow Grave 2'),
(104908, 14296, 0, 'Shallow Grave 2'),
(19291, 14296, 0, 'Shallow Grave 1'),
(19265, 14297, 0, 'Shallow Grave 1'),
(104909, 14297, 0, 'Shallow Grave 2'),
(104910, 14298, 0, 'Shallow Grave 1'),
(69286, 14298, 0, 'Shallow Grave 2'),
(104911, 14299, 0, 'Shallow Grave 1'),
(69272, 14299, 0, 'Shallow Grave 2'),
(19266, 14300, 0, 'Shallow Grave 1'),
(104912, 14300, 0, 'Shallow Grave 2'),
(104913, 14301, 0, 'Shallow Grave 2'),
(69262, 14301, 0, 'Shallow Grave 1'),
(69281, 14302, 0, 'Shallow Grave 1'),
(104914, 14302, 0, 'Shallow Grave 2'),
(69282, 14303, 0, 'Shallow Grave 1'),
(104915, 14303, 0, 'Shallow Grave 2'),
(104916, 14304, 0, 'Shallow Grave 2'),
(19277, 14304, 0, 'Shallow Grave 1'),
(19275, 14305, 0, 'Shallow Grave 1'),
(104917, 14305, 0, 'Shallow Grave 2'),
(19288, 14306, 0, 'Shallow Grave 1'),
(104918, 14306, 0, 'Shallow Grave 2'),
(69261, 14307, 0, 'Shallow Grave 1'),
(104919, 14307, 0, 'Shallow Grave 2'),
(104920, 14308, 0, 'Shallow Grave 1'),
(69290, 14308, 0, 'Shallow Grave 2'),
(104921, 14309, 0, 'Shallow Grave 2'),
(19267, 14309, 0, 'Shallow Grave 1'),
(104922, 14310, 0, 'Shallow Grave 2'),
(19290, 14310, 0, 'Shallow Grave 1'),
(104923, 14311, 0, 'Shallow Grave 2'),
(69291, 14311, 0, 'Shallow Grave 1'),
(19289, 14312, 0, 'Shallow Grave 2'),
(104924, 14312, 0, 'Shallow Grave 1'),
(69263, 14313, 0, 'Shallow Grave 2'),
(104925, 14313, 0, 'Shallow Grave 1'),
(104926, 14314, 0, 'Shallow Grave 1'),
(19278, 14314, 0, 'Shallow Grave 2'),
(69268, 14315, 0, 'Shallow Grave 2'),
(104927, 14315, 0, 'Shallow Grave 1'),
(104928, 14316, 0, 'Shallow Grave 1'),
(69289, 14316, 0, 'Shallow Grave 2'),
(104929, 14317, 0, 'Shallow Grave 1'),
(19274, 14317, 0, 'Shallow Grave 2'),
(19271, 14318, 0, 'Shallow Grave 2'),
(104930, 14318, 0, 'Shallow Grave 1'),
(19273, 14319, 0, 'Shallow Grave 1'),
(104931, 14319, 0, 'Shallow Grave 2'),
(104932, 14320, 0, 'Shallow Grave 2'),
(69292, 14320, 0, 'Shallow Grave 1'),
(69271, 14321, 0, 'Shallow Grave 1'),
(104933, 14321, 0, 'Shallow Grave 2'),
(69269, 14322, 0, 'Shallow Grave 2'),
(104934, 14322, 0, 'Shallow Grave 1'),
(69284, 14323, 0, 'Shallow Grave 1'),
(104935, 14323, 0, 'Shallow Grave 2'),
(104936, 14324, 0, 'Shallow Grave 1'),
(19272, 14324, 0, 'Shallow Grave 2'),
(104937, 14325, 0, 'Shallow Grave 1'),
(19269, 14325, 0, 'Shallow Grave 2'),
(19287, 14326, 0, 'Shallow Grave 1'),
(104938, 14326, 0, 'Shallow Grave 2'),
(104939, 14327, 0, 'Shallow Grave 2'),
(69267, 14327, 0, 'Shallow Grave 1'),
(104940, 14328, 0, 'Shallow Grave 2'),
(19285, 14328, 0, 'Shallow Grave 1'),
(104941, 14329, 0, 'Shallow Grave 2'),
(69270, 14329, 0, 'Shallow Grave 1'),
(69283, 14330, 0, 'Shallow Grave 1'),
(104942, 14330, 0, 'Shallow Grave 2'),
(19268, 14331, 0, 'Shallow Grave 1'),
(104943, 14331, 0, 'Shallow Grave 2');

-- INSERT INTO `pool_gameobject_template` (`id`, `pool_entry`, `chance`, `description`) VALUES

-- =========
-- DBSCRIPTS
-- =========

DELETE FROM dbscripts_on_creature_movement WHERE id IN (760401,760402,760408,760409,760501,760502,760509,760601,760602,760609,760701,760702,760706,760707,760710,760711,760713,760803,760801,760802,760809,727301);
INSERT INTO `dbscripts_on_creature_movement` (`id`, `delay`, `command`, `datalong`, `datalong2`, `datalong3`, `buddy_entry`, `search_radius`, `data_flags`, `dataint`, `dataint2`, `dataint3`, `dataint4`, `x`, `y`, `z`, `o`, `comments`) VALUES
(760401, 0, 32, 1, 0, 0, 0, 0, 0, 0, 0, 0, 0, 0, 0, 0, 0, 'Sergeant Bly - Stop Movement'),
(760402, 0, 1, 71, 0, 0, 0, 0, 0, 0, 0, 0, 0, 0, 0, 0, 0, 'Raven - Emote Cheer'),
(760408, 0, 29, 1, 1, 0, 0, 0, 0, 0, 0, 0, 0, 0, 0, 0, 0, 'Sergeant Bly - Enable Gossip'),
(760409, 0, 29, 1, 2, 0, 0, 0, 0, 0, 0, 0, 0, 0, 0, 0, 0, 'Sergeant Bly - Remove Gossip Flag'),
(760409, 0, 15, 11365, 0, 0, 0, 0, 0, 0, 0, 0, 0, 0, 0, 0, 0, 'Sergeant Bly - Cast Bly''s Band''s Escape'),
(760501, 0, 32, 1, 0, 0, 0, 0, 0, 0, 0, 0, 0, 0, 0, 0, 0, 'Raven - Stop Movement'),
(760502, 0, 1, 71, 0, 0, 0, 0, 0, 0, 0, 0, 0, 0, 0, 0, 0, 'Oro Eyegouge - Emote Cheer'),
(760509, 0, 15, 11365, 0, 0, 0, 0, 0, 0, 0, 0, 0, 0, 0, 0, 0, 'Murta Grimgut - Cast Bly''s Band''s Escape'),
(760601, 0, 32, 1, 0, 0, 0, 0, 0, 0, 0, 0, 0, 0, 0, 0, 0, 'Oro Eyegouge - Stop Movement'),
(760602, 0, 1, 71, 0, 0, 0, 0, 0, 0, 0, 0, 0, 0, 0, 0, 0, 'Weegli Blastfuse - Emote Cheer'),
(760609, 0, 15, 11365, 0, 0, 0, 0, 0, 0, 0, 0, 0, 0, 0, 0, 0, 'Oro Eyegouge - Cast Bly''s Band''s Escape'),
(760701, 0, 32, 1, 0, 0, 0, 0, 0, 0, 0, 0, 0, 0, 0, 0, 0, 'Weegli Blastfuse - Stop Movement'),
(760702, 0, 1, 71, 0, 0, 0, 0, 0, 0, 0, 0, 0, 0, 0, 0, 0, 'Sergeant Bly - Emote Cheer'),
(760706, 0, 25, 1, 0, 0, 0, 0, 0, 0, 0, 0, 0, 0, 0, 0, 0, 'Weegli Blastfuse - Set Run On'),
(760707, 0, 0, 0, 0, 0, 0, 0, 0, 2000000955, 0, 0, 0, 0, 0, 0, 0, 'Weegli Blastfuse - Say Event Begin'),
(760710, 0, 29, 1, 1, 0, 0, 0, 0, 0, 0, 0, 0, 0, 0, 0, 0, 'Weegli Blastfuse - Enable Gossip'),
(760710, 0, 32, 1, 0, 0, 0, 0, 0, 0, 0, 0, 0, 0, 0, 0, 0, 'Weegli Blastfuse - Pause Movement'),
(760711, 0, 29, 1, 0, 0, 0, 0, 0, 0, 0, 0, 0, 0, 0, 0, 0, 'Weegli Blastfuse - Disable Gossip'),
(760713, 0, 15, 10772, 0, 0, 0, 0, 0, 0, 0, 0, 0, 0, 0, 0, 0, 'Weegli Blastfuse - Cast Create Weegli''s Barrel'),
(760713, 2000, 13, 0, 0, 0, 141612, 20, 1, 0, 0, 0, 0, 0, 0, 0, 0, 'Weegli Blastfuse - Use Weegli''s Barrel'),
(760713, 3000, 40, 0, 0, 0, 141612, 20, 1, 0, 0, 0, 0, 0, 0, 0, 0, 'Weegli Blastfuse - Despawn Weegli''s Barrel'),
(760713, 5000, 0, 0, 0, 0, 7267, 49253, 16, 2000000960, 0, 0, 0, 0, 0, 0, 0, 'Ukorz Sandscalp - Yell Intro'),
(760801, 0, 32, 1, 0, 0, 0, 0, 0, 0, 0, 0, 0, 0, 0, 0, 0, 'Murta Grimgut - Stop Movement'),
(760802, 0, 1, 71, 0, 0, 0, 0, 0, 0, 0, 0, 0, 0, 0, 0, 0, 'Murta Grimgut - Emote Cheer'),
(760809, 0, 15, 11365, 0, 0, 0, 0, 0, 0, 0, 0, 0, 0, 0, 0, 0, 'Raven - Cast Bly''s Band''s Escape'),
(727301, 0, 5, 59, 256, 0, 0, 0, 0, 0, 0, 0, 0, 0, 0, 0, 0, 'Gahzrilla - Remove Unit Flag IMMUNE_TO_PLAYER'), -- wotlk has 59
(727301, 0, 20, 1, 15, 0, 0, 0, 0x08, 0, 0, 0, 0, 0, 0, 0, 0, 'Gahzrilla - movement changed to 1:random');

-- INSERT INTO `dbscripts_on_creature_death` (`id`, `delay`, `command`, `datalong`, `datalong2`, `datalong3`, `buddy_entry`, `search_radius`, `data_flags`, `dataint`, `dataint2`, `dataint3`, `dataint4`, `x`, `y`, `z`, `o`, `comments`) VALUES
-- INSERT INTO `dbscripts_on_go_use` (`id`, `delay`, `command`, `datalong`, `datalong2`, `datalong3`, `buddy_entry`, `search_radius`, `data_flags`, `dataint`, `dataint2`, `dataint3`, `dataint4`, `x`, `y`, `z`, `o`, `comments`) VALUES
-- INSERT INTO `dbscripts_on_go_template_use` (`id`, `delay`, `command`, `datalong`, `datalong2`, `datalong3`, `buddy_entry`, `search_radius`, `data_flags`, `dataint`, `dataint2`, `dataint3`, `dataint4`, `x`, `y`, `z`, `o`, `comments`) VALUES

DELETE FROM dbscripts_on_relay WHERE id=3;
INSERT INTO `dbscripts_on_relay` (`id`, `delay`, `command`, `datalong`, `datalong2`, `datalong3`, `buddy_entry`, `search_radius`, `data_flags`, `dataint`, `dataint2`, `dataint3`, `dataint4`, `x`, `y`, `z`, `o`, `comments`) VALUES
(3, 0, 25, 1, 0, 0, 7607, 42981, 16, 0, 0, 0, 0, 0, 0, 0, 0, 'Weegli Blastfuse - Set Run On'),
(3, 6000, 0, 0, 0, 0, 7607, 42981, 16, 2000000959, 0, 0, 0, 0, 0, 0, 0, 'Weegli Blastfuse - Say Start Door Bombing'),
(3, 6000, 29, 1, 2, 0, 7607, 42981, 16, 0, 0, 0, 0, 0, 0, 0, 0, 'Weegli Blastfuse - Remove Gossip Flag'),
(3, 6000, 22, 0, 0, 0, 7607, 42981, 16, 0, 0, 0, 0, 0, 0, 0, 0, 'Weegli Blastfuse - Update Faction to Default'),
(3, 6000, 32, 0, 0, 0, 7607, 42981, 16, 0, 0, 0, 0, 0, 0, 0, 0, 'Weegli Blastfuse - Start WP Movement');

DELETE FROM dbscripts_on_event WHERE id=2609;
INSERT INTO `dbscripts_on_event` (`id`, `delay`, `command`, `datalong`, `datalong2`, `datalong3`, `buddy_entry`, `search_radius`, `data_flags`, `dataint`, `dataint2`, `dataint3`, `dataint4`, `x`, `y`, `z`, `o`, `comments`) VALUES
(2609, 0, 22, 495, 0, 0, 7605, 30, 4, 0, 0, 0, 0, 0, 0, 0, 0, 'Raven - Update Faction'),
(2609, 0, 22, 495, 0, 0, 7604, 30, 4, 0, 0, 0, 0, 0, 0, 0, 0, 'Sergeant Bly - Update Faction'),
(2609, 0, 22, 495, 0, 0, 7607, 30, 4, 0, 0, 0, 0, 0, 0, 0, 0, 'Weegli Blastfuse - Update Faction'),
(2609, 0, 22, 495, 0, 0, 7606, 30, 4, 0, 0, 0, 0, 0, 0, 0, 0, 'Oro Eyegouge - Update Faction'),
(2609, 0, 22, 495, 0, 0, 7608, 30, 4, 0, 0, 0, 0, 0, 0, 0, 0, 'Murta Grimgut - Update Faction'),
(2609, 0, 29, 1, 2, 0, 7607, 30, 4, 0, 0, 0, 0, 0, 0, 0, 0, 'Weegli Blastfuse - Disable Gossip'),
(2609, 0, 29, 1, 2, 0, 7604, 30, 4, 0, 0, 0, 0, 0, 0, 0, 0, 'Sergeant Bly - Disable Gossip'),
(2609, 0, 11, 19763, 9000000, 0, 0, 0, 0, 0, 0, 0, 0, 0, 0, 0, 0, 'Open Troll Cage'),
(2609, 0, 11, 5667, 9000000, 0, 0, 0, 0, 0, 0, 0, 0, 0, 0, 0, 0, 'Open Troll Cage'),
(2609, 0, 11, 16479, 9000000, 0, 0, 0, 0, 0, 0, 0, 0, 0, 0, 0, 0, 'Open Troll Cage'),
(2609, 0, 11, 25478, 9000000, 0, 0, 0, 0, 0, 0, 0, 0, 0, 0, 0, 0, 'Open Troll Cage'),
(2609, 0, 11, 25485, 9000000, 0, 0, 0, 0, 0, 0, 0, 0, 0, 0, 0, 0, 'Open Troll Cage'),
(2609, 2000, 32, 0, 0, 0, 7608, 30, 4, 0, 0, 0, 0, 0, 0, 0, 0, 'Murta Grimgut - Start WP Movement'),
(2609, 2000, 32, 0, 0, 0, 7607, 30, 4, 0, 0, 0, 0, 0, 0, 0, 0, 'Weegli Blastfuse - Start WP Movement'),
(2609, 2000, 32, 0, 0, 0, 7606, 30, 4, 0, 0, 0, 0, 0, 0, 0, 0, 'Oro Eyegouge - Start WP Movement'),
(2609, 2000, 32, 0, 0, 0, 7605, 30, 4, 0, 0, 0, 0, 0, 0, 0, 0, 'Raven - Start WP Movement'),
(2609, 2000, 32, 0, 0, 0, 7604, 30, 4, 0, 0, 0, 0, 0, 0, 0, 0, 'Sergeant Bly - Start WP Movement'),
(2609, 10000, 10, 7787, 9000000, 0, 0, 0, 0, 0, 0, 0, 0, 1894.64, 1206.29, 8.87, 2.22, 'Spawn Sandfury Slave'),
(2609, 10000, 10, 7787, 9000000, 0, 0, 0, 0, 0, 0, 0, 0, 1873.45, 1204.44, 8.87, 0.88, 'Spawn Sandfury Slave'),
(2609, 10000, 10, 7787, 9000000, 0, 0, 0, 0, 0, 0, 0, 0, 1875.18, 1221.24, 9.21, 0.84, 'Spawn Sandfury Slave'),
(2609, 10000, 10, 7787, 9000000, 0, 0, 0, 0, 0, 0, 0, 0, 1879.02, 1223.06, 9.12, 5.91, 'Spawn Sandfury Slave'),
(2609, 10000, 10, 7787, 9000000, 0, 0, 0, 0, 0, 0, 0, 0, 1882.07, 1225.7, 9.32, 5.69, 'Spawn Sandfury Slave'),
(2609, 10000, 10, 7787, 9000000, 0, 0, 0, 0, 0, 0, 0, 0, 1886.97, 1225.86, 9.85, 5.79, 'Spawn Sandfury Slave'),
(2609, 10000, 10, 7787, 9000000, 0, 0, 0, 0, 0, 0, 0, 0, 1892.28, 1225.49, 9.57, 5.63, 'Spawn Sandfury Slave'),
(2609, 10000, 10, 7787, 9000000, 0, 0, 0, 0, 0, 0, 0, 0, 1894.72, 1221.91, 8.87, 2.34, 'Spawn Sandfury Slave'),
(2609, 10000, 10, 7787, 9000000, 0, 0, 0, 0, 0, 0, 0, 0, 1890.08, 1218.68, 8.87, 1.59, 'Spawn Sandfury Slave'),
(2609, 10000, 10, 7787, 9000000, 0, 0, 0, 0, 0, 0, 0, 0, 1883.5, 1218.25, 8.9, 0.67, 'Spawn Sandfury Slave'),
(2609, 10000, 10, 7787, 9000000, 0, 0, 0, 0, 0, 0, 0, 0, 1886.93, 1221.4, 8.94, 1.6, 'Spawn Sandfury Slave'),
(2609, 10000, 10, 7788, 9000000, 0, 0, 0, 0, 0, 0, 0, 0, 1883.76, 1222.3, 9.11, 6.26, 'Spawn Sandfury Drudge'),
(2609, 10000, 10, 7788, 9000000, 0, 0, 0, 0, 0, 0, 0, 0, 1889.82, 1222.51, 9.03, 0.97, 'Spawn Sandfury Drudge'),
(2609, 10000, 10, 7788, 9000000, 0, 0, 0, 0, 0, 0, 0, 0, 1898.23, 1217.97, 8.87, 3.42, 'Spawn Sandfury Drudge'),
(2609, 10000, 10, 7788, 9000000, 0, 0, 0, 0, 0, 0, 0, 0, 1877.4, 1216.41, 8.97, 0.37, 'Spawn Sandfury Drudge'),
(2609, 10000, 10, 7788, 9000000, 0, 0, 0, 0, 0, 0, 0, 0, 1893.07, 1215.26, 8.87, 3.08, 'Spawn Sandfury Drudge'),
(2609, 10000, 10, 7788, 9000000, 0, 0, 0, 0, 0, 0, 0, 0, 1874.57, 1214.16, 8.87, 3.12, 'Spawn Sandfury Drudge'),
(2609, 10000, 10, 7788, 9000000, 0, 0, 0, 0, 0, 0, 0, 0, 1889.94, 1212.21, 8.87, 1.59, 'Spawn Sandfury Drudge'),
(2609, 10000, 10, 7788, 9000000, 0, 0, 0, 0, 0, 0, 0, 0, 1883.74, 1212.35, 8.87, 1.59, 'Spawn Sandfury Drudge'),
(2609, 10000, 10, 7787, 9000000, 0, 0, 0, 0, 0, 0, 0, 0, 1877, 1207.27, 8.87, 3.8, 'Spawn Sandfury Slave'),
(2609, 10000, 10, 7787, 9000000, 0, 0, 0, 0, 0, 0, 0, 0, 1873.63, 1204.65, 8.87, 0.61, 'Spawn Sandfury Slave'),
(2609, 10000, 10, 7787, 9000000, 0, 0, 0, 0, 0, 0, 0, 0, 1896.46, 1205.62, 8.87, 5.72, 'Spawn Sandfury Slave'),
(2609, 10000, 10, 7787, 9000000, 0, 0, 0, 0, 0, 0, 0, 0, 1899.63, 1202.52, 8.87, 2.46, 'Spawn Sandfury Slave'),
(2609, 10000, 10, 7787, 9000000, 0, 0, 0, 0, 0, 0, 0, 0, 1903.49, 1211.52, 8.88, 0.61, 'Spawn Sandfury Slave'),
(2609, 10000, 10, 7787, 9000000, 0, 0, 0, 0, 0, 0, 0, 0, 1901.34, 1206.06, 8.87, 5.72, 'Spawn Sandfury Slave'),
(2609, 10000, 10, 7787, 9000000, 0, 0, 0, 0, 0, 0, 0, 0, 1869.46, 1210.38, 9.15, 2.46, 'Spawn Sandfury Slave'),
(2609, 10000, 10, 7788, 9000000, 0, 0, 0, 0, 0, 0, 0, 0, 1872.73, 1203.04, 8.87, 6.26, 'Spawn Sandfury Drudge'),
(2609, 10000, 10, 7788, 9000000, 0, 0, 0, 0, 0, 0, 0, 0, 1881.32, 1205.39, 8.87, 0.97, 'Spawn Sandfury Drudge'),
(2609, 10000, 10, 7788, 9000000, 0, 0, 0, 0, 0, 0, 0, 0, 1887.19, 1205.09, 8.87, 3.42, 'Spawn Sandfury Drudge'),
(2609, 10000, 10, 7788, 9000000, 0, 0, 0, 0, 0, 0, 0, 0, 1882.5, 1203.33, 8.87, 0.37, 'Spawn Sandfury Drudge'),
(2609, 10000, 10, 7788, 9000000, 0, 0, 0, 0, 0, 0, 0, 0, 1868.75, 1213.85, 9.47, 3.08, 'Spawn Sandfury Drudge'),
(2609, 10000, 10, 7788, 9000000, 0, 0, 0, 0, 0, 0, 0, 0, 1886.06, 1213.2, 8.87, 3.12, 'Spawn Sandfury Drudge'),
(2609, 10000, 10, 7788, 9000000, 0, 0, 0, 0, 0, 0, 0, 0, 1906.3, 1220.33, 9.03, 1.59, 'Spawn Sandfury Drudge'),
(2609, 10000, 10, 7788, 9000000, 0, 0, 0, 0, 0, 0, 0, 0, 1878.61, 1202.73, 8.87, 1.59, 'Spawn Sandfury Drudge'),
(2609, 10000, 10, 7788, 9000000, 0, 0, 0, 0, 0, 0, 0, 0, 1897.06, 1216.08, 8.87, 3.12, 'Spawn Sandfury Drudge'),
(2609, 10000, 10, 7788, 9000000, 0, 0, 0, 0, 0, 0, 0, 0, 1878.07, 1216.37, 8.93, 1.59, 'Spawn Sandfury Drudge'),
(2609, 10000, 10, 7788, 9000000, 0, 0, 0, 0, 0, 0, 0, 0, 1891.6, 1209.43, 8.87, 1.59, 'Spawn Sandfury Drudge'),
(2609, 10000, 10, 7787, 9000000, 0, 0, 0, 0, 0, 0, 0, 0, 1902.83, 1223.41, 8.96, 3.95, 'Spawn Sandfury Slave'),
(2609, 100000, 10, 7787, 9000000, 0, 0, 0, 0, 0, 0, 0, 0, 1902.83, 1223.41, 8.96, 3.95, 'Spawn Sandfury Slave'),
(2609, 100000, 10, 7787, 9000000, 0, 0, 0, 0, 0, 0, 0, 0, 1894.64, 1206.29, 8.87, 2.22, 'Spawn Sandfury Slave'),
(2609, 100000, 10, 7787, 9000000, 0, 0, 0, 0, 0, 0, 0, 0, 1873.45, 1204.44, 8.87, 0.88, 'Spawn Sandfury Slave'),
(2609, 100000, 10, 7787, 9000000, 0, 0, 0, 0, 0, 0, 0, 0, 1875.18, 1221.24, 9.21, 0.84, 'Spawn Sandfury Slave'),
(2609, 100000, 10, 7787, 9000000, 0, 0, 0, 0, 0, 0, 0, 0, 1879.02, 1223.06, 9.12, 5.91, 'Spawn Sandfury Slave'),
(2609, 100000, 10, 7787, 9000000, 0, 0, 0, 0, 0, 0, 0, 0, 1882.07, 1225.7, 9.32, 5.69, 'Spawn Sandfury Slave'),
(2609, 100000, 10, 7787, 9000000, 0, 0, 0, 0, 0, 0, 0, 0, 1886.97, 1225.86, 9.85, 5.79, 'Spawn Sandfury Slave'),
(2609, 100000, 10, 7787, 9000000, 0, 0, 0, 0, 0, 0, 0, 0, 1892.28, 1225.49, 9.57, 5.63, 'Spawn Sandfury Slave'),
(2609, 100000, 10, 7787, 9000000, 0, 0, 0, 0, 0, 0, 0, 0, 1894.72, 1221.91, 8.87, 2.34, 'Spawn Sandfury Slave'),
(2609, 100000, 10, 7787, 9000000, 0, 0, 0, 0, 0, 0, 0, 0, 1890.08, 1218.68, 8.87, 1.59, 'Spawn Sandfury Slave'),
(2609, 100000, 10, 7787, 9000000, 0, 0, 0, 0, 0, 0, 0, 0, 1883.5, 1218.25, 8.9, 0.67, 'Spawn Sandfury Slave'),
(2609, 100000, 10, 7787, 9000000, 0, 0, 0, 0, 0, 0, 0, 0, 1886.93, 1221.4, 8.94, 1.6, 'Spawn Sandfury Slave'),
(2609, 100000, 10, 7788, 9000000, 0, 0, 0, 0, 0, 0, 0, 0, 1883.76, 1222.3, 9.11, 6.26, 'Spawn Sandfury Drudge'),
(2609, 100000, 10, 7788, 9000000, 0, 0, 0, 0, 0, 0, 0, 0, 1889.82, 1222.51, 9.03, 0.97, 'Spawn Sandfury Drudge'),
(2609, 100000, 10, 7788, 9000000, 0, 0, 0, 0, 0, 0, 0, 0, 1898.23, 1217.97, 8.87, 3.42, 'Spawn Sandfury Drudge'),
(2609, 100000, 10, 7788, 9000000, 0, 0, 0, 0, 0, 0, 0, 0, 1877.4, 1216.41, 8.97, 0.37, 'Spawn Sandfury Drudge'),
(2609, 100000, 10, 7788, 9000000, 0, 0, 0, 0, 0, 0, 0, 0, 1893.07, 1215.26, 8.87, 3.08, 'Spawn Sandfury Drudge'),
(2609, 100000, 10, 7788, 9000000, 0, 0, 0, 0, 0, 0, 0, 0, 1874.57, 1214.16, 8.87, 3.12, 'Spawn Sandfury Drudge'),
(2609, 100000, 10, 7788, 9000000, 0, 0, 0, 0, 0, 0, 0, 0, 1889.94, 1212.21, 8.87, 1.59, 'Spawn Sandfury Drudge'),
(2609, 100000, 10, 7788, 9000000, 0, 0, 0, 0, 0, 0, 0, 0, 1883.74, 1212.35, 8.87, 1.59, 'Spawn Sandfury Drudge'),
(2609, 100000, 10, 7789, 9000000, 0, 0, 0, 0, 0, 0, 0, 0, 1877, 1207.27, 8.87, 3.8, 'Spawn Sandfury Cretin'),
(2609, 100000, 10, 7789, 9000000, 0, 0, 0, 0, 0, 0, 0, 0, 1873.63, 1204.65, 8.87, 0.61, 'Spawn Sandfury Cretin'),
(2609, 100000, 10, 7789, 9000000, 0, 0, 0, 0, 0, 0, 0, 0, 1896.46, 1205.62, 8.87, 5.72, 'Spawn Sandfury Cretin'),
(2609, 100000, 10, 7789, 9000000, 0, 0, 0, 0, 0, 0, 0, 0, 1899.63, 1202.52, 8.87, 2.46, 'Spawn Sandfury Cretin'),
(2609, 100000, 10, 7787, 9000000, 0, 0, 0, 0, 0, 0, 0, 0, 1903.49, 1211.52, 8.88, 0.61, 'Spawn Sandfury Slave'),
(2609, 100000, 10, 7787, 9000000, 0, 0, 0, 0, 0, 0, 0, 0, 1901.34, 1206.06, 8.87, 5.72, 'Spawn Sandfury Slave'),
(2609, 100000, 10, 7787, 9000000, 0, 0, 0, 0, 0, 0, 0, 0, 1869.46, 1210.38, 9.15, 2.46, 'Spawn Sandfury Slave'),
(2609, 100000, 10, 7788, 9000000, 0, 0, 0, 0, 0, 0, 0, 0, 1872.73, 1203.04, 8.87, 6.26, 'Spawn Sandfury Drudge'),
(2609, 100000, 10, 7788, 9000000, 0, 0, 0, 0, 0, 0, 0, 0, 1881.32, 1205.39, 8.87, 0.97, 'Spawn Sandfury Drudge'),
(2609, 100000, 10, 7788, 9000000, 0, 0, 0, 0, 0, 0, 0, 0, 1887.19, 1205.09, 8.87, 3.42, 'Spawn Sandfury Drudge'),
(2609, 100000, 10, 7788, 9000000, 0, 0, 0, 0, 0, 0, 0, 0, 1882.5, 1203.33, 8.87, 0.37, 'Spawn Sandfury Drudge'),
(2609, 100000, 10, 7788, 9000000, 0, 0, 0, 0, 0, 0, 0, 0, 1868.75, 1213.85, 9.47, 3.08, 'Spawn Sandfury Drudge'),
(2609, 100000, 10, 7788, 9000000, 0, 0, 0, 0, 0, 0, 0, 0, 1886.06, 1213.2, 8.87, 3.12, 'Spawn Sandfury Drudge'),
(2609, 100000, 10, 7788, 9000000, 0, 0, 0, 0, 0, 0, 0, 0, 1906.3, 1220.33, 9.03, 1.59, 'Spawn Sandfury Drudge'),
(2609, 100000, 10, 7789, 9000000, 0, 0, 0, 0, 0, 0, 0, 0, 1878.61, 1202.73, 8.87, 1.59, 'Spawn Sandfury Cretin'),
(2609, 100000, 10, 7789, 9000000, 0, 0, 0, 0, 0, 0, 0, 0, 1897.06, 1216.08, 8.87, 3.12, 'Spawn Sandfury Cretin'),
(2609, 100000, 10, 7789, 9000000, 0, 0, 0, 0, 0, 0, 0, 0, 1878.07, 1216.37, 8.93, 1.59, 'Spawn Sandfury Cretin'),
(2609, 100000, 10, 7789, 9000000, 0, 0, 0, 0, 0, 0, 0, 0, 1891.6, 1209.43, 8.87, 1.59, 'Spawn Sandfury Cretin'),
(2609, 250000, 10, 8877, 9000000, 0, 0, 0, 0, 0, 0, 0, 0, 1878.94, 1200.57, 8.96, 2.6, 'Spawn Sandfury Zealot'),
(2609, 250000, 25, 0, 0, 0, 7607, 150, 4, 0, 0, 0, 0, 0, 0, 0, 0, 'Weegli Blastfuse - Set Run Off'),
(2609, 250000, 32, 0, 0, 0, 7604, 150, 4, 0, 0, 0, 0, 0, 0, 0, 0, 'Sergeant Bly - Start WP Movement'),
(2609, 250000, 0, 0, 0, 0, 7604, 150, 4, 2000000961, 0, 0, 0, 0, 0, 0, 0, 'Sergeant Bly - Yell At Movement Start'),
(2609, 250000, 32, 0, 0, 0, 7605, 150, 4, 0, 0, 0, 0, 0, 0, 0, 0, 'Raven - Start WP Movement'),
(2609, 250000, 32, 0, 0, 0, 7606, 150, 4, 0, 0, 0, 0, 0, 0, 0, 0, 'Oro Eyegouge - Start WP Movement'),
(2609, 250000, 32, 0, 0, 0, 7607, 150, 4, 0, 0, 0, 0, 0, 0, 0, 0, 'Weegli Blastfuse - Start WP Movement'),
(2609, 250000, 32, 0, 0, 0, 7608, 150, 4, 0, 0, 0, 0, 0, 0, 0, 0, 'Murta Grimgut - Start WP Movement'),
(2609, 250000, 10, 8876, 9000000, 0, 0, 0, 0, 0, 0, 0, 0, 1888.45, 1200.17, 8.96, 1.11, 'Spawn Sandfury Acolyte'),
(2609, 250000, 10, 8876, 9000000, 0, 0, 0, 0, 0, 0, 0, 0, 1890.55, 1199.94, 8.96, 4.46, 'Spawn Sandfury Acolyte'),
(2609, 250000, 10, 8876, 9000000, 0, 0, 0, 0, 0, 0, 0, 0, 1876.98, 1199.94, 8.96, 2.19, 'Spawn Sandfury Acolyte'),
(2609, 250000, 10, 8876, 9000000, 0, 0, 0, 0, 0, 0, 0, 0, 1873.31, 1197.55, 8.96, 4.6, 'Spawn Sandfury Acolyte'),
(2609, 250000, 10, 8877, 9000000, 0, 0, 0, 0, 0, 0, 0, 0, 1895.16, 1198.05, 8.96, 1.51, 'Spawn Sandfury Zealot'),
(2609, 250000, 10, 7796, 9000000, 0, 0, 0, 0, 0, 0, 0, 0, 1882.32, 1201.45, 8.96, 6.05, 'Spawn Nekrum Gutchewer'),
(2609, 250000, 10, 7275, 9000000, 0, 0, 0, 0, 0, 0, 0, 0, 1883.98, 1201.66, 8.96, 1.71, 'Spawn Shadowpriest Sezz''ziz'),
(2609, 250000, 10, 8877, 9000000, 0, 0, 0, 0, 0, 0, 0, 0, 1874.74, 1199.03, 8.96, 2.53, 'Spawn Sandfury Zealot');

DELETE FROM dbscripts_on_spell WHERE id=11365;
INSERT INTO `dbscripts_on_spell` (`id`, `delay`, `command`, `datalong`, `datalong2`, `datalong3`, `buddy_entry`, `search_radius`, `data_flags`, `dataint`, `dataint2`, `dataint3`, `dataint4`, `x`, `y`, `z`, `o`, `comments`) VALUES
(11365, 0, 18, 1000, 0, 0, 0, 0, 0, 0, 0, 0, 0, 0, 0, 0, 0, 'despawn self');

DELETE FROM dbscripts_on_gossip WHERE id IN (94001,94101);
INSERT INTO `dbscripts_on_gossip` (`id`, `delay`, `command`, `datalong`, `datalong2`, `datalong3`, `buddy_entry`, `search_radius`, `data_flags`, `dataint`, `dataint2`, `dataint3`, `dataint4`, `x`, `y`, `z`, `o`, `comments`) VALUES
(94001, 0, 32, 0, 0, 0, 0, 0, 0, 0, 0, 0, 0, 0, 0, 0, 0, 'Weegli Blastfuse - Start WP Movement'),
(94001, 0, 25, 1, 0, 0, 0, 0, 0, 0, 0, 0, 0, 0, 0, 0, 0, 'Weegli Blastfuse - Set Run On'),
(94001, 0, 22, 0, 0, 0, 0, 0, 0, 0, 0, 0, 0, 0, 0, 0, 0, 'Weegli Blastfuse - Update Faction to Default'),
(94001, 0, 29, 1, 2, 0, 0, 0, 0, 0, 0, 0, 0, 0, 0, 0, 0, 'Weegli Blastfuse - Remove Gossip Flag'),
(94001, 0, 0, 0, 0, 0, 0, 0, 0, 2000000956, 0, 0, 0, 0, 0, 0, 0, 'Weegli Blastfuse - Say Start Door Bombing'),
(94101, 0, 0, 0, 0, 0, 0, 0, 0, 2000000957, 0, 0, 0, 0, 0, 0, 0, 'Sergeant Bly - Say Start Combat 1'),
(94101, 0, 29, 1, 2, 0, 0, 0, 0, 0, 0, 0, 0, 0, 0, 0, 0, 'Sergeant Bly - Remove Gossip Flag'),
(94101, 0, 45, 3, 0, 0, 0, 0, 0, 0, 0, 0, 0, 0, 0, 0, 0, 'Weegli Blastfuse - start bombing script'),
(94101, 3000, 0, 0, 0, 0, 0, 0, 0, 2000000958, 0, 0, 0, 0, 0, 0, 0, 'Sergeant Bly - Say Start Combat 2'),
(94101, 6000, 22, 14, 0, 0, 7605, 30, 4, 0, 0, 0, 0, 0, 0, 0, 0, 'Raven - Update Faction'),
(94101, 6000, 22, 14, 0, 0, 7606, 30, 4, 0, 0, 0, 0, 0, 0, 0, 0, 'Oro Eyegouge - Update Faction'),
(94101, 6000, 22, 14, 0, 0, 7608, 30, 4, 0, 0, 0, 0, 0, 0, 0, 0, 'Murta Grimgut - Update Faction'),
(94101, 6000, 22, 14, 0, 0, 0, 0, 0, 0, 0, 0, 0, 0, 0, 0, 0, 'Sergeant Bly - Update Faction to Hostile');

-- INSERT INTO `dbscripts_on_quest_start` (`id`, `delay`, `command`, `datalong`, `datalong2`, `datalong3`, `buddy_entry`, `search_radius`, `data_flags`, `dataint`, `dataint2`, `dataint3`, `dataint4`, `x`, `y`, `z`, `o`, `comments`) VALUES
-- INSERT INTO `dbscripts_on_quest_end` (`id`, `delay`, `command`, `datalong`, `datalong2`, `datalong3`, `buddy_entry`, `search_radius`, `data_flags`, `dataint`, `dataint2`, `dataint3`, `dataint4`, `x`, `y`, `z`, `o`, `comments`) VALUES

DELETE FROM `dbscript_string` WHERE `entry` IN (2000000955,2000000956,2000000957,2000000958,2000000959,2000000960,2000000961);
INSERT INTO `dbscript_string` (`entry`, `content_default`, `sound`, `type`, `language`, `emote`, `comment`) VALUES
(2000000955, 'Oh no! Here they come!', 0, 0, 0, 0, 'Weegli Blastfuse - Say Event Start'),
(2000000956, 'Ok, here I go!', 0, 0, 0, 0, 'Weegli Blastfuse - Say Blow Door Normal'),
(2000000957, 'What? How dare you say that to me?!?', 0, 0, 0, 6, 'Sergeant Bly - Say Faction Change 1'),
(2000000958, 'After all we''ve been through? Well, I didn''t like you anyway!!', 0, 0, 0, 5, 'Sergeant Bly - Say Faction Change 2'),
(2000000959, 'I''m out of here!', 0, 0, 0, 0, 'Weegli Blastfuse - Say Blow Door Forced'),
(2000000960, 'Who dares step into my domain! Come! Come, and be consumed!', 0, 6, 0, 0, 'Ukorz Sandscalp - Say After Door Blown'),
(2000000961, 'Let''s move forward!', 0, 0, 0, 0, 'Sergeant Bly - Move Downstairs');

-- INSERT INTO `dbscript_random_templates` (`id`, `type`, `target_id`, `chance`, `comments`) VALUES


