-- =========
-- CREATURES
-- =========

INSERT INTO `creature_movement` (`id`, `point`, `position_x`, `position_y`, `position_z`, `orientation`, `waittime`, `script_id`) VALUES
(52434, 1, -181.511, -32.0671, -44.4307, 0, 0, 0),
(52434, 2, -221.219, -34.6647, -55.1581, 0, 0, 0),
(52434, 3, -234.375, -36.3667, -55.6602, 0, 0, 0),
(52434, 4, -275.309, -42.0123, -60.8065, 0, 0, 0),
(52434, 5, -285.274, -54.131, -60.8063, 0, 0, 0),
(52434, 6, -238.683, -36.774, -56.6927, 0, 0, 0),
(52434, 7, -193.859, -35.3221, -46.097, 0, 0, 0),
(52434, 8, -149.454, -33.8753, -35.323, 0, 0, 0),
(52434, 9, -175.779, -29.6884, -43.6287, 0, 0, 0),
(52444, 1, -215.446, -15.9344, -61.8032, 0, 0, 0),
(52444, 2, -217.678, -11.7211, -61.8032, 0, 0, 0),
(52444, 3, -277.55, -8.92806, -62.5484, 0, 0, 0),
(52444, 4, -287.392, -23.6887, -59.9511, 0, 0, 0),
(52444, 5, -264.358, -6.31967, -63.8809, 0, 0, 0),
(52444, 6, -216.811, -11.1588, -61.8043, 0, 0, 0),
(52454, 1, -287.744, -73.9324, -60.5234, 0, 0, 0),
(52454, 2, -284.397, -91.3588, -61.9013, 0, 0, 0),
(52454, 3, -260.868, -92.4423, -61.2886, 0, 0, 0),
(52454, 4, -254.199, -62.2292, -62.0023, 0, 0, 0),
(52454, 5, -232.557, -61.1359, -61.1316, 0, 0, 0),
(52454, 6, -194.496, -74.0477, -62.0186, 0, 1000, 0),
(52454, 7, -224.723, -64.9015, -61.2864, 0, 0, 0),
(52454, 8, -240.409, -58.2346, -61.8446, 0, 0, 0),
(52454, 9, -255.443, -64.3157, -62.0471, 0, 0, 0),
(52454, 10, -260.802, -92.8847, -61.3218, 0, 0, 0),
(52454, 11, -282.256, -93.1549, -61.9012, 0, 0, 0),
(52469, 1, -176.762, 11.7284, -31.6117, 0.155953, 0, 0),
(52469, 2, -190.166, 10.9667, -33.0618, 3.22686, 0, 0),
(52469, 3, -210.648, 7.87269, -39.8187, 3.18916, 0, 0),
(52469, 4, -230.782, 9.0604, -44.4237, 3.03836, 0, 0),
(52469, 5, -257.486, 7.90906, -49.87, 3.17267, 0, 0),
(52469, 6, -277.67, 8.30601, -49.0795, 3.20801, 0, 0),
(52469, 7, -286.82, 7.69739, -46.2229, 3.20801, 0, 0),
(52469, 8, -298.657, 5.29958, -48.0252, 3.39179, 0, 0),
(52469, 9, -303.916, 0.147967, -49.7325, 4.02718, 0, 0),
(52469, 10, -293.624, 7.59828, -47.0034, 0.427703, 0, 0),
(52469, 11, -280.864, 9.03737, -47.8212, 0.121398, 0, 0),
(52469, 12, -265.063, 9.36602, -49.8266, 0.046786, 0, 0),
(52469, 13, -247.208, 8.66721, -48.9012, 6.25693, 0, 0),
(52469, 14, -233.341, 8.45427, -44.4523, 6.25693, 0, 0),
(52469, 15, -216.121, 6.63711, -41.6912, 6.14619, 0, 0),
(52469, 16, -204.445, 7.92862, -37.4818, 0.217217, 0, 0),
(52469, 17, -192.818, 10.4947, -33.4114, 0.217217, 0, 0),
(52469, 18, -172.941, 14.3137, -30.7882, 0.217217, 0, 0),
(52469, 19, -161.6, 14.8526, -27.2189, 0.046785, 0, 0),
(52469, 20, -147.478, 11.5309, -22.3629, 6.04723, 0, 0),
(52469, 21, -135.908, 8.74903, -20.8654, 6.04723, 0, 0),
(52469, 22, -124.215, 10.9816, -19.9281, 0.192869, 0, 0),
(52469, 23, -116.619, 15.0944, -18.8846, 0.49839, 0, 0),
(52469, 24, -111.628, 24.9273, -18.6011, 1.08587, 0, 0),
(52469, 25, -108.915, 36.6246, -18.0731, 1.33091, 0, 0),
(52469, 26, -114.503, 21.4459, -18.8557, 4.38297, 0, 0),
(52469, 27, -118.88, 14.3031, -19.0844, 4.1018, 0, 0),
(52469, 28, -131.828, 8.81858, -20.8654, 3.55045, 0, 0),
(52469, 29, -144.715, 9.21781, -21.8423, 3.11063, 0, 0),
(52469, 30, -161.281, 12.4744, -27.4041, 2.97632, 0, 0),
(52469, 31, -170.005, 13.6925, -30.0021, 3.08706, 0, 0),
(52394, 1, -203.927, 99.1463, -25.4809, 1.10078, 0, 0),
(52394, 2, -200.74, 104.201, -25.1381, 1.10078, 0, 0),
(52394, 3, -198.066, 115.548, -23.217, 1.29791, 0, 0),
(52394, 4, -195.291, 126.656, -22.168, 1.30027, 0, 0),
(52394, 5, -192.549, 136.545, -24.1064, 1.30027, 0, 0),
(52394, 6, -190.259, 144.95, -25.2199, 1.22487, 0, 0),
(52394, 7, -193.47, 134.133, -23.458, 4.48035, 0, 0),
(52394, 8, -196.29, 123.736, -22.179, 4.55103, 0, 0),
(52394, 9, -199.336, 113.159, -23.7528, 4.44029, 0, 0),
(52394, 10, -199.643, 106.426, -24.8865, 4.73482, 0, 0),
(52394, 11, -205.093, 98.0147, -25.4833, 4.09157, 0, 0),
(47590, 1, -214.025, 91.2148, -25.0186, 3.71773, 0, 0),
(47590, 2, -219.007, 90.5475, -25.0186, 3.27476, 0, 0),
(47590, 3, -229.367, 92.7477, -23.1312, 2.93233, 0, 0),
(47590, 4, -235.891, 93.102, -21.7277, 3.16637, 0, 0),
(47590, 5, -246.583, 91.6992, -23.5772, 3.23942, 0, 0),
(47590, 6, -254.38, 92.4157, -25.0184, 3.02029, 0, 0),
(47590, 7, -245.579, 91.7263, -23.2418, 6.26634, 0, 0),
(47590, 8, -236.893, 92.4553, -21.7166, 0.024783, 0, 0),
(47590, 9, -231.24, 92.8211, -22.4395, 6.27027, 0, 0),
(47590, 10, -222.659, 90.784, -25.0184, 6.0158, 0, 0),
(47590, 11, -217.698, 89.1509, -25.0184, 6.04093, 0, 0),
(47590, 12, -209.44, 94.6833, -25.2915, 0.590271, 0, 0),
(52481, 1, -263.519, 150.466, -18.9955, 0, 0, 0),
(52481, 2, -275.879, 148.999, -22.2309, 0, 0, 0),
(52481, 3, -283.074, 148.146, -25.4312, 0, 0, 0),
(52481, 4, -275.879, 148.999, -22.2309, 0, 0, 0),
(52481, 5, -263.519, 150.466, -18.9955, 0, 0, 0),
(52481, 6, -247.886, 140.202, -18.5693, 0, 0, 0),
(52481, 7, -225.044, 153.121, -19.0445, 0, 0, 0),
(52481, 8, -212.734, 154.857, -21.4755, 0, 0, 0),
(52481, 9, -199.5, 155.408, -25.2446, 0, 0, 0),
(52481, 10, -212.734, 154.857, -21.4755, 0, 0, 0),
(52481, 11, -225.044, 153.121, -19.0445, 0, 0, 0),
(52481, 12, -240.889, 165.027, -18.5517, 0, 0, 0);

-- INSERT INTO `creature_movement_template` (`entry`, `pathId`, `point`, `position_x`, `position_y`, `position_z`, `orientation`, `waittime`, `script_id`) VALUES

INSERT INTO `creature_addon` (`guid`, `mount`, `bytes1`, `b2_0_sheath`, `b2_1_pvp_state`, `emote`, `moveflags`, `auras`) VALUES
(52434, 0, 0, 0, 0, 0, 0, NULL),
(52444, 0, 0, 0, 0, 0, 0, NULL),
(52454, 0, 0, 0, 0, 0, 0, NULL),
(52481, 0, 0, 0, 0, 0, 0, NULL);

REPLACE INTO `creature_template_addon` (`entry`, `mount`, `bytes1`, `b2_0_sheath`, `b2_1_pvp_state`, `emote`, `moveflags`, `auras`) VALUES
(11318, 0, 0, 1, 16, 0, 0, NULL),
(11319, 0, 0, 1, 16, 0, 0, NULL),
(11320, 0, 0, 1, 16, 0, 0, NULL),
(11321, 0, 0, 1, 16, 0, 0, NULL),
(11322, 0, 0, 1, 16, 0, 0, NULL),
(11323, 0, 0, 1, 16, 0, 0, NULL),
(11324, 0, 0, 1, 16, 0, 0, NULL),
(11517, 0, 0, 1, 16, 0, 0, NULL),
(11518, 0, 0, 1, 16, 0, 0, NULL),
(11519, 0, 0, 1, 16, 0, 0, NULL),
(11520, 0, 0, 1, 16, 0, 0, NULL),
(11834, 0, 7, 1, 16, 0, 0, NULL);

INSERT INTO `creature_linking` (`guid`, `master_guid`, `flag`) VALUES
(52451, 52435, 3),
(52464, 52426, 3),
(52449, 52447, 3),
(52428, 52439, 3),
(52437, 52425, 3),
(52445, 52455, 3),
(52448, 52479, 3),
(52438, 52455, 3),
(52446, 94872, 3),
(52429, 94870, 3),
(52427, 52441, 3),
(52459, 52426, 3),
(52474, 52476, 3),
(52488, 52442, 3),
(52478, 52436, 3),
(52443, 52479, 3),
(52430, 52439, 3),
(52490, 94872, 3),
(47577, 123163, 3),
(52415, 123163, 3),
(47587, 82909, 3),
(52395, 123161, 3),
(52463, 82909, 3),
(47593, 52413, 3),
(52407, 123161, 3),
(52416, 47594, 3),
(52470, 47584, 3),
(52485, 82907, 3),
(47576, 82907, 3),
(47588, 123162, 3),
(52475, 47581, 3),
(52403, 82920, 3),
(47583, 123162, 3),
(47582, 82920, 3),
(47585, 52410, 3),
(52414, 52404, 3),
(47589, 52411, 3),
(52482, 52404, 3),
(47592, 52411, 3),
(47591, 52409, 3),
(52412, 52477, 3),
(52467, 52400, 3),
(47586, 52406, 3),
(52408, 52398, 3),
(47597, 52401, 3),
(52487, 52398, 3),
(47595, 52405, 3),
(82915, 52417, 3),
(82911, 47596, 3),
(123164, 52413, 3),
(82914, 47580, 3);

-- INSERT INTO `creature_linking_template` (`entry`, `map`, `master_entry`, `flag`, `search_range`) VALUES

INSERT INTO `creature` (`guid`, `id`, `map`, `position_x`, `position_y`, `position_z`, `orientation`, `spawntimesecsmin`, `spawntimesecsmax`, `spawndist`, `currentwaypoint`, `curhealth`, `curmana`, `DeathState`, `MovementType`) VALUES
(52451, 11318, 389, -157.268, -21.7249, -57.2708, 5.39606, 7200, 7200, 2, 0, 819, 0, 0, 1),
(52431, 11318, 389, -148.183, -52.4618, -57.7852, 2.93215, 7200, 7200, 2, 0, 819, 0, 0, 1),
(52464, 11318, 389, -142.297, -6.18364, -53.1894, 0.975298, 7200, 7200, 2, 0, 819, 0, 0, 1),
(52476, 11318, 389, -152.453, 3.90943, -40.59, 2.53152, 7200, 7200, 2, 0, 819, 0, 0, 1),
(52433, 11318, 389, -162.128, -43.5051, -59.124, 2.21657, 7200, 7200, 2, 0, 819, 0, 0, 1),
(52440, 11318, 389, -160.754, -65.051, -59.4342, 0.041957, 7200, 7200, 2, 0, 819, 0, 0, 1),
(52442, 11318, 389, -154.037, 27.9676, -38.5669, 2.3911, 7200, 7200, 0, 0, 819, 0, 0, 0),
(52483, 11318, 389, -200.409, -69.7984, -63.2233, 1.13289, 7200, 7200, 2, 0, 819, 0, 0, 1),
(52434, 11318, 389, -181.511, -32.0671, -44.4307, 3.20698, 7200, 7200, 0, 1, 819, 0, 0, 2),
(52447, 11318, 389, -204.723, -1.24259, -61.6764, 3.33479, 7200, 7200, 2, 0, 819, 0, 0, 1),
(52449, 11318, 389, -183.393, 2.79912, -56.8092, 5.4162, 7200, 7200, 2, 0, 819, 0, 0, 1),
(52450, 11318, 389, -229.281, -59.7834, -61.3117, 4.95529, 7200, 7200, 2, 0, 819, 0, 0, 1),
(52439, 11318, 389, -237.985, -40.3476, -56.2706, 1.3439, 7200, 7200, 0, 0, 819, 0, 0, 0),
(52428, 11318, 389, -238.656, -31.5648, -56.6214, 5.07891, 7200, 7200, 0, 0, 819, 0, 0, 0),
(52444, 11318, 389, -215.446, -15.9344, -61.8032, 1.9232, 7200, 7200, 0, 1, 819, 0, 0, 2),
(52436, 11318, 389, -217.669, -5.11624, -61.7999, 4.29193, 7200, 7200, 2, 0, 819, 0, 0, 1),
(94872, 11318, 389, -277.036, -47.2743, -60.9321, 0.279253, 7200, 7200, 5, 0, 819, 0, 0, 1),
(52437, 11318, 389, -261.781, -5.76433, -63.9288, 0.762733, 7200, 7200, 2, 0, 819, 0, 0, 1),
(52479, 11318, 389, -262.216, -29.8943, -60.6085, 4.76475, 7200, 7200, 0, 0, 819, 0, 0, 0),
(52468, 11318, 389, -240.714, -8.03152, -61.5235, 0.060824, 7200, 7200, 2, 0, 819, 0, 0, 1),
(52424, 11318, 389, -255.431, -66.4518, -62.1072, 1.43574, 7200, 7200, 0, 0, 819, 0, 0, 0),
(52445, 11318, 389, -276.93, -63.3295, -60.3566, 1.58825, 7200, 7200, 0, 0, 819, 0, 0, 0),
(52448, 11318, 389, -270.127, -31.8806, -60.6085, 5.11381, 7200, 7200, 0, 0, 819, 0, 0, 0),
(52438, 11318, 389, -269.28, -60.0032, -60.3566, 2.26893, 7200, 7200, 0, 0, 819, 0, 0, 0),
(52425, 11318, 389, -285.522, -20.8822, -60.4145, 3.38594, 7200, 7200, 2, 0, 819, 0, 0, 1),
(52446, 11318, 389, -290.812, -47.0829, -60.89, 0.231919, 7200, 7200, 5, 0, 819, 0, 0, 1),
(52429, 11318, 389, -264.196, -92.5713, -61.7963, 2.57623, 7200, 7200, 2, 0, 819, 0, 0, 1),
(52441, 11318, 389, -300.512, -28.4078, -60.4574, 2.53073, 7200, 7200, 0, 0, 819, 0, 0, 0),
(52427, 11318, 389, -306.314, -29.1276, -60.1744, 1.22173, 7200, 7200, 0, 0, 819, 0, 0, 0),
(52459, 11319, 389, -136.804, -3.84714, -53.0579, 5.37443, 7200, 7200, 2, 0, 740, 264, 0, 1),
(52473, 11319, 389, -145.738, -57.7801, -58.4145, 2.6529, 7200, 7200, 2, 0, 740, 264, 0, 1),
(52426, 11319, 389, -141.863, -18.6146, -54.7477, 0.715585, 7200, 7200, 2, 0, 740, 264, 0, 1),
(52474, 11319, 389, -147.681, 0.443873, -39.1503, 5.74279, 7200, 7200, 2, 0, 740, 264, 0, 1),
(52435, 11319, 389, -162.553, -26.8425, -57.8494, 4.35569, 7200, 7200, 2, 0, 740, 264, 0, 1),
(52432, 11319, 389, -174.416, -65.4036, -57.8333, 1.31717, 7200, 7200, 2, 0, 740, 264, 0, 1),
(52488, 11319, 389, -148.041, 27.1943, -38.8538, 3.74643, 7200, 7200, 2, 0, 740, 264, 0, 1),
(52478, 11319, 389, -211.07, -7.25025, -61.8044, 4.81248, 7200, 7200, 2, 0, 740, 264, 0, 1),
(52443, 11319, 389, -266.73, -28.0281, -60.6085, 5.02655, 7200, 7200, 0, 0, 740, 264, 0, 0),
(52430, 11319, 389, -253.886, -38.8841, -60.4593, 2.17095, 7200, 7200, 5, 0, 740, 264, 0, 1),
(94870, 11319, 389, -270.089, -96.8868, -61.9013, 4.87834, 7200, 7200, 2, 0, 740, 264, 0, 1),
(52454, 11319, 389, -287.744, -73.9324, -60.5234, 4.84725, 7200, 7200, 0, 1, 740, 264, 0, 2),
(52490, 11319, 389, -280.902, -49.179, -60.9322, 3.31393, 7200, 7200, 5, 0, 740, 264, 0, 1),
(52455, 11319, 389, -271.827, -64.4, -60.3566, 2.04204, 7200, 7200, 0, 0, 740, 264, 0, 0),
(52462, 11320, 389, -45.0298, -27.7645, -21.2917, 1.70311, 7200, 7200, 5, 0, 820, 0, 0, 1),
(52452, 11320, 389, -15.9865, -50.1693, -21.7804, 3.57792, 7200, 7200, 5, 0, 820, 0, 0, 1),
(52457, 11320, 389, -70.6122, -32.8292, -18.4872, 2.57425, 7200, 7200, 2, 0, 820, 0, 0, 1),
(52458, 11320, 389, -23.8034, -62.1556, -21.3704, 4.06767, 7200, 7200, 5, 0, 820, 0, 0, 1),
(52471, 11320, 389, -106.32, -37.6574, -30.0448, 5.36449, 7200, 7200, 5, 0, 820, 0, 0, 1),
(52460, 11320, 389, -129.135, -35.1578, -33.2627, 3.7001, 7200, 7200, 5, 0, 820, 0, 0, 1),
(52456, 11320, 389, -95.8062, 45.3441, -17.4092, 1.72232, 7200, 7200, 2, 0, 820, 0, 0, 1),
(52469, 11320, 389, -168.542, 13.3261, -29.6158, 0.190191, 7200, 7200, 0, 0, 820, 0, 0, 2),
(52453, 11320, 389, -272.518, 8.65636, -49.9972, 5.8991, 7200, 7200, 2, 0, 820, 0, 0, 1),
(52466, 11320, 389, -296.563, 7.55345, -47.5269, 1.92697, 7200, 7200, 3, 0, 820, 0, 0, 1),
(52461, 11320, 389, -125.112, 80.0961, -21.3202, 5.45818, 7200, 7200, 5, 0, 820, 0, 0, 1),
(52465, 11321, 389, -36.4604, -42.0863, -21.773, 0.809754, 7200, 7200, 5, 0, 819, 0, 0, 1),
(52423, 11321, 389, -94.604, 54.1892, -17.9829, 5.00078, 7200, 7200, 5, 0, 819, 0, 0, 1),
(52489, 11321, 389, -111.344, 52.0495, -18.6906, 5.17827, 7200, 7200, 5, 0, 819, 0, 0, 1),
(52486, 11321, 389, -252.09, 7.15975, -50.0273, 4.56215, 7200, 7200, 3, 0, 819, 0, 0, 1),
(52397, 11321, 389, -208.558, 55.8574, -13.9447, 5.91302, 7200, 7200, 2, 0, 819, 0, 0, 1),
(52396, 11321, 389, -124.161, 63.9612, -21.2143, 3.13162, 7200, 7200, 5, 0, 819, 0, 0, 1),
(52399, 11321, 389, -176.654, 75.2942, -21.8957, 0.992464, 7200, 7200, 5, 0, 819, 0, 0, 1),
(52422, 11321, 389, -198.621, 60.1696, -13.8611, 0.541052, 7200, 7200, 2, 0, 819, 0, 0, 1),
(52421, 11321, 389, -144.941, 79.1501, -20.9783, 3.0239, 7200, 7200, 5, 0, 819, 0, 0, 1),
(52420, 11321, 389, -111.204, 76.3607, -20.1425, 3.19314, 7200, 7200, 5, 0, 819, 0, 0, 1),
(52419, 11321, 389, -127.906, 75.5442, -21.8833, 6.0452, 7200, 7200, 5, 0, 819, 0, 0, 1),
(52480, 11321, 389, -85.7455, 97.3632, -7.39686, 2.99045, 7200, 7200, 3, 0, 819, 0, 0, 1),
(52418, 11321, 389, -74.6995, 89.9573, -7.32838, 2.48512, 7200, 7200, 5, 0, 819, 0, 0, 1),
(52404, 11322, 389, -210.008, 85.9401, -24.852, 3.58789, 7200, 7200, 1, 0, 759, 396, 0, 1),
(52411, 11322, 389, -193.884, 94.2191, -24.6305, 5.48868, 7200, 7200, 0, 0, 759, 396, 0, 0),
(47577, 11322, 389, -269.254, 91.9884, -24.9291, 1.39626, 7200, 7200, 1, 0, 759, 396, 0, 1),
(52417, 11322, 389, -187.521, 153.224, -25.1366, 2.9147, 7200, 7200, 2, 0, 759, 396, 0, 1),
(52415, 11322, 389, -265.208, 100.599, -24.9443, 2.75762, 7200, 7200, 2, 0, 759, 396, 0, 1),
(47596, 11322, 389, -296.907, 146.956, -25.0033, 2.2928, 7200, 7200, 0, 0, 759, 396, 0, 0),
(47587, 11322, 389, -300.145, 204.932, -25.1219, 2.83371, 7200, 7200, 2, 0, 759, 396, 0, 1),
(52395, 11322, 389, -279.577, 210.296, -25.0184, 5.48262, 7200, 7200, 0, 0, 759, 396, 0, 0),
(52463, 11322, 389, -294.636, 196.863, -25.415, 1.26676, 7200, 7200, 2, 0, 759, 396, 0, 1),
(52413, 11322, 389, -224.395, 213.183, -24.9818, 1.76312, 7200, 7200, 1, 0, 759, 396, 0, 1),
(47593, 11322, 389, -229.394, 206.597, -24.7948, 5.65487, 7200, 7200, 1, 0, 759, 396, 0, 1),
(52407, 11322, 389, -275.823, 219.821, -25.0184, 0.090169, 7200, 7200, 0, 0, 759, 396, 0, 0),
(47580, 11322, 389, -309.146, 224.228, -23.7467, 4.62512, 7200, 7200, 2, 0, 759, 396, 0, 1),
(52416, 11322, 389, -301.24, 251.092, -13.0535, 1.22761, 7200, 7200, 5, 0, 759, 396, 0, 1),
(47594, 11322, 389, -293.292, 256.603, -14.8024, 3.12128, 7200, 7200, 5, 0, 759, 396, 0, 1),
(52470, 11322, 389, -340.183, 207.471, -21.4877, 0.777513, 7200, 7200, 2, 0, 759, 396, 0, 1),
(47584, 11322, 389, -346.643, 213.994, -21.3899, 4.62512, 7200, 7200, 2, 0, 759, 396, 0, 1),
(52472, 11322, 389, -342.315, 256.423, -7.97652, 3.64774, 7200, 7200, 5, 0, 759, 396, 0, 1),
(52485, 11322, 389, -372.27, 265.154, -4.84659, 3.80391, 7200, 7200, 0, 0, 759, 396, 0, 0),
(47576, 11322, 389, -367.589, 254.246, -5.0474, 1.40766, 7200, 7200, 0, 0, 759, 396, 0, 0),
(47581, 11322, 389, -369.356, 211.166, -21.801, 2.00713, 7200, 7200, 2, 0, 759, 396, 0, 1),
(47588, 11322, 389, -360.933, 179.061, -22.1946, 0.722725, 7200, 7200, 2, 0, 759, 396, 0, 1),
(52475, 11322, 389, -374.127, 201.24, -21.801, 4.50295, 7200, 7200, 2, 0, 759, 396, 0, 1),
(47579, 11322, 389, -400.436, 216.18, -1.01054, 0.794809, 7200, 7200, 2, 0, 759, 396, 0, 1),
(52403, 11322, 389, -387.038, 259.729, -4.84658, 3.08605, 7200, 7200, 0, 0, 759, 396, 0, 0),
(47583, 11322, 389, -367.06, 173.695, -22.0076, 3.50908, 7200, 7200, 2, 0, 759, 396, 0, 1),
(47582, 11322, 389, -392.023, 244.262, -4.84661, 2.50107, 7200, 7200, 0, 0, 759, 396, 0, 0),
(47585, 11322, 389, -385.157, 156.603, 7.7385, 0.844909, 7200, 7200, 2, 0, 759, 396, 0, 1),
(52410, 11322, 389, -396.309, 150.828, 7.82184, 4.67748, 7200, 7200, 2, 0, 759, 396, 0, 1),
(52414, 11323, 389, -223.454, 87.2837, -24.9351, 5.93412, 7200, 7200, 0, 0, 819, 0, 0, 0),
(52394, 11323, 389, -203.185, 99.4132, -25.4712, 4.40747, 7200, 7200, 0, 0, 819, 0, 0, 2),
(47589, 11323, 389, -195.347, 108.507, -24.2915, 4.36332, 7200, 7200, 0, 0, 819, 0, 0, 0),
(52482, 11323, 389, -219.3, 94.5484, -24.9351, 5.42797, 7200, 7200, 0, 0, 819, 0, 0, 0),
(47592, 11323, 389, -203.218, 107.389, -25, 5.32325, 7200, 7200, 0, 0, 819, 0, 0, 0),
(47590, 11323, 389, -208.058, 95.3564, -25.3951, 3.84374, 7200, 7200, 0, 0, 819, 0, 0, 2),
(52409, 11323, 389, -198.964, 151.226, -25.1366, 0.907571, 7200, 7200, 0, 0, 819, 0, 0, 0),
(47591, 11323, 389, -199.194, 159.015, -25.1366, 5.51524, 7200, 7200, 0, 0, 819, 0, 0, 0),
(52412, 11323, 389, -257.459, 106.184, -24.9368, 3.85718, 7200, 7200, 0, 0, 819, 0, 0, 0),
(52477, 11323, 389, -267.366, 110.757, -24.9361, 4.76475, 7200, 7200, 0, 0, 819, 0, 0, 0),
(52481, 11323, 389, -263.519, 150.466, -18.9955, 0.106006, 7200, 7200, 0, 1, 819, 0, 0, 2),
(52400, 11323, 389, -283.586, 143.856, -25.2988, 2.44346, 7200, 7200, 0, 0, 819, 0, 0, 0),
(52467, 11323, 389, -283.762, 152.501, -25.3249, 3.52556, 7200, 7200, 0, 0, 819, 0, 0, 0),
(47586, 11323, 389, -237.417, 192.851, -24.3585, 0.645772, 7200, 7200, 0, 0, 819, 0, 0, 0),
(52406, 11323, 389, -230.133, 191.085, -24.9191, 1.79769, 7200, 7200, 0, 0, 819, 0, 0, 0),
(52408, 11323, 389, -329.782, 210.636, -19.9161, 0.820305, 7200, 7200, 0, 0, 819, 0, 0, 0),
(47597, 11323, 389, -321.875, 247.56, -11.5076, 0.226893, 7200, 7200, 0, 0, 819, 0, 0, 0),
(52401, 11323, 389, -318.951, 256.642, -11.5058, 5.21853, 7200, 7200, 0, 0, 819, 0, 0, 0),
(52487, 11323, 389, -336.361, 224.257, -20.2678, 5.98648, 7200, 7200, 0, 0, 819, 0, 0, 0),
(52405, 11323, 389, -404.929, 181.384, 6.57811, 1.91986, 7200, 7200, 0, 0, 819, 0, 0, 0),
(47595, 11323, 389, -412.364, 177.342, 6.70869, 1.36136, 7200, 7200, 0, 0, 819, 0, 0, 0),
(52398, 11323, 389, -334.419, 216.177, -20.6274, 0.357766, 7200, 7200, 0, 0, 819, 0, 0, 0),
(123163, 11324, 389, -261.428, 94.8909, -24.9335, 3.9619, 7200, 7200, 4, 0, 723, 902, 0, 1),
(82915, 11324, 389, -183.648, 160.15, -25.2199, 2.14356, 7200, 7200, 2, 0, 723, 902, 0, 1),
(82911, 11324, 389, -297.067, 154.025, -25.1295, 3.14651, 7200, 7200, 0, 0, 723, 902, 0, 0),
(123161, 11324, 389, -284.913, 216.073, -25.0184, 2.53073, 7200, 7200, 5, 0, 723, 902, 0, 1),
(82909, 11324, 389, -299.173, 199.104, -24.7852, 3.08923, 7200, 7200, 0, 0, 723, 902, 0, 0),
(123164, 11324, 389, -231.167, 212.064, -24.9235, 5.09528, 7200, 7200, 1, 0, 723, 902, 0, 1),
(82914, 11324, 389, -316.556, 222.633, -22.1718, 4.07439, 7200, 7200, 0, 0, 723, 902, 0, 0),
(82907, 11324, 389, -375.796, 256.279, -4.84658, 5.98416, 7200, 7200, 0, 0, 723, 902, 0, 0),
(82920, 11324, 389, -385.122, 239.621, -4.84661, 4.5914, 7200, 7200, 0, 0, 723, 902, 0, 0),
(123162, 11324, 389, -367.19, 180.435, -22.1573, 1.02974, 7200, 7200, 2, 0, 723, 902, 0, 1),
(47575, 11517, 389, -147.548, 38.7127, -38.8039, 4.39823, 36000, 36000, 0, 0, 1424, 0, 0, 0),
(47573, 11518, 389, -376.811, 209.224, -21.801, 5.91667, 36000, 36000, 0, 0, 1382, 1712, 0, 0),
(47574, 11519, 389, -384.867, 146.045, 7.82184, 2.51327, 36000, 36000, 0, 0, 1513, 0, 0, 0),
(52402, 11520, 389, -244.743, 150.085, -18.7494, 4.28461, 36000, 36000, 0, 0, 1869, 0, 0, 0),
(52484, 11834, 389, -148.075, 23.5742, -38.6318, 4.11898, 7200, 7200, 0, 0, 300, 0, 0, 0);

-- ===========
-- GAMEOBJECTS
-- ===========

INSERT INTO `gameobject` (`guid`, `id`, `map`, `position_x`, `position_y`, `position_z`, `orientation`, `rotation0`, `rotation1`, `rotation2`, `rotation3`, `spawntimesecsmin`, `spawntimesecsmax`, `animprogress`, `state`) VALUES
(71335, 175287, 389, 66.6137, 34.3891, -8.68421, 2.7838, 0, 0, 0.984041, 0.177944, 3600, 3600, 100, 1),
(71328, 175288, 389, 17.9346, 52.2161, -11.1568, 2.7838, 0, 0, 0.984041, 0.177944, 3600, 3600, 100, 1),
(71336, 175289, 389, 42.1618, 8.73129, 10.9549, 3.14159, 0, 0, 1, 0, 3600, 3600, 100, 1),
(71326, 175290, 389, 25.4365, 6.90505, 11.0928, 2.87056, 0.023353, 0.002362, 0.990576, 0.134938, 3600, 3600, 100, 1),
(71334, 175291, 389, 59.6263, 56.4047, -8.96765, 3.14159, 0, 0, 1, 0, 3600, 3600, 100, 1),
(71329, 175292, 389, 39.1689, 52.8595, -3.46941, 3.14159, 0, 0, 1, 0, 3600, 3600, 100, 1),
(71332, 175293, 389, 1.82074, 32.2247, -11.459, 3.14159, 0, 0, 1, 0, 3600, 3600, 100, 1),
(71327, 175294, 389, 51.6565, 38.0719, -8.68831, 2.36492, 0, 0, 0.92554, 0.378649, 3600, 3600, 100, 1),
(71337, 175298, 389, -4.42081, 120.719, 12.2467, 2.02458, 0, 0, 0.848048, 0.529919, 3600, 3600, 100, 1),
(71331, 175305, 389, 2.43144, 65.4367, -9.98579, 3.14159, 0, 0, 1, 0, 3600, 3600, 100, 1),
(71330, 175307, 389, 62.3991, 61.4202, -9.25621, 3.14159, 0, 0, 1, 0, 3600, 3600, 100, 1),
(71333, 175308, 389, 5.65531, 68.3387, -9.77679, -0.610865, 0, 0, -0.300706, 0.953717, 3600, 3600, 100, 1),
(71338, 175310, 389, 13.7698, 100.689, -1.96314, -2.54818, 0, 0, 0.956305, -0.292372, 3600, 3600, 100, 1),

-- TBC+ only (Paladin quest - The Path of the Adept 9692)
(71339, 182024, 389, -370.133, 162.519, -21.1299, -1.29154, 0, 0, 0, 0, 3600, 3600, 100, 1);

-- ======
-- EVENTS
-- ======

-- INSERT INTO `game_event_creature` (`guid`, `event`) VALUES
-- INSERT INTO `game_event_creature_data` (`guid`, `entry_id`, `modelid`, `equipment_id`, `spell_start`, `spell_end`, `event`) VALUES
-- INSERT INTO `game_event_gameobject` (`guid`, `event`) VALUES

-- =======
-- POOLING
-- =======

-- INSERT INTO `pool_pool` (`pool_id`, `mother_pool`, `chance`, `description`) VALUES
-- INSERT INTO `pool_template` (`entry`, `max_limit`, `description`) VALUES
-- INSERT INTO `pool_creature` (`guid`, `pool_entry`, `chance`, `description`) VALUES
-- INSERT INTO `pool_creature_template` (`id`, `pool_entry`, `chance`, `description`) VALUES
-- INSERT INTO `pool_gameobject` (`guid`, `pool_entry`, `chance`, `description`) VALUES
-- INSERT INTO `pool_gameobject_template` (`id`, `pool_entry`, `chance`, `description`) VALUES

-- =========
-- DBSCRIPTS
-- =========

-- INSERT INTO `dbscripts_on_creature_movement` (`id`, `delay`, `command`, `datalong`, `datalong2`, `datalong3`, `buddy_entry`, `search_radius`, `data_flags`, `dataint`, `dataint2`, `dataint3`, `dataint4`, `x`, `y`, `z`, `o`, `comments`) VALUES
-- INSERT INTO `dbscripts_on_creature_death` (`id`, `delay`, `command`, `datalong`, `datalong2`, `datalong3`, `buddy_entry`, `search_radius`, `data_flags`, `dataint`, `dataint2`, `dataint3`, `dataint4`, `x`, `y`, `z`, `o`, `comments`) VALUES
-- INSERT INTO `dbscripts_on_go_use` (`id`, `delay`, `command`, `datalong`, `datalong2`, `datalong3`, `buddy_entry`, `search_radius`, `data_flags`, `dataint`, `dataint2`, `dataint3`, `dataint4`, `x`, `y`, `z`, `o`, `comments`) VALUES

DELETE FROM `dbscripts_on_go_template_use` WHERE `id` = 182024;
INSERT INTO `dbscripts_on_go_template_use` (`id`, `delay`, `command`, `datalong`, `datalong2`, `datalong3`, `buddy_entry`, `search_radius`, `data_flags`, `dataint`, `dataint2`, `dataint3`, `dataint4`, `x`, `y`, `z`, `o`, `comments`) VALUES
-- TBC+ only (Paladin quest - The Path of the Adept 9692)
(182024, 0, 10, 17830, 30000, 0, 0, 0, 0, 0, 0, 0, 0, -368.557, 172.036, -21.784, 4.61, ''),
(182024, 1000, 0, 0, 0, 0, 17830, 10, 0, 2000000802, 0, 0, 0, 0, 0, 0, 0, '');

-- INSERT INTO `dbscripts_on_relay` (`id`, `delay`, `command`, `datalong`, `datalong2`, `datalong3`, `buddy_entry`, `search_radius`, `data_flags`, `dataint`, `dataint2`, `dataint3`, `dataint4`, `x`, `y`, `z`, `o`, `comments`) VALUES
-- INSERT INTO `dbscripts_on_event` (`id`, `delay`, `command`, `datalong`, `datalong2`, `datalong3`, `buddy_entry`, `search_radius`, `data_flags`, `dataint`, `dataint2`, `dataint3`, `dataint4`, `x`, `y`, `z`, `o`, `comments`) VALUES
-- INSERT INTO `dbscripts_on_spell` (`id`, `delay`, `command`, `datalong`, `datalong2`, `datalong3`, `buddy_entry`, `search_radius`, `data_flags`, `dataint`, `dataint2`, `dataint3`, `dataint4`, `x`, `y`, `z`, `o`, `comments`) VALUES
-- INSERT INTO `dbscripts_on_gossip` (`id`, `delay`, `command`, `datalong`, `datalong2`, `datalong3`, `buddy_entry`, `search_radius`, `data_flags`, `dataint`, `dataint2`, `dataint3`, `dataint4`, `x`, `y`, `z`, `o`, `comments`) VALUES
-- INSERT INTO `dbscripts_on_quest_start` (`id`, `delay`, `command`, `datalong`, `datalong2`, `datalong3`, `buddy_entry`, `search_radius`, `data_flags`, `dataint`, `dataint2`, `dataint3`, `dataint4`, `x`, `y`, `z`, `o`, `comments`) VALUES
-- INSERT INTO `dbscripts_on_quest_end` (`id`, `delay`, `command`, `datalong`, `datalong2`, `datalong3`, `buddy_entry`, `search_radius`, `data_flags`, `dataint`, `dataint2`, `dataint3`, `dataint4`, `x`, `y`, `z`, `o`, `comments`) VALUES

DELETE FROM `dbscript_string` WHERE `entry` = 2000000802;
INSERT INTO `dbscript_string` (`entry`, `content_default`, `sound`, `type`, `language`, `emote`, `comment`) VALUES
-- TBC+ only (Paladin quest - The Path of the Adept 9692)
(2000000802, 'Insolent fool! You thought to steal Zelemar''s blood? You shall pay with your own!', 0, 1, 0, 0, '');

-- INSERT INTO `dbscript_random_templates` (`id`, `type`, `target_id`, `chance`, `comments`) VALUES


