-- =========
-- CREATURES
-- =========

INSERT INTO `creature_movement` (`id`, `point`, `position_x`, `position_y`, `position_z`, `orientation`, `waittime`, `script_id`) VALUES
(54816, 1, -367.898, -267.587, 12.6892, 0.0211422, 18000, 1863103),
(54816, 2, -354.834, -267.555, 12.6874, 0.0211422, 18000, 1863103),
(80613, 1, -254.365, -46.4247, 8.15618, 3.08923, 26000, 1863102),
(80607, 1, -246.87, -45.9737, 8.15617, 3.10669, 26000, 1863102),
(80604, 1, -255.435, -31.2176, 8.17054, 3.28122, 26000, 1863102),
(80605, 1, -263.761, -29.1943, 8.18301, 3.12414, 26000, 1863102),
(80611, 1, -271.784, -45.5444, 8.15619, 3.1765, 26000, 1863102),
(80610, 1, -275.089, -4.42197, 8.15625, 3.66519, 26000, 1863102),
(80612, 1, -273.674, -80.3384, 8.15627, 2.74017, 26000, 1863102),
(80614, 1, -287.804, -96.3896, 8.15635, 5.48033, 8000, 1863101),
(80601, 1, -276.704, 22.5176, 8.15633, 0.017453, 8000, 1863101),
(80606, 1, -286.707, -99.5, 8.15633, 1.32645, 6000, 1863101),
(80602, 1, -172.173, -325.754, 17.1697, 5.53269, 2000, 1863201),
(80602, 2, -160.339, -328.603, 17.0869, 4.72687, 5000, 1863202),
(80630, 1, -168.532, -352.302, 17.1662, 4.83456, 2000, 1863201),
(80630, 2, -162.415, -350.568, 17.0835, 4.74318, 5000, 1863202),
(80634, 1, -135.771, -329.128, 17.1687, 3.50811, 2000, 1863201),
(80634, 2, -152.625, -325.811, 17.0865, 4.68167, 5000, 1863202),
(80631, 1, -174.082, -354.553, 17.1667, 5.35816, 2000, 1863201),
(80631, 2, -149.628, -355.988, 17.0834, 4.65396, 5000, 1863202),
(80635, 1, -171.642, -370.791, 17.0818, 0.523599, 2000, 1863201),
(80635, 2, -150.133, -378.117, 17.0814, 4.64736, 5000, 1863202),
(80633, 1, -173.133, -366.97, 17.0828, 5.91667, 2000, 1863201),
(80633, 2, -163.108, -374.718, 17.0811, 4.75488, 5000, 1863202),
(80629, 1, -142.203, -390.029, 17.0806, 4.4855, 2000, 1863201),
(80629, 2, -148.384, -417.065, 17.0784, 4.59443, 5000, 1863202),
(80628, 1, -140.54, -410.52, 17.079, 1.44862, 2000, 1863201),
(80628, 2, -162.943, -421.588, 17.0776, 4.77894, 5000, 1863202),
(80632, 1, -73.9905, -56.6604, -1.12827, 1.30588, 0, 0),
(80632, 2, -73.2549, -45.9498, -1.12827, 1.65538, 0, 0),
(80632, 3, -75.0944, -30.1813, -1.12822, 1.58469, 0, 0),
(80632, 4, -70.5653, -8.30113, -1.12822, 1.61375, 0, 0),
(80632, 5, -72.3215, 4.56919, -1.12987, 2.16133, 0, 0),
(80632, 6, -77.9667, 14.1025, -1.12999, 2.66848, 0, 0),
(80632, 7, -83.7679, 16.5422, -1.12999, 2.7046, 60000, 1863301),
(80632, 8, -83.6025, 8.70041, -1.12999, 4.35829, 0, 0),
(80632, 9, -87.8532, 5.27927, -1.13002, 3.23674, 0, 0),
(80632, 10, -92.5521, 6.64523, -1.12897, 2.86996, 60000, 1863301),
(80632, 11, -72.5581, 4.44944, -1.12984, 5.47435, 0, 0),
(80632, 12, -70.761, 0.231342, -1.12984, 4.87253, 0, 0),
(80632, 13, -71.5466, -14.8948, -1.12984, 4.53246, 0, 0),
(80632, 14, -78.4255, -35.2431, -1.12984, 4.19081, 12000, 1863302),
(80632, 15, -70.3944, -6.51887, -1.12814, 1.53224, 0, 0),
(80632, 16, -71.9001, 5.61683, -1.12964, 2.31528, 0, 0),
(80632, 17, -77.8864, 14.2479, -1.12942, 2.53049, 0, 0),
(80632, 18, -77.9667, 14.1025, -1.12999, 2.66848, 0, 0),
(80632, 19, -83.7679, 16.5422, -1.12999, 2.7046, 60000, 1863301),
(80632, 20, -83.6025, 8.70041, -1.12999, 4.35829, 0, 0),
(80632, 21, -87.8532, 5.27927, -1.13002, 3.23674, 0, 0),
(80632, 22, -92.5521, 6.64523, -1.12897, 2.86996, 60000, 1863301),
(80632, 23, -91.8479, 10.6848, -1.12769, 2.02198, 0, 0),
(80632, 24, -95.1975, 15.9352, -1.12819, 1.84574, 5000, 1863303),
(54809, 1, -47.365, -33.8044, -1.04484, 0.331613, 12000, 1863305),
(54804, 1, -73.5278, -1.96912, -1.04486, 1.22173, 9000, 1863305),
(59495, 1, -85.9936, 11.2334, -1.04485, 3.56047, 15000, 1863305),
(120360, 1, -54.6675, -85.9776, -1.12963, 2.99316, 0, 0),
(120360, 2, -70.376, -87.7163, -1.12963, 3.80604, 0, 0),
(120360, 3, -74.892, -92.3215, -1.12963, 3.89636, 30000, 1863304),
(120360, 4, -76.8264, -87.9499, -1.12963, 2.95703, 0, 0),
(120360, 5, -83.747, -84.5661, -1.13266, 3.0285, 0, 0),
(120360, 6, -88.7698, -85.5596, -1.1298, 3.94742, 0, 0),
(120360, 7, -93.4333, -92.9113, -1.1298, 0.802851, 30000, 1863304),
(120360, 8, -87.759, -84.1235, -1.12985, 0.252121, 0, 0),
(120360, 9, -84.2478, -84.9727, -1.132, 5.96982, 0, 0),
(120360, 10, -54.1444, -86.075, -1.12955, 0.012572, 0, 0),
(120360, 11, -43.3482, -84.6378, -1.13556, 0.436687, 0, 0),
(120360, 12, -38.9303, -82.203, -1.1357, 0.742207, 0, 0),
(120360, 13, -31.7121, -76.6745, -1.13016, 0.71943, 30000, 1863304),
(120360, 14, -41.2586, -83.6097, -1.13761, 3.66232, 0, 0),
(120360, 15, -47.1808, -85.1115, -1.13502, 3.25599, 0, 0),
(120360, 16, -53.786, -86.0242, -1.12974, 5.27917, 0, 0),
(120360, 17, -48.3232, -89.7437, -1.12831, 5.62, 30000, 1863304),
(58906, 1, -90.6977, -92.3565, -1.04497, 0.715585, 12000, 1863305),
(80682, 1, -247.273, -49.6712, 8.15618, 3.03687, 26000, 1863306),
(80681, 1, -255.77, -27.5678, 8.18844, 3.24631, 26000, 1863306),
(80620, 1, -263.805, -48.9857, 8.15618, 3.10669, 26000, 1863306),
(80619, 1, -271.978, -47.9963, 8.15619, 3.14159, 26000, 1863306),
(80624, 1, -265.829, 0.056211, 8.15626, 3.68265, 26000, 1863306),
(80626, 1, -272.845, -76.4279, 8.15625, 2.6529, 26000, 1863306),
(54829, 1, -454.315, -183.092, 12.7725, 5.06145, 11000, 1863305),
(54891, 1, -175.894, -349.783, 17.166, 5.61996, 4000, 1863401),
(54891, 2, -156.496, -325.849, 17.0865, 4.73628, 5000, 1863403),
(80627, 1, -156.498, -328.007, 17.1696, 3.14159, 1000, 0),
(80627, 2, -156.498, -328.007, 17.1696, 3.14159, 2000, 1863403),
(80623, 1, -135.201, -360.271, 17.0819, 3.49066, 2000, 1863401),
(80623, 2, -157.038, -354.905, 17.0836, 4.70637, 5000, 1863402),
(54823, 1, -136.037, -343.41, 17.1648, 3.1765, 2000, 1863401),
(54823, 2, -162.127, -345.104, 17.084, 4.74018, 15000, 0),
(54823, 3, -149.744, -341.401, 17.0847, 4.66016, 15000, 0),
(54823, 4, -154.979, -338.741, 17.0853, 4.66635, 15000, 0),
(54823, 5, -162.127, -345.104, 17.084, 4.74018, 15000, 0),
(54823, 6, -149.744, -341.401, 17.0847, 4.66016, 15000, 0),
(54823, 7, -154.979, -338.741, 17.0853, 4.66635, 15000, 0),
(54823, 8, -162.127, -345.104, 17.084, 4.74018, 15000, 1863402),
(80615, 1, -141.612, -363.212, 17.0827, 4.2586, 2000, 1863401),
(80615, 2, -157.923, -374.597, 17.0818, 4.71262, 5000, 1863402),
(80625, 1, -171.826, -401.41, 17.0799, 0.890118, 2000, 1863401),
(80625, 2, -158.9, -420.073, 17.0777, 4.7254, 5000, 1863402),
(54820, 1, -134.274, -388.795, 17.1657, 3.14159, 2000, 1863401),
(54820, 2, -145.634, -396.327, 17.0802, 3.72706, 15000, 0),
(54820, 3, -164.682, -401.259, 17.0797, 5.26035, 15000, 0),
(54820, 4, -155.47, -402.097, 17.0795, 5.04987, 15000, 1863403),
(80617, 1, -143.49, -443.834, 17.078, 3.15222, 20000, 1863401),
(80617, 2, -154.002, -443.803, 17.0779, 4.60457, 5000, 1863403),
(80616, 1, -62.1643, -18.331, -1.12955, 0.231035, 0, 0),
(80616, 2, -58.8384, -12.529, -1.12955, 1.52616, 0, 0),
(80616, 3, -58.4549, 6.17609, -1.12955, 1.26383, 0, 0),
(80616, 4, -55.2975, 10.4386, -1.12955, 0.618236, 0, 0),
(80616, 5, -38.1628, 9.84286, -1.1295, 5.70997, 0, 0),
(80616, 6, -37.3887, 5.34975, -1.13016, 4.76986, 0, 0),
(80616, 7, -39.8703, -3.38196, -1.13844, 3.90954, 10000, 1863501),
(80616, 8, -38.0451, 10.1566, -1.12945, 1.55365, 0, 0),
(80616, 9, -39.8703, -3.38196, -1.13844, 3.90954, 10000, 1863501),
(80616, 10, -38.0451, 10.1566, -1.12945, 1.55365, 0, 0),
(80616, 11, -39.8703, -3.38196, -1.13844, 3.90954, 10000, 1863501),
(80616, 12, -38.0451, 10.1566, -1.12945, 1.55365, 0, 0),
(80616, 13, -56.0397, 16.2384, -1.12952, 1.81262, 10000, 1863501),
(80616, 14, -59.0589, -14.4868, -1.12952, 4.34003, 0, 0),
(80616, 15, -63.3941, -18.394, -1.12952, 3.14309, 0, 0),
(80616, 16, -91.7216, -19.2639, -1.12952, 0.0386012, 0, 0),
(80622, 1, -44.641, -34.6061, -1.04484, 1.44862, 17000, 1863502),
(80621, 1, -35.078, -81.0337, -1.04491, 5.18363, 10000, 1863502),
(54812, 1, -74.3842, -0.151916, -1.04487, 0.034907, 14000, 1863502),
(54811, 1, -91.919, -88.183, -1.04498, 6.00393, 13000, 1863502),
(54815, 1, -254.445, -49.5956, 8.15618, 3.01942, 26000, 1863503),
(80673, 1, -265.305, -82.2931, 8.15626, 2.84489, 26000, 1863503),
(80674, 1, -263.687, -31.7085, 8.17044, 3.33358, 26000, 1863503),
(54826, 1, -271.845, -50.1835, 8.15619, 3.1765, 26000, 1863503),
(80694, 1, -267.801, 3.11204, 8.15628, 3.76991, 26000, 1863503),
(80693, 1, -281.939, 20.0421, 8.15636, 5.68977, 6000, 1863502),
(80692, 1, -453.685, -186.804, 12.7725, 1.53589, 14000, 1863502),
(80690, 1, -259.502, -139.134, 8.07293, 0, 0, 0),
(80690, 2, -252.433, -129.016, 8.07289, 0, 0, 0),
(80690, 3, -262.76, -119.128, 8.07287, 0, 0, 0),
(80690, 4, -262.983, -108.651, 8.07291, 0, 0, 0),
(80690, 5, -253.894, -100.016, 8.07295, 0, 0, 0),
(80690, 6, -249.994, -93.9586, 8.07293, 0, 0, 0),
(80690, 7, -247.397, -82.0504, 8.07292, 0, 0, 0),
(80690, 8, -241.062, -70.8497, 8.07329, 0, 0, 0),
(80690, 9, -241.743, -58.0633, 8.07286, 0, 0, 0),
(80690, 10, -237.793, -47.4791, 8.08071, 0, 0, 0),
(80690, 11, -226.584, -40.0161, 8.07293, 0, 0, 0),
(80690, 12, -203.688, -40.2474, 8.07236, 0, 0, 0),
(80690, 13, -185.545, -40.0513, 8.07306, 0, 0, 0),
(80690, 14, -170.723, -23.7019, 8.07309, 0, 0, 0),
(80690, 15, -162.404, -5.9313, 8.07312, 0, 0, 0),
(80690, 16, -150.703, -5.73738, 8.07309, 0, 0, 0),
(80690, 17, -143.714, -18.5174, 8.07303, 0, 0, 0),
(80690, 18, -154.102, -35.2104, 8.07308, 0, 0, 0),
(80690, 19, -175.825, -35.6179, 8.07307, 0, 0, 0),
(80690, 20, -198.529, -36.9448, 8.07281, 0, 0, 0),
(80690, 21, -223.998, -36.702, 8.07282, 0, 0, 0),
(80690, 22, -237.842, -34.7889, 8.07285, 0, 0, 0),
(80690, 23, -241.432, -21.5708, 8.07132, 0, 0, 0),
(80690, 24, -239.763, -7.25364, 8.07291, 0, 0, 0),
(80690, 25, -251.78, 13.2063, 8.07296, 0, 0, 0),
(80690, 26, -267.256, 31.8516, 8.07302, 0, 0, 0),
(80690, 27, -251.78, 13.2063, 8.07296, 0, 0, 0),
(80690, 28, -239.763, -7.25364, 8.07291, 0, 0, 0),
(80690, 29, -241.432, -21.5708, 8.07132, 0, 0, 0),
(80690, 30, -237.842, -34.7889, 8.07285, 0, 0, 0),
(80690, 31, -223.998, -36.702, 8.07282, 0, 0, 0),
(80690, 32, -198.529, -36.9448, 8.07281, 0, 0, 0),
(80690, 33, -175.825, -35.6179, 8.07307, 0, 0, 0),
(80690, 34, -154.102, -35.2104, 8.07308, 0, 0, 0),
(80690, 35, -143.714, -18.5174, 8.07303, 0, 0, 0),
(80690, 36, -150.703, -5.73738, 8.07309, 0, 0, 0),
(80690, 37, -162.404, -5.9313, 8.07312, 0, 0, 0),
(80690, 38, -170.723, -23.7019, 8.07309, 0, 0, 0),
(80690, 39, -185.545, -40.0513, 8.07306, 0, 0, 0),
(80690, 40, -203.688, -40.2474, 8.07236, 0, 0, 0),
(80690, 41, -226.584, -40.0161, 8.07293, 0, 0, 0),
(80690, 42, -237.793, -47.4791, 8.08071, 0, 0, 0),
(80690, 43, -241.743, -58.0633, 8.07286, 0, 0, 0),
(80690, 44, -241.062, -70.8497, 8.07329, 0, 0, 0),
(80690, 45, -247.397, -82.0504, 8.07292, 0, 0, 0),
(80690, 46, -249.994, -93.9586, 8.07293, 0, 0, 0),
(80690, 47, -253.894, -100.016, 8.07295, 0, 0, 0),
(80690, 48, -262.983, -108.651, 8.07291, 0, 0, 0),
(80690, 49, -262.76, -119.128, 8.07287, 0, 0, 0),
(80690, 50, -252.433, -129.016, 8.07289, 0, 0, 0),
(80690, 51, -259.502, -139.134, 8.07293, 0, 0, 0),
(80690, 52, -271.497, -139.961, 8.07292, 0, 0, 0),
(80689, 1, -263.909, 60.7563, 8.07294, 0, 0, 0),
(80689, 2, -254.42, 47.7795, 8.07289, 0, 0, 0),
(80689, 3, -261.092, 38.6746, 8.07302, 0, 0, 0),
(80689, 4, -262.173, 30.0406, 8.07304, 0, 0, 0),
(80689, 5, -252.122, 9.53923, 8.07295, 0, 0, 0),
(80689, 6, -240.799, -5.27108, 8.07291, 0, 0, 0),
(80689, 7, -240.092, -23.2612, 8.07719, 0, 0, 0),
(80689, 8, -233.404, -39.6883, 8.07282, 0, 0, 0),
(80689, 9, -215.852, -38.7785, 8.07213, 0, 0, 0),
(80689, 10, -186.82, -38.323, 8.07306, 0, 0, 0),
(80689, 11, -173.064, -47.282, 8.07309, 0, 0, 0),
(80689, 12, -165.05, -68.8386, 8.07387, 0, 0, 0),
(80689, 13, -157.938, -88.643, 8.07274, 0, 0, 0),
(80689, 14, -155.361, -111.119, 7.55149, 0, 0, 0),
(80689, 15, -133.633, -132.315, 4.72097, 0, 0, 0),
(80689, 16, -116.324, -136.868, 3.44735, 0, 0, 0),
(80689, 17, -113.993, -148.454, 3.4456, 0, 0, 0),
(80689, 18, -138.426, -136.858, 4.84843, 0, 0, 0),
(80689, 19, -156.921, -111.204, 7.55663, 0, 0, 0),
(80689, 20, -159.264, -87.7309, 8.07218, 0, 0, 0),
(80689, 21, -165.948, -69.1778, 8.07333, 0, 0, 0),
(80689, 22, -174.444, -48.5835, 8.07309, 0, 0, 0),
(80689, 23, -187.673, -40.0602, 8.07306, 0, 0, 0),
(80689, 24, -215.978, -40.6346, 8.07234, 0, 0, 0),
(80689, 25, -233.618, -41.5714, 8.07282, 0, 0, 0),
(80689, 26, -239.929, -52.5258, 8.08128, 0, 0, 0),
(80689, 27, -240.387, -63.6061, 8.07487, 0, 0, 0),
(80689, 28, -242.323, -73.0425, 8.07289, 0, 0, 0),
(80689, 29, -247.836, -81.5087, 8.07292, 0, 0, 0),
(80689, 30, -251.187, -98.276, 8.07294, 0, 0, 0),
(80689, 31, -261.448, -107.77, 8.07292, 0, 0, 0),
(80689, 32, -262.413, -116.922, 8.07288, 0, 0, 0),
(80689, 33, -257.215, -128.914, 8.07291, 0, 0, 0),
(80689, 34, -255.569, -136.308, 8.07293, 0, 0, 0),
(80689, 35, -262.781, -140.383, 8.07292, 0, 0, 0),
(80689, 36, -274.367, -140.108, 8.07292, 0, 0, 0),
(80689, 37, -284.312, -131.71, 8.07295, 0, 0, 0),
(80689, 38, -282.427, -123.881, 8.08785, 0, 0, 0),
(80689, 39, -267.072, -118.472, 8.07287, 0, 0, 0),
(80689, 40, -262.538, -107.507, 8.07292, 0, 0, 0),
(80689, 41, -252.467, -97.805, 8.07294, 0, 0, 0),
(80689, 42, -248.603, -81.2358, 8.07292, 0, 0, 0),
(80689, 43, -243.103, -72.7143, 8.07289, 0, 0, 0),
(80689, 44, -241.075, -63.5673, 8.07476, 0, 0, 0),
(80689, 45, -240.531, -52.5092, 8.08105, 0, 0, 0),
(80689, 46, -241.349, -23.5648, 8.07872, 0, 0, 0),
(80689, 47, -241.594, -5.78627, 8.07289, 0, 0, 0),
(80689, 48, -254.014, 9.82517, 8.07296, 0, 0, 0),
(80689, 49, -263.404, 29.2107, 8.07304, 0, 0, 0),
(80689, 50, -278.661, 41.8279, 8.07863, 0, 0, 0),
(80689, 51, -281.339, 55.2473, 8.07299, 0, 0, 0),
(80688, 1, -263.226, -45.5273, 8.15618, 3.12414, 26000, 1863701),
(80687, 1, -264.152, -79.2966, 8.15624, 2.87979, 26000, 1863701),
(54827, 1, -263.794, -26.8056, 8.19487, 3.49066, 26000, 1863701),
(54822, 1, -275.427, -0.559913, 8.15628, 3.56047, 26000, 1863701),
(130997, 1, -288.554718, -263.699402, 12.682985, 100, 18000, 1863801),
(130997, 2, -313.295, -263.085, 12.6835, 0.0211422, 0, 0),
(130997, 3, -323.666718, -263.655304, 12.685335, 100, 0, 0),
(130997, 4, -322.766266, -263.664520, 12.685326, 100, 18000, 1863801),
(80676, 1, -139.912, -353.917, 17.1665, 5.75959, 4000, 1863901),
(80676, 2, -153.403, -352.024, 17.0838, 4.70338, 7000, 1863902),
(80680, 1, -140.42, -369.956, 17.0815, 3.03687, 2000, 1863901),
(80680, 2, -153.032, -375.78, 17.0816, 4.6724, 7000, 1863902),
(80677, 1, -143.33, -397.343, 17.0801, 2.37365, 2000, 1863901),
(80677, 2, -153.364, -417.684, 17.078, 4.65555, 7000, 1863902),
(80675, 1, -179.281, -350.271, 17.1665, 5.98648, 2000, 1863901),
(80675, 2, -164.621, -364.47, 17.0824, 4.77388, 20000, 0),
(80675, 3, -149.681, -366.439, 17.0824, 4.61994, 5000, 1863903),
(130999, 1, -134.274, -388.795, 17.1657, 3.72706, 17000, 1863901),
(130999, 2, -134.274, -388.795, 17.1657, 3.72706, 1000, 1863904),
(130999, 3, -164.751, -400.857, 17.0797, 4.51183, 5000, 1863902),
(80685, 1, -176.776, -434.265, 17.1622, 0.279253, 30000, 1863901),
(80685, 2, -165.452, -432.216, 17.0783, 4.61994, 20000, 0),
(80685, 3, -157.677, -431.365, 17.0778, 4.61994, 20000, 0),
(80685, 4, -151.013, -429.674, 17.0777, 4.61994, 12000, 0),
(80685, 5, -151.013, -429.674, 17.0777, 4.61994, 5000, 1863903),
(54819, 1, -130.551, -443.696, 17.164, 3.14527, 60000, 1863901),
(54819, 2, -149.68, -443.899, 17.0779, 4.60428, 2000, 1863904),
(54813, 1, -51.2688, -78.5158, -1.0449, 2.49582, 7000, 1864002),
(54813, 2, -51.2688, -78.5158, -1.0449, 2.49582, 7000, 1864003),
(54813, 3, -51.2688, -78.5158, -1.0449, 2.49582, 7000, 1864004),
(54813, 4, -51.2688, -78.5158, -1.0449, 2.49582, 7000, 1864005),
(80642, 1, -74.4987, -77.2237, -1.04497, 1.55334, 9000, 1864001),
(80636, 1, -259.324, 5.18744, 8.15627, 3.64774, 26000, 1864006),
(80637, 1, -282.122, -76.7587, 8.15625, 2.72271, 26000, 1864006),
(80640, 1, -73.1844, -72.6354, -1.1283, 0, 2000, 1864101),
(80640, 2, -78.9781, -68.9761, -1.12973, 0, 0, 0),
(80640, 3, -79.0138, -64.0902, -1.1296, 0, 0, 0),
(80640, 4, -73.483, -62.1501, -1.1296, 0, 0, 0),
(80640, 5, -65.6294, -68.134, -1.1296, 0, 0, 0),
(80640, 6, -64.7255, -75.9003, -1.1296, 0, 0, 0),
(80640, 7, -70.5239, -77.2716, -1.1296, 0, 0, 0),
(91992, 1, -343.154, -16.6486, 12.6888, 0, 2000, 1866701),
(91992, 2, -323.331, -36.0149, 12.6888, 0, 8000, 1866702),
(91992, 3, -333.81, -60.0253, 12.6888, 0, 2000, 1866703),
(54830, 1, -253.06, -264.024, 17.0864, 3.15559, 13000, 1873201),
(54839, 1, -429.292, -151.568, 12.7285, 1.08457, 0, 0),
(54839, 2, -421.039, -139.61, 13.5211, 1.40737, 0, 0),
(54839, 3, -418.878, -129.877, 12.7572, 1.52439, 0, 0),
(54839, 4, -421.126, -120.375, 12.7369, 2.57133, 0, 0),
(54839, 5, -428.992, -119.874, 12.7277, 4.1587, 0, 0),
(54839, 6, -431.674, -129.208, 12.8984, 4.68177, 0, 0),
(54839, 7, -430.502, -145.853, 12.5057, 4.65978, 0, 0),
(54839, 8, -430.78, -163.413, 12.4118, 4.68727, 0, 0),
(54839, 9, -431.827, -171.839, 12.912, 4.32207, 0, 0),
(54839, 10, -438.555, -179.567, 13.1316, 4.33699, 0, 0),
(54839, 11, -440.367, -186.258, 12.6892, 4.72261, 0, 0),
(54839, 12, -436.943, -191.156, 12.6892, 5.87636, 0, 0),
(54839, 13, -429.428, -191.682, 12.6892, 0.454692, 0, 0),
(54839, 14, -424.702, -181.096, 12.6892, 1.6375, 0, 0),
(54839, 15, -429.456, -163.267, 12.7784, 1.78437, 0, 0),
(54843, 1, -184.645, -41.3219, 8.07312, 5.84742, 0, 0),
(54843, 2, -179.747, -49.1775, 8.07312, 5.03846, 0, 0),
(54843, 3, -179.576, -62.0679, 8.07312, 5.17826, 0, 0),
(54843, 4, -176.469, -65.0651, 8.07312, 6.14744, 0, 0),
(54843, 5, -172.372, -62.5618, 8.07312, 1.29211, 0, 0),
(54843, 6, -171.186, -16.2219, 8.07312, 1.77356, 0, 0),
(54843, 7, -173.789, -12.5579, 8.07312, 2.7773, 0, 0),
(54843, 8, -178.321, -13.3478, 8.07312, 3.82737, 0, 0),
(54843, 9, -180.416, -17.4129, 8.07312, 4.52794, 0, 0),
(54843, 10, -182.764, -34.4485, 8.07312, 3.96403, 0, 0),
(54843, 11, -193.633, -38.8202, 8.07312, 3.19198, 0, 0),
(54846, 1, -156.123, -77.7129, 8.07317, 4.56329, 0, 0),
(54846, 2, -156.698, -95.8719, 8.07317, 4.71959, 0, 0),
(54846, 3, -155.225, -76.3361, 8.07317, 1.05414, 0, 0),
(54846, 4, -143.051, -63.9529, 8.07317, 0.902555, 0, 0),
(54846, 5, -156.879, -78.4626, 8.07317, 4.35674, 0, 0),
(54846, 6, -156.639, -96.7147, 8.07317, 4.75101, 0, 0),
(54846, 7, -156.324, -76.755, 8.07317, 2.19297, 0, 0),
(54846, 8, -167.977, -66.2064, 8.07317, 2.37518, 0, 0),
(54845, 1, -133.777, -45.4417, 8.07306, 1.4773, 0, 0),
(54845, 2, -133.168, -14.853, 8.07306, 1.82052, 0, 0),
(54845, 3, -136.233, -10.809, 8.07306, 2.89168, 0, 0),
(54845, 4, -138.923, -11.9668, 8.07306, 4.05721, 0, 0),
(54845, 5, -140.664, -17.0985, 8.07306, 4.67218, 0, 0),
(54845, 6, -139.211, -35.3736, 8.07306, 4.47386, 0, 0),
(54845, 7, -141.635, -65.2013, 8.07306, 4.98123, 0, 0),
(54845, 8, -140.107, -68.8754, 8.07168, 6.16325, 0, 0),
(54845, 9, -136.832, -68.4133, 8.07168, 0.693638, 0, 0),
(80651, 1, -271.362, -265.765, 12.7637, 0.11843, 18000, 1883001),
(54890, 1, -277.385, -264.977, 12.6801, 0.0211422, 18000, 1883001),
(54890, 2, -275.271, -270.603, 12.681, 5.49971, 0, 0),
(54890, 3, -264.933, -276.956, 12.681, 5.91872, 0, 0),
(54890, 4, -256.194, -279.953, 13.1726, 1.39639, 18000, 1883001),
(54890, 5, -248.819, -280.789, 16.7317, 6.19124, 0, 0),
(54890, 7, -241.553, -278.927, 17.0864, 0.71466, 0, 0),
(54890, 8, -236.515, -274.199, 17.0864, 1.01547, 0, 0),
(54890, 9, -234.851, -261.641, 17.0864, 3.20202, 18000, 1883001),
(54890, 10, -234.427, -255.882, 17.0864, 1.83228, 0, 0),
(54890, 11, -237.841, -251.432, 17.0864, 2.63339, 0, 0),
(54890, 12, -246.472, -248.127, 17.0864, 3.06379, 0, 0),
(54890, 13, -257.26, -247.805, 12.6795, 3.3049, 0, 0),
(54890, 14, -264.555, -249.428, 12.0578, 3.4934, 0, 0),
(54890, 15, -271.395, -252.176, 12.6814, 3.91516, 0, 0),
(54890, 16, -276.107, -256.337, 12.6814, 4.26152, 0, 0),
(54890, 17, -278.227, -260.905, 12.6814, 4.63536, 0, 0),
(54890, 18, -277.385, -264.977, 12.6801, 0.0211422, 0, 0),
(54814, 1, -429.292, -151.568, 12.7285, 1.08457, 0, 0),
(54814, 2, -421.039, -139.61, 13.5211, 1.40737, 0, 0),
(54814, 3, -418.878, -129.877, 12.7572, 1.52439, 0, 0),
(54814, 4, -421.126, -120.375, 12.7369, 2.57133, 0, 0),
(54814, 5, -428.992, -119.874, 12.7277, 4.1587, 0, 0),
(54814, 6, -431.674, -129.208, 12.8984, 4.68177, 0, 0),
(54814, 7, -430.502, -145.853, 12.5057, 4.65978, 0, 0),
(54814, 8, -430.78, -163.413, 12.4118, 4.68727, 0, 0),
(54814, 9, -431.827, -171.839, 12.912, 4.32207, 0, 0),
(54814, 10, -438.555, -179.567, 13.1316, 4.33699, 0, 0),
(54814, 11, -440.367, -186.258, 12.6892, 4.72261, 0, 0),
(54814, 12, -436.943, -191.156, 12.6892, 5.87636, 0, 0),
(54814, 13, -429.428, -191.682, 12.6892, 0.454692, 0, 0),
(54814, 14, -424.702, -181.096, 12.6892, 1.6375, 0, 0),
(54814, 15, -429.456, -163.267, 12.7784, 1.78437, 0, 0),
(54894, 1, -250.228, 2.6866, 8.07296, 1.67084, 0, 0),
(54894, 2, -254.981, 11.1584, 8.07296, 2.92276, 0, 0),
(54894, 3, -266.85, 10.475, 8.07296, 1.7698, 0, 0),
(54894, 4, -269.391, 30.2374, 8.07296, 1.71639, 0, 0),
(54894, 5, -267.728, 9.55352, 8.07296, 4.04353, 0, 0),
(54894, 6, -276.255, 2.81464, 8.07296, 3.86839, 0, 0),
(54894, 7, -267.646, 10.5747, 8.07296, 1.49334, 0, 0),
(54894, 8, -269.451, 30.236, 8.07296, 1.65356, 0, 0),
(54894, 9, -266.399, 10.8521, 8.07296, 6.21672, 0, 0),
(54894, 10, -254.456, 10.7344, 8.07296, 5.22555, 0, 0),
(54894, 11, -250.863, 1.76369, 8.07296, 3.53762, 0, 0),
(54894, 12, -277.576, -9.4165, 8.07296, 2.77343, 0, 0),
(54894, 13, -292.796, 2.95694, 8.07296, 2.49471, 0, 0),
(54894, 14, -277.495, -9.40503, 8.07296, 0.207622, 0, 0),
(54894, 15, -262.507, -2.5602, 8.07296, 0.476228, 0, 0),
(80648, 1, -240.83, -53.8866, 8.07382, 1.07272, 0, 0),
(80648, 2, -241.476, -42.973, 8.07382, 1.60051, 0, 0),
(80648, 3, -242.377, -22.3699, 8.07382, 2.865, 0, 0),
(80648, 4, -250.474, -21.8143, 8.08259, 3.27969, 0, 0),
(80648, 5, -272.863, -25.1252, 8.13811, 3.7357, 0, 0),
(80648, 6, -275.332, -30.782, 8.09939, 4.68289, 0, 0),
(80648, 7, -275.938, -52.9257, 8.07421, 5.34733, 0, 0),
(80648, 8, -262.235, -53.6467, 8.07421, 6.24817, 0, 0),
(80699, 1, -285.854, -77.5161, 8.07381, 2.06431, 0, 0),
(80699, 2, -282.747, -66.7713, 8.07381, 5.85857, 0, 0),
(80699, 3, -258.559, -76.3208, 8.07381, 6.12874, 0, 0),
(80699, 4, -249.362, -80.1672, 8.07381, 4.85641, 0, 0),
(80699, 5, -249.869, -90.3513, 8.07381, 3.11597, 0, 0),
(80699, 6, -270.731, -85.5789, 8.07381, 2.95182, 0, 0),
(123173, 1, -90.6977, -92.3565, -1.04497, 0.715585, 12000, 1863305),
(123179, 1, -35.078, -81.0337, -1.04491, 5.18363, 10000, 1863502),
(48653, 1, -158.7901, -97.85062, 8.076064, 100, 0, 0),
(48653, 2, -124.1491, -145.636, 3.745104, 100, 0, 0),
(48653, 3, -72.33717, -125.9064, 1.172768, 100, 0, 0),
(48653, 4, -58.553299, -101.500999, -1.214130, 100, 0, 0),
(48653, 5, -56.938900, -92.633904, -1.128320, 100, 0, 0),
(48653, 6, -60.185101, -97.755898, -1.128300, 100, 0, 0),
(48653, 7, -129.5516, -134.2706, 4.218479, 100, 0, 0);

DELETE FROM creature_movement_template WHERE entry IN (18708,18731);
INSERT INTO `creature_movement_template` (`entry`, `pathId`, `point`, `position_x`, `position_y`, `position_z`, `orientation`, `waittime`, `script_id`) VALUES
(18708, 0, 1, -157.895, -497.322, 15.8651, 1.5708, 5000, 1870801),
(18708, 0, 2, -157.895, -497.322, 15.8651, 1.5708, 5000, 1870802),
(18731, 0, 1, -157.366, 2.177, 8.073, 0, 0, 0),
(18731, 0, 2, -172.266, -18.28, 8.073, 0, 0, 0),
(18731, 0, 3, -171.051, -38.748, 8.073, 0, 0, 0),
(18731, 0, 4, -170.718, -59.436, 8.073, 0, 0, 0),
(18731, 0, 5, -156.659, -72.118, 8.073, 0, 0, 0),
(18731, 0, 6, -142.292, -59.423, 8.073, 0, 0, 0),
(18731, 0, 7, -141.779, -38.972, 8.073, 0, 0, 0),
(18731, 0, 8, -142.922, -18.95, 8.073, 0, 0, 0),
(18731, 0, 9, -157.366, 2.177, 8.073, 0, 0, 0);

INSERT INTO `creature_addon` (`guid`, `mount`, `bytes1`, `b2_0_sheath`, `b2_1_pvp_state`, `emote`, `moveflags`, `auras`) VALUES
(80614, 0, 1, 1, 16, 0, 0, ''),
(80601, 0, 0, 1, 16, 69, 0, ''),
(80606, 0, 8, 1, 16, 0, 0, ''),
(80603, 0, 0, 1, 16, 69, 0, ''),
(54824, 0, 0, 1, 16, 69, 0, ''),
(54809, 0, 1, 1, 16, 0, 0, NULL),
(54808, 0, 8, 1, 16, 0, 0, NULL),
(54806, 0, 0, 1, 16, 69, 0, NULL),
(54807, 0, 0, 1, 16, 69, 0, NULL),
(80599, 0, 1, 1, 16, 0, 0, NULL),
(53881, 0, 8, 1, 16, 0, 0, NULL),
(54805, 0, 0, 1, 16, 69, 0, NULL),
(54804, 0, 1, 1, 16, 0, 0, NULL),
(120361, 0, 0, 1, 16, 69, 0, NULL),
(80683, 0, 0, 1, 16, 69, 0, NULL),
(54896, 0, 8, 1, 16, 0, 0, NULL),
(58909, 0, 8, 1, 16, 0, 0, NULL),
(54818, 0, 0, 1, 16, 69, 0, NULL),
(80693, 0, 8, 1, 16, 0, 0, NULL),
(80692, 0, 1, 1, 16, 0, 0, NULL),
(80691, 0, 8, 1, 16, 0, 0, NULL),
(80644, 0, 8, 1, 16, 0, 0, NULL),
(80672, 0, 0, 1, 16, 0, 0, '32958'),
(80667, 0, 0, 1, 16, 0, 0, '32958'),
(80663, 0, 0, 1, 16, 0, 0, '32958'),
(80669, 0, 0, 1, 16, 0, 0, '32958'),
(80666, 0, 0, 1, 16, 0, 0, '32958'),
(80665, 0, 0, 1, 16, 0, 0, '32958'),
(80661, 0, 0, 1, 16, 0, 0, '32958'),
(80655, 0, 0, 1, 16, 0, 0, '32958'),
(80656, 0, 0, 1, 16, 0, 0, '32958'),
(80658, 0, 0, 1, 16, 0, 0, '32958'),
(54835, 0, 0, 1, 16, 0, 0, NULL),
(54834, 0, 0, 1, 16, 0, 0, NULL),
(54833, 0, 0, 1, 16, 0, 0, NULL),
(54832, 0, 0, 1, 16, 0, 0, NULL),
(54831, 0, 0, 1, 16, 0, 0, NULL),
(54847, 0, 0, 1, 16, 0, 0, NULL),
(54848, 0, 0, 1, 16, 0, 0, NULL),
(54849, 0, 0, 1, 16, 0, 0, NULL),
(54850, 0, 0, 1, 16, 0, 0, NULL),
(54851, 0, 0, 1, 16, 0, 0, NULL),
(54852, 0, 1, 1, 16, 0, 0, NULL),
(54856, 0, 0, 1, 16, 0, 0, NULL),
(54889, 0, 0, 1, 16, 0, 0, NULL),
(54888, 0, 0, 1, 16, 0, 0, NULL),
(54887, 0, 0, 1, 16, 0, 0, NULL),
(54869, 0, 0, 1, 16, 0, 0, NULL),
(54870, 0, 0, 1, 16, 0, 0, NULL),
(54871, 0, 0, 1, 16, 0, 0, NULL),
(54872, 0, 0, 1, 16, 0, 0, NULL),
(54873, 0, 0, 1, 16, 0, 0, NULL),
(54874, 0, 0, 1, 16, 0, 0, NULL);

REPLACE INTO `creature_template_addon` (`entry`, `mount`, `bytes1`, `b2_0_sheath`, `b2_1_pvp_state`, `emote`, `moveflags`, `auras`) VALUES
(18631, 0, 0, 1, 16, 0, 0, '8876'),
(18632, 0, 0, 1, 16, 0, 0, NULL),
(18633, 0, 0, 1, 16, 0, 0, NULL),
(18634, 0, 0, 1, 16, 0, 0, NULL),
(18635, 0, 0, 1, 16, 0, 0, NULL),
(18636, 0, 0, 1, 16, 0, 0, '32199'),
(18637, 0, 0, 1, 16, 0, 0, '16592'),
(18638, 0, 0, 1, 16, 0, 0, NULL),
(18639, 0, 0, 1, 16, 0, 0, NULL),
(18640, 0, 0, 1, 16, 0, 0, '13787'),
(18641, 0, 0, 1, 16, 0, 0, NULL),
(18642, 0, 0, 1, 16, 0, 0, NULL),
(18667, 0, 0, 1, 16, 0, 0, NULL),
(18708, 0, 0, 1, 16, 0, 0, NULL),
(18731, 0, 0, 1, 16, 0, 0, '18950 30231'),
(18732, 0, 0, 1, 16, 0, 0, NULL),
(18793, 0, 0, 1, 0, 0, 0, NULL),
(18796, 0, 0, 1, 16, 0, 0, NULL),
(18797, 0, 7, 1, 16, 0, 0, NULL),
(18830, 0, 0, 1, 16, 0, 0, NULL),
(18848, 0, 0, 1, 16, 0, 0, '19818'),
(18891, 0, 0, 1, 16, 0, 0, NULL),
(21159, 0, 0, 1, 0, 0, 0, NULL);

INSERT INTO `creature_linking` (`guid`, `master_guid`, `flag`) VALUES
(54808, 54809, 1167),
(80622, 54809, 1167),
(54818, 54805, 1167),
(58909, 54812, 1167),
(54804, 54812, 1167),
(54896, 59495, 1167),
(54806, 54807, 1167),
(120361, 54807, 1167),
(80683, 54807, 1167),
(53881, 80599, 1167),
(80621, 80599, 1167),
(123179, 80599, 1167),
(123180, 123179, 1167),
(80647, 54813, 1167),
(80646, 54813, 1167),
(80645, 54813, 1167),
(80641, 54813, 1167),
(80643, 54813, 1167),
(80638, 80640, 1679),
(80642, 80640, 1167),
(58906, 54811, 1167),
(54828, 54811, 1167),
(123173, 54811, 1167),
(123174, 123173, 1167),
(80669, 80662, 1167),
(80666, 80662, 1167),
(80664, 80662, 1167),
(80660, 80661, 1167),
(80655, 80661, 1167),
(80668, 80661, 1167),
(80672, 80667, 1167),
(80663, 80667, 1167),
(80670, 80667, 1167),
(122850, 122852, 1167),
(122853, 122852, 1167),
(80697, 122852, 1167),
(80658, 80665, 1167),
(80659, 80665, 1167),
(80696, 80665, 1167),
(80656, 80671, 1167),
(80657, 80671, 1167),
(80695, 80671, 1167),
(80607, 80682, 1167),
(80613, 80682, 1167),
(54815, 80682, 1167),
(80682, 91992, 1),
(80604, 80681, 1167),
(80605, 80681, 1167),
(80674, 80681, 1167),
(54827, 80681, 1167),
(80681, 91992, 1),
(80611, 80688, 1167),
(80620, 80688, 1167),
(80619, 80688, 1167),
(54826, 80688, 1167),
(80688, 91992, 1),
(80637, 80612, 1167),
(80644, 80612, 1167),
(80626, 80612, 1167),
(80673, 80612, 1167),
(80687, 80612, 1167),
(80612, 91992, 1),
(80606, 80614, 1167),
(80614, 91992, 1),
(80610, 80624, 1167),
(80694, 80624, 1167),
(80636, 80624, 1167),
(80639, 80624, 1167),
(54822, 80624, 1167),
(80624, 91992, 1),
(80693, 80601, 1167),
(80601, 91992, 1),
(54894, 91992, 1),
(80648, 91992, 1),
(80699, 91992, 1),
(54824, 80603, 1167),
(54829, 80692, 1167),
(80691, 80692, 1167),
(54821, 54816, 1679),
(54817, 54816, 1679),
(80649, 54816, 1679),
(80600, 130997, 1679),
(80678, 130997, 1679),
(80650, 130997, 1679),
(130995, 80651, 1167),
(130983, 80651, 1167),
(54893, 80651, 1167),
(80609, 54890, 1679),
(80608, 54890, 1679),
(80654, 54890, 1679),
(80602, 80634, 3),
(80631, 80630, 1167),
(80623, 80630, 1167),
(54823, 80630, 1167),
(80676, 80630, 1167),
(80633, 80635, 1167),
(80615, 80635, 1167),
(80680, 80635, 1167),
(80628, 80629, 1167),
(80625, 80629, 1167),
(80677, 80629, 1167),
(80684, 120362, 1167),
(80686, 120362, 1167);

REPLACE INTO `creature_linking_template` (`entry`, `map`, `master_entry`, `flag`, `search_range`) VALUES
(19224, 555, 18732, 4112, 0),
(19226, 555, 18732, 4112, 0);

INSERT INTO creature_spawn_entry (guid, entry) VALUES
(54816, 18830), (54816, 18631),
(80613, 18631), (80613, 18637),
(80607, 18631), (80607, 18633),
(80604, 18631), (80604, 18633), (80604, 18637),
(80605, 18631), (80605, 18633),
(80611, 18631), (80611, 18637),
(80614, 18631), (80614, 18635),
(80601, 18631), (80601, 18635),
(80606, 18631), (80606, 18633), (80606, 18635),
(80603, 18631), (80603, 18633),
(54824, 18631), (54824, 18633), (54824, 18635),
(80600, 18631), (80600, 18638),
(80609, 18631), (80609, 18638),
(80608, 18631), (80608, 18638),
(80632, 18633), (80632, 18635),
(54809, 18633), (54809, 18635),
(54808, 18633), (54808, 18635),
(54806, 18633), (54806, 18635),
(54807, 18633), (54807, 18635),
(80599, 18633), (80599, 18635),
(53881, 18633), (53881, 18635),
(54805, 18633), (54805, 18635),
(54804, 18633), (54804, 18635),
(120361, 18633), (120361, 18635),
(80683, 18633), (80683, 18635),
(54896, 18633), (54896, 18635),
(59495, 18633), (59495, 18635),
(58909, 18633), (58909, 18635),
(120360, 18633), (120360, 18635),
(58906, 18633), (58906, 18635),
(80682, 18633), (80682, 18637),
(80681, 18633), (80681, 18637),
(80620, 18633), (80620, 18637),
(54829, 18633), (54829, 18635),
(80616, 18633), (80616, 18635),
(80622, 18633), (80622, 18635),
(80621, 18633), (80621, 18635),
(54818, 18633), (54818, 18635),
(54812, 18633), (54812, 18635),
(54811, 18633), (54811, 18635),
(54828, 18633), (54828, 18635),
(80693, 18633), (80693, 18635),
(80688, 18633), (80688, 18637),
(54821, 18830), (54821, 18638),
(54817, 18631), (54817, 18638),
(130997, 18830), (130997, 18638),
(130995, 18830), (130995, 18638),
(130983, 18631), (130983, 18638),
(80678, 18830), (80678, 18638),
(80639, 18641), (80639, 18642), (80639, 18663),
(80644, 18641), (80644, 18642), (80644, 18663),
(80654, 18830), (80654, 18631),
(80650, 18830), (80650, 18631),
(80651, 18830), (80651, 18631),
(123174, 18641), (123174, 18642), (123174, 18663),
(123180, 18641), (123180, 18642), (123180, 18663);

INSERT INTO `creature` (`guid`, `id`, `map`, `spawnMask`, `position_x`, `position_y`, `position_z`, `orientation`, `spawntimesecsmin`, `spawntimesecsmax`, `spawndist`, `currentwaypoint`, `curhealth`, `curmana`, `DeathState`, `MovementType`) VALUES
(15596, 14881, 555, 3, -20.8387, -7.04335, -1.12801, 6.15025, 900, 900, 5, 0, 8, 0, 0, 1),
(42766, 14881, 555, 3, -26.5121, -28.8336, -1.12819, 4.66636, 900, 900, 5, 0, 8, 0, 0, 1),
(42493, 14881, 555, 3, -94.6801, -7.57021, -1.13702, 1.11868, 900, 900, 5, 0, 8, 0, 0, 1),
(41509, 14881, 555, 3, -28.2511, -3.24632, -1.12806, 0.177229, 900, 900, 5, 0, 8, 0, 0, 1),
(40452, 14881, 555, 3, -27.9937, -67.1583, -1.12676, 0.956257, 900, 900, 5, 0, 8, 0, 0, 1),
(28982, 14881, 555, 3, -121.312, -10.0431, 8.07306, 0.980132, 900, 900, 5, 0, 8, 0, 0, 1),
(16562, 14881, 555, 3, -110.499, 53.3226, 3.44767, 6.17134, 900, 900, 5, 0, 8, 0, 0, 1),
(16555, 14881, 555, 3, -123.006, -49.5395, 8.07307, 1.29421, 900, 900, 5, 0, 8, 0, 0, 1),
(16547, 14881, 555, 3, -122.996, -70.0366, 8.07309, 4.90915, 900, 900, 5, 0, 8, 0, 0, 1),
(15611, 14881, 555, 3, -60.4636, -111.992, -0.613587, 1.3907, 900, 900, 5, 0, 8, 0, 0, 1),
(15601, 14881, 555, 3, -113.517, -128.532, 3.4484, 5.3098, 900, 900, 5, 0, 8, 0, 0, 1),
(15600, 14881, 555, 3, -105.525, -130.573, 3.44826, 1.84181, 900, 900, 5, 0, 8, 0, 0, 1),
(364, 14881, 555, 3, -107.508, -148.042, 3.44814, 0.152013, 900, 900, 5, 0, 8, 0, 0, 1),
(14575, 14881, 555, 3, -188.628, -31.899, 8.07303, 6.1875, 900, 900, 5, 0, 8, 0, 0, 1),
(53193, 14881, 555, 3, -192.078, -68.7532, 8.06968, 6.10362, 900, 900, 5, 0, 8, 0, 0, 1),
(53192, 14881, 555, 3, -71.5911, -65.7899, -1.12829, 4.32384, 900, 900, 5, 0, 8, 0, 0, 1),
(53191, 14881, 555, 3, -191.763, -10.9753, 8.07311, 0.27052, 900, 900, 5, 0, 8, 0, 0, 1),
(53190, 14881, 555, 3, -387.193, -45.3832, 12.6877, 2.93849, 900, 900, 5, 0, 8, 0, 0, 1),
(53189, 14881, 555, 3, -423.669, -94.403, 12.6888, 4.4513, 900, 900, 5, 0, 8, 0, 0, 1),
(53161, 14881, 555, 3, -388.155, -32.1794, 12.6875, 5.99876, 900, 900, 5, 0, 8, 0, 0, 1),
(52872, 14881, 555, 3, -388.806, -270.687, 12.6871, 3.41939, 900, 900, 5, 0, 8, 0, 0, 1),
(52871, 14881, 555, 3, -217.141, -270.72, 17.0863, 3.77055, 900, 900, 5, 0, 8, 0, 0, 1),
(52870, 14881, 555, 3, -162.352, -307.69, 17.085, 4.52662, 900, 900, 5, 0, 8, 0, 0, 1),
(52867, 14881, 555, 3, -149.242, -308.746, 17.0853, 4.14094, 900, 900, 5, 0, 8, 0, 0, 1),
(52866, 14881, 555, 3, -149.354, -309.421, 17.1688, 2.96706, 900, 900, 5, 0, 8, 0, 0, 1),
(52865, 14881, 555, 3, -162.248, -306.623, 17.1683, 5.25344, 900, 900, 5, 0, 8, 0, 0, 1),
(52864, 14881, 555, 3, -107.903, -509.374, 21.4761, 1.04233, 900, 900, 5, 0, 8, 0, 0, 1),
(52863, 14881, 555, 3, -200.733, -518.375, 21.4759, 1.61224, 900, 900, 5, 0, 8, 0, 0, 1),
(54816, 0, 555, 3, -367.898, -267.587, 12.6892, 0.0211422, 7200, 7200, 0, 0, 0, 0, 0, 2),
(80613, 0, 555, 3, -254.365, -46.4247, 8.15618, 3.08923, 7200, 7200, 0, 0, 0, 0, 0, 2),
(80607, 0, 555, 3, -246.87, -45.9737, 8.15617, 3.10669, 7200, 7200, 0, 0, 0, 0, 0, 2),
(80604, 0, 555, 3, -255.435, -31.2176, 8.17054, 3.28122, 7200, 7200, 0, 0, 0, 0, 0, 2),
(80605, 0, 555, 3, -263.761, -29.1943, 8.18301, 3.12414, 7200, 7200, 0, 0, 0, 0, 0, 2),
(80611, 0, 555, 3, -271.784, -45.5444, 8.15619, 3.1765, 7200, 7200, 0, 0, 0, 0, 0, 2),
(80610, 18631, 555, 3, -275.089, -4.42197, 8.15625, 3.66519, 7200, 7200, 0, 0, 17579, 9465, 0, 2),
(80612, 18631, 555, 3, -273.674, -80.3384, 8.15627, 2.74017, 7200, 7200, 0, 0, 17579, 9465, 0, 2),
(80614, 0, 555, 3, -287.804, -96.3896, 8.15635, 5.48033, 7200, 7200, 0, 0, 0, 0, 0, 2),
(80601, 0, 555, 3, -276.704, 22.5176, 8.15633, 0.017453, 7200, 7200, 0, 0, 0, 0, 0, 2),
(80606, 0, 555, 3, -286.707, -99.5, 8.15633, 1.32645, 7200, 7200, 0, 0, 0, 0, 0, 2),
(80603, 0, 555, 3, -443.04, -193.835, 12.7725, 3.4383, 7200, 7200, 0, 0, 0, 0, 0, 0),
(54824, 0, 555, 3, -446.493, -192.12, 12.7725, 4.72984, 7200, 7200, 0, 0, 0, 0, 0, 0),
(80600, 0, 555, 3, -313.634, -259.705, 12.6837, 3.13859, 7200, 7200, 0, 0, 0, 0, 0, 0),
(80609, 0, 555, 3, -276.84, -268.582, 12.6808, 0.0211422, 7200, 7200, 0, 0, 0, 0, 0, 0),
(80608, 0, 555, 3, -277.14, -263.29, 12.6806, 0.0211422, 7200, 7200, 0, 0, 0, 0, 0, 0),
(80602, 18632, 555, 3, -172.173, -325.754, 17.1697, 5.53269, 7200, 7200, 0, 0, 21543, 0, 0, 0),
(80630, 18632, 555, 3, -168.532, -352.302, 17.1662, 4.83456, 7200, 7200, 0, 0, 21543, 0, 0, 0),
(80634, 18632, 555, 3, -135.771, -329.128, 17.1687, 3.50811, 7200, 7200, 0, 0, 21543, 0, 0, 0),
(80631, 18632, 555, 3, -174.082, -354.553, 17.1667, 5.35816, 7200, 7200, 0, 0, 21543, 0, 0, 0),
(80635, 18632, 555, 3, -171.642, -370.791, 17.0818, 0.523599, 7200, 7200, 0, 0, 21543, 0, 0, 0),
(80633, 18632, 555, 3, -173.133, -366.97, 17.0828, 5.91667, 7200, 7200, 0, 0, 21543, 0, 0, 0),
(80629, 18632, 555, 3, -142.203, -390.029, 17.0806, 4.4855, 7200, 7200, 0, 0, 21543, 0, 0, 0),
(80628, 18632, 555, 3, -140.54, -410.52, 17.079, 1.44862, 7200, 7200, 0, 0, 21543, 0, 0, 0),
(80632, 0, 555, 3, -91.1616, -63.4688, -1.12825, 0.31254, 7200, 7200, 0, 0, 0, 0, 0, 2),
(54809, 0, 555, 3, -47.365, -33.8044, -1.04484, 0.331613, 7200, 7200, 0, 0, 0, 0, 0, 2),
(54808, 0, 555, 3, -41.8571, -33.4506, -1.04484, 2.87979, 7200, 7200, 0, 0, 0, 0, 0, 0),
(54806, 0, 555, 3, -80.3716, -39.766, -1.04492, 2.00713, 7200, 7200, 0, 0, 0, 0, 0, 0),
(54807, 0, 555, 3, -77.9535, -36.4069, -1.04492, 3.21141, 7200, 7200, 0, 0, 0, 0, 0, 0),
(80599, 0, 555, 3, -31.8829, -81.4594, -1.0449, 4.04916, 7200, 7200, 0, 0, 0, 0, 0, 0),
(53881, 0, 555, 3, -36.1315, -84.0624, -1.04494, 0.087266, 7200, 7200, 0, 0, 0, 0, 0, 0),
(54805, 0, 555, 3, -58.1065, -26.6713, -1.04482, 2.96706, 7200, 7200, 0, 0, 0, 0, 0, 0),
(54804, 0, 555, 3, -73.5278, -1.96912, -1.04486, 1.22173, 7200, 7200, 0, 0, 0, 0, 0, 2),
(120361, 0, 555, 3, -78.7167, -46.4269, -1.04494, 4.50295, 7200, 7200, 0, 0, 0, 0, 0, 0),
(80683, 0, 555, 3, -75.0824, -47.649, -1.04495, 3.75246, 7200, 7200, 0, 0, 0, 0, 0, 0),
(54896, 0, 555, 3, -86.7252, 8.73865, -1.04486, 2.37365, 7200, 7200, 0, 0, 0, 0, 0, 0),
(59495, 0, 555, 3, -85.9936, 11.2334, -1.04485, 3.56047, 7200, 7200, 0, 0, 0, 0, 0, 2),
(58909, 0, 555, 3, -73.8878, 1.75605, -1.04487, 5.23599, 7200, 7200, 0, 0, 0, 0, 0, 0),
(120360, 0, 555, 3, -48.3232, -89.7437, -1.12831, 2.56119, 7200, 7200, 0, 0, 0, 0, 0, 2),
(58906, 0, 555, 3, -90.69765, -92.35649, -1.044974, 0.715585, 7200, 7200, 0, 0, 0, 0, 0, 2),
(80682, 0, 555, 3, -247.273, -49.6712, 8.15618, 3.03687, 7200, 7200, 0, 0, 0, 0, 0, 2),
(80681, 0, 555, 3, -255.77, -27.5678, 8.18844, 3.24631, 7200, 7200, 0, 0, 0, 0, 0, 2),
(80620, 0, 555, 3, -263.805, -48.9857, 8.15618, 3.10669, 7200, 7200, 0, 0, 0, 0, 0, 2),
(80619, 18633, 555, 3, -271.978, -47.9963, 8.15619, 3.14159, 7200, 7200, 0, 0, 16227, 9240, 0, 2),
(80624, 18633, 555, 3, -265.829, 0.056211, 8.15626, 3.68265, 7200, 7200, 0, 0, 16227, 9240, 0, 2),
(80626, 18633, 555, 3, -272.845, -76.4279, 8.15625, 2.6529, 7200, 7200, 0, 0, 16227, 9240, 0, 2),
(54829, 0, 555, 3, -454.315, -183.092, 12.7725, 5.06145, 7200, 7200, 0, 0, 0, 0, 0, 2),
(54891, 18634, 555, 3, -175.894, -349.783, 17.166, 5.61996, 7200, 7200, 0, 0, 16767, 9465, 0, 0),
(80627, 18634, 555, 3, -156.498, -328.007, 17.1696, 3.14159, 7200, 7200, 0, 0, 16767, 9465, 0, 0),
(80623, 18634, 555, 3, -135.201, -360.271, 17.0819, 3.49066, 7200, 7200, 0, 0, 16767, 9465, 0, 0),
(54823, 18634, 555, 3, -136.037, -343.41, 17.1648, 3.1765, 7200, 7200, 0, 0, 16767, 9465, 0, 0),
(80615, 18634, 555, 3, -141.612, -363.212, 17.0827, 4.2586, 7200, 7200, 0, 0, 16767, 9465, 0, 0),
(80625, 18634, 555, 3, -171.826, -401.41, 17.0799, 0.890118, 7200, 7200, 0, 0, 16767, 9465, 0, 0),
(54820, 18634, 555, 3, -134.274, -388.795, 17.1657, 3.14159, 7200, 7200, 0, 0, 16767, 9465, 0, 0),
(80618, 18634, 555, 3, -154.559, -394.581, 17.0796, 4.69674, 7200, 7200, 0, 0, 16767, 9465, 0, 0),
(80617, 18634, 555, 3, -143.49, -443.834, 17.0779, 3.15222, 7200, 7200, 0, 0, 16767, 9465, 0, 0),
(80616, 0, 555, 3, -91.7096, -19.436, -1.12819, 0.0386012, 7200, 7200, 0, 0, 0, 0, 0, 2),
(80622, 0, 555, 3, -44.641, -34.6061, -1.04484, 1.44862, 7200, 7200, 0, 0, 0, 0, 0, 2),
(80621, 0, 555, 3, -35.078, -81.0337, -1.04491, 5.18363, 7200, 7200, 0, 0, 0, 0, 0, 2),
(54818, 0, 555, 3, -60.8069, -24.741, -1.04481, 5.44543, 7200, 7200, 0, 0, 0, 0, 0, 0),
(54812, 0, 555, 3, -74.3842, -0.151916, -1.04487, 0.034907, 7200, 7200, 0, 0, 0, 0, 0, 2),
(54811, 0, 555, 3, -91.919, -88.183, -1.04498, 6.00393, 7200, 7200, 0, 0, 0, 0, 0, 2),
(54828, 18635, 555, 3, -86.0825, -92.683, -1.04497, 1.95477, 7200, 7200, 0, 0, 20283, 0, 0, 0),
(54815, 18635, 555, 3, -254.445, -49.5956, 8.15618, 3.01942, 7200, 7200, 0, 0, 20283, 0, 0, 2),
(80673, 18635, 555, 3, -265.305, -82.2931, 8.15626, 2.84489, 7200, 7200, 0, 0, 20283, 0, 0, 2),
(80674, 18635, 555, 3, -263.687, -31.7085, 8.17044, 3.33358, 7200, 7200, 0, 0, 20283, 0, 0, 2),
(54826, 18635, 555, 3, -271.845, -50.1835, 8.15619, 3.1765, 7200, 7200, 0, 0, 20283, 0, 0, 2),
(80694, 18635, 555, 3, -267.801, 3.11204, 8.15628, 3.76991, 7200, 7200, 0, 0, 20283, 0, 0, 2),
(80693, 0, 555, 3, -281.939, 20.0421, 8.15636, 5.68977, 7200, 7200, 0, 0, 0, 0, 0, 2),
(80692, 18635, 555, 3, -453.685, -186.804, 12.7725, 1.53589, 7200, 7200, 0, 0, 20283, 0, 0, 2),
(80691, 18635, 555, 3, -454.978, -185.25, 12.7725, 0.05236, 7200, 7200, 0, 0, 20283, 0, 0, 0),
(80690, 18636, 555, 3, -272.295, -140.066, 8.15626, 0.855211, 7200, 7200, 0, 0, 20958, 0, 0, 2),
(80689, 18636, 555, 3, -281.339, 55.2473, 8.07299, 0.01178, 7200, 7200, 0, 0, 20958, 0, 0, 2),
(80688, 0, 555, 3, -263.226, -45.5273, 8.15618, 3.12414, 7200, 7200, 0, 0, 0, 0, 0, 2),
(80687, 18637, 555, 3, -264.152, -79.2966, 8.15624, 2.87979, 7200, 7200, 0, 0, 16227, 9240, 0, 2),
(54827, 18637, 555, 3, -263.794, -26.8056, 8.19487, 3.49066, 7200, 7200, 0, 0, 16227, 9240, 0, 2),
(54822, 18637, 555, 3, -275.427, -0.559913, 8.15628, 3.56047, 7200, 7200, 0, 0, 16227, 9240, 0, 2),
(54821, 0, 555, 3, -367.967, -269.298, 12.6889, 0.0211422, 7200, 7200, 0, 0, 0, 0, 0, 0),
(54817, 0, 555, 3, -368.106, -263.494, 12.6892, 0.0211422, 7200, 7200, 0, 0, 0, 0, 0, 0),
(130997, 0, 555, 3, -313.295, -263.085, 12.6835, 3.02507, 7200, 7200, 0, 0, 0, 0, 0, 2),
(130995, 0, 555, 3, -270.873, -268.766, 12.7638, 0.287388, 7200, 7200, 0, 0, 0, 0, 0, 0),
(130983, 0, 555, 3, -270.18, -258.579, 12.7637, 5.98751, 7200, 7200, 0, 0, 0, 0, 0, 0),
(80678, 0, 555, 3, -313.244, -268.244, 12.6837, 3.25697, 7200, 7200, 0, 0, 0, 0, 0, 0),
(80676, 18639, 555, 3, -139.912, -353.917, 17.1665, 5.75959, 7200, 7200, 0, 0, 16767, 9465, 0, 0),
(80680, 18639, 555, 3, -140.42, -369.956, 17.0815, 3.03687, 7200, 7200, 0, 0, 16767, 9465, 0, 0),
(80679, 18639, 555, 3, -136.037, -343.41, 17.1648, 3.1765, 7200, 7200, 0, 0, 16767, 9465, 0, 0),
(80677, 18639, 555, 3, -143.33, -397.343, 17.0801, 2.37365, 7200, 7200, 0, 0, 16767, 9465, 0, 0),
(80675, 18639, 555, 3, -179.281, -350.271, 17.1665, 5.98648, 7200, 7200, 0, 0, 16767, 9465, 0, 0),
(130993, 18639, 555, 3, -149.674, -394.487, 17.0796, 4.69282, 7200, 7200, 0, 0, 16767, 9465, 0, 0),
(130999, 18639, 555, 3, -134.274, -388.795, 17.1657, 3.72706, 7200, 7200, 0, 0, 16767, 9465, 0, 0),
(120362, 18639, 555, 3, -151.682, -461.163, 17.1606, 4.57276, 7200, 7200, 0, 0, 16767, 9465, 0, 0),
(80684, 18639, 555, 3, -156.284, -461.871, 17.1606, 4.69494, 7200, 7200, 0, 0, 16767, 9465, 0, 0),
(80686, 18639, 555, 3, -160.956, -461.858, 17.1606, 4.90438, 7200, 7200, 0, 0, 16767, 9465, 0, 0),
(80685, 18639, 555, 3, -176.776, -434.265, 17.1622, 0.279253, 7200, 7200, 0, 0, 16767, 9465, 0, 0),
(54819, 18639, 555, 3, -130.551, -443.696, 17.164, 3.14527, 7200, 7200, 0, 0, 16767, 9465, 0, 0),
(54813, 18640, 555, 3, -51.2688, -78.5158, -1.0449, 2.49582, 7200, 7200, 0, 0, 16227, 9240, 0, 2),
(80642, 18640, 555, 3, -74.4987, -77.2237, -1.04497, 1.55334, 7200, 7200, 0, 0, 16227, 9240, 0, 2),
(80636, 18640, 555, 3, -259.324, 5.18744, 8.15627, 3.64774, 7200, 7200, 0, 0, 16227, 9240, 0, 2),
(80637, 18640, 555, 3, -282.122, -76.7587, 8.15625, 2.72271, 7200, 7200, 0, 0, 16227, 9240, 0, 2),
(80647, 18641, 555, 3, -54.7495, -78.6855, -1.12821, 0.048723, 7200, 7200, 0, 0, 5206, 14062, 0, 0),
(80646, 18641, 555, 3, -56.7471, -78.7829, -1.12821, 6.15284, 7200, 7200, 0, 0, 5206, 14062, 0, 0),
(80645, 18641, 555, 3, -58.7448, -78.8803, -1.12822, 6.20498, 7200, 7200, 0, 0, 5206, 14062, 0, 0),
(80641, 18641, 555, 3, -60.7424, -78.9777, -1.12823, 0.138545, 7200, 7200, 0, 0, 5206, 14062, 0, 0),
(80643, 18641, 555, 3, -62.74, -79.0751, -1.12823, 6.27203, 7200, 7200, 0, 0, 5206, 14062, 0, 0),
(80640, 18641, 555, 3, -73.1844, -72.6355, -1.1283, 2.28426, 7200, 7200, 0, 0, 5206, 14062, 0, 2),
(80639, 0, 555, 3, -257.898, 2.7362, 8.15626, 3.85718, 7200, 7200, 0, 0, 0, 0, 0, 0),
(80638, 18642, 555, 3, -67.4098, -77.1873, -1.12827, 5.10697, 7200, 7200, 0, 0, 7843, 6160, 0, 0),
(80644, 0, 555, 3, -281.167, -74.066, 8.15624, 3.12414, 7200, 7200, 0, 0, 0, 0, 0, 0),
(91992, 18667, 555, 3, -343.463, -16.4996, 12.6888, 5.09566, 86400, 86400, 0, 0, 130000, 0, 0, 2),
(91991, 18708, 555, 3, -157.8953, -497.3225, 15.86508, 1.570796, 86400, 86400, 0, 0, 410000, 49635, 0, 0),
(80698, 18731, 555, 3, -156.6754, 4.982729, 8.156394, 4.677482, 86400, 86400, 0, 0, 134685, 0, 0, 0),
(54830, 18732, 555, 3, -253.5477, -263.6456, 17.16967, 3.054326, 86400, 86400, 0, 0, 110681, 33090, 0, 2),
(54897, 18793, 555, 3, -157.117, -58.3139, 23.1893, 4.72984, 7200, 7200, 0, 0, 42, 0, 0, 0),
(54810, 18793, 555, 3, -138.636, -77.7277, 23.3095, 4.95674, 7200, 7200, 0, 0, 42, 0, 0, 0),
(54895, 18793, 555, 3, -157.114, -19.444, 23.257, 4.69494, 7200, 7200, 0, 0, 42, 0, 0, 0),
(122848, 18793, 555, 3, -174.345, -77.7016, 23.1109, 4.67748, 7200, 7200, 0, 0, 42, 0, 0, 0),
(122849, 18793, 555, 3, -138.668, 0.209988, 23.3051, 4.66003, 7200, 7200, 0, 0, 42, 0, 0, 0),
(122851, 18793, 555, 3, -174.58, 0.500917, 23.2178, 4.72984, 7200, 7200, 0, 0, 42, 0, 0, 0),
(122852, 18794, 555, 3, -157.366, -25.4668, 8.15644, 1.58825, 7200, 7200, 0, 0, 16000, 9240, 0, 0),
(122850, 18794, 555, 3, -163.544, -19.4803, 8.15646, 5.95157, 7200, 7200, 0, 0, 16000, 9240, 0, 0),
(122853, 18794, 555, 3, -151.073, -19.4873, 8.15641, 3.45575, 7200, 7200, 0, 0, 16000, 9240, 0, 0),
(80672, 18794, 555, 3, -163.498, -58.2544, 8.15651, 5.84685, 7200, 7200, 0, 0, 16000, 9240, 0, 0),
(80667, 18794, 555, 3, -150.845, -58.4388, 8.15646, 3.50811, 7200, 7200, 0, 0, 16000, 9240, 0, 0),
(80663, 18794, 555, 3, -157.189, -64.3545, 8.15654, 1.69297, 7200, 7200, 0, 0, 16000, 9240, 0, 0),
(80671, 18794, 555, 3, -174.66, -5.67847, 8.15645, 1.46608, 7200, 7200, 0, 0, 16000, 9240, 0, 0),
(80669, 18794, 555, 3, -174.658, -84.0042, 8.15651, 1.32645, 7200, 7200, 0, 0, 16000, 9240, 0, 0),
(80662, 18794, 555, 3, -168.166, -77.7684, 8.1565, 3.1765, 7200, 7200, 0, 0, 16000, 9240, 0, 0),
(80666, 18794, 555, 3, -180.512, -77.8015, 8.1565, 5.98648, 7200, 7200, 0, 0, 16000, 9240, 0, 0),
(80665, 18794, 555, 3, -138.492, -6.20039, 8.15637, 1.62316, 7200, 7200, 0, 0, 16000, 9240, 0, 0),
(80661, 18794, 555, 3, -144.796, -77.8984, 8.15642, 6.21337, 7200, 7200, 0, 0, 16000, 9240, 0, 0),
(80660, 18794, 555, 3, -138.855, -84.1044, 8.15643, 1.23918, 7200, 7200, 0, 0, 16000, 9240, 0, 0),
(80655, 18794, 555, 3, -132.429, -77.7669, 8.15642, 3.31613, 7200, 7200, 0, 0, 16000, 9240, 0, 0),
(80656, 18794, 555, 3, -180.765, 0.361324, 8.1564, 6.02139, 7200, 7200, 0, 0, 16000, 9240, 0, 0),
(80657, 18794, 555, 3, -168.385, 0.363827, 8.1564, 3.4383, 7200, 7200, 0, 0, 16000, 9240, 0, 0),
(80658, 18794, 555, 3, -144.893, 0.221401, 8.15631, 5.95157, 7200, 7200, 0, 0, 16000, 9240, 0, 0),
(80659, 18794, 555, 3, -132.241, 0.306026, 8.15631, 3.45575, 7200, 7200, 0, 0, 16000, 9240, 0, 0),
(80668, 18794, 555, 2, -138.855, -71.7374, 8.15643, 4.38077, 7200, 7200, 0, 0, 16000, 9240, 0, 0),
(80664, 18794, 555, 2, -174.658, -71.6582, 8.15643, 4.46804, 7200, 7200, 0, 0, 16000, 9240, 0, 0),
(80670, 18794, 555, 2, -157.189, -52.0085, 8.15643, 4.83456, 7200, 7200, 0, 0, 16000, 9240, 0, 0),
(80697, 18794, 555, 2, -157.366, -13.1208, 8.15643, 4.72984, 7200, 7200, 0, 0, 16000, 9240, 0, 0),
(80696, 18794, 555, 2, -138.492, 6.14561, 8.15643, 4.76475, 7200, 7200, 0, 0, 16000, 9240, 0, 0),
(80695, 18794, 555, 2, -174.66, 6.66753, 8.15643, 4.60767, 7200, 7200, 0, 0, 16000, 9240, 0, 0),
(54839, 18796, 555, 3, -429.269, -164.208, 12.8429, 1.46941, 7200, 7200, 0, 0, 83000, 0, 0, 2),
(54843, 18796, 555, 3, -192.957, -38.9073, 8.07312, 0.188621, 7200, 7200, 0, 0, 83000, 0, 0, 2),
(54846, 18796, 555, 3, -162.997, -70.9096, 8.0728, 5.45063, 7200, 7200, 0, 0, 83000, 0, 0, 2),
(54845, 18796, 555, 3, -138.75, -68.7256, 8.15647, 0.942478, 7200, 7200, 0, 0, 83000, 0, 0, 2),
(54840, 18797, 555, 3, -425.202, -58.4007, 12.7729, 0.610865, 7200, 7200, 0, 0, 2700, 0, 0, 0),
(54841, 18797, 555, 3, -436.639, -112.497, 15.1047, 2.93215, 7200, 7200, 0, 0, 2700, 0, 0, 0),
(54838, 18797, 555, 3, -435.646, -117.873, 14.8202, 5.65487, 7200, 7200, 0, 0, 2700, 0, 0, 0),
(54842, 18797, 555, 3, -439.077, -115.024, 15.7946, 3.78736, 7200, 7200, 0, 0, 2700, 0, 0, 0),
(54860, 18797, 555, 3, -440.505, -118.363, 15.1648, 2.30383, 7200, 7200, 0, 0, 2700, 0, 0, 0),
(54867, 18797, 555, 3, -444.983, -175.284, 13.2328, 5.65487, 7200, 7200, 0, 0, 2700, 0, 0, 0),
(54863, 18797, 555, 3, -416.889, -188.772, 14.3453, 2.18166, 7200, 7200, 0, 0, 2700, 0, 0, 0),
(54861, 18797, 555, 3, -419.685, -191.306, 14.4025, 2.93215, 7200, 7200, 0, 0, 2700, 0, 0, 0),
(54868, 18797, 555, 3, -414.574, -193.634, 15.6867, 0.942478, 7200, 7200, 0, 0, 2700, 0, 0, 0),
(54859, 18797, 555, 3, -416.648, -191.413, 15.1476, 4.18879, 7200, 7200, 0, 0, 2700, 0, 0, 0),
(54864, 18797, 555, 3, -362.538, -240.156, 12.7692, 1.98968, 7200, 7200, 0, 0, 2700, 0, 0, 0),
(54862, 18797, 555, 3, -340.798, -244.049, 14.5531, 4.18879, 7200, 7200, 0, 0, 2700, 0, 0, 0),
(54858, 18797, 555, 3, -336.87, -249.471, 15.3919, 2.93215, 7200, 7200, 0, 0, 2700, 0, 0, 0),
(54857, 18797, 555, 3, -336.076, -252.876, 14.9174, 5.65487, 7200, 7200, 0, 0, 2700, 0, 0, 0),
(54866, 18797, 555, 3, -337.321, -245.791, 15.4584, 2.30383, 7200, 7200, 0, 0, 2700, 0, 0, 0),
(54865, 18797, 555, 3, -340.216, -249.403, 14.9254, 3.78736, 7200, 7200, 0, 0, 2700, 0, 0, 0),
(54844, 18797, 555, 3, -332.884, -248.89, 15.0065, 0.610865, 7200, 7200, 0, 0, 2700, 0, 0, 0),
(54837, 18797, 555, 3, -339.561, -253.168, 13.9617, 2.93215, 7200, 7200, 0, 0, 2700, 0, 0, 0),
(54836, 18797, 555, 3, -332.873, -244.793, 14.6794, 0.942478, 7200, 7200, 0, 0, 2700, 0, 0, 0),
(54835, 18797, 555, 3, -332.04, -275.862, 14.534, 0.784749, 7200, 7200, 2, 0, 2700, 0, 0, 1),
(54834, 18797, 555, 3, -326.74, -279.742, 16.9801, 0.121764, 7200, 7200, 2, 0, 2700, 0, 0, 1),
(54833, 18797, 555, 3, -336.113, -280.532, 16.8695, 0.350175, 7200, 7200, 2, 0, 2700, 0, 0, 1),
(54832, 18797, 555, 3, -333.736, -280.805, 17.5652, 1.82887, 7200, 7200, 2, 0, 2700, 0, 0, 1),
(54831, 18797, 555, 3, -338.238, -283.498, 17.4151, 1.78773, 7200, 7200, 2, 0, 2700, 0, 0, 1),
(54847, 18797, 555, 3, -341.926, -281.805, 15.4127, 0.113161, 7200, 7200, 2, 0, 2700, 0, 0, 1),
(54848, 18797, 555, 3, -325.389, -284.21, 17.8851, 2.09487, 7200, 7200, 2, 0, 2700, 0, 0, 1),
(54849, 18797, 555, 3, -329.777, -286.69, 19.8975, 4.19558, 7200, 7200, 2, 0, 2700, 0, 0, 1),
(54850, 18797, 555, 3, -335.551, -290.153, 21.2138, 4.42428, 7200, 7200, 2, 0, 2700, 0, 0, 1),
(54851, 18797, 555, 3, -330.73, -290.891, 21.8424, 0.261224, 7200, 7200, 2, 0, 2700, 0, 0, 1),
(54852, 18797, 555, 3, -333.08, -302.604, 25.1384, 2.93215, 7200, 7200, 0, 0, 2700, 0, 0, 0),
(54853, 18797, 555, 3, -331.946, -253.008, 14.1899, 5.044, 7200, 7200, 0, 0, 2700, 0, 0, 0),
(54854, 18797, 555, 3, -335.743, -255.684, 14.206, 0.418879, 7200, 7200, 0, 0, 2700, 0, 0, 0),
(54855, 18797, 555, 3, -293.067, -306.897, 26.5101, 2.07694, 7200, 7200, 0, 0, 2700, 0, 0, 0),
(54856, 18797, 555, 3, -294.457, -277.033, 15.3002, 4.39378, 7200, 7200, 2, 0, 2700, 0, 0, 1),
(54889, 18797, 555, 3, -297.823, -279.468, 16.0068, 2.01522, 7200, 7200, 2, 0, 2700, 0, 0, 1),
(54888, 18797, 555, 3, -287.382, -279.468, 15.496, 5.77641, 7200, 7200, 2, 0, 2700, 0, 0, 1),
(54887, 18797, 555, 3, -283.911, -283.157, 16.5927, 3.78736, 7200, 7200, 2, 0, 2700, 0, 0, 1),
(54869, 18797, 555, 3, -288.59, -284.263, 17.783, 1.73615, 7200, 7200, 2, 0, 2700, 0, 0, 1),
(54870, 18797, 555, 3, -292.635, -281.438, 17.5337, 1.07256, 7200, 7200, 2, 0, 2700, 0, 0, 1),
(54871, 18797, 555, 3, -299.156, -285.271, 17.8104, 2.90233, 7200, 7200, 2, 0, 2700, 0, 0, 1),
(54872, 18797, 555, 3, -295.999, -291.288, 21.2898, 3.18042, 7200, 7200, 2, 0, 2700, 0, 0, 1),
(54873, 18797, 555, 3, -290.663, -287.45, 21.3006, 5.044, 7200, 7200, 2, 0, 2700, 0, 0, 1),
(54874, 18797, 555, 3, -285.458, -289.044, 18.8886, 1.76928, 7200, 7200, 2, 0, 2700, 0, 0, 1),
(54875, 18797, 555, 3, -292.796, -248.356, 15.6591, 5.75959, 7200, 7200, 0, 0, 2700, 0, 0, 0),
(54876, 18797, 555, 3, -290.878, -248.308, 15.654, 0.628319, 7200, 7200, 0, 0, 2700, 0, 0, 0),
(54877, 18797, 555, 3, -294.633, -248.559, 15.4587, 3.78736, 7200, 7200, 0, 0, 2700, 0, 0, 0),
(54878, 18797, 555, 3, -292.233, -251.574, 15.2177, 3.40339, 7200, 7200, 0, 0, 2700, 0, 0, 0),
(54879, 18797, 555, 3, -292.254, -245.745, 15.1109, 6.19592, 7200, 7200, 0, 0, 2700, 0, 0, 0),
(54880, 18797, 555, 3, -295.79, -244.836, 14.3562, 4.29351, 7200, 7200, 0, 0, 2700, 0, 0, 0),
(54881, 18797, 555, 3, -296.006, -252.06, 14.6757, 4.53786, 7200, 7200, 0, 0, 2700, 0, 0, 0),
(54882, 18797, 555, 3, -288.132, -244.975, 14.7659, 4.17134, 7200, 7200, 0, 0, 2700, 0, 0, 0),
(54883, 18797, 555, 3, -287.78, -251.373, 14.8226, 4.32842, 7200, 7200, 0, 0, 2700, 0, 0, 0),
(54884, 18797, 555, 3, -298.646, -249.089, 14.4923, 4.76475, 7200, 7200, 0, 0, 2700, 0, 0, 0),
(54885, 18797, 555, 3, -253.396, -225.411, 39.519, 4.50295, 7200, 7200, 0, 0, 2700, 0, 0, 0),
(54886, 18797, 555, 3, -436.057, -34.114, 12.7716, 5.35816, 7200, 7200, 0, 0, 2700, 0, 0, 0),
(54825, 18797, 555, 3, -415.485, -172.984, 12.7231, 2.30383, 7200, 7200, 0, 0, 2700, 0, 0, 0),
(80652, 18797, 555, 3, -435.36, -266.77, 12.771, 5.75959, 7200, 7200, 0, 0, 2700, 0, 0, 0),
(80653, 18797, 555, 3, -322.287, -241.187, 12.7673, 3.05433, 7200, 7200, 0, 0, 2700, 0, 0, 0),
(80654, 0, 555, 3, -276.893, -266.896, 12.6807, 0.0211422, 7200, 7200, 0, 0, 0, 0, 0, 0),
(80649, 18830, 555, 3, -367.925, -265.592, 12.6892, 0.0211422, 7200, 7200, 0, 0, 20958, 0, 0, 0),
(80650, 0, 555, 3, -313.216, -265.828, 12.6837, 3.3179, 7200, 7200, 5, 0, 0, 0, 0, 1),
(80651, 0, 555, 3, -271.362, -265.765, 12.7637, 0.11843, 7200, 7200, 0, 0, 0, 0, 0, 2),
(54893, 18830, 555, 3, -271.337, -261.466, 12.7637, 6.16129, 7200, 7200, 0, 0, 20958, 0, 0, 0),
(54890, 18830, 555, 3, -277.385, -264.977, 12.6801, 0.0211422, 7200, 7200, 0, 0, 20958, 0, 0, 2),
(54814, 18848, 555, 3, -429.269, -164.208, 12.8429, 1.46941, 7200, 7200, 0, 0, 68465, 9465, 0, 2),
(54894, 18848, 555, 3, -261.816, -2.47938, 8.0729, 0.359763, 7200, 7200, 0, 0, 68465, 9465, 0, 2),
(80648, 18848, 555, 3, -262.391, -53.6821, 8.07287, 6.22477, 7200, 7200, 0, 0, 68465, 9465, 0, 2),
(80699, 18848, 555, 3, -270.496, -85.4471, 8.07296, 2.7229, 7200, 7200, 0, 0, 68465, 9465, 0, 2),
(80700, 18891, 555, 3, -61.349, 40.7063, 0.679355, 2.3911, 7200, 7200, 0, 0, 6986, 0, 0, 0),
(80701, 21159, 555, 3, -157.247, -19.3744, 19.939, 5.23599, 7200, 7200, 0, 0, 42, 0, 0, 0),
(54892, 21159, 555, 3, -138.52, 0.111671, 20.1447, 1.85005, 7200, 7200, 0, 0, 42, 0, 0, 0),
(84765, 21159, 555, 3, -174.652, 0.44945, 19.8231, 5.72468, 7200, 7200, 0, 0, 42, 0, 0, 0),
(123173, 18640, 555, 3, -90.69765, -92.35649, -1.044974, 0.715585, 7200, 7200, 0, 0, 16227, 9240, 0, 2),
(123174, 0, 555, 3, -90.93845, -90.86178, -1.044974, 0.3665192, 7200, 7200, 0, 0, 0, 0, 0, 0),
(123179, 18640, 555, 3, -35.07804, -81.03367, -1.044909, 5.183628, 7200, 7200, 0, 0, 16227, 9240, 0, 0),
(123180, 0, 555, 3, -33.50152, -80.52749, -1.044897, 4.921828, 7200, 7200, 0, 0, 0, 0, 0, 0),
(123182, 14881, 555, 3, -122.0181, -8.897035, 8.156389, 2.569682, 900, 900, 2, 0, 8, 0, 0, 1),
(123183, 14881, 555, 3, -29.05714, -46.55113, -1.128195, 5.245015, 900, 900, 0, 0, 8, 0, 0, 0),
(123184, 14881, 555, 3, -96.70205, -8.718884, -1.1282, 1.507909, 900, 900, 2, 0, 8, 0, 0, 1),
(123185, 14881, 555, 3, -55.76271, -99.50116, -1.081885, 1.56145, 900, 900, 2, 0, 8, 0, 0, 1),
(123186, 14881, 555, 3, -123.8904, -48.54702, 8.073069, 5.824484, 900, 900, 2, 0, 8, 0, 0, 1),
(123187, 14881, 555, 3, -97.39388, -69.08708, -1.044963, 4.069036, 900, 900, 2, 0, 8, 0, 0, 1),
(123213, 14881, 555, 3, -190.2095, -9.458061, 8.073087, 3.783353, 900, 900, 2, 0, 8, 0, 0, 1),
(123214, 14881, 555, 3, -123.2074, -70.0832, 8.072628, 5.130968, 900, 900, 2, 0, 8, 0, 0, 1),
(123215, 14881, 555, 3, -106.0541, -130.5044, 3.448641, 0.4178922, 900, 900, 2, 0, 8, 0, 0, 1),
(123175, 14881, 555, 3, -113.9532, -127.9917, 3.448135, 5.429851, 900, 900, 2, 0, 8, 0, 0, 1),
(123176, 14881, 555, 3, -188.4704, -31.91954, 8.07305, 3.163261, 900, 900, 2, 0, 8, 0, 0, 1),
(123177, 14881, 555, 3, -107.556, -148.2369, 3.448614, 2.195036, 900, 900, 2, 0, 8, 0, 0, 1),
(123178, 14881, 555, 3, -215.0895, -269.2845, 17.08631, 0.9284935, 900, 900, 2, 0, 8, 0, 0, 1),
(123181, 14881, 555, 3, -389.6317, -270.6472, 12.68794, 6.056214, 900, 900, 2, 0, 8, 0, 0, 1),
(48653, 14881, 555, 3, -158.7901, -97.85062, 8.076064, 4.04621, 900, 900, 0, 0, 8, 0, 0, 2),
(48654, 14881, 555, 3, -17.9049, 6.849266, -1.127929, 0.4424707, 900, 900, 2, 0, 8, 0, 0, 1),
(48659, 14881, 555, 3, -53.39586, -58.26997, -1.128188, 2.701876, 900, 900, 2, 0, 8, 0, 0, 1),
(48677, 14881, 555, 3, -85.20452, 3.749737, -1.129394, 4.064005, 900, 900, 2, 0, 8, 0, 0, 1),
(48703, 18797, 555, 3, -427.0406, -88.95329, 12.77218, 0.9424778, 7200, 7200, 0, 0, 2700, 0, 0, 0),
(48726, 18797, 555, 3, -409.1664, -132.7278, 12.71839, 2.932153, 7200, 7200, 0, 0, 2700, 0, 0, 0),
(48747, 18797, 555, 3, -282.7459, -239.845, 12.76614, 4.852015, 7200, 7200, 0, 0, 2700, 0, 0, 0),
(51892, 18797, 555, 3, -363.1927, -286.6789, 12.7696, 3.717551, 7200, 7200, 0, 0, 2700, 0, 0, 0),
(51893, 18797, 555, 3, -398.1564, -258.1489, 12.76978, 5.044002, 7200, 7200, 0, 0, 2700, 0, 0, 0),
(51900, 18797, 555, 3, -152.6891, -259.3232, 17.16872, 3.682645, 7200, 7200, 0, 0, 2700, 0, 0, 0),
(51901, 18797, 555, 3, -437.7934, -80.17796, 12.7722, 2.932153, 7200, 7200, 0, 0, 2700, 0, 0, 0),
(51902, 18797, 555, 3, -406.8246, -104.6223, 12.77247, 1.361357, 7200, 7200, 0, 0, 2700, 0, 0, 0),
(52861, 18797, 555, 3, -349.0045, -250.1664, 12.76843, 0.5934119, 7200, 7200, 0, 0, 2700, 0, 0, 0),
(52862, 18797, 555, 3, -262.4395, -281.3174, 12.76459, 0.5934119, 7200, 7200, 0, 0, 2700, 0, 0, 0);

-- ===========
-- GAMEOBJECTS
-- ===========

INSERT INTO `gameobject` (`guid`, `id`, `map`, `spawnMask`, `position_x`, `position_y`, `position_z`, `orientation`, `rotation0`, `rotation1`, `rotation2`, `rotation3`, `spawntimesecsmin`, `spawntimesecsmax`, `animprogress`, `state`) VALUES
(31774, 181278, 555, 3, -77.7761, -44.3547, -1.128268, 1.710422, 0, 0, 0.7547092, 0.6560594, 86400, 86400, 100, 1),
(31773, 181278, 555, 3, -169.0859, 5.508266, 8.073052, 2.600535, 0, 0, 0.9636297, 0.267241, 86400, 86400, 100, 1),
(31772, 181278, 555, 3, -267.4847, -79.37926, 8.072919, 5.881761, 0, 0, -0.1993675, 0.9799248, 86400, 86400, 100, 1),
(31771, 181278, 555, 3, -411.7118, -203.0839, 12.76049, 2.268925, 0, 0, 0.9063072, 0.4226195, 86400, 86400, 100, 1),
(31770, 181278, 555, 3, -286.2155, -240.0027, 12.68271, 2.286379, 0, 0, 0.9099607, 0.4146944, 86400, 86400, 100, 1),
(31769, 181278, 555, 3, -174.2169, -435.1548, 17.07853, 2.286379, 0, 0, 0.9099607, 0.4146944, 86400, 86400, 100, 1),
(31765, 181556, 555, 3, -343.0129, -289.6252, 18.65376, 3.926996, 0, 0, -0.9238787, 0.3826855, 86400, 86400, 255, 1),
(31764, 181556, 555, 3, -67.38911, 37.0473, 1.745184, 5.061456, 0, 0, -0.573576, 0.8191524, 86400, 86400, 255, 1),
(31763, 182196, 555, 3, -108.2516, -510.3022, 21.47606, 2.44346, 0, 0, 0.9396925, 0.3420205, 86400, 86400, 100, 1),
(31762, 182940, 555, 3, -293.1381, -103.6126, 8.072974, 4.101525, 0, 0, -0.8870106, 0.4617491, 43200, 43200, 100, 1),
(31761, 182940, 555, 3, -287.7539, -103.7798, 8.072969, 1.745327, 0, 0, 0.7660437, 0.6427886, 43200, 43200, 100, 1),
(31760, 182940, 555, 3, -294.3156, 24.13501, 8.073021, 5.93412, 0, 0, -0.1736479, 0.9848078, 43200, 43200, 100, 1),
(31759, 182940, 555, 3, -292.1213, 26.84543, 8.073004, 5.166176, 0, 0, -0.5299187, 0.8480484, 43200, 43200, 100, 1),
(31758, 182940, 555, 3, -455.7994, -132.0439, 12.86734, 3.525572, 0, 0, -0.9816265, 0.1908124, 43200, 43200, 100, 1),
(31757, 182940, 555, 3, -334.2245, -229.8093, 17.09286, 4.642576, 0, 0, -0.7313538, 0.6819983, 43200, 43200, 100, 1),
(31756, 182940, 555, 3, -457.0487, -200.9277, 12.68913, 1.291542, 0, 0, 0.6018143, 0.7986361, 43200, 43200, 100, 1),
(31755, 182940, 555, 3, -415.6325, -185.4312, 12.78781, 1.727875, 0, 0, 0.7604055, 0.6494485, 43200, 43200, 100, 1),
(31754, 182940, 555, 3, -459.8465, -195.6257, 12.68913, 6.143561, 0, 0, -0.06975555, 0.9975641, 43200, 43200, 100, 1),
(31753, 182940, 555, 3, -293.9607, -229.8783, 17.09071, 4.677484, 0, 0, -0.7193394, 0.6946588, 43200, 43200, 100, 1),
(31752, 182940, 555, 3, -262.2247, -268.3723, 12.67906, 5.288348, 0, 0, -0.4771585, 0.8788173, 43200, 43200, 100, 1),
(31751, 182940, 555, 3, -262.2914, -258.957, 12.67907, 4.06662, 0, 0, -0.8949337, 0.4461992, 43200, 43200, 100, 1),
(31750, 182940, 555, 3, -176.7459, -347.0665, 17.08187, 1.588249, 0, 0, 0.7132502, 0.7009096, 43200, 43200, 100, 1),
(31749, 182940, 555, 3, -181.6084, -349.3755, 17.08273, 5.916668, 0, 0, -0.1822348, 0.983255, 43200, 43200, 100, 1),
(31745, 182940, 555, 3, -135.6405, -425.0984, 17.07793, 3.019413, 0, 0, 0.9981346, 0.06105176, 43200, 43200, 100, 1),
(31742, 182940, 555, 3, -135.1817, -414.988, 17.07751, 4.537859, 0, 0, -0.7660437, 0.6427886, 43200, 43200, 100, 1),
(31741, 182940, 555, 3, -177.7204, -405.3387, 17.08048, 0.802851, 0, 0, 0.3907309, 0.920505, 43200, 43200, 100, 1),
(31740, 182940, 555, 3, -130.9464, -412.6106, 17.07656, 6.003934, 0, 0, -0.1391726, 0.9902682, 43200, 43200, 100, 1),
(31739, 182940, 555, 3, -172.1043, -396.989, 17.08073, 6.003934, 0, 0, -0.1391726, 0.9902682, 43200, 43200, 100, 1),
(31735, 182940, 555, 3, -177.7719, -435.9241, 17.07773, 0.3316107, 0, 0, 0.1650467, 0.9862857, 43200, 43200, 100, 1),
(31734, 182940, 555, 3, -180.076, -430.7722, 17.07986, 5.811947, 0, 0, -0.2334452, 0.97237, 43200, 43200, 100, 1),
(31733, 182940, 555, 3, -131.6766, -358.9327, 17.08085, 3.508117, 0, 0, -0.9832544, 0.182238, 43200, 43200, 100, 1),
(31732, 182940, 555, 3, -176.4536, -387.1736, 17.08108, 0.05235888, 0, 0, 0.02617645, 0.9996573, 43200, 43200, 100, 1),
(31731, 182940, 555, 3, -133.9389, -386.4222, 17.08179, 4.153885, 0, 0, -0.8746195, 0.4848101, 43200, 43200, 100, 1),
(31730, 182940, 555, 3, -140.0816, -378.6383, 17.08126, 2.757613, 0, 0, 0.9816265, 0.1908124, 43200, 43200, 100, 1),
(31729, 182940, 555, 3, -132.9046, -392.0708, 17.0837, 3.106652, 0, 0, 0.9998474, 0.01746928, 43200, 43200, 100, 1),
(31728, 182940, 555, 3, -175.7993, -373.9409, 17.08122, 4.380776, 0, 0, -0.8141155, 0.580703, 43200, 43200, 100, 1),
(31727, 182940, 555, 3, -135.84, -367.1017, 17.08103, 5.654869, 0, 0, -0.3090162, 0.9510568, 43200, 43200, 100, 1),
(31726, 182940, 555, 3, -178.9521, -369.672, 17.08109, 5.916668, 0, 0, -0.1822348, 0.983255, 43200, 43200, 100, 1),
(31725, 182940, 555, 3, -179.3004, -358.5316, 17.0835, 0.2094394, 0, 0, 0.1045284, 0.9945219, 43200, 43200, 100, 1),
(31724, 182942, 555, 3, -61.24195, 40.5248, 0.276768, 0.7853968, 0, 0, 0.3826828, 0.9238798, 43200, 43200, 100, 1),
(31723, 182943, 555, 3, -61.24215, 40.56184, 0.244354, 2.373644, 0, 0, 0.9271832, 0.3746083, 43200, 43200, 100, 1),
(31722, 182947, 555, 3, -267.1221, -263.7614, 14.17966, 3.351047, 0, 0, -0.9945211, 0.1045355, 43200, 43200, 100, 1),
(31721, 183036, 555, 3, -267.1429, -263.5022, 12.67966, 3.159062, 0, 0, -0.9999619, 0.008734641, 43200, 43200, 100, 1),
(31720, 183295, 555, 3, -156.5031, -313.7602, 17.01888, 4.71239, 0, 0, -0.7071066, 0.7071069, 43200, 43200, 100, 1),
(31719, 183296, 555, 3, -381.2658, -38.98992, 12.6214, 0, 0, 0, 0, 1, 43200, 43200, 100, 1),
(31718, 183516, 555, 3, -267.1736, -263.5431, 12.67967, 4.76475, 0, 0, -0.6883545, 0.7253745, 43200, 43200, 100, 1),
(31717, 184195, 555, 3, 7.509288, -0.1719886, -1.127934, 3.136808, 0, 0, 0.9999971, 0.00239208, 0, 0, 0, 0),
(31716, 184196, 555, 3, 7.509288, -0.1719886, -1.127934, 3.136808, 0, 0, 0.9999971, 0.00239208, 0, 0, 0, 0),
(31715, 181278, 555, 3, -139.0127, -396.9848, 17.08004, 2.82743, 0, 0, 0.9876881, 0.1564362, 86400, 86400, 100, 1),
(31714, 181278, 555, 3, -170.2293, -386.9247, 17.08078, 5.148723, 0, 0, -0.5372992, 0.8433917, 86400, 86400, 100, 1),
(31713, 181278, 555, 3, -161.7103, -14.53944, 8.073097, 4.572764, 0, 0, -0.7547092, 0.6560594, 86400, 86400, 100, 1),
(31703, 181278, 555, 3, -137.3535, -406.7009, 17.08003, 3.68265, 0, 0, -0.9636297, 0.267241, 86400, 86400, 100, 1),
(31696, 181278, 555, 3, -457.1283, -195.4389, 12.68913, 4.956738, 0, 0, -0.6156607, 0.7880114, 86400, 86400, 100, 1),
(31692, 181278, 555, 3, -269.214, -0.495546, 8.07293, 2.35619, 0, 0, 0, 1, 86400, 86400, 100, 1),
(31689, 181278, 555, 3, -34.74843, -90.95323, -1.128296, 3.176533, 0, 0, -0.9998474, 0.01746928, 86400, 86400, 100, 1),
(31685, 181278, 555, 3, -94.88352, 11.16683, -1.128188, 2.286379, 0, 0, 0.9099607, 0.4146944, 86400, 86400, 100, 1),
(31681, 181278, 555, 3, -89.57913, -84.77909, -1.128304, 5.585054, 0, 0, -0.34202, 0.9396927, 86400, 86400, 100, 1),
(31666, 181278, 555, 3, -145.1436, -71.55974, 8.067849, 0.5061446, 0, 0, 0.2503796, 0.9681478, 86400, 86400, 100, 1),
(31663, 181278, 555, 3, -170.0121, -70.44926, 8.067846, 3.38594, 0, 0, -0.9925461, 0.12187, 86400, 86400, 100, 1),
(76227, 181278, 555, 3, -153.1728, -52.8355, 8.073054, 3.403396, 0, 0, -0.9914446, 0.1305283, 86400, 86400, 100, 1),
(75150, 181278, 555, 3, -292.6796, 19.55161, 8.073046, 0.01745246, 0, 0, 0.00872612, 0.9999619, 86400, 86400, 100, 1),
(68869, 181278, 555, 3, -257.3444, -48.36514, 8.072846, 0.1745321, 0, 0, 0.08715534, 0.9961947, 86400, 86400, 100, 1),
(68868, 181278, 555, 3, -284.1084, -102.0211, 8.072977, 5.462882, 0, 0, -0.3987484, 0.9170604, 86400, 86400, 100, 1),
(67633, 181278, 555, 3, -442.7933, -123.5786, 13.25561, 4.450591, 0, 0, -0.7933531, 0.6087617, 86400, 86400, 100, 1),
(67632, 181278, 555, 3, -329.2698, -303.4661, 25.1034, 4.485497, 0, 0, -0.782608, 0.6225148, 86400, 86400, 100, 1),
(67490, 181278, 555, 3, -298.7819, -304.9739, 25.18303, 5.113817, 0, 0, -0.5519361, 0.8338864, 86400, 86400, 100, 1),
(67397, 181278, 555, 3, -170.7586, -350.1679, 17.08259, 4.642576, 0, 0, -0.7313538, 0.6819983, 86400, 86400, 100, 1),
(67396, 181278, 555, 3, -142.8076, 4.179103, 8.072974, 5.235988, 0, 0, -0.5, 0.8660254, 86400, 86400, 100, 1),
(66776, 181278, 555, 3, -139.3108, -360.4575, 17.08219, 0.5934101, 0, 0, 0.2923708, 0.956305, 86400, 86400, 100, 1),
(48509, 181278, 555, 3, -326.7353, -244.6204, 12.68455, 4.590216, 0, 0, -0.7489557, 0.6626201, 86400, 86400, 100, 1),
(42191, 181556, 555, 3, -234.0617, -97.60569, 15.50827, 0.7504908, 0, 0, 0.3665009, 0.9304177, 86400, 86400, 255, 1),
(42190, 181556, 555, 3, -461.4516, -168.9303, 21.16686, 3.612838, 0, 0, -0.9723692, 0.2334484, 86400, 86400, 255, 1),
(38614, 181556, 555, 3, -235.5293, 17.45445, 14.62023, 3.019413, 0, 0, 0.9981346, 0.06105176, 86400, 86400, 255, 1),
(37494, 181556, 555, 3, -352.1901, -60.70448, 17.71093, 5.759588, 0, 0, -0.2588186, 0.9659259, 86400, 86400, 255, 1),
(36642, 181556, 555, 3, -362.0406, -24.65191, 16.78804, 1.832595, 0, 0, 0.7933531, 0.6087617, 86400, 86400, 255, 1),
(36641, 181556, 555, 3, -444.7061, -134.0397, 9.709791, 2.879789, 0, 0, 0.9914446, 0.1305283, 86400, 86400, 255, 1),
(36640, 181556, 555, 3, -413.9675, -148.7516, 12.09024, 1.710422, 0, 0, 0.7547092, 0.6560594, 86400, 86400, 255, 1),
(36639, 181556, 555, 3, -280.1735, -288.2048, 15.71019, 1.518436, 0, 0, 0.6883545, 0.7253745, 86400, 86400, 255, 1),
(36638, 181569, 555, 3, -343.0129, -289.6252, 18.65376, -2.35619, 0, 0, -0.9238787, 0.3826855, 86400, 86400, 255, 1),
(36637, 181569, 555, 3, -461.4516, -168.9303, 21.16686, 3.612838, 0, 0, -0.9723692, 0.2334484, 86400, 86400, 255, 1),
(36636, 181569, 555, 3, -67.38911, 37.0473, 1.745184, 5.061456, 0, 0, -0.573576, 0.8191524, 86400, 86400, 255, 1),
(36635, 181569, 555, 3, -352.1901, -60.70448, 17.71093, 5.759588, 0, 0, -0.2588186, 0.9659259, 86400, 86400, 255, 1),
(36634, 181569, 555, 3, -362.0406, -24.65191, 16.78804, 1.832595, 0, 0, 0.7933531, 0.6087617, 86400, 86400, 255, 1),
(36633, 181569, 555, 3, -444.7061, -134.0397, 9.709791, 2.879789, 0, 0, 0.9914446, 0.1305283, 86400, 86400, 255, 1),
(27554, 181569, 555, 3, -413.9675, -148.7516, 12.09024, 1.710422, 0, 0, 0.7547092, 0.6560594, 86400, 86400, 255, 1),
(27553, 181557, 555, 3, -343.0129, -289.6252, 18.65376, 3.926996, 0, 0, -0.9238787, 0.3826855, 86400, 86400, 255, 1),
(27552, 181557, 555, 3, -352.1901, -60.70448, 17.71093, 5.759588, 0, 0, -0.2588186, 0.9659259, 86400, 86400, 255, 1),
(27551, 181557, 555, 3, -413.9675, -148.7516, 12.09024, 1.710422, 0, 0, 0.7547092, 0.6560594, 86400, 86400, 255, 1),
(27514, 184940, 555, 3, -290.183, -91.233, 8.07305, 0.349066, 0, 0, 0, 0, 86400, 86400, 100, 1),
(27513, 184941, 555, 3, -290.183, -91.233, 8.07305, 0.349066, 0, 0, 0, 0, 86400, 86400, 100, 1),
(27512, 184940, 555, 3, -455.751, -197.417, 12.6891, 0.523599, 0, 0, 0.2588186, 0.9659259, 86400, 86400, 100, 1),
(27511, 184941, 555, 3, -455.751, -197.417, 12.6891, 0.523599, 0, 0, 0.2588186, 0.9659259, 86400, 86400, 100, 1),
(27510, 184940, 555, 3, -138.2887, -390.7064, 17.08145, -2.286379, 0, 0, -0.9099607, 0.4146944, 86400, 86400, 100, 1),
(27509, 184941, 555, 3, -138.2887, -390.7064, 17.08145, -2.286379, 0, 0, -0.9099607, 0.4146944, 86400, 86400, 100, 1),
(26315, 184940, 555, 3, -130.2115, 5.795228, 8.072972, -2.44346, 0, 0, -0.9396925, 0.3420205, 86400, 86400, 100, 1),
(12295, 184941, 555, 3, -130.2115, 5.795228, 8.072972, -2.44346, 0, 0, -0.9396925, 0.3420205, 86400, 86400, 100, 1),
(12292, 184940, 555, 3, -176.5029, -352.9906, 17.08383, -0.4014249, 0, 0, 0, 0, 86400, 86400, 100, 1),
(12291, 184941, 555, 3, -176.5029, -352.9906, 17.08383, -0.4014249, 0, 0, 0, 0, 86400, 86400, 100, 1),
(12290, 184940, 555, 3, -287.9515, 21.96442, 8.073029, -0.8028509, 0, 0, 0, 0, 86400, 86400, 100, 1),
(12289, 184941, 555, 3, -287.9515, 21.96442, 8.073029, -0.8028509, 0, 0, 0, 0, 86400, 86400, 100, 1),
(12288, 184940, 555, 3, -326.1286, -240.5086, 12.68316, -1.797689, 0, 0, 0, 0, 86400, 86400, 100, 1),
(9506, 184941, 555, 3, -326.1286, -240.5086, 12.68316, -1.797689, 0, 0, 0, 0, 86400, 86400, 100, 1),
(9505, 181569, 555, 3, -234.0617, -97.60569, 15.50827, 0.7504908, 0, 0, 0.3665009, 0.9304177, 86400, 86400, 255, 1);

-- ======
-- EVENTS
-- ======

INSERT INTO `game_event_creature_data` (`guid`, `entry_id`, `modelid`, `equipment_id`, `spell_start`, `spell_end`, `event`) VALUES
(54830, 0, 22801, 0, 0, 0, 2);

-- INSERT INTO `game_event_creature` (`guid`, `event`) VALUES
-- INSERT INTO `game_event_gameobject` (`guid`, `event`) VALUES

-- =======
-- POOLING
-- =======

INSERT INTO `pool_pool` (`pool_id`, `mother_pool`, `chance`, `description`) VALUES
(15419, 15876, 0, 'Shadow Labyrinth - Adamantite Deposit / Rich Adamantite Deposit / Khorium - Pool 1'),
(15420, 15876, 0, 'Shadow Labyrinth - Adamantite Deposit / Rich Adamantite Deposit - Pool 2'),
(15421, 15876, 0, 'Shadow Labyrinth - Adamantite Deposit / Rich Adamantite Deposit - Pool 3'),
(15422, 15876, 0, 'Shadow Labyrinth - Adamantite Deposit / Rich Adamantite Deposit / Khorium - Pool 4'),
(15423, 15876, 0, 'Shadow Labyrinth - Adamantite Deposit / Rich Adamantite Deposit - Pool 5'),
(15424, 15876, 0, 'Shadow Labyrinth - Adamantite Deposit / Rich Adamantite Deposit - Pool 6'),
(15434, 15876, 0, 'Shadow Labyrinth - Adamantite Deposit / Rich Adamantite Deposit / Khorium - Pool 7'),
(15870, 15416, 0, 'Shadow Labyrinth - Bound / Solid Adamantite Chest - Pool 1'),
(15871, 15416, 0, 'Shadow Labyrinth - Bound / Solid Adamantite Chest - Pool 2'),
(15872, 15416, 0, 'Shadow Labyrinth - Bound / Solid Adamantite Chest - Pool 3'),
(15873, 15416, 0, 'Shadow Labyrinth - Bound / Solid Adamantite Chest - Pool 4'),
(15874, 15416, 0, 'Shadow Labyrinth - Bound / Solid Adamantite Chest - Pool 5'),
(15875, 15416, 0, 'Shadow Labyrinth - Bound / Solid Adamantite Chest - Pool 6'),
(15418, 15416, 0, 'Shadow Labyrinth - Bound / Solid Adamantite Chest - Pool 7');

INSERT INTO `pool_template` (`entry`, `max_limit`, `description`) VALUES
(14811, 10, 'Shadow Labyrinth - Soul Device'),
(15414, 1, 'Shadow Labyrinth - Malicious Instructor / Fel Overseer - #1'),
(15415, 1, 'Shadow Labyrinth - Cabal Acolyte/Deathsworn / Cabal Warlock - #1'),
(113, 1, 'Shadow Labyrinth - Cabal Acolyte/Deathsworn / Cabal Warlock - #2'),
(5691, 8, 'Shadow Labyrinth - Tortured Skeleton (Single Pulls)'),
(15416, 2, 'Shadow Labyrinth - Master Chest Pool'),
(2315, 4, 'Shadow Labyrinth - Master Ancient Lichen (181278) Pool'),
(15876, 3, 'Shadow Labyrinth - Master Mineral Pool'),
(15419, 1, 'Shadow Labyrinth - Adamantite Deposit / Rich Adamantite Deposit / Khorium - Pool 1'),
(15420, 1, 'Shadow Labyrinth - Adamantite Deposit / Rich Adamantite Deposit - Pool 2'),
(15421, 1, 'Shadow Labyrinth - Adamantite Deposit / Rich Adamantite Deposit - Pool 3'),
(15422, 1, 'Shadow Labyrinth - Adamantite Deposit / Rich Adamantite Deposit / Khorium - Pool 4'),
(15423, 1, 'Shadow Labyrinth - Adamantite Deposit / Rich Adamantite Deposit - Pool 5'),
(15424, 1, 'Shadow Labyrinth - Adamantite Deposit / Rich Adamantite Deposit - Pool 6'),
(15434, 1, 'Shadow Labyrinth - Adamantite Deposit / Rich Adamantite Deposit / Khorium - Pool 7'),
(15870, 1, 'Shadow Labyrinth - Bound / Solid Adamantite Chest - Pool 1'),
(15871, 1, 'Shadow Labyrinth - Bound / Solid Adamantite Chest - Pool 2'),
(15872, 1, 'Shadow Labyrinth - Bound / Solid Adamantite Chest - Pool 3'),
(15873, 1, 'Shadow Labyrinth - Bound / Solid Adamantite Chest - Pool 4'),
(15874, 1, 'Shadow Labyrinth - Bound / Solid Adamantite Chest - Pool 5'),
(15875, 1, 'Shadow Labyrinth - Bound / Solid Adamantite Chest - Pool 6'),
(15418, 1, 'Shadow Labyrinth - Bound / Solid Adamantite Chest - Pool 7'),
(15417, 1, 'Shadow Labyrinth - Adamantite Deposit / Rich Adamantite Deposit - Pool 8');

INSERT INTO `pool_creature` (`guid`, `pool_entry`, `chance`, `description`) VALUES
(54839, 15414, 0, 'Shadow Labyrinth - Fel Overseer - #1'),
(54814, 15414, 0, 'Shadow Labyrinth - Malicious Instructor - #1'),
(58906, 15415, 0, 'Shadow Labyrinth - Cabal Acolyte/Deathsworn - #1'),
(123173, 15415, 0, 'Shadow Labyrinth - Cabal Warlock - #1'),
(80621, 113, 0, 'Shadow Labyrinth - Cabal Acolyte/Deathsworn - #2'),
(123179, 113, 0, 'Shadow Labyrinth - Cabal Warlock - #2'),
(54840, 5691, 0, 'Shadow Labyrinth - Tortured Skeleton - #1'),
(54867, 5691, 0, 'Shadow Labyrinth - Tortured Skeleton - #2'),
(54864, 5691, 0, 'Shadow Labyrinth - Tortured Skeleton - #3'),
(54852, 5691, 0, 'Shadow Labyrinth - Tortured Skeleton - #4'),
(54855, 5691, 0, 'Shadow Labyrinth - Tortured Skeleton - #5'),
(54886, 5691, 0, 'Shadow Labyrinth - Tortured Skeleton - #6'),
(54825, 5691, 0, 'Shadow Labyrinth - Tortured Skeleton - #7'),
(80652, 5691, 0, 'Shadow Labyrinth - Tortured Skeleton - #8'),
(80653, 5691, 0, 'Shadow Labyrinth - Tortured Skeleton - #9'),
(48703, 5691, 0, 'Shadow Labyrinth - Tortured Skeleton - #10'),
(48726, 5691, 0, 'Shadow Labyrinth - Tortured Skeleton - #11'),
(48747, 5691, 0, 'Shadow Labyrinth - Tortured Skeleton - #12'),
(51892, 5691, 0, 'Shadow Labyrinth - Tortured Skeleton - #13'),
(51893, 5691, 0, 'Shadow Labyrinth - Tortured Skeleton - #14'),
(51900, 5691, 0, 'Shadow Labyrinth - Tortured Skeleton - #15'),
(51901, 5691, 0, 'Shadow Labyrinth - Tortured Skeleton - #16'),
(51902, 5691, 0, 'Shadow Labyrinth - Tortured Skeleton - #17'),
(52861, 5691, 0, 'Shadow Labyrinth - Tortured Skeleton - #18'),
(52862, 5691, 0, 'Shadow Labyrinth - Tortured Skeleton - #19');

-- INSERT INTO `pool_creature_template` (`id`, `pool_entry`, `chance`, `description`) VALUES

INSERT INTO `pool_gameobject` (`guid`, `pool_entry`, `chance`, `description`) VALUES
(31774, 2315, 0, 'Shadow Labyrinth - Ancient Lichen (181278)'),
(31773, 2315, 0, 'Shadow Labyrinth - Ancient Lichen (181278)'),
(31772, 2315, 0, 'Shadow Labyrinth - Ancient Lichen (181278)'),
(31771, 2315, 0, 'Shadow Labyrinth - Ancient Lichen (181278)'),
(31770, 2315, 0, 'Shadow Labyrinth - Ancient Lichen (181278)'),
(31769, 2315, 0, 'Shadow Labyrinth - Ancient Lichen (181278)'),
(31765, 15419, 0, 'Shadow Labyrinth - Adamantite Deposit (181556) - Pool 1'),
(31764, 15420, 0, 'Shadow Labyrinth - Adamantite Deposit (181556) - Pool 2'),
(31715, 2315, 0, 'Shadow Labyrinth - Ancient Lichen (181278)'),
(31714, 2315, 0, 'Shadow Labyrinth - Ancient Lichen (181278)'),
(31713, 2315, 0, 'Shadow Labyrinth - Ancient Lichen (181278)'),
(31703, 2315, 0, 'Shadow Labyrinth - Ancient Lichen (181278)'),
(31696, 2315, 0, 'Shadow Labyrinth - Ancient Lichen (181278)'),
(31692, 2315, 0, 'Shadow Labyrinth - Ancient Lichen (181278)'),
(31689, 2315, 0, 'Shadow Labyrinth - Ancient Lichen (181278)'),
(31685, 2315, 0, 'Shadow Labyrinth - Ancient Lichen (181278)'),
(31681, 2315, 0, 'Shadow Labyrinth - Ancient Lichen (181278)'),
(31666, 2315, 0, 'Shadow Labyrinth - Ancient Lichen (181278)'),
(31663, 2315, 0, 'Shadow Labyrinth - Ancient Lichen (181278)'),
(76227, 2315, 0, 'Shadow Labyrinth - Ancient Lichen (181278)'),
(75150, 2315, 0, 'Shadow Labyrinth - Ancient Lichen (181278)'),
(68869, 2315, 0, 'Shadow Labyrinth - Ancient Lichen (181278)'),
(68868, 2315, 0, 'Shadow Labyrinth - Ancient Lichen (181278)'),
(67633, 2315, 0, 'Shadow Labyrinth - Ancient Lichen (181278)'),
(67632, 2315, 0, 'Shadow Labyrinth - Ancient Lichen (181278)'),
(67490, 2315, 0, 'Shadow Labyrinth - Ancient Lichen (181278)'),
(67397, 2315, 0, 'Shadow Labyrinth - Ancient Lichen (181278)'),
(67396, 2315, 0, 'Shadow Labyrinth - Ancient Lichen (181278)'),
(66776, 2315, 0, 'Shadow Labyrinth - Ancient Lichen (181278)'),
(48509, 2315, 0, 'Shadow Labyrinth - Ancient Lichen (181278)'),
(42191, 15417, 0, 'Shadow Labyrinth - Adamantite Deposit (181556) - #8'),
(42190, 15421, 0, 'Shadow Labyrinth - Adamantite Deposit (181556) - Pool 3'),
(38614, 15876, 0, 'Shadow Labyrinth - Adamantite Deposit (181556)'),
(37494, 15422, 0, 'Shadow Labyrinth - Adamantite Deposit (181556) - Pool 4'),
(36642, 15423, 0, 'Shadow Labyrinth - Adamantite Deposit (181556) - Pool 5'),
(36641, 15424, 0, 'Shadow Labyrinth - Adamantite Deposit (181556) - Pool 6'),
(36640, 15434, 0, 'Shadow Labyrinth - Adamantite Deposit (181556) - Pool 7'),
(36639, 15876, 0, 'Shadow Labyrinth - Adamantite Deposit (181556)'),
(36638, 15419, 0, 'Shadow Labyrinth - Rich Adamantite Deposit (181569) - Pool 1'),
(36637, 15421, 0, 'Shadow Labyrinth - Rich Adamantite Deposit (181569) - Pool 3'),
(36636, 15420, 0, 'Shadow Labyrinth - Rich Adamantite Deposit (181569) - Pool 2'),
(36635, 15422, 0, 'Shadow Labyrinth - Rich Adamantite Deposit (181569) - Pool 4'),
(36634, 15423, 0, 'Shadow Labyrinth - Rich Adamantite Deposit (181569) - Pool 5'),
(36633, 15424, 0, 'Shadow Labyrinth - Rich Adamantite Deposit (181569) - Pool 6'),
(27554, 15434, 0, 'Shadow Labyrinth - Rich Adamantite Deposit (181569) - Pool 7'),
(27553, 15419, 0, 'Shadow Labyrinth - Khorium (181557) - Pool 1'),
(27552, 15422, 0, 'Shadow Labyrinth - Khorium (181557) - Pool 4'),
(27551, 15434, 0, 'Shadow Labyrinth - Khorium (181557) - Pool 7'),
(27514, 15870, 0, 'Shadow Labyrinth - Bound Adamantite Chest (184940)'),
(27513, 15870, 0, 'Shadow Labyrinth - Solid Adamantite Chest (184941)'),
(27512, 15871, 0, 'Shadow Labyrinth - Bound Adamantite Chest (184940)'),
(27511, 15871, 0, 'Shadow Labyrinth - Solid Adamantite Chest (184941)'),
(27510, 15872, 0, 'Shadow Labyrinth - Bound Adamantite Chest (184940)'),
(27509, 15872, 0, 'Shadow Labyrinth - Solid Adamantite Chest (184941)'),
(26315, 15873, 0, 'Shadow Labyrinth - Bound Adamantite Chest (184940)'),
(12295, 15873, 0, 'Shadow Labyrinth - Solid Adamantite Chest (184941)'),
(12292, 15874, 0, 'Shadow Labyrinth - Bound Adamantite Chest (184940)'),
(12291, 15874, 0, 'Shadow Labyrinth - Solid Adamantite Chest (184941)'),
(12290, 15875, 0, 'Shadow Labyrinth - Bound Adamantite Chest (184940)'),
(12289, 15875, 0, 'Shadow Labyrinth - Solid Adamantite Chest (184941)'),
(12288, 15418, 0, 'Shadow Labyrinth - Bound Adamantite Chest (184940)'),
(9506, 15418, 0, 'Shadow Labyrinth - Solid Adamantite Chest (184941)'),
(9505, 15417, 0, 'Shadow Labyrinth - Rich Adamantite Deposit (181569) - #8');

INSERT INTO `pool_gameobject_template` (`id`, `pool_entry`, `chance`, `description`) VALUES
(182940, 14811, 0, 'Shadow Labyrinth - Soul Device (182940)');

-- =========
-- DBSCRIPTS
-- =========

DELETE FROM dbscripts_on_creature_movement WHERE id IN (1863101,1863102,1863103,1863201,1863202,1863301,1863302,1863303,1863304,1863305,1863306,1863401,1863402,1863403,1863501,1863502,1863503,1863701,1863801,1863901,1863902,1863903,1863904,1864001,1864002,1864003,1864004,1864005,1864006,1864101,1866701,1866702,1866703,1870801,1870802,1873201,1883001,1883002,1883003,1883004);
INSERT INTO `dbscripts_on_creature_movement` (`id`, `delay`, `command`, `datalong`, `datalong2`, `datalong3`, `buddy_entry`, `search_radius`, `data_flags`, `dataint`, `dataint2`, `dataint3`, `dataint4`, `x`, `y`, `z`, `o`, `comments`) VALUES
(1863101, 1, 1, 1, 0, 0, 0, 0, 0, 5, 273, 11, 0, 0, 0, 0, 0, ''),
(1863102, 1, 1, 16, 0, 0, 0, 0, 0, 0, 0, 0, 0, 0, 0, 0, 0, ''),
(1863102, 7, 1, 16, 0, 0, 0, 0, 0, 0, 0, 0, 0, 0, 0, 0, 0, ''),
(1863102, 13, 1, 16, 0, 0, 0, 0, 0, 0, 0, 0, 0, 0, 0, 0, 0, ''),
(1863102, 20, 1, 4, 0, 0, 0, 0, 0, 0, 0, 0, 0, 0, 0, 0, 0, ''),
(1863103,6,35,5,10,0,0,0,0,0,0,0,0,0,0,0,0,'Send EVENT A'),
(1863103,15,35,6,10,0,0,0,0,0,0,0,0,0,0,0,0,'Send EVENT B'),
(1863201, 1, 25, 1, 0, 0, 0, 0, 0, 0, 0, 0, 0, 0, 0, 0, 0, 'RUN ON'),
(1863202, 1, 20, 0, 0, 0, 0, 0, 0, 0, 0, 0, 0, 0, 0, 0, 0, 'movement changed to 0:idle'),
(1863202, 1, 1, 376, 0, 0, 0, 0, 0, 0, 0, 0, 0, 0, 0, 0, 0, ''),
(1863301, 2, 1, 69, 0, 0, 0, 0, 0, 0, 0, 0, 0, 0, 0, 0, 0, ''),
(1863301, 57, 1, 0, 0, 0, 0, 0, 0, 0, 0, 0, 0, 0, 0, 0, 0, ''),
(1863302, 3, 1, 5, 0, 0, 0, 0, 0, 0, 0, 0, 0, 0, 0, 0, 0, ''),
(1863302, 7, 1, 274, 0, 0, 0, 0, 0, 0, 0, 0, 0, 0, 0, 0, 0, ''),
(1863303, 1, 32, 1, 0, 0, 0, 0, 0, 0, 0, 0, 0, 0, 0, 0, 0, 'wp pause'),
(1863303, 2, 15, 6606, 0, 0, 0, 0, 0, 0, 0, 0, 0, 0, 0, 0, 0, ''),
(1863304, 2, 28, 8, 0, 0, 0, 0, 0, 0, 0, 0, 0, 0, 0, 0, 0, 'STATE_KNEEL'),
(1863304, 28, 28, 0, 0, 0, 0, 0, 0, 0, 0, 0, 0, 0, 0, 0, 0, 'STATE_STAND'),
(1863305, 2, 1, 273, 0, 0, 0, 0, 0, 1, 5, 0, 0, 0, 0, 0, 0, ''),
(1863306, 1, 1, 16, 0, 0, 0, 0, 0, 0, 0, 0, 0, 0, 0, 0, 0, ''),
(1863306, 7, 1, 16, 0, 0, 0, 0, 0, 0, 0, 0, 0, 0, 0, 0, 0, ''),
(1863306, 13, 1, 16, 0, 0, 0, 0, 0, 0, 0, 0, 0, 0, 0, 0, 0, ''),
(1863306, 20, 1, 4, 0, 0, 0, 0, 0, 0, 0, 0, 0, 0, 0, 0, 0, ''),
(1863401, 1, 25, 1, 0, 0, 0, 0, 0, 0, 0, 0, 0, 0, 0, 0, 0, 'RUN ON'),
(1863402, 1, 20, 0, 0, 0, 0, 0, 0, 0, 0, 0, 0, 0, 0, 0, 0, 'movement changed to 0:idle'),
(1863403, 1, 15, 33331, 1, 0, 18708, 91991, 19, 0, 0, 0, 0, 0, 0, 0, 0, 'force buddy to cast 33329'),
(1863501, 2, 28, 8, 0, 0, 0, 0, 0, 0, 0, 0, 0, 0, 0, 0, 0, 'STATE_KNEEL'),
(1863501, 4, 1, 6, 0, 0, 0, 0, 0, 0, 0, 0, 0, 0, 0, 0, 0, ''),
(1863501, 8, 28, 0, 0, 0, 0, 0, 0, 0, 0, 0, 0, 0, 0, 0, 0, 'STATE_STAND'),
(1863502, 1, 1, 1, 0, 0, 0, 0, 0, 5, 273, 0, 0, 0, 0, 0, 0, ''),
(1863503, 1, 1, 16, 0, 0, 0, 0, 0, 0, 0, 0, 0, 0, 0, 0, 0, ''),
(1863503, 7, 1, 16, 0, 0, 0, 0, 0, 0, 0, 0, 0, 0, 0, 0, 0, ''),
(1863503, 13, 1, 16, 0, 0, 0, 0, 0, 0, 0, 0, 0, 0, 0, 0, 0, ''),
(1863503, 20, 1, 4, 0, 0, 0, 0, 0, 0, 0, 0, 0, 0, 0, 0, 0, ''),
(1863701, 1, 1, 16, 0, 0, 0, 0, 0, 0, 0, 0, 0, 0, 0, 0, 0, ''),
(1863701, 7, 1, 16, 0, 0, 0, 0, 0, 0, 0, 0, 0, 0, 0, 0, 0, ''),
(1863701, 13, 1, 16, 0, 0, 0, 0, 0, 0, 0, 0, 0, 0, 0, 0, 0, ''),
(1863701, 20, 1, 4, 0, 0, 0, 0, 0, 0, 0, 0, 0, 0, 0, 0, 0, ''),
(1863801,6,35,5,10,0,0,0,0,0,0,0,0,0,0,0,0,'Send EVENT A'),
(1863801,15,35,6,10,0,0,0,0,0,0,0,0,0,0,0,0,'Send EVENT B'),
(1863901, 1, 25, 1, 0, 0, 0, 0, 0, 0, 0, 0, 0, 0, 0, 0, 0, 'RUN ON'),
(1863902, 1, 20, 0, 0, 0, 0, 0, 0, 0, 0, 0, 0, 0, 0, 0, 0, 'movement changed to 0:idle'),
(1863902, 1, 1, 5, 0, 0, 0, 0, 0, 0, 0, 0, 0, 0, 0, 0, 0, ''),
(1863903, 1, 15, 33331, 1, 0, 18708, 91991, 19, 0, 0, 0, 0, 0, 0, 0, 0, 'force buddy to cast 33329'),
(1863904, 4, 15, 33331, 1, 0, 18708, 91991, 19, 0, 0, 0, 0, 0, 0, 0, 0, 'force buddy to cast 33329'),
(1864001, 1, 1, 11, 0, 0, 0, 0, 0, 0, 0, 0, 0, 0, 0, 0, 0, ''),
(1864002, 1, 1, 25, 0, 0, 0, 0, 0, 0, 0, 0, 0, 0, 0, 0, 0, ''),
(1864002, 2, 3, 0, 0, 0, 18641, 80646, 23, 0, 0, 0, 0, -53.6404, -76.4585, -1.12736, 0.0800861, ''),
(1864002, 2, 3, 0, 0, 0, 18641, 80645, 23, 0, 0, 0, 0, -56.2526, -76.2223, -1.12736, 6.2376, ''),
(1864002, 2, 3, 0, 0, 0, 18641, 80641, 23, 0, 0, 0, 0, -53.2162, -81.0359, -1.12736, 0.424172, ''),
(1864002, 2, 3, 0, 0, 0, 18641, 80643, 23, 0, 0, 0, 0, -55.6699, -80.9882, -1.12736, 0.185325, ''),
(1864003, 1, 1, 15, 0, 0, 0, 0, 0, 0, 0, 0, 0, 0, 0, 0, 0, ''),
(1864003, 2, 28, 7, 0, 0, 18641, 80647, 23, 0, 0, 0, 0, 0, 0, 0, 0, 'STATE_DEAD'),
(1864003, 2, 28, 7, 0, 0, 18641, 80646, 23, 0, 0, 0, 0, 0, 0, 0, 0, 'STATE_DEAD'),
(1864003, 2, 28, 7, 0, 0, 18641, 80645, 23, 0, 0, 0, 0, 0, 0, 0, 0, 'STATE_DEAD'),
(1864003, 2, 28, 7, 0, 0, 18641, 80641, 23, 0, 0, 0, 0, 0, 0, 0, 0, 'STATE_DEAD'),
(1864003, 2, 28, 7, 0, 0, 18641, 80643, 23, 0, 0, 0, 0, 0, 0, 0, 0, 'STATE_DEAD'),
(1864003, 6, 28, 0, 0, 0, 18641, 80647, 23, 0, 0, 0, 0, 0, 0, 0, 0, 'STATE_STAND'),
(1864003, 6, 28, 0, 0, 0, 18641, 80646, 23, 0, 0, 0, 0, 0, 0, 0, 0, 'STATE_STAND'),
(1864003, 6, 28, 0, 0, 0, 18641, 80645, 23, 0, 0, 0, 0, 0, 0, 0, 0, 'STATE_STAND'),
(1864003, 6, 28, 0, 0, 0, 18641, 80641, 23, 0, 0, 0, 0, 0, 0, 0, 0, 'STATE_STAND'),
(1864003, 6, 28, 0, 0, 0, 18641, 80643, 23, 0, 0, 0, 0, 0, 0, 0, 0, 'STATE_STAND'),
(1864004, 1, 1, 25, 0, 0, 0, 0, 0, 0, 0, 0, 0, 0, 0, 0, 0, ''),
(1864004, 2, 3, 0, 0, 0, 18641, 80647, 23, 0, 0, 0, 0, -49.399, -72.3794, -1.13478, 4.47965, ''),
(1864004, 2, 3, 0, 0, 0, 18641, 80646, 23, 0, 0, 0, 0, -52.038, -71.5567, -1.12901, 5.20887, ''),
(1864004, 2, 3, 0, 0, 0, 18641, 80645, 23, 0, 0, 0, 0, -54.4324, -73.9512, -1.12769, 6.26131, ''),
(1864004, 2, 3, 0, 0, 0, 18641, 80641, 23, 0, 0, 0, 0, -56.4157, -77.1166, -1.12821, 6.26131, ''),
(1864004, 2, 3, 0, 0, 0, 18641, 80643, 23, 0, 0, 0, 0, -56.4429, -80.5976, -1.12824, 0.135202, ''),
(1864005, 1, 1, 25, 0, 0, 0, 0, 0, 0, 0, 0, 0, 0, 0, 0, 0, ''),
(1864005, 2, 3, 0, 0, 0, 18641, 80647, 23, 0, 0, 0, 0, -54.7495, -78.6855, -1.12821, 0.048723, ''),
(1864005, 2, 3, 0, 0, 0, 18641, 80646, 23, 0, 0, 0, 0, -56.7471, -78.7829, -1.12821, 6.15284, ''),
(1864005, 2, 3, 0, 0, 0, 18641, 80645, 23, 0, 0, 0, 0, -58.7448, -78.8803, -1.12822, 6.20498, ''),
(1864005, 2, 3, 0, 0, 0, 18641, 80641, 23, 0, 0, 0, 0, -60.7424, -78.9777, -1.12823, 0.138545, ''),
(1864005, 2, 3, 0, 0, 0, 18641, 80643, 23, 0, 0, 0, 0, -62.74, -79.0751, -1.12823, 6.27203, ''),
(1864006, 1, 1, 16, 0, 0, 0, 0, 0, 0, 0, 0, 0, 0, 0, 0, 0, ''),
(1864006, 7, 1, 16, 0, 0, 0, 0, 0, 0, 0, 0, 0, 0, 0, 0, 0, ''),
(1864006, 13, 1, 16, 0, 0, 0, 0, 0, 0, 0, 0, 0, 0, 0, 0, 0, ''),
(1864006, 20, 1, 4, 0, 0, 0, 0, 0, 0, 0, 0, 0, 0, 0, 0, 0, ''),
(1864101, 1, 25, 1, 0, 0, 0, 0, 0, 0, 0, 0, 0, 0, 0, 0, 0, 'RUN ON'),
(1866701, 1, 0, 0, 0, 0, 0, 0, 0, 2000000228, 2000000239, 0, 0, 0, 0, 0, 0, ''),
(1866702, 1, 0, 0, 0, 0, 0, 0, 0, 2000000149, 2000000235, 2000000236, 0, 0, 0, 0, 0, ''),
(1866703, 1, 0, 0, 0, 0, 0, 0, 0, 2000000150, 2000000236, 0, 0, 0, 0, 0, 0, ''),
(1870801, 1, 35, 5, 500, 0, 0, 0, 0, 0, 0, 0, 0, 0, 0, 0, 0, 'THROW_AI_EVENT'),
(1870801, 4, 15, 33332, 0, 0, 0, 0, 0, 0, 0, 0, 0, 0, 0, 0, 0, 'Cast Suppression Blast 33332'),
(1870802, 1, 35, 5, 500, 0, 0, 0, 0, 0, 0, 0, 0, 0, 0, 0, 0, 'THROW_AI_EVENT'),
(1873201, 1, 1, 15, 0, 0, 0, 0, 0, 0, 0, 0, 0, 0, 0, 0, 0, ''),
(1873201, 5, 1, 5, 0, 0, 0, 0, 0, 0, 0, 0, 0, 0, 0, 0, 0, ''),
(1873201, 9, 1, 274, 0, 0, 0, 0, 0, 0, 0, 0, 0, 0, 0, 0, 0, ''),
(1883001,6,35,5,7,0,0,0,0,0,0,0,0,0,0,0,0,'Send EVENT A'),
(1883001,15,35,6,7,0,0,0,0,0,0,0,0,0,0,0,0,'Send EVENT B');

DELETE FROM dbscripts_on_go_template_use WHERE id IN (182942,183295);
INSERT INTO `dbscripts_on_go_template_use` (`id`, `delay`, `command`, `datalong`, `datalong2`, `datalong3`, `buddy_entry`, `search_radius`, `data_flags`, `dataint`, `dataint2`, `dataint3`, `dataint4`, `x`, `y`, `z`, `o`, `comments`) VALUES
(182942, 1, 3, 0, 0, 0, 18891, 80700, 23, 0, 0, 0, 0, -63.5416, 42.9283, 0.206252, 2.42972, ''),
(183295, 8, 20, 2, 0, 0, 18708, 91991, 23, 0, 0, 0, 0, 0, 0, 0, 0, 'Murmur - Change MovementType to Waypoint Movement'),
(183295, 1, 20, 2, 0, 0, 18634, 54891, 23, 0, 0, 0, 0, 0, 0, 0, 0, 'Cabal Summoner - Change MovementType to Waypoint Movement'),
(183295, 1, 20, 2, 0, 0, 18634, 80623, 23, 0, 0, 0, 0, 0, 0, 0, 0, 'Cabal Summoner - Change MovementType to Waypoint Movement'),
(183295, 1, 20, 2, 0, 0, 18632, 80602, 23, 0, 0, 0, 0, 0, 0, 0, 0, 'Cabal Executioner - Change MovementType to Waypoint Movement'),
(183295, 1, 20, 2, 0, 0, 18639, 80680, 23, 0, 0, 0, 0, 0, 0, 0, 0, 'Cabal Spellbinder - Change MovementType to Waypoint Movement'),
(183295, 1, 20, 2, 0, 0, 18632, 80634, 23, 0, 0, 0, 0, 0, 0, 0, 0, 'Cabal Executioner - Change MovementType to Waypoint Movement'),
(183295, 1, 20, 2, 0, 0, 18634, 80627, 23, 0, 0, 0, 0, 0, 0, 0, 0, 'Cabal Summoner - Change MovementType to Waypoint Movement'),
(183295, 1, 20, 2, 0, 0, 18639, 80676, 23, 0, 0, 0, 0, 0, 0, 0, 0, 'Cabal Summoner - Change MovementType to Waypoint Movement'),
(183295, 1, 20, 2, 0, 0, 18632, 80630, 23, 0, 0, 0, 0, 0, 0, 0, 0, 'Cabal Executioner - Change MovementType to Waypoint Movement'),
(183295, 1, 20, 2, 0, 0, 18639, 80677, 23, 0, 0, 0, 0, 0, 0, 0, 0, 'Cabal Summoner - Change MovementType to Waypoint Movement'),
(183295, 2, 20, 2, 0, 0, 18632, 80631, 23, 0, 0, 0, 0, 0, 0, 0, 0, 'Cabal Executioner - Change MovementType to Waypoint Movement'),
(183295, 2, 20, 2, 0, 0, 18639, 130999, 23, 0, 0, 0, 0, 0, 0, 0, 0, 'Cabal Summoner - Change MovementType to Waypoint Movement'),
(183295, 2, 20, 2, 0, 0, 18632, 80633, 23, 0, 0, 0, 0, 0, 0, 0, 0, 'Cabal Executioner - Change MovementType to Waypoint Movement'),
(183295, 2, 20, 2, 0, 0, 18639, 54819, 23, 0, 0, 0, 0, 0, 0, 0, 0, 'Cabal Summoner - Change MovementType to Waypoint Movement'),
(183295, 2, 20, 2, 0, 0, 18634, 80615, 23, 0, 0, 0, 0, 0, 0, 0, 0, 'Cabal Summoner - Change MovementType to Waypoint Movement'),
(183295, 2, 20, 2, 0, 0, 18639, 80675, 23, 0, 0, 0, 0, 0, 0, 0, 0, 'Cabal Spellbinder - Change MovementType to Waypoint Movement'),
(183295, 2, 20, 2, 0, 0, 18632, 80635, 23, 0, 0, 0, 0, 0, 0, 0, 0, 'Cabal Executioner - Change MovementType to Waypoint Movement'),
(183295, 2, 20, 2, 0, 0, 18639, 80685, 23, 0, 0, 0, 0, 0, 0, 0, 0, 'Cabal Spellbinder - Change MovementType to Waypoint Movement'),
(183295, 2, 20, 2, 0, 0, 18634, 54823, 23, 0, 0, 0, 0, 0, 0, 0, 0, 'Cabal Summoner - Change MovementType to Waypoint Movement'),
(183295, 2, 20, 2, 0, 0, 18634, 80625, 23, 0, 0, 0, 0, 0, 0, 0, 0, 'Cabal Summoner - Change MovementType to Waypoint Movement'),
(183295, 3, 20, 2, 0, 0, 18634, 80617, 23, 0, 0, 0, 0, 0, 0, 0, 0, 'Cabal Summoner - Change MovementType to Waypoint Movement'),
(183295, 3, 20, 2, 0, 0, 18632, 80628, 23, 0, 0, 0, 0, 0, 0, 0, 0, 'Cabal Executioner - Change MovementType to Waypoint Movement'),
(183295, 3, 20, 2, 0, 0, 18634, 54820, 23, 0, 0, 0, 0, 0, 0, 0, 0, 'Cabal Summoner - Change MovementType to Waypoint Movement'),
(183295, 3, 20, 2, 0, 0, 18632, 80629, 23, 0, 0, 0, 0, 0, 0, 0, 0, 'Cabal Executioner - Change MovementType to Waypoint Movement');

DELETE FROM `dbscript_string` WHERE `entry` IN (2000000149,2000000150,2000000228,2000000235,2000000236,2000000239,2000000236);
INSERT INTO `dbscript_string` (`entry`, `content_default`, `sound`, `type`, `language`, `emote`, `comment`) VALUES
(2000000149, 'I WILL DESTROY ALL', 0, 0, 0, 0, ''),
(2000000150, 'US ALREADY ALL ANYMORE AND ANYMORE', 0, 0, 0, 0, ''),
(2000000228, 'YOU PRAY SERVANTS MY', 0, 0, 0, 0, ''),
(2000000235, 'I WICKED OGR', 0, 0, 0, 0, ''),
(2000000236, 'I FEEL DEATH ALONGSIDE', 0, 0, 0, 0, ''),
(2000000239, 'NOBODY WILL GET THROUGH ME', 0, 0, 0, 0, '');

-- INSERT INTO `dbscripts_on_creature_death` (`id`, `delay`, `command`, `datalong`, `datalong2`, `datalong3`, `buddy_entry`, `search_radius`, `data_flags`, `dataint`, `dataint2`, `dataint3`, `dataint4`, `x`, `y`, `z`, `o`, `comments`) VALUES
-- INSERT INTO `dbscripts_on_go_use` (`id`, `delay`, `command`, `datalong`, `datalong2`, `datalong3`, `buddy_entry`, `search_radius`, `data_flags`, `dataint`, `dataint2`, `dataint3`, `dataint4`, `x`, `y`, `z`, `o`, `comments`) VALUES
-- INSERT INTO `dbscripts_on_relay` (`id`, `delay`, `command`, `datalong`, `datalong2`, `datalong3`, `buddy_entry`, `search_radius`, `data_flags`, `dataint`, `dataint2`, `dataint3`, `dataint4`, `x`, `y`, `z`, `o`, `comments`) VALUES
-- INSERT INTO `dbscripts_on_event` (`id`, `delay`, `command`, `datalong`, `datalong2`, `datalong3`, `buddy_entry`, `search_radius`, `data_flags`, `dataint`, `dataint2`, `dataint3`, `dataint4`, `x`, `y`, `z`, `o`, `comments`) VALUES
-- INSERT INTO `dbscripts_on_spell` (`id`, `delay`, `command`, `datalong`, `datalong2`, `datalong3`, `buddy_entry`, `search_radius`, `data_flags`, `dataint`, `dataint2`, `dataint3`, `dataint4`, `x`, `y`, `z`, `o`, `comments`) VALUES
-- INSERT INTO `dbscripts_on_gossip` (`id`, `delay`, `command`, `datalong`, `datalong2`, `datalong3`, `buddy_entry`, `search_radius`, `data_flags`, `dataint`, `dataint2`, `dataint3`, `dataint4`, `x`, `y`, `z`, `o`, `comments`) VALUES
-- INSERT INTO `dbscripts_on_quest_start` (`id`, `delay`, `command`, `datalong`, `datalong2`, `datalong3`, `buddy_entry`, `search_radius`, `data_flags`, `dataint`, `dataint2`, `dataint3`, `dataint4`, `x`, `y`, `z`, `o`, `comments`) VALUES
-- INSERT INTO `dbscripts_on_quest_end` (`id`, `delay`, `command`, `datalong`, `datalong2`, `datalong3`, `buddy_entry`, `search_radius`, `data_flags`, `dataint`, `dataint2`, `dataint3`, `dataint4`, `x`, `y`, `z`, `o`, `comments`) VALUES
-- INSERT INTO `dbscript_random_templates` (`id`, `type`, `target_id`, `chance`, `comments`) VALUES


