# Y2kCat
# ALTER TABLE db_version_ytdb CHANGE COLUMN 667_FIX_14092 666a_FIX_14092 bit;
# REPLACE INTO `db_version_ytdb` (`version`) VALUES ('667_FIX_14092');

UPDATE db_version SET `cache_id`= '667';
UPDATE db_version SET `version`= 'YTDB_0.15.4_R667_cMaNGOS_R14092_RuDB_R74';

-- --------------------------------------------------------------------------------------------------------------------------------------------------------------
SET sql_safe_updates=0;
-- --------------------------------------------------------------------------------------------------------------------------------------------------------------

UPDATE `creature_template` SET `SpellList` = '1861501' WHERE `Entry` =18615;
DELETE FROM `creature_spell_list` WHERE `Id` IN (118301);
INSERT INTO `creature_spell_list` (`Id`, `Position`, `SpellId`, `Flags`, `CombatCondition`, `TargetId`, `ScriptId`, `Availability`, `Probability`, `InitialMin`, `InitialMax`, `RepeatMin`, `RepeatMax`, `Comments`) VALUES
(118301, 4, 9532, 2, -1, 1, 0, 100, 1, 0, 0, 0, 0, 'Mo\'grosh Mystic - Lightning Bolt'),
(118301, 3, 547, 0, -1, 201, 0, 100, 1, 0, 10000, 20000, 20000, 'Mo\'grosh Mystic - Healing Wave - Missing 50% including self');

DELETE FROM dbscripts_on_event WHERE id IN (5991);
INSERT INTO dbscripts_on_event (id, delay, command, datalong, datalong2, datalong3, buddy_entry, search_radius, data_flags, dataint, dataint2, dataint3, dataint4, x, y, z, o, comments) VALUES
(5991,1,31,12138,100,0,0,0,0x08,0,0,0,0,0,0,0,0,'search for 12138 - terminate if found'),
(5991,100,9,64,120,0,0,0,0x04,0,0,0,0,0,0,0,0,'resp object'),
(5991,101,10,12138,300000,0,0,0,0x04,0,0,0,88,6366.3354,140.38214,24.258726,3.682644605636596679,'summon 12138');
DELETE FROM creature_movement_template WHERE Entry = 12138 AND PathId = 1;
INSERT INTO creature_movement_template (`Entry`, `PathId`, `Point`, `PositionX`, `PositionY`, `PositionZ`, `Orientation`, `WaitTime`, `ScriptId`) VALUES
(12138,1,1,6366.3354,140.38214,24.258726,3.68264,1000,1213801),
(12138,1,2,6345.934,123.011215,22.50773,100,0,0),
(12138,1,3,6339.264,113.514366,21.169043,100,0,0),
(12138,1,4,6332.87,103.766785,21.61715,100,0,0),
(12138,1,5,6325.0444,94.15114,21.901892,100,100,20);
DELETE FROM dbscripts_on_creature_movement WHERE id IN (1213801);
INSERT INTO dbscripts_on_creature_movement (`id`, `delay`, `command`, `datalong`, `datalong2`, `datalong3`, `buddy_entry`, `search_radius`, `data_flags`, `dataint`, `dataint2`, `dataint3`, `dataint4`, `x`, `y`, `z`, `o`, `comments`) VALUES
(1213801,0,15,10389,0,0,0,0,0x04,0,0,0,0,0,0,0,0,''),
(1213801,1,25,1,0,0,0,0,0x04,0,0,0,0,0,0,0,0,'run ON');
DELETE FROM game_event_gameobject WHERE guid IN (64);
DELETE FROM gameobject_battleground WHERE guid IN (64);
DELETE FROM gameobject WHERE guid IN (64);
INSERT INTO gameobject (guid, id, map, spawnMask, position_x, position_y, position_z, orientation, rotation0, rotation1, rotation2, rotation3, spawntimesecsmin, spawntimesecsmax) VALUES
(64,177644,1,1,6326.0117,92.700714,21.957666,-2.19911456108093261,0,0,-0.89100647,0.45399064,-120,-120);
DELETE FROM dbscripts_on_event WHERE id IN (6028);
INSERT INTO dbscripts_on_event (id, delay, command, datalong, datalong2, datalong3, buddy_entry, search_radius, data_flags, dataint, dataint2, dataint3, dataint4, x, y, z, o, comments) VALUES
(6028,1,31,12138,100,0,0,0,0x08,0,0,0,0,0,0,0,0,'search for 12138 - terminate if found'),
(6028,100,9,17038,120,0,0,0,0x04,0,0,0,0,0,0,0,0,'resp object'),
(6028,101,10,12138,300000,0,0,0,0x04,0,0,0,102,-2445.599,-1646.0189,92.855286,1.117010712623596191,'summon 12138');
DELETE FROM creature_movement_template WHERE Entry = 12138 AND PathId = 2;
INSERT INTO creature_movement_template (`Entry`, `PathId`, `Point`, `PositionX`, `PositionY`, `PositionZ`, `Orientation`, `WaitTime`, `ScriptId`) VALUES
(12138,2,1,-2445.599,-1646.0189,92.855286,1.117010,1000,1213801),
(12138,2,2,-2452.8245,-1625.3053,92.02587,100,0,0),
(12138,2,3,-2498.009,-1631.7184,91.79168,100,100,20);
UPDATE gameobject SET spawntimesecsmin = -120, spawntimesecsmax = -120 WHERE guid = 17038;

UPDATE creature_template SET InhabitType = 4 WHERE entry = 20069;
DELETE FROM creature_addon WHERE guid = 11340;
DELETE FROM creature_movement WHERE id = 11340;
DELETE FROM game_event_creature WHERE guid = 11340;
DELETE FROM game_event_creature_data WHERE guid = 11340;
DELETE FROM creature_battleground WHERE guid = 11340;
DELETE FROM creature_linking WHERE guid = 11340;
DELETE FROM creature WHERE guid = 11340;
INSERT INTO creature (guid, id, map, spawnMask, phaseMask, position_x, position_y, position_z, orientation, spawntimesecsmin, spawntimesecsmax, spawndist, MovementType) VALUES
(11340,19918,1,1,1,-8344.992,-4450.334,-91.6601,0,20,45,0,3);
INSERT INTO creature_movement (`Id`, `Point`, `PositionX`, `PositionY`, `PositionZ`, `Orientation`, `WaitTime`, `ScriptId`) VALUES
(11340,1,-8344.992,-4450.334,-91.6601,100,0,0),
(11340,2,-8345.674,-4449.603,-91.6601,100,0,0),
(11340,3,-8359.348,-4438.438,-84.52838,100,0,0),
(11340,4,-8385.378,-4431.861,-93.77838,100,0,0),
(11340,5,-8408.063,-4420.892,-104.9451,100,0,0),
(11340,6,-8441.084,-4419.951,-115.6673,100,0,0),
(11340,7,-8462.368,-4420.853,-124.2228,100,0,0),
(11340,8,-8505.504,-4417.907,-141.3894,100,0,0),
(11340,9,-8543.364,-4413.641,-153.9727,100,0,0),
(11340,10,-8578.372,-4406.426,-162.2782,100,0,0),
(11340,11,-8617.298,-4398.667,-172.0283,100,0,0),
(11340,12,-8651.545,-4405.353,-178.2505,100,10,1);
DELETE FROM `creature_spawn_data` WHERE guid IN (11340);
INSERT INTO `creature_spawn_data` (`guid`, `id`) VALUES (11340,3);
UPDATE creature SET spawntimesecsmin = 20, spawntimesecsmax = 45 WHERE id = 19918;
UPDATE creature_movement SET WaitTime = 100, ScriptId = 1 WHERE Id = 147485 AND Point = 12;
DELETE FROM creature_movement WHERE Id = 147485 AND Point = 13;
DELETE FROM creature_movement WHERE Id = 50132 AND Point = 9;
UPDATE creature_movement SET Orientation = 2.35, WaitTime = 10000, ScriptId = 1991803 WHERE Id = 50132 AND Point = 8;
DELETE FROM dbscripts_on_creature_movement WHERE id IN (1991803);
INSERT INTO dbscripts_on_creature_movement (`id`, `delay`, `command`, `datalong`, `datalong2`, `datalong3`, `buddy_entry`, `search_radius`, `data_flags`, `dataint`, `dataint2`, `dataint3`, `dataint4`, `x`, `y`, `z`, `o`, `comments`) VALUES
(1991803,0,39,0,0,0,0,0,0x04,0,0,0,0,0,0,0,0,'Time Watcher - Fly off'),
(1991803,1,25,0,0,0,0,0,0x04,0,0,0,0,0,0,0,0,'Time Watcher - run off'),
(1991803,2000,15,34699,0,0,0,0,0x04,0,0,0,0,0,0,0,0,'Time Watcher - Cast 34699'),
(1991803,2100,20,2,1,0,0,0,0x04,0,0,0,0,0,0,0,0,'Time Watcher - Set Path1');
DELETE FROM creature_movement_template WHERE Entry = 19918 AND PathId = 1;
INSERT INTO creature_movement_template (`Entry`, `PathId`, `Point`, `PositionX`, `PositionY`, `PositionZ`, `Orientation`, `WaitTime`, `ScriptId`) VALUES
(19918,1,1,-8398.713,-4234.417,-207.1844,100,0,0),
(19918,1,2,-8416.942,-4226.259,-209.9314,100,0,0),
(19918,1,3,-8433.847,-4210.986,-209.9753,100,0,0),
(19918,1,4,-8447.319,-4193.266,-211.127 ,100,0,0),
(19918,1,5,-8447.557,-4159.843,-208.961 ,100,0,0),
(19918,1,6,-8442.453,-4124.033,-208.592 ,100,0,0),
(19918,1,7,-8424.839,-4097.409,-208.5864,100,0,0),
(19918,1,8,-8405.975,-4077.361,-208.5864,100,0,0),
(19918,1,9,-8369.048,-4058.837,-208.3106,100,0,0),
(19918,1,10,-8339.433,-4050.101,-207.7185,100,10,1);
UPDATE creature SET position_x = -8344.992, position_y = -4450.334, position_z = -91.6601, spawndist = 0, MovementType = 3 WHERE guid = 126448;
DELETE FROM creature_movement WHERE Id IN (126448);
INSERT INTO creature_movement (`Id`, `Point`, `PositionX`, `PositionY`, `PositionZ`, `Orientation`, `WaitTime`, `ScriptId`) VALUES
(126448,1,-8344.992,-4450.334,-91.6601,100,0,0),
(126448,2,-8345.674,-4449.603,-91.6601,100,0,0),
(126448,3,-8352.719,-4436.703,-82.4349,100,0,0),
(126448,4,-8360.686,-4405.598,-101.9071,100,0,0),
(126448,5,-8367.108,-4379.51,-115.6016,100,0,0),
(126448,6,-8372.076,-4331.29,-128.935,100,0,0),
(126448,7,-8375.418,-4288.263,-128.935,100,0,0),
(126448,8,-8396.816,-4257.064,-128.935,100,0,0),
(126448,9,-8434.114,-4227.781,-128.1016,100,0,0),
(126448,10,-8476.552,-4211.472,-128.935,100,0,0),
(126448,11,-8540.315,-4222.934,-149.4349,100,0,0),
(126448,12,-8571.526,-4233.976,-186.8793,100,0,0),
(126448,13,-8600.241,-4239.956,-209.7406,3.35,10000,1991802);
DELETE FROM dbscripts_on_creature_movement WHERE id IN (1991802,1991805);
INSERT INTO dbscripts_on_creature_movement (`id`, `delay`, `command`, `datalong`, `datalong2`, `datalong3`, `buddy_entry`, `search_radius`, `data_flags`, `dataint`, `dataint2`, `dataint3`, `dataint4`, `x`, `y`, `z`, `o`, `comments`) VALUES
(1991802,0,39,0,0,0,0,0,0x04,0,0,0,0,0,0,0,0,'Time Watcher - Fly off'),
(1991802,1,25,0,0,0,0,0,0x04,0,0,0,0,0,0,0,0,'Time Watcher - run off'),
(1991802,2000,23,20075,0,0,0,0,0x04,0,0,0,0,0,0,0,0,'Time Watcher - Morph to Darkwater Crocolisk'),
(1991802,2100,20,2,2,0,0,0,0x04,0,0,0,0,0,0,0,0,'Time Watcher - Set Path2');
DELETE FROM creature_movement_template WHERE Entry = 19918 AND PathId = 2;
INSERT INTO creature_movement_template (`Entry`, `PathId`, `Point`, `PositionX`, `PositionY`, `PositionZ`, `Orientation`, `WaitTime`, `ScriptId`) VALUES
(19918,2,1,-8657.848,-4256.185,-209.717,100,0,0),
(19918,2,2,-8683.259,-4244.825,-209.5135,100,0,0),
(19918,2,3,-8707.051,-4232.219,-209.5008,100,0,0),
(19918,2,4,-8735.112,-4211.69,-209.5008,100,0,0),
(19918,2,5,-8748.09,-4201.256,-209.5008,100,100,1);
UPDATE creature SET position_x = -8714.617, position_y = -4326.743, position_z = -60.83653, spawndist = 0, MovementType = 3 WHERE guid = 126447;
DELETE FROM creature_movement WHERE Id IN (126447);
INSERT INTO creature_movement (`Id`, `Point`, `PositionX`, `PositionY`, `PositionZ`, `Orientation`, `WaitTime`, `ScriptId`) VALUES
(126447,1,-8714.617,-4326.743,-60.83653 ,100,0,0),
(126447,2,-8713.639,-4326.535,-60.83653 ,100,0,0),
(126447,3,-8699.7,-4323.786,-49.46626   ,100,0,0),
(126447,4,-8662.251,-4326.158,-58.91071 ,100,0,0),
(126447,5,-8632.865,-4321.092,-69.32738 ,100,0,0),
(126447,6,-8606.589,-4315.761,-85.07739 ,100,0,0),
(126447,7,-8585.149,-4300.948,-98.04964 ,100,0,0),
(126447,8,-8540.388,-4259.448,-113.3552 ,100,0,0),
(126447,9,-8507.983,-4240.053,-121.9385 ,100,0,0),
(126447,10,-8460.989,-4236.288,-130.4941,100,0,0),
(126447,11,-8429.02,-4255.674,-130.7997 ,100,0,0),
(126447,12,-8410.482,-4288.9,-128.3829  ,100,0,0),
(126447,13,-8395.819,-4345.37,-130.7997 ,100,0,0),
(126447,14,-8418.614,-4385.142,-135.8275,100,0,0),
(126447,15,-8459.28,-4394.419,-137.1608 ,100,0,0),
(126447,16,-8489.916,-4391.627,-138.0774,100,0,0),
(126447,17,-8521.314,-4381.444,-141.0219,100,0,0),
(126447,18,-8548.512,-4354.828,-143.4941,100,0,0),
(126447,19,-8567.578,-4328.019,-146.633 ,100,0,0),
(126447,20,-8557.874,-4290.714,-148.8552,100,0,0),
(126447,21,-8478.622,-4249.154,-154.8031,100,0,0),
(126447,22,-8444.948,-4260,-153.1365    ,100,0,0),
(126447,23,-8434.602,-4288.784,-150.7198,100,0,0),
(126447,24,-8444.234,-4330.667,-144.581 ,100,0,0),
(126447,25,-8498.272,-4372.209,-144.0532,100,0,0),
(126447,26,-8541.456,-4354.249,-152.6643,100,0,0),
(126447,27,-8553.676,-4309.024,-157.3865,100,0,0),
(126447,28,-8545.231,-4288.306,-153.9143,100,0,0),
(126447,29,-8522.15,-4279.529,-150.442  ,100,0,0),
(126447,30,-8449.093,-4252.85,-129.8031 ,100,0,0),
(126447,31,-8416.661,-4232.987,-108.0531,100,0,0),
(126447,32,-8389.26,-4209.612,-87.05309 ,100,0,0),
(126447,33,-8365.473,-4195.317,-70.15017,100,0,0),
(126447,34,-8333.33,-4169.05,-70.15017  ,100,10,1);
DELETE FROM creature_movement WHERE Id IN (126449);
INSERT INTO creature_movement (`Id`, `Point`, `PositionX`, `PositionY`, `PositionZ`, `Orientation`, `WaitTime`, `ScriptId`) VALUES
(126449,1,-8339.22,-4462.26,-98.8948,100,0,0),
(126449,2,-8345.67,-4449.6,-91.6601,100,0,0),
(126449,3,-8352.13,-4436.95,-84.4254,100,0,0),
(126449,4,-8341.38,-4375.6,-110.009,100,0,0),
(126449,5,-8357.16,-4300.49,-135.509,100,0,0),
(126449,6,-8452.85,-4213.52,-169.314,100,0,0),
(126449,7,-8578.65,-4245.91,-169.314,100,0,0),
(126449,8,-8593.61,-4332.43,-172.62,100,0,0),
(126449,9,-8532.17,-4405.24,-186.592,100,0,0),
(126449,10,-8453.47,-4416.55,-202.148,100,0,0),
(126449,11,-8408.37,-4412.03,-210.759,0.08,10000,1991804);
DELETE FROM dbscripts_on_creature_movement WHERE id IN (1991804);
INSERT INTO dbscripts_on_creature_movement (`id`, `delay`, `command`, `datalong`, `datalong2`, `datalong3`, `buddy_entry`, `search_radius`, `data_flags`, `dataint`, `dataint2`, `dataint3`, `dataint4`, `x`, `y`, `z`, `o`, `comments`) VALUES
(1991804,0,39,0,0,0,0,0,0x04,0,0,0,0,0,0,0,0,'Time Watcher - Fly off'),
(1991804,1,25,0,0,0,0,0,0x04,0,0,0,0,0,0,0,0,'Time Watcher - run off'),
(1991804,2000,15,34702,0,0,0,0,0x04,0,0,0,0,0,0,0,0,'Time Watcher - cast 34702'),
(1991804,2100,20,2,3,0,0,0,0x04,0,0,0,0,0,0,0,0,'Time Watcher - Set Path3');
DELETE FROM creature_movement_template WHERE Entry = 19918 AND PathId = 3;
INSERT INTO creature_movement_template (`Entry`, `PathId`, `Point`, `PositionX`, `PositionY`, `PositionZ`, `Orientation`, `WaitTime`, `ScriptId`) VALUES
(19918,3,1,-8376.56,-4393.6,-207.944,100,0,0),
(19918,3,2,-8344.07,-4375.34,-206.403,100,0,0),
(19918,3,3,-8317.79,-4362.93,-209.847,100,0,0),
(19918,3,4,-8297.43,-4357.04,-207.528,100,0,0),
(19918,3,5,-8251.5,-4344.58,-206.164,100,0,0),
(19918,3,6,-8229.64,-4339.97,-201.262,100,0,0),
(19918,3,7,-8218.43,-4325.09,-198.806,100,0,0),
(19918,3,8,-8195.75,-4287.91,-191.213,100,0,0),
(19918,3,9,-8186.09,-4258.09,-183.413,100,0,0),
(19918,3,10,-8186.15,-4239.24,-179.062,100,0,0),
(19918,3,11,-8184.12,-4201.08,-172.367,100,0,0),
(19918,3,12,-8173.98,-4179.92,-166.878,100,0,0),
(19918,3,13,-8167.48,-4164.84,-164.728,100,10,1);
UPDATE creature SET position_x = -8445.759, position_y = -4215.38, position_z = -211.9387, spawndist = 0, MovementType = 0 WHERE guid IN (54495,81318);
DELETE FROM creature_movement WHERE Id IN (54495,81318);
DELETE FROM creature_movement_template WHERE Entry IN (19935,19936);
DELETE FROM `spawn_group` WHERE id = 19892;
INSERT INTO `spawn_group` (`Id`, `Name`, `Type`, `MaxCount`, `WorldState`, `Flags`) VALUES (19892, 'Tanaris - Caverns of Time - Soridormi 19935 & Arazmodu 19936 - Patrol', 0, 0, 0, 1);
DELETE FROM `spawn_group_spawn` WHERE id = 19892;
INSERT INTO `spawn_group_spawn` (`Id`, `Guid`, `SlotId`) VALUES (19892, 54495, 0),(19892, 81318, 1);
DELETE FROM `spawn_group_formation` WHERE id = 19892;
INSERT INTO `spawn_group_formation` (`Id`, `FormationType`, `FormationSpread`, `FormationOptions`, `PathId`, `MovementType`, `Comment`) VALUES
(19892, 2, 7, 0, 19892, 2, 'Tanaris - Caverns of Time - Soridormi 19935 & Arazmodu 19936 - Patrol');
DELETE FROM `waypoint_path_name` WHERE PathId = 19892;
INSERT INTO `waypoint_path_name` (`PathId`, `Name`) VALUES (19892,'Tanaris - Caverns of Time - Soridormi 19935 & Arazmodu 19936 - Patrol');
DELETE FROM `waypoint_path` WHERE PathId = 19892;
INSERT INTO `waypoint_path` (`PathId`, `Point`, `PositionX`, `PositionY`,`PositionZ`, `Orientation`, `WaitTime`, `ScriptId`) VALUES
(19892,1,-8445.759,-4215.38,-211.9387,100,0,0),
(19892,2,-8481.24,-4209.553,-214.8101,100,0,0),
(19892,3,-8519.429,-4215.215,-213.2991,100,0,0),
(19892,4,-8566.779,-4224.906,-210.9306,100,0,0),
(19892,5,-8596.962,-4255.7,-210.5616,100,0,0),
(19892,6,-8608.052,-4285.974,-211.1701,100,0,0),
(19892,7,-8604.996,-4313.684,-212.4491,100,0,0),
(19892,8,-8588.4,-4356.612,-213.5026,100,0,0),
(19892,9,-8556.364,-4394.186,-215.0919,100,0,0),
(19892,10,-8521.725,-4420.971,-215.0355,100,0,0),
(19892,11,-8471.621,-4439.507,-215.6221,100,0,0),
(19892,12,-8427.305,-4434.919,-209.7463,100,0,0),
(19892,13,-8405.412,-4416.613,-210.1112,100,0,0),
(19892,14,-8377.789,-4380.435,-209.5843,100,0,0),
(19892,15,-8365.063,-4350.27,-208.8069,100,0,0),
(19892,16,-8362.924,-4320.472,-208.7829,100,0,0),
(19892,17,-8368.159,-4293.539,-208.2436,100,0,0),
(19892,18,-8382.888,-4258.709,-207.7906,100,0,0),
(19892,19,-8410.113,-4225.767,-208.1212,100,0,0);
UPDATE creature SET position_x = -8163.3145, position_y = -4796.055, position_z = 35.840714, spawndist = 0, MovementType = 0 WHERE guid IN (98785,98786);
DELETE FROM creature_movement WHERE Id IN (98785,98786);
DELETE FROM `spawn_group` WHERE id = 19891;
INSERT INTO `spawn_group` (`Id`, `Name`, `Type`, `MaxCount`, `WorldState`, `Flags`) VALUES (19891, 'Tanaris - Caverns of Time - Warden of Time 19951 x2 - Patrol', 0, 0, 0, 1);
DELETE FROM `spawn_group_spawn` WHERE id = 19891;
INSERT INTO `spawn_group_spawn` (`Id`, `Guid`, `SlotId`) VALUES (19891, 98785, 0),(19891, 98786, 1);
DELETE FROM `spawn_group_formation` WHERE id = 19891;
INSERT INTO `spawn_group_formation` (`Id`, `FormationType`, `FormationSpread`, `FormationOptions`, `PathId`, `MovementType`, `Comment`) VALUES
(19891, 1, 10, 0, 19891, 4, 'Tanaris - Caverns of Time - Warden of Time 19951 x2 - Patrol');
DELETE FROM `waypoint_path_name` WHERE PathId = 19891;
INSERT INTO `waypoint_path_name` (`PathId`, `Name`) VALUES (19891,'Tanaris - Caverns of Time - Warden of Time 19951 x2 - Patrol');
DELETE FROM `waypoint_path` WHERE PathId = 19891;
INSERT INTO `waypoint_path` (`PathId`, `Point`, `PositionX`, `PositionY`,`PositionZ`, `Orientation`, `WaitTime`, `ScriptId`) VALUES
(19891,1,-8163.3145,-4796.055,35.840714,100,500,0),
(19891,2,-8168.028,-4819.5063,34.62324,100,0,0),
(19891,3,-8174.3027,-4844.1504,29.046083,100,0,0),
(19891,4,-8177.518,-4864.79,26.622221,100,0,0),
(19891,5,-8177.777,-4881.641,24.999691,100,0,0),
(19891,6,-8154.547,-4901.804,19.343477,100,0,0),
(19891,7,-8129.777,-4903.324,16.248957,100,0,0),
(19891,8,-8114.9897,-4893.794,13.124857,100,0,0),
(19891,9,-8101.2007,-4886.316,8.632445,100,0,0),
(19891,10,-8087.9253,-4857.225,-7.217657,100,0,0),
(19891,11,-8093.51,-4848.0063,-11.209167,100,0,0),
(19891,12,-8128.395,-4843.884,-19.526033,100,0,0),
(19891,13,-8138.002,-4850.338,-20.934381,100,0,0),
(19891,14,-8144.3984,-4863.7227,-25.175663,100,0,0),
(19891,15,-8150.268,-4879.5464,-31.787813,100,0,0),
(19891,16,-8142.6665,-4895.334,-37.543938,100,0,0),
(19891,17,-8125.7734,-4908.5894,-40.887745,100,0,0),
(19891,18,-8113.1,-4910.2603,-42.88266,100,0,0),
(19891,19,-8091.725,-4904.197,-50.53138,100,0,0),
(19891,20,-8079.3296,-4886.623,-55.301456,100,0,0),
(19891,21,-8075.7866,-4871.69,-60.269855,100,0,0),
(19891,22,-8076.319,-4846.9756,-71.16178,100,0,0),
(19891,23,-8080.454,-4817.357,-82.79274,100,0,0),
(19891,24,-8085.0625,-4791.419,-89.5917,100,0,0),
(19891,25,-8089.58,-4768.8354,-94.4901,100,0,0),
(19891,26,-8092.654,-4750.49,-97.97556,100,0,0),
(19891,27,-8097.7676,-4728.2603,-101.61951,100,0,0),
(19891,28,-8107.007,-4699.217,-109.69037,100,0,0),
(19891,29,-8119.4536,-4673.4155,-118.84561,100,0,0),
(19891,30,-8127.5635,-4657.518,-120.11935,100,0,0),
(19891,31,-8143.4756,-4630.1094,-121.95584,100,0,0),
(19891,32,-8176.0303,-4605.023,-133.09459,100,0,0),
(19891,33,-8193.171,-4605.0933,-137.24554,100,0,0),
(19891,34,-8222.17,-4590.294,-150.03032,100,0,0),
(19891,35,-8238.964,-4588.1777,-155.07103,100,0,0),
(19891,36,-8259.87,-4586.572,-159.8153,100,0,0),
(19891,37,-8284.904,-4583.2134,-166.77763,100,0,0),
(19891,38,-8312.802,-4589.068,-174.06929,100,0,0),
(19891,39,-8336.284,-4604.1733,-180.28001,100,0,0),
(19891,40,-8356.5205,-4617.0874,-184.71153,100,0,0),
(19891,41,-8369.33,-4624.3228,-188.00562,100,0,0),
(19891,42,-8390.92,-4634.5527,-192.89653,100,0,0),
(19891,43,-8407.372,-4638.4106,-194.70264,100,0,0),
(19891,44,-8433.562,-4645.07,-200.20047,100,0,0),
(19891,45,-8452.687,-4648.728,-203.32683,100,0,0),
(19891,46,-8470.955,-4649.1235,-205.29292,100,0,0),
(19891,47,-8483.932,-4645.266,-206.09097,100,0,0),
(19891,48,-8491.336,-4637.4126,-206.50279,100,0,0),
(19891,49,-8497.812,-4624.299,-208.52382,100,0,0),
(19891,50,-8505.78,-4605.421,-211.19186,100,0,0),
(19891,51,-8513.201,-4577.485,-211.36905,100,0,0),
(19891,52,-8510.666,-4549.027,-211.46355,100,500,0);
DELETE FROM `gameobject` WHERE `guid` IN (26392,26393,18196,19839,19843);
DELETE FROM `creature_template_addon` WHERE `entry` = 29867;
INSERT INTO creature_addon (guid,mount,stand_state,sheath_state,pvp_flags,emote,moveflags,auras) VALUES
(76111, 0, 0, 0, 0,0, 0, '34712'),(76101, 0, 0, 0, 0,0, 0, '34712'),(76105, 0, 0, 0, 0,0, 0, '34712');
DELETE FROM `creature_template_addon` WHERE `entry` = 29865;
DELETE FROM `creature_template_addon` WHERE `entry` = 29866;
DELETE FROM `creature_template_addon` WHERE `entry` = 29868;
DELETE FROM `creature_template_addon` WHERE `entry` = 29873;
INSERT INTO creature_addon (guid,mount,stand_state,sheath_state,pvp_flags,emote,moveflags,auras) VALUES
(27985, 0, 0, 1, 0, 0, 0, '34712'),(52523, 0, 0, 1, 0, 0, 0, '34712'),(61583, 0, 0, 1, 0, 0, 0, '34712'),(61584, 0, 0, 1, 0, 0, 0, '34712'),(61622, 0, 0, 1, 0, 0, 0, '34712'),
(61623, 0, 0, 1, 0, 0, 0, '34712'),(61624, 0, 0, 1, 0, 0, 0, '34712'),(61625, 0, 0, 1, 0, 0, 0, '34712'),(61647, 0, 0, 1, 0, 0, 0, '34712'),(61683, 0, 0, 1, 0, 0, 0, '34712'),
(61733, 0, 0, 1, 0, 0, 0, '34712'),(76100, 0, 0, 1, 0, 0, 0, '34712'),(76102, 0, 0, 1, 0, 0, 0, '34712'),(76103, 0, 0, 1, 0, 0, 0, '34712'),(76104, 0, 0, 1, 0, 0, 0, '34712'),
(76106, 0, 0, 1, 0, 0, 0, '34712'),(76107, 0, 0, 1, 0, 0, 0, '34712'),(76108, 0, 0, 1, 0, 0, 0, '34712'),(76109, 0, 0, 1, 0, 0, 0, '34712'),(76110, 0, 0, 1, 0, 0, 0, '34712'),
(76112, 0, 0, 1, 0, 0, 0, '34712');

DELETE FROM creature_addon WHERE guid IN(SELECT guid FROM creature WHERE id IN (3998,3999,4001,4002,4003,4004));
DELETE FROM creature_movement WHERE id IN(SELECT guid FROM creature WHERE id IN (3998,3999,4001,4002,4003,4004));
DELETE FROM game_event_creature WHERE guid IN(SELECT guid FROM creature WHERE id IN (3998,3999,4001,4002,4003,4004));
DELETE FROM game_event_creature_data WHERE guid IN(SELECT guid FROM creature WHERE id IN (3998,3999,4001,4002,4003,4004));
DELETE FROM creature_battleground WHERE guid IN(SELECT guid FROM creature WHERE id IN (3998,3999,4001,4002,4003,4004));
DELETE FROM creature_linking WHERE guid IN(SELECT guid FROM creature WHERE id IN (3998,3999,4001,4002,4003,4004));
DELETE FROM creature WHERE id IN (3998,3999,4001,4002,4003,4004);
INSERT INTO `creature` (`guid`, `id`, `map`, `spawnMask`, `phaseMask`, `position_x`, `position_y`, `position_z`, `orientation`, `spawntimesecsmin`, `spawntimesecsmax`, `spawndist`, `MovementType`) VALUES
(79359, 3999, 1, 1, 1, '984.22399902343750000000', '-414.48098754882810000000', '8.56884002685546900000', '1.75838994979858400000', 300, 300, 5, 1),
(79360, 3999, 1, 1, 1, '1011.88000488281250000000', '-415.82101440429690000000', '-0.45241099596023560000', '4.80393981933593750000', 300, 300, 5, 1),
(79361, 3999, 1, 1, 1, '996.77398681640620000000', '-384.30899047851560000000', '8.63936996459961000000', '4.46793985366821300000', 300, 300, 5, 1),
(79362, 3999, 1, 1, 1, '970.33099365234380000000', '-287.34100341796875000000', '0.14965100586414337000', '0.89011800289154050000', 300, 300, 0, 0),
(79363, 3999, 1, 1, 1, '961.87597656250000000000', '-373.60000610351560000000', '7.12389993667602500000', '3.43829989433288570000', 300, 300, 0, 0),
(79364, 3999, 1, 1, 1, '972.91699218750000000000', '-389.58401489257810000000', '8.26436996459961000000', '6.14041996002197300000', 300, 300, 5, 1),
(79365, 3999, 1, 1, 1, '923.18701171875000000000', '-300.74301147460940000000', '18.85589981079101600000', '2.32129001617431640000', 300, 300, 0, 0),
(79366, 3999, 1, 1, 1, '935.64697265625000000000', '-264.86801147460940000000', '21.80710029602050800000', '0.89011800289154050000', 300, 300, 0, 0),
(79367, 3999, 1, 1, 1, '935.90899658203120000000', '-302.74099731445310000000', '0.02200900018215179400', '3.89208006858825700000', 300, 300, 0, 0),
(79368, 3999, 1, 1, 1, '957.27502441406250000000', '-353.65100097656250000000', '4.54843997955322300000', '2.56562995910644530000', 300, 300, 0, 0),
(79369, 3999, 1, 1, 1, '946.66101074218750000000', '-311.71798706054690000000', '0.29175600409507750000', '3.36847996711730960000', 300, 300, 0, 0),
(79370, 3999, 1, 1, 1, '974.10198974609380000000', '-332.55200195312500000000', '-1.92823004722595210000', '2.04204010963439940000', 300, 300, 0, 0),
(79371, 3999, 1, 1, 1, '943.04901123046880000000', '-316.23800659179690000000', '19.18790054321289000000', '0.34906598925590515000', 300, 300, 0, 0),
(79372, 3999, 1, 1, 1, '968.46899414062500000000', '-328.60101318359375000000', '22.67060089111328000000', '1.06465005874633800000', 300, 300, 0, 0),
(79373, 3999, 1, 1, 1, '906.57098388671880000000', '-283.05099487304690000000', '20.98320007324218800000', '4.81711006164550800000', 300, 300, 0, 0),
(79374, 3999, 1, 1, 1, '879.98498535156250000000', '-295.81100463867190000000', '19.10379981994629000000', '5.21853017807006800000', 300, 300, 0, 0),
(79375, 3999, 1, 1, 1, '865.06097412109380000000', '-303.76800537109375000000', '18.90220069885254000000', '4.78219985961914100000', 300, 300, 0, 0),
(79376, 3999, 1, 1, 1, '963.55102539062500000000', '-340.96301269531250000000', '0.01029700040817260700', '2.18165993690490720000', 300, 300, 0, 0),
(79377, 3999, 1, 1, 1, '887.38598632812500000000', '-285.60998535156250000000', '19.51869964599609400000', '1.97221994400024410000', 300, 300, 0, 0),
(79378, 3999, 1, 1, 1, '939.74200439453120000000', '-286.71398925781250000000', '17.87409973144531200000', '0.94247800111770630000', 300, 300, 0, 0),
(79379, 3999, 1, 1, 1, '917.94799804687500000000', '-267.87500000000000000000', '22.40740013122558600000', '2.80997991561889650000', 300, 300, 0, 0),
(79380, 3999, 1, 1, 1, '927.45501708984380000000', '-288.85101318359375000000', '17.99860000610351600000', '4.53785991668701200000', 300, 300, 0, 0),
(79381, 3999, 1, 1, 1, '949.79901123046880000000', '-281.21398925781250000000', '-0.29204198718070984000', '2.14674997329711900000', 300, 300, 0, 0),
(79382, 3999, 1, 1, 1, '982.50500488281250000000', '-311.33499145507810000000', '-0.36416700482368470000', '3.85718011856079100000', 300, 300, 0, 0),
(79383, 3999, 1, 1, 1, '992.25000000000000000000', '-324.26998901367190000000', '0.31478399038314820000', '0.26179900765419006000', 300, 300, 0, 0),
(79384, 3999, 1, 1, 1, '891.68701171875000000000', '-259.68600463867190000000', '7.36589002609252900000', '1.55333995819091800000', 300, 300, 0, 0),
(79385, 3999, 1, 1, 1, '929.09002685546880000000', '-286.71099853515625000000', '-0.98039102554321290000', '1.57079994678497310000', 300, 300, 0, 0),
(79386, 3999, 1, 1, 1, '916.56799316406250000000', '-297.07199096679690000000', '0.62833201885223390000', '4.13642978668212900000', 300, 300, 0, 0),
(79387, 3999, 1, 1, 1, '965.12597656250000000000', '-322.55899047851560000000', '-0.49809399247169495000', '5.95157003402710000000', 300, 300, 0, 0),
(79388, 3999, 1, 1, 1, '1017.79998779296880000000', '-321.09201049804690000000', '11.48200035095214800000', '5.91601991653442400000', 300, 300, 5, 1),
(79389, 3999, 1, 1, 1, '941.73999023437500000000', '-362.08898925781250000000', '16.23909950256347700000', '4.27606010437011700000', 300, 300, 0, 0),
(79390, 3999, 1, 1, 1, '876.29400634765620000000', '-320.04598999023440000000', '13.22459983825683600000', '4.62512016296386700000', 300, 300, 0, 0),
(79391, 3999, 1, 1, 1, '939.72100830078120000000', '-343.80300903320310000000', '18.15379905700683600000', '0.06981299817562103000', 300, 300, 0, 0),
(79392, 3999, 1, 1, 1, '870.06402587890620000000', '-268.13500976562500000000', '6.31242990493774400000', '2.67035007476806640000', 300, 300, 0, 0),
(79393, 3999, 1, 1, 1, '889.81402587890620000000', '-290.74099731445310000000', '8.30928993225097700000', '0.31415900588035583000', 300, 300, 0, 0),
(79394, 3999, 1, 1, 1, '873.10198974609380000000', '-281.98199462890625000000', '6.19969987869262700000', '3.54302000999450700000', 300, 300, 0, 0),
(79395, 3999, 1, 1, 1, '962.36700439453120000000', '-255.64700317382812000000', '-3.87936997413635250000', '1.27409005165100100000', 300, 300, 0, 0),
(79396, 3999, 1, 1, 1, '926.23797607421880000000', '-272.41299438476560000000', '-1.08275997638702400000', '5.32324981689453100000', 300, 300, 0, 0),
(79397, 3999, 1, 1, 1, '947.90600585937500000000', '-253.53999328613280000000', '-2.80272006988525400000', '1.57079994678497310000', 300, 300, 0, 0),
(79398, 3999, 1, 1, 1, '912.16302490234380000000', '-274.64898681640625000000', '-0.19225199520587920000', '1.55333995819091800000', 300, 300, 0, 0),
(79399, 3999, 1, 1, 1, '911.82397460937500000000', '-319.43301391601560000000', '19.13430023193359400000', '3.26377010345459000000', 300, 300, 0, 0),
(79400, 3999, 1, 1, 1, '938.14898681640620000000', '-253.52000427246094000000', '-2.05068993568420400000', '2.25148010253906250000', 300, 300, 0, 0),
(79401, 3999, 1, 1, 1, '898.90301513671880000000', '-329.27499389648440000000', '17.20899963378906200000', '0.99483799934387210000', 300, 300, 0, 0),
(79402, 3999, 1, 1, 1, '888.61700439453120000000', '-315.65701293945310000000', '14.02789974212646500000', '0.31415900588035583000', 300, 300, 0, 0),
(79403, 3999, 1, 1, 1, '918.87298583984380000000', '-335.68899536132810000000', '20.00139999389648400000', '4.66002988815307600000', 300, 300, 0, 0),
(79404, 3999, 1, 1, 1, '945.72399902343750000000', '-333.75500488281250000000', '19.16360092163086000000', '4.92183017730712900000', 300, 300, 0, 0),
(79405, 4003, 1, 1, 1, '1015.19000244140620000000', '-388.88000488281250000000', '2.80076003074646000000', '4.44280004501342800000', 300, 300, 5, 1),
(79406, 4003, 1, 1, 1, '988.94598388671880000000', '-449.60299682617190000000', '10.79500007629394500000', '0.43823900818824770000', 300, 300, 0, 0),
(79407, 4003, 1, 1, 1, '1003.91998291015620000000', '-344.91400146484375000000', '11.96140003204345700000', '2.72339010238647460000', 300, 300, 5, 1),
(79408, 4003, 1, 1, 1, '928.35400390625000000000', '-325.18399047851560000000', '17.82080078125000000000', '2.84829998016357400000', 300, 300, 5, 1),
(79409, 4003, 1, 1, 1, '975.13500976562500000000', '-364.01501464843750000000', '16.10919952392578000000', '2.51022005081176760000', 300, 300, 5, 1),
(79410, 4003, 1, 1, 1, '986.86297607421880000000', '-358.17401123046875000000', '13.16090011596679700000', '4.39203977584838900000', 300, 300, 5, 1),
(79411, 4003, 1, 1, 1, '979.75701904296880000000', '-373.07699584960940000000', '16.12540054321289000000', '5.80246019363403300000', 300, 300, 5, 1),
(79350, 4004, 1, 1, 1, '978.26074000000000000000', '-377.89606000000000000000', '9.02547550000000000000', '1.60377001762390140000', 300, 300, 0, 4),
(79351, 4004, 1, 1, 1, '956.42102050781250000000', '-298.24499511718750000000', '-2.62034988403320300000', '2.67214989662170400000', 300, 300, 5, 1),
(79352, 4004, 1, 1, 1, '872.80945000000000000000', '-292.82520000000000000000', '17.80613000000000000000', '0.19240899384021760000', 300, 300, 0, 4),
(79353, 4004, 1, 1, 1, '987.24470000000000000000', '-328.64514000000000000000', '-0.28765878000000000000', '6.18463993072509800000', 300, 300, 0, 4),
(79354, 4004, 1, 1, 1, '985.87915000000000000000', '-375.48540000000000000000', '16.12618400000000000000', '5.65546989440918000000', 300, 300, 0, 4),
(79355, 4004, 1, 1, 1, '953.97920000000000000000', '-257.88293000000000000000', '-3.51095150000000000000', '3.19295001029968260000', 300, 300, 0, 4),
(79356, 4004, 1, 1, 1, '887.80499267578120000000', '-320.19299316406250000000', '13.27740001678466800000', '5.31431007385253900000', 300, 300, 5, 1),
(79357, 4004, 1, 1, 1, '909.07324000000000000000', '-334.20180000000000000000', '18.52504700000000000000', '1.19842004776000980000', 300, 300, 0, 4),
(79358, 4004, 1, 1, 1, '961.50512700000000000000', '-354.26748700000000000000', '16.95883400000000000000', '5.25710010528564450000', 300, 300, 5, 1),
(79339, 3998, 1, 1, 1, '937.81120000000000000000', '-254.16438000000000000000', '-2.09667280000000000000', '0.38397000000000000000', 180, 180, 0, 0),
(79340, 3998, 1, 1, 1, '938.60280000000000000000', '-256.62613000000000000000', '-2.10138770000000000000', '0.17453292012214660600', 180, 180, 0, 0),
(79341, 4001, 1, 1, 1, '936.68710000000000000000', '-255.91563000000000000000', '-2.23863480000000000000', '0.29670596122741699200', 180, 180, 0, 0),
(79342, 3999, 1, 1, 1, '937.07940000000000000000', '-258.10092000000000000000', '-2.26830770000000000000', '0.48869219422340393000', 180, 180, 0, 0),
(79343, 3999, 1, 1, 1, '935.89440000000000000000', '-256.35678000000000000000', '-2.31624270000000000000', '0.69813100000000000000', 180, 180, 0, 0),
(79344, 4003, 1, 1, 1, '934.35200000000000000000', '-258.06960000000000000000', '-2.21520970000000000000', '0.68067842721939086900', 180, 180, 0, 0),
(79345, 4003, 1, 1, 1, '935.28754000000000000000', '-258.92550000000000000000', '-2.20950580000000000000', '0.57595800000000000000', 180, 180, 0, 0),
(79346, 4002, 1, 1, 1, '937.07940000000000000000', '-258.10092000000000000000', '-2.26830770000000000000', '0.48869219422340393000', 180, 180, 0, 0),
(79347, 4002, 1, 1, 1, '935.89440000000000000000', '-256.35678000000000000000', '-2.31624270000000000000', '0.69813100000000000000', 180, 180, 0, 0),
(79348, 4002, 1, 1, 1, '934.35200000000000000000', '-258.06960000000000000000', '-2.21520970000000000000', '0.68067842721939086900', 180, 180, 0, 0),
(79349, 4004, 1, 1, 1, '935.28754000000000000000', '-258.92550000000000000000', '-2.20950580000000000000', '0.57595800000000000000', 180, 180, 0, 0);
INSERT INTO `creature_addon` (`guid`, `mount`, `stand_state`, `sheath_state`, `pvp_flags`, `emote`, `moveflags`, `auras`) VALUES
(79359, 0, 0, 1, 16, 0, 0, NULL),(79360, 0, 0, 1, 16, 0, 0, NULL),(79361, 0, 0, 1, 16, 0, 0, NULL),(79362, 0, 0, 1, 16, 233, 0, NULL),(79363, 0, 0, 1, 16, 233, 0, NULL),(79364, 0, 0, 1, 16, 0, 0, NULL),
(79365, 0, 0, 1, 16, 233, 0, NULL),(79366, 0, 0, 1, 16, 233, 0, NULL),(79367, 0, 0, 1, 0, 233, 0, NULL),(79368, 0, 0, 1, 0, 233, 0, NULL),(79369, 0, 0, 1, 16, 233, 0, NULL),(79370, 0, 0, 1, 16, 233, 0, NULL),
(79371, 0, 0, 1, 16, 233, 0, NULL),(79372, 0, 0, 1, 16, 233, 0, NULL),(79373, 0, 0, 1, 0, 233, 0, NULL),(79374, 0, 0, 1, 16, 233, 0, NULL),(79375, 0, 0, 1, 16, 233, 0, NULL),(79376, 0, 0, 1, 16, 233, 0, NULL),
(79377, 0, 0, 1, 0, 233, 0, NULL),(79378, 0, 0, 1, 16, 233, 0, NULL),(79379, 0, 0, 1, 16, 233, 0, NULL),(79380, 0, 0, 1, 0, 233, 0, NULL),(79381, 0, 0, 1, 16, 233, 0, NULL),(79382, 0, 0, 1, 0, 233, 0, NULL),
(79383, 0, 0, 1, 16, 233, 0, NULL),(79384, 0, 0, 1, 16, 233, 0, NULL),(79385, 0, 0, 1, 16, 233, 0, NULL),(79386, 0, 0, 1, 16, 233, 0, NULL),(79387, 0, 0, 1, 16, 233, 0, NULL),(79388, 0, 0, 1, 16, 0, 0, NULL),
(79389, 0, 0, 1, 16, 233, 0, NULL),(79390, 0, 0, 1, 16, 233, 0, NULL),(79391, 0, 0, 1, 16, 233, 0, NULL),(79392, 0, 0, 1, 16, 233, 0, NULL),(79393, 0, 0, 1, 16, 233, 0, NULL),(79394, 0, 0, 1, 16, 233, 0, NULL),
(79395, 0, 0, 1, 16, 233, 0, NULL),(79396, 0, 0, 1, 0, 233, 0, NULL),(79397, 0, 0, 1, 0, 233, 0, NULL),(79398, 0, 0, 1, 16, 233, 0, NULL),(79399, 0, 0, 1, 16, 233, 0, NULL),(79400, 0, 0, 1, 16, 233, 0, NULL),
(79401, 0, 0, 1, 16, 233, 0, NULL),(79402, 0, 0, 1, 16, 233, 0, NULL),(79403, 0, 0, 1, 16, 233, 0, NULL),(79404, 0, 0, 1, 16, 233, 0, NULL);
INSERT INTO creature_movement (`id`, `Point`, `PositionX`, `PositionY`, `PositionZ`, `Orientation`, `WaitTime`, `ScriptId`) VALUES
(79350,1,978.26074,-377.89606,9.0254755,100,500,0),
(79350,2,978.54114,-385.31088,8.227136,100,0,0),
(79350,3,971.53625,-387.9108,8.264367,100,0,0),
(79350,4,966.7669,-383.84634,8.013391,100,0,0),
(79350,5,965.7326,-375.6895,7.904025,100,0,0),
(79350,6,961.0283,-363.34268,5.3975625,100,0,0),
(79350,7,961.3163,-349.0778,2.343706,100,0,0),
(79350,8,968.81525,-340.1766,-1.0334809,100,0,0),
(79350,9,979.7723,-334.89594,-1.688632,100,500,0),
(79352,1,872.80945,-292.8252,17.80613,100,500,0),
(79352,2,885.36285,-290.37933,19.17272,100,0,0),
(79352,3,897.8306,-285.32156,20.153763,100,0,0),
(79352,4,911.8462,-279.59897,21.566036,100,0,0),
(79352,5,923.16266,-270.354,22.029636,100,0,0),
(79352,6,927.9974,-274.91867,22.343903,100,0,0),
(79352,7,932.887,-281.16733,18.190046,100,0,0),
(79352,8,932.75543,-285.33365,17.774048,100,500,0),
(79353,1,987.2447,-328.64514,-0.28765878,100,500,0),
(79353,2,987.5994,-317.40674,0.8982092,100,0,0),
(79353,3,980.0046,-304.04227,-1.3080362,100,0,0),
(79353,4,969.19714,-302.97385,-0.6509599,100,0,0),
(79353,5,961.9171,-300.102,-2.3842425,100,0,0),
(79353,6,954.6951,-305.87582,-1.8897942,100,0,0),
(79353,7,955.3952,-316.19125,-1.5026575,100,500,0),
(79354,1,985.87915,-375.4854,16.126184,100,500,0),
(79354,2,977.4711,-366.06494,16.481733,100,0,0),
(79354,3,980.44977,-359.77316,15.8730955,100,0,0),
(79354,4,987.0081,-353.62875,12.911339,100,0,0),
(79354,5,979.6847,-358.955,15.934146,100,0,0),
(79354,6,974.1008,-359.98465,15.90542,100,0,0),
(79354,7,967.81146,-355.42084,15.778783,100,0,0),
(79354,8,959.8864,-356.57254,16.263485,100,0,0),
(79354,9,952.05316,-358.53668,16.00057,100,0,0),
(79354,10,942.7303,-357.83762,15.760734,100,0,0),
(79354,11,937.1593,-346.72034,17.17706,100,500,0),
(79355,1,953.9792,-257.88293,-3.5109515,100,500,0),
(79355,2,943.3326,-255.42464,-2.5989857,100,0,0),
(79355,3,933.843,-259.72906,-2.1856833,100,0,0),
(79355,4,930.4224,-266.17487,-1.680638,100,0,0),
(79355,5,919.2319,-273.9211,-0.8711146,100,0,0),
(79355,6,913.40356,-280.15305,-1.6427773,100,0,0),
(79355,7,907.3419,-280.48596,-0.90467596,100,0,0),
(79355,8,913.14703,-289.98215,-0.97477597,100,0,0),
(79355,9,924.87524,-292.08328,-1.881798,100,0,0),
(79355,10,933.51715,-291.6391,-0.8050218,100,0,0),
(79355,11,940.4749,-294.35617,-1.6682853,100,0,0),
(79355,12,956.37683,-298.77066,-2.5723162,100,0,0),
(79355,13,966.77136,-302.1098,-0.9671719,100,500,0),
(79357,1,909.07324,-334.2018,18.525047,100,500,0),
(79357,2,919.23285,-329.27045,19.036795,100,0,0),
(79357,3,923.80145,-320.73843,17.60006,100,0,0),
(79357,4,927.54785,-311.1471,17.877155,100,0,0),
(79357,5,938.6646,-295.839,18.20342,100,500,0);
DELETE FROM dbscripts_on_quest_start WHERE id IN (1090);
INSERT INTO dbscripts_on_quest_start (id, delay, command, datalong, datalong2, datalong3, buddy_entry, search_radius, data_flags, dataint, dataint2, dataint3, dataint4, x, y, z, o, comments) VALUES
(1090,1,21,1,0,0,0,0,0x04,0,0,0,0,0,0,0,0,'active'),
(1090,100,22,113,1|0x20,0,0,0,0x04,0,0,0,0,0,0,0,0,'temp faction'),
(1090,101,29,2,0,0,0,0,0x04,0,0,0,0,0,0,0,0,'NPCFlags Removed'),
(1090,1000,0,0,0,0,0,0,0x04,1427,0,0,0,0,0,0,0,'say'),
(1090,17000,53,0,0,0,0,0,0,19888,1,0,0,0,0,0,0,'Set worldstate variable to 1'),
(1090,108000,34,2191,1090,0,0,0,0,0,0,0,0,0,0,0,0,'Stop script if player is dead or out of range'),
(1090,109000,34,2192,1090,0,0,0,0x04,0,0,0,0,0,0,0,0,'Stop script if source is dead'),
(1090,109500,53,0,0,0,0,0,0,19888,0,0,0,0,0,0,0,'Set worldstate variable to 0'),
(1090,110000,53,0,0,0,0,0,0,19889,1,0,0,0,0,0,0,'Set worldstate variable to 1'),
(1090,113000,0,0,0,0,0,0,0x04,1431,0,0,0,0,0,0,0,'say'),
(1090,203000,34,2191,1090,0,0,0,0,0,0,0,0,0,0,0,0,'Stop script if player is dead or out of range'),
(1090,204000,34,2192,1090,0,0,0,0x04,0,0,0,0,0,0,0,0,'Stop script if npc is dead'),
(1090,204500,53,0,0,0,0,0,0,19889,0,0,0,0,0,0,0,'Set worldstate variable to 0'),
(1090,204600,53,0,0,0,0,0,0,19890,1,0,0,0,0,0,0,'Set worldstate variable to 1'),
(1090,215000,0,0,0,0,0,0,0x04,1432,0,0,0,0,0,0,0,'say'),
(1090,302000,53,0,0,0,0,0,0,19890,0,0,0,0,0,0,0,'Set worldstate variable to 0'),
(1090,303000,34,2191,1090,0,0,0,0,0,0,0,0,0,0,0,0,'Stop script if player is dead or out of range'),
(1090,304000,34,2192,1090,0,0,0,0x04,0,0,0,0,0,0,0,0,'Stop script if npc is dead'),
(1090,305000,7,1090,0,0,0,0,0,0,0,0,0,0,0,0,0,'quest complete'),
(1090,305001,0,0,0,0,0,0,0x04,1434,0,0,0,0,0,0,0,'say'),
(1090,305002,22,35,0,0,0,0,0x04,0,0,0,0,0,0,0,0,'set default faction'),
(1090,305003,29,2,1,0,0,0,0x04,0,0,0,0,0,0,0,0,'NPCFlags Added'),
(1090,305004,21,0,0,0,0,0,0x04,0,0,0,0,0,0,0,0,'unactive');
DELETE FROM dbscripts_on_creature_death WHERE id IN (4276);
INSERT INTO dbscripts_on_creature_death (id, delay, command, datalong, datalong2, datalong3, buddy_entry, search_radius, data_flags, dataint, dataint2, dataint3, dataint4, x, y, z, o, comments) VALUES
(4276,1,53,0,0,0,0,0,0,19888,0,0,0,0,0,0,0,'Set worldstate variable to 0'),
(4276,2,53,0,0,0,0,0,0,19889,0,0,0,0,0,0,0,'Set worldstate variable to 0'),
(4276,3,53,0,0,0,0,0,0,19890,0,0,0,0,0,0,0,'Set worldstate variable to 0'),
(4276,4,29,2,1,0,0,0,0x04,0,0,0,0,0,0,0,0,'NPCFlags Added'),
(4276,5,21,0,0,0,0,0,0x04,0,0,0,0,0,0,0,0,'unactive');
DELETE FROM `spawn_group` WHERE id =19888;
INSERT INTO `spawn_group` (`Id`, `Name`, `Type`, `MaxCount`, `WorldState`, `Flags`) VALUES (19888, 'Stonetalon Mountains - q.1090 - Wave 1 - Windshear Vermin x2 & Windshear Tunnel Rat', 0, 0, 9907, 0x08);
DELETE FROM `spawn_group_spawn` WHERE id = 19888;
INSERT INTO `spawn_group_spawn` (`Id`, `Guid`, `SlotId`) VALUES (19888, 79341, 0),(19888, 79340, 1),(19888, 79339, 2);
DELETE FROM `spawn_group_formation` WHERE id = 19888;
INSERT INTO `spawn_group_formation` (`Id`, `FormationType`, `FormationSpread`, `FormationOptions`, `PathId`, `MovementType`, `Comment`) VALUES (19888, 5, 2, 0, 19888, 4, 'Stonetalon Mountains - q.1090 - Wave 1 - Windshear Vermin x2 & Windshear Tunnel Rat');
DELETE FROM `waypoint_path_name` WHERE PathId = 19888;
INSERT INTO `waypoint_path_name` (`PathId`, `Name`) VALUES (19888,'Stonetalon Mountains - q.1090 - Wave 1 - Windshear Vermin x2 & Windshear Tunnel Rat');
DELETE FROM `waypoint_path` WHERE PathId = 19888;
INSERT INTO `waypoint_path` (`PathId`, `Point`, `PositionX`, `PositionY`,`PositionZ`, `Orientation`, `WaitTime`, `ScriptId`) VALUES
(19888,1,936.6871,-255.91563,-2.2386348,0.2967,3000,0),
(19888,2,944.4445,-255.94446,-2.7950513,100,100,400101),
(19888,3,950.1888,-257.03415,-3.0987809,100,0,0),
(19888,4,953.7671,-258.39548,-3.5265486,100,0,0),
(19888,5,960.332,-260.597,-5.78864,5.99669,100,3);
DELETE FROM dbscripts_on_creature_movement WHERE id IN (400101);
INSERT INTO dbscripts_on_creature_movement (id, delay, command, datalong, datalong2, datalong3, buddy_entry, search_radius, data_flags, dataint, dataint2, dataint3, dataint4, x, y, z, o, comments) VALUES
(400101,0,0,0,0,0,0,0,0x04,1428,0,0,0,0,0,0,0,'');
DELETE FROM conditions WHERE condition_entry IN (9907);
INSERT INTO conditions (condition_entry, `type`, value1, value2, value3, flags, comments) VALUES (9907, 42, 19888, 1, 1, 0, 'Stonetalon Mountains - q.1090 - Wave 1 - Windshear Vermin x2 & Windshear Tunnel Rat');
DELETE FROM worldstate_name WHERE Id=19888;
INSERT INTO worldstate_name(Id, Name) VALUES (19888,'Stonetalon Mountains - q.1090 - Wave 1 - Windshear Vermin x2 & Windshear Tunnel Rat');
DELETE FROM `spawn_group` WHERE id =19889;
INSERT INTO `spawn_group` (`Id`, `Name`, `Type`, `MaxCount`, `WorldState`, `Flags`) VALUES (19889, 'Stonetalon Mountains - q.1090 - Wave 2 - Windshear Digger x2 & Windshear Geomancer x2', 0, 0, 9908, 0x08);
DELETE FROM `spawn_group_spawn` WHERE id = 19889;
INSERT INTO `spawn_group_spawn` (`Id`, `Guid`, `SlotId`) VALUES (19889, 79344, 0),(19889, 79345, 1),(19889, 79343, 2),(19889, 79342, 3);
DELETE FROM `spawn_group_formation` WHERE id = 19889;
INSERT INTO `spawn_group_formation` (`Id`, `FormationType`, `FormationSpread`, `FormationOptions`, `PathId`, `MovementType`, `Comment`) VALUES (19889, 5, 2, 0, 19889, 4, 'Stonetalon Mountains - q.1090 - Wave 2 - Windshear Digger x2 & Windshear Geomancer x2');
DELETE FROM `waypoint_path_name` WHERE PathId = 19889;
INSERT INTO `waypoint_path_name` (`PathId`, `Name`) VALUES (19889,'Stonetalon Mountains - q.1090 - Wave 2 - Windshear Digger x2 & Windshear Geomancer x2');
DELETE FROM `waypoint_path` WHERE PathId = 19889;
INSERT INTO `waypoint_path` (`PathId`, `Point`, `PositionX`, `PositionY`,`PositionZ`, `Orientation`, `WaitTime`, `ScriptId`) VALUES
(19889,1,944.28644,-255.18642,-2.7152529,100,100,400301),
(19889,2,946.54144,-256.04645,-3.0640638,100,0,0),
(19889,3,951.118,-257.7668,-3.1646798,100,0,0),
(19889,4,954.56036,-259.11758,-3.6698236,100,0,0),
(19889,5,960.332,-260.597,-5.78864,5.99669,100,3);
DELETE FROM dbscripts_on_creature_movement WHERE id IN (400301);
INSERT INTO dbscripts_on_creature_movement (id, delay, command, datalong, datalong2, datalong3, buddy_entry, search_radius, data_flags, dataint, dataint2, dataint3, dataint4, x, y, z, o, comments) VALUES
(400301,0,0,0,0,0,0,0,0x04,1430,0,0,0,0,0,0,0,'');
DELETE FROM conditions WHERE condition_entry IN (9908);
INSERT INTO conditions (condition_entry, `type`, value1, value2, value3, flags, comments) VALUES (9908, 42, 19889, 1, 1, 0, 'Stonetalon Mountains - q.1090 - Wave 2 - Windshear Digger x2 & Windshear Geomancer x2');
DELETE FROM worldstate_name WHERE Id=19889;
INSERT INTO worldstate_name(Id, Name) VALUES (19889,'Stonetalon Mountains - q.1090 - Wave 2 - Windshear Digger x2 & Windshear Geomancer x2');
DELETE FROM `spawn_group` WHERE id =19890;
INSERT INTO `spawn_group` (`Id`, `Name`, `Type`, `MaxCount`, `WorldState`, `Flags`) VALUES (19890, 'Stonetalon Mountains - q.1090 - Wave 3 - Windshear Stonecutter x3 & Windshear Overlord', 0, 0, 9909, 0x08);
DELETE FROM `spawn_group_spawn` WHERE id = 19890;
INSERT INTO `spawn_group_spawn` (`Id`, `Guid`, `SlotId`) VALUES (19890, 79349, 0),(19890, 79346, 1),(19890, 79347, 2),(19890, 79348, 3);
DELETE FROM `spawn_group_formation` WHERE id = 19890;
INSERT INTO `spawn_group_formation` (`Id`, `FormationType`, `FormationSpread`, `FormationOptions`, `PathId`, `MovementType`, `Comment`) VALUES (19890, 5, 2, 0, 19890, 4, 'Stonetalon Mountains - q.1090 - Wave 3 - Windshear Stonecutter x3 & Windshear Overlord');
DELETE FROM `waypoint_path_name` WHERE PathId = 19890;
INSERT INTO `waypoint_path_name` (`PathId`, `Name`) VALUES (19890,'Stonetalon Mountains - q.1090 - Wave 3 - Windshear Stonecutter x3 & Windshear Overlord');
DELETE FROM `waypoint_path` WHERE PathId = 19890;
INSERT INTO `waypoint_path` (`PathId`, `Point`, `PositionX`, `PositionY`,`PositionZ`, `Orientation`, `WaitTime`, `ScriptId`) VALUES
(19890,1,944.28644,-255.18642,-2.7152529,100,100,400401),
(19890,2,946.54144,-256.04645,-3.0640638,100,0,0),
(19890,3,951.118,-257.7668,-3.1646798,100,0,0),
(19890,4,954.56036,-259.11758,-3.6698236,100,0,0),
(19890,5,960.332,-260.597,-5.78864,5.99669,100,3);
DELETE FROM dbscripts_on_creature_movement WHERE id IN (400401);
INSERT INTO dbscripts_on_creature_movement (id, delay, command, datalong, datalong2, datalong3, buddy_entry, search_radius, data_flags, dataint, dataint2, dataint3, dataint4, x, y, z, o, comments) VALUES
(400401,0,0,0,0,0,0,0,0x04,1433,0,0,0,0,0,0,0,'');
DELETE FROM conditions WHERE condition_entry IN (9909);
INSERT INTO conditions (condition_entry, `type`, value1, value2, value3, flags, comments) VALUES (9909, 42, 19890, 1, 1, 0, 'Stonetalon Mountains - q.1090 - Wave 3 - Windshear Stonecutter x3 & Windshear Overlord');
DELETE FROM worldstate_name WHERE Id=19890;
INSERT INTO worldstate_name(Id, Name) VALUES (19890,'Stonetalon Mountains - q.1090 - Wave 3 - Windshear Stonecutter x3 & Windshear Overlord');

-- --------------------------------------------------------------------------------------------------------------------------------------------------------------
SET sql_safe_updates=1;
-- --------------------------------------------------------------------------------------------------------------------------------------------------------------
