# Y2kCat
# ALTER TABLE db_version_ytdb CHANGE COLUMN 667_FIX_14092 666a_FIX_14092 bit;
# REPLACE INTO `db_version_ytdb` (`version`) VALUES ('667_FIX_14092');

UPDATE db_version SET `cache_id`= '667';
UPDATE db_version SET `version`= 'YTDB_0.15.4_R667_cMaNGOS_R14092_RuDB_R74';

-- --------------------------------------------------------------------------------------------------------------------------------------------------------------
SET sql_safe_updates=0;
-- --------------------------------------------------------------------------------------------------------------------------------------------------------------

UPDATE `creature_template` SET `SpellList` = '1861501' WHERE `Entry` =18615;
DELETE FROM `creature_spell_list` WHERE `Id` IN (118301);
INSERT INTO `creature_spell_list` (`Id`, `Position`, `SpellId`, `Flags`, `CombatCondition`, `TargetId`, `ScriptId`, `Availability`, `Probability`, `InitialMin`, `InitialMax`, `RepeatMin`, `RepeatMax`, `Comments`) VALUES
(118301, 4, 9532, 2, -1, 1, 0, 100, 1, 0, 0, 0, 0, 'Mo\'grosh Mystic - Lightning Bolt'),
(118301, 3, 547, 0, -1, 201, 0, 100, 1, 0, 10000, 20000, 20000, 'Mo\'grosh Mystic - Healing Wave - Missing 50% including self');

DELETE FROM dbscripts_on_event WHERE id IN (5991);
INSERT INTO dbscripts_on_event (id, delay, command, datalong, datalong2, datalong3, buddy_entry, search_radius, data_flags, dataint, dataint2, dataint3, dataint4, x, y, z, o, comments) VALUES
(5991,1,31,12138,100,0,0,0,0x08,0,0,0,0,0,0,0,0,'search for 12138 - terminate if found'),
(5991,100,9,64,120,0,0,0,0x04,0,0,0,0,0,0,0,0,'resp object'),
(5991,101,10,12138,300000,0,0,0,0x04,0,0,0,88,6366.3354,140.38214,24.258726,3.682644605636596679,'summon 12138');
DELETE FROM creature_movement_template WHERE Entry = 12138 AND PathId = 1;
INSERT INTO creature_movement_template (`Entry`, `PathId`, `Point`, `PositionX`, `PositionY`, `PositionZ`, `Orientation`, `WaitTime`, `ScriptId`) VALUES
(12138,1,1,6366.3354,140.38214,24.258726,3.68264,1000,1213801),
(12138,1,2,6345.934,123.011215,22.50773,100,0,0),
(12138,1,3,6339.264,113.514366,21.169043,100,0,0),
(12138,1,4,6332.87,103.766785,21.61715,100,0,0),
(12138,1,5,6325.0444,94.15114,21.901892,100,100,20);
DELETE FROM dbscripts_on_creature_movement WHERE id IN (1213801);
INSERT INTO dbscripts_on_creature_movement (`id`, `delay`, `command`, `datalong`, `datalong2`, `datalong3`, `buddy_entry`, `search_radius`, `data_flags`, `dataint`, `dataint2`, `dataint3`, `dataint4`, `x`, `y`, `z`, `o`, `comments`) VALUES
(1213801,0,15,10389,0,0,0,0,0x04,0,0,0,0,0,0,0,0,''),
(1213801,1,25,1,0,0,0,0,0x04,0,0,0,0,0,0,0,0,'run ON');
DELETE FROM game_event_gameobject WHERE guid IN (64);
DELETE FROM gameobject_battleground WHERE guid IN (64);
DELETE FROM gameobject WHERE guid IN (64);
INSERT INTO gameobject (guid, id, map, spawnMask, position_x, position_y, position_z, orientation, rotation0, rotation1, rotation2, rotation3, spawntimesecsmin, spawntimesecsmax) VALUES
(64,177644,1,1,6326.0117,92.700714,21.957666,-2.19911456108093261,0,0,-0.89100647,0.45399064,-120,-120);
DELETE FROM dbscripts_on_event WHERE id IN (6028);
INSERT INTO dbscripts_on_event (id, delay, command, datalong, datalong2, datalong3, buddy_entry, search_radius, data_flags, dataint, dataint2, dataint3, dataint4, x, y, z, o, comments) VALUES
(6028,1,31,12138,100,0,0,0,0x08,0,0,0,0,0,0,0,0,'search for 12138 - terminate if found'),
(6028,100,9,17038,120,0,0,0,0x04,0,0,0,0,0,0,0,0,'resp object'),
(6028,101,10,12138,300000,0,0,0,0x04,0,0,0,102,-2445.599,-1646.0189,92.855286,1.117010712623596191,'summon 12138');
DELETE FROM creature_movement_template WHERE Entry = 12138 AND PathId = 2;
INSERT INTO creature_movement_template (`Entry`, `PathId`, `Point`, `PositionX`, `PositionY`, `PositionZ`, `Orientation`, `WaitTime`, `ScriptId`) VALUES
(12138,2,1,-2445.599,-1646.0189,92.855286,1.117010,1000,1213801),
(12138,2,2,-2452.8245,-1625.3053,92.02587,100,0,0),
(12138,2,3,-2498.009,-1631.7184,91.79168,100,100,20);
UPDATE gameobject SET spawntimesecsmin = -120, spawntimesecsmax = -120 WHERE guid = 17038;

UPDATE creature_template SET InhabitType = 4 WHERE entry = 20069;
DELETE FROM creature_addon WHERE guid = 11340;
DELETE FROM creature_movement WHERE id = 11340;
DELETE FROM game_event_creature WHERE guid = 11340;
DELETE FROM game_event_creature_data WHERE guid = 11340;
DELETE FROM creature_battleground WHERE guid = 11340;
DELETE FROM creature_linking WHERE guid = 11340;
DELETE FROM creature WHERE guid = 11340;
INSERT INTO creature (guid, id, map, spawnMask, phaseMask, position_x, position_y, position_z, orientation, spawntimesecsmin, spawntimesecsmax, spawndist, MovementType) VALUES
(11340,19918,1,1,1,-8344.992,-4450.334,-91.6601,0,20,45,0,3);
INSERT INTO creature_movement (`Id`, `Point`, `PositionX`, `PositionY`, `PositionZ`, `Orientation`, `WaitTime`, `ScriptId`) VALUES
(11340,1,-8344.992,-4450.334,-91.6601,100,0,0),
(11340,2,-8345.674,-4449.603,-91.6601,100,0,0),
(11340,3,-8359.348,-4438.438,-84.52838,100,0,0),
(11340,4,-8385.378,-4431.861,-93.77838,100,0,0),
(11340,5,-8408.063,-4420.892,-104.9451,100,0,0),
(11340,6,-8441.084,-4419.951,-115.6673,100,0,0),
(11340,7,-8462.368,-4420.853,-124.2228,100,0,0),
(11340,8,-8505.504,-4417.907,-141.3894,100,0,0),
(11340,9,-8543.364,-4413.641,-153.9727,100,0,0),
(11340,10,-8578.372,-4406.426,-162.2782,100,0,0),
(11340,11,-8617.298,-4398.667,-172.0283,100,0,0),
(11340,12,-8651.545,-4405.353,-178.2505,100,10,1);
DELETE FROM `creature_spawn_data` WHERE guid IN (11340);
INSERT INTO `creature_spawn_data` (`guid`, `id`) VALUES (11340,3);
UPDATE creature SET spawntimesecsmin = 20, spawntimesecsmax = 45 WHERE id = 19918;
UPDATE creature_movement SET WaitTime = 100, ScriptId = 1 WHERE Id = 147485 AND Point = 12;
DELETE FROM creature_movement WHERE Id = 147485 AND Point = 13;
DELETE FROM creature_movement WHERE Id = 50132 AND Point = 9;
UPDATE creature_movement SET Orientation = 2.35, WaitTime = 10000, ScriptId = 1991803 WHERE Id = 50132 AND Point = 8;
DELETE FROM dbscripts_on_creature_movement WHERE id IN (1991803);
INSERT INTO dbscripts_on_creature_movement (`id`, `delay`, `command`, `datalong`, `datalong2`, `datalong3`, `buddy_entry`, `search_radius`, `data_flags`, `dataint`, `dataint2`, `dataint3`, `dataint4`, `x`, `y`, `z`, `o`, `comments`) VALUES
(1991803,0,39,0,0,0,0,0,0x04,0,0,0,0,0,0,0,0,'Time Watcher - Fly off'),
(1991803,1,25,0,0,0,0,0,0x04,0,0,0,0,0,0,0,0,'Time Watcher - run off'),
(1991803,2000,15,34699,0,0,0,0,0x04,0,0,0,0,0,0,0,0,'Time Watcher - Cast 34699'),
(1991803,2100,20,2,1,0,0,0,0x04,0,0,0,0,0,0,0,0,'Time Watcher - Set Path1');
DELETE FROM creature_movement_template WHERE Entry = 19918 AND PathId = 1;
INSERT INTO creature_movement_template (`Entry`, `PathId`, `Point`, `PositionX`, `PositionY`, `PositionZ`, `Orientation`, `WaitTime`, `ScriptId`) VALUES
(19918,1,1,-8398.713,-4234.417,-207.1844,100,0,0),
(19918,1,2,-8416.942,-4226.259,-209.9314,100,0,0),
(19918,1,3,-8433.847,-4210.986,-209.9753,100,0,0),
(19918,1,4,-8447.319,-4193.266,-211.127 ,100,0,0),
(19918,1,5,-8447.557,-4159.843,-208.961 ,100,0,0),
(19918,1,6,-8442.453,-4124.033,-208.592 ,100,0,0),
(19918,1,7,-8424.839,-4097.409,-208.5864,100,0,0),
(19918,1,8,-8405.975,-4077.361,-208.5864,100,0,0),
(19918,1,9,-8369.048,-4058.837,-208.3106,100,0,0),
(19918,1,10,-8339.433,-4050.101,-207.7185,100,10,1);
UPDATE creature SET position_x = -8344.992, position_y = -4450.334, position_z = -91.6601, spawndist = 0, MovementType = 3 WHERE guid = 126448;
DELETE FROM creature_movement WHERE Id IN (126448);
INSERT INTO creature_movement (`Id`, `Point`, `PositionX`, `PositionY`, `PositionZ`, `Orientation`, `WaitTime`, `ScriptId`) VALUES
(126448,1,-8344.992,-4450.334,-91.6601,100,0,0),
(126448,2,-8345.674,-4449.603,-91.6601,100,0,0),
(126448,3,-8352.719,-4436.703,-82.4349,100,0,0),
(126448,4,-8360.686,-4405.598,-101.9071,100,0,0),
(126448,5,-8367.108,-4379.51,-115.6016,100,0,0),
(126448,6,-8372.076,-4331.29,-128.935,100,0,0),
(126448,7,-8375.418,-4288.263,-128.935,100,0,0),
(126448,8,-8396.816,-4257.064,-128.935,100,0,0),
(126448,9,-8434.114,-4227.781,-128.1016,100,0,0),
(126448,10,-8476.552,-4211.472,-128.935,100,0,0),
(126448,11,-8540.315,-4222.934,-149.4349,100,0,0),
(126448,12,-8571.526,-4233.976,-186.8793,100,0,0),
(126448,13,-8600.241,-4239.956,-209.7406,3.35,10000,1991802);
DELETE FROM dbscripts_on_creature_movement WHERE id IN (1991802,1991805);
INSERT INTO dbscripts_on_creature_movement (`id`, `delay`, `command`, `datalong`, `datalong2`, `datalong3`, `buddy_entry`, `search_radius`, `data_flags`, `dataint`, `dataint2`, `dataint3`, `dataint4`, `x`, `y`, `z`, `o`, `comments`) VALUES
(1991802,0,39,0,0,0,0,0,0x04,0,0,0,0,0,0,0,0,'Time Watcher - Fly off'),
(1991802,1,25,0,0,0,0,0,0x04,0,0,0,0,0,0,0,0,'Time Watcher - run off'),
(1991802,2000,23,20075,0,0,0,0,0x04,0,0,0,0,0,0,0,0,'Time Watcher - Morph to Darkwater Crocolisk'),
(1991802,2100,20,2,2,0,0,0,0x04,0,0,0,0,0,0,0,0,'Time Watcher - Set Path2');
DELETE FROM creature_movement_template WHERE Entry = 19918 AND PathId = 2;
INSERT INTO creature_movement_template (`Entry`, `PathId`, `Point`, `PositionX`, `PositionY`, `PositionZ`, `Orientation`, `WaitTime`, `ScriptId`) VALUES
(19918,2,1,-8657.848,-4256.185,-209.717,100,0,0),
(19918,2,2,-8683.259,-4244.825,-209.5135,100,0,0),
(19918,2,3,-8707.051,-4232.219,-209.5008,100,0,0),
(19918,2,4,-8735.112,-4211.69,-209.5008,100,0,0),
(19918,2,5,-8748.09,-4201.256,-209.5008,100,100,1);
UPDATE creature SET position_x = -8714.617, position_y = -4326.743, position_z = -60.83653, spawndist = 0, MovementType = 3 WHERE guid = 126447;
DELETE FROM creature_movement WHERE Id IN (126447);
INSERT INTO creature_movement (`Id`, `Point`, `PositionX`, `PositionY`, `PositionZ`, `Orientation`, `WaitTime`, `ScriptId`) VALUES
(126447,1,-8714.617,-4326.743,-60.83653 ,100,0,0),
(126447,2,-8713.639,-4326.535,-60.83653 ,100,0,0),
(126447,3,-8699.7,-4323.786,-49.46626   ,100,0,0),
(126447,4,-8662.251,-4326.158,-58.91071 ,100,0,0),
(126447,5,-8632.865,-4321.092,-69.32738 ,100,0,0),
(126447,6,-8606.589,-4315.761,-85.07739 ,100,0,0),
(126447,7,-8585.149,-4300.948,-98.04964 ,100,0,0),
(126447,8,-8540.388,-4259.448,-113.3552 ,100,0,0),
(126447,9,-8507.983,-4240.053,-121.9385 ,100,0,0),
(126447,10,-8460.989,-4236.288,-130.4941,100,0,0),
(126447,11,-8429.02,-4255.674,-130.7997 ,100,0,0),
(126447,12,-8410.482,-4288.9,-128.3829  ,100,0,0),
(126447,13,-8395.819,-4345.37,-130.7997 ,100,0,0),
(126447,14,-8418.614,-4385.142,-135.8275,100,0,0),
(126447,15,-8459.28,-4394.419,-137.1608 ,100,0,0),
(126447,16,-8489.916,-4391.627,-138.0774,100,0,0),
(126447,17,-8521.314,-4381.444,-141.0219,100,0,0),
(126447,18,-8548.512,-4354.828,-143.4941,100,0,0),
(126447,19,-8567.578,-4328.019,-146.633 ,100,0,0),
(126447,20,-8557.874,-4290.714,-148.8552,100,0,0),
(126447,21,-8478.622,-4249.154,-154.8031,100,0,0),
(126447,22,-8444.948,-4260,-153.1365    ,100,0,0),
(126447,23,-8434.602,-4288.784,-150.7198,100,0,0),
(126447,24,-8444.234,-4330.667,-144.581 ,100,0,0),
(126447,25,-8498.272,-4372.209,-144.0532,100,0,0),
(126447,26,-8541.456,-4354.249,-152.6643,100,0,0),
(126447,27,-8553.676,-4309.024,-157.3865,100,0,0),
(126447,28,-8545.231,-4288.306,-153.9143,100,0,0),
(126447,29,-8522.15,-4279.529,-150.442  ,100,0,0),
(126447,30,-8449.093,-4252.85,-129.8031 ,100,0,0),
(126447,31,-8416.661,-4232.987,-108.0531,100,0,0),
(126447,32,-8389.26,-4209.612,-87.05309 ,100,0,0),
(126447,33,-8365.473,-4195.317,-70.15017,100,0,0),
(126447,34,-8333.33,-4169.05,-70.15017  ,100,10,1);
DELETE FROM creature_movement WHERE Id IN (126449);
INSERT INTO creature_movement (`Id`, `Point`, `PositionX`, `PositionY`, `PositionZ`, `Orientation`, `WaitTime`, `ScriptId`) VALUES
(126449,1,-8339.22,-4462.26,-98.8948,100,0,0),
(126449,2,-8345.67,-4449.6,-91.6601,100,0,0),
(126449,3,-8352.13,-4436.95,-84.4254,100,0,0),
(126449,4,-8341.38,-4375.6,-110.009,100,0,0),
(126449,5,-8357.16,-4300.49,-135.509,100,0,0),
(126449,6,-8452.85,-4213.52,-169.314,100,0,0),
(126449,7,-8578.65,-4245.91,-169.314,100,0,0),
(126449,8,-8593.61,-4332.43,-172.62,100,0,0),
(126449,9,-8532.17,-4405.24,-186.592,100,0,0),
(126449,10,-8453.47,-4416.55,-202.148,100,0,0),
(126449,11,-8408.37,-4412.03,-210.759,0.08,10000,1991804);
DELETE FROM dbscripts_on_creature_movement WHERE id IN (1991804);
INSERT INTO dbscripts_on_creature_movement (`id`, `delay`, `command`, `datalong`, `datalong2`, `datalong3`, `buddy_entry`, `search_radius`, `data_flags`, `dataint`, `dataint2`, `dataint3`, `dataint4`, `x`, `y`, `z`, `o`, `comments`) VALUES
(1991804,0,39,0,0,0,0,0,0x04,0,0,0,0,0,0,0,0,'Time Watcher - Fly off'),
(1991804,1,25,0,0,0,0,0,0x04,0,0,0,0,0,0,0,0,'Time Watcher - run off'),
(1991804,2000,15,34702,0,0,0,0,0x04,0,0,0,0,0,0,0,0,'Time Watcher - cast 34702'),
(1991804,2100,20,2,3,0,0,0,0x04,0,0,0,0,0,0,0,0,'Time Watcher - Set Path3');
DELETE FROM creature_movement_template WHERE Entry = 19918 AND PathId = 3;
INSERT INTO creature_movement_template (`Entry`, `PathId`, `Point`, `PositionX`, `PositionY`, `PositionZ`, `Orientation`, `WaitTime`, `ScriptId`) VALUES
(19918,3,1,-8376.56,-4393.6,-207.944,100,0,0),
(19918,3,2,-8344.07,-4375.34,-206.403,100,0,0),
(19918,3,3,-8317.79,-4362.93,-209.847,100,0,0),
(19918,3,4,-8297.43,-4357.04,-207.528,100,0,0),
(19918,3,5,-8251.5,-4344.58,-206.164,100,0,0),
(19918,3,6,-8229.64,-4339.97,-201.262,100,0,0),
(19918,3,7,-8218.43,-4325.09,-198.806,100,0,0),
(19918,3,8,-8195.75,-4287.91,-191.213,100,0,0),
(19918,3,9,-8186.09,-4258.09,-183.413,100,0,0),
(19918,3,10,-8186.15,-4239.24,-179.062,100,0,0),
(19918,3,11,-8184.12,-4201.08,-172.367,100,0,0),
(19918,3,12,-8173.98,-4179.92,-166.878,100,0,0),
(19918,3,13,-8167.48,-4164.84,-164.728,100,10,1);
UPDATE creature SET position_x = -8445.759, position_y = -4215.38, position_z = -211.9387, spawndist = 0, MovementType = 0 WHERE guid IN (54495,81318);
DELETE FROM creature_movement WHERE Id IN (54495,81318);
DELETE FROM creature_movement_template WHERE Entry IN (19935,19936);
DELETE FROM `spawn_group` WHERE id = 19892;
INSERT INTO `spawn_group` (`Id`, `Name`, `Type`, `MaxCount`, `WorldState`, `Flags`) VALUES (19892, 'Tanaris - Caverns of Time - Soridormi 19935 & Arazmodu 19936 - Patrol', 0, 0, 0, 1);
DELETE FROM `spawn_group_spawn` WHERE id = 19892;
INSERT INTO `spawn_group_spawn` (`Id`, `Guid`, `SlotId`) VALUES (19892, 54495, 0),(19892, 81318, 1);
DELETE FROM `spawn_group_formation` WHERE id = 19892;
INSERT INTO `spawn_group_formation` (`Id`, `FormationType`, `FormationSpread`, `FormationOptions`, `PathId`, `MovementType`, `Comment`) VALUES
(19892, 2, 7, 0, 19892, 2, 'Tanaris - Caverns of Time - Soridormi 19935 & Arazmodu 19936 - Patrol');
DELETE FROM `waypoint_path_name` WHERE PathId = 19892;
INSERT INTO `waypoint_path_name` (`PathId`, `Name`) VALUES (19892,'Tanaris - Caverns of Time - Soridormi 19935 & Arazmodu 19936 - Patrol');
DELETE FROM `waypoint_path` WHERE PathId = 19892;
INSERT INTO `waypoint_path` (`PathId`, `Point`, `PositionX`, `PositionY`,`PositionZ`, `Orientation`, `WaitTime`, `ScriptId`) VALUES
(19892,1,-8445.759,-4215.38,-211.9387,100,0,0),
(19892,2,-8481.24,-4209.553,-214.8101,100,0,0),
(19892,3,-8519.429,-4215.215,-213.2991,100,0,0),
(19892,4,-8566.779,-4224.906,-210.9306,100,0,0),
(19892,5,-8596.962,-4255.7,-210.5616,100,0,0),
(19892,6,-8608.052,-4285.974,-211.1701,100,0,0),
(19892,7,-8604.996,-4313.684,-212.4491,100,0,0),
(19892,8,-8588.4,-4356.612,-213.5026,100,0,0),
(19892,9,-8556.364,-4394.186,-215.0919,100,0,0),
(19892,10,-8521.725,-4420.971,-215.0355,100,0,0),
(19892,11,-8471.621,-4439.507,-215.6221,100,0,0),
(19892,12,-8427.305,-4434.919,-209.7463,100,0,0),
(19892,13,-8405.412,-4416.613,-210.1112,100,0,0),
(19892,14,-8377.789,-4380.435,-209.5843,100,0,0),
(19892,15,-8365.063,-4350.27,-208.8069,100,0,0),
(19892,16,-8362.924,-4320.472,-208.7829,100,0,0),
(19892,17,-8368.159,-4293.539,-208.2436,100,0,0),
(19892,18,-8382.888,-4258.709,-207.7906,100,0,0),
(19892,19,-8410.113,-4225.767,-208.1212,100,0,0);
UPDATE creature SET position_x = -8163.3145, position_y = -4796.055, position_z = 35.840714, spawndist = 0, MovementType = 0 WHERE guid IN (98785,98786);
DELETE FROM creature_movement WHERE Id IN (98785,98786);
DELETE FROM `spawn_group` WHERE id = 19891;
INSERT INTO `spawn_group` (`Id`, `Name`, `Type`, `MaxCount`, `WorldState`, `Flags`) VALUES (19891, 'Tanaris - Caverns of Time - Warden of Time 19951 x2 - Patrol', 0, 0, 0, 1);
DELETE FROM `spawn_group_spawn` WHERE id = 19891;
INSERT INTO `spawn_group_spawn` (`Id`, `Guid`, `SlotId`) VALUES (19891, 98785, 0),(19891, 98786, 1);
DELETE FROM `spawn_group_formation` WHERE id = 19891;
INSERT INTO `spawn_group_formation` (`Id`, `FormationType`, `FormationSpread`, `FormationOptions`, `PathId`, `MovementType`, `Comment`) VALUES
(19891, 1, 10, 0, 19891, 4, 'Tanaris - Caverns of Time - Warden of Time 19951 x2 - Patrol');
DELETE FROM `waypoint_path_name` WHERE PathId = 19891;
INSERT INTO `waypoint_path_name` (`PathId`, `Name`) VALUES (19891,'Tanaris - Caverns of Time - Warden of Time 19951 x2 - Patrol');
DELETE FROM `waypoint_path` WHERE PathId = 19891;
INSERT INTO `waypoint_path` (`PathId`, `Point`, `PositionX`, `PositionY`,`PositionZ`, `Orientation`, `WaitTime`, `ScriptId`) VALUES
(19891,1,-8163.3145,-4796.055,35.840714,100,500,0),
(19891,2,-8168.028,-4819.5063,34.62324,100,0,0),
(19891,3,-8174.3027,-4844.1504,29.046083,100,0,0),
(19891,4,-8177.518,-4864.79,26.622221,100,0,0),
(19891,5,-8177.777,-4881.641,24.999691,100,0,0),
(19891,6,-8154.547,-4901.804,19.343477,100,0,0),
(19891,7,-8129.777,-4903.324,16.248957,100,0,0),
(19891,8,-8114.9897,-4893.794,13.124857,100,0,0),
(19891,9,-8101.2007,-4886.316,8.632445,100,0,0),
(19891,10,-8087.9253,-4857.225,-7.217657,100,0,0),
(19891,11,-8093.51,-4848.0063,-11.209167,100,0,0),
(19891,12,-8128.395,-4843.884,-19.526033,100,0,0),
(19891,13,-8138.002,-4850.338,-20.934381,100,0,0),
(19891,14,-8144.3984,-4863.7227,-25.175663,100,0,0),
(19891,15,-8150.268,-4879.5464,-31.787813,100,0,0),
(19891,16,-8142.6665,-4895.334,-37.543938,100,0,0),
(19891,17,-8125.7734,-4908.5894,-40.887745,100,0,0),
(19891,18,-8113.1,-4910.2603,-42.88266,100,0,0),
(19891,19,-8091.725,-4904.197,-50.53138,100,0,0),
(19891,20,-8079.3296,-4886.623,-55.301456,100,0,0),
(19891,21,-8075.7866,-4871.69,-60.269855,100,0,0),
(19891,22,-8076.319,-4846.9756,-71.16178,100,0,0),
(19891,23,-8080.454,-4817.357,-82.79274,100,0,0),
(19891,24,-8085.0625,-4791.419,-89.5917,100,0,0),
(19891,25,-8089.58,-4768.8354,-94.4901,100,0,0),
(19891,26,-8092.654,-4750.49,-97.97556,100,0,0),
(19891,27,-8097.7676,-4728.2603,-101.61951,100,0,0),
(19891,28,-8107.007,-4699.217,-109.69037,100,0,0),
(19891,29,-8119.4536,-4673.4155,-118.84561,100,0,0),
(19891,30,-8127.5635,-4657.518,-120.11935,100,0,0),
(19891,31,-8143.4756,-4630.1094,-121.95584,100,0,0),
(19891,32,-8176.0303,-4605.023,-133.09459,100,0,0),
(19891,33,-8193.171,-4605.0933,-137.24554,100,0,0),
(19891,34,-8222.17,-4590.294,-150.03032,100,0,0),
(19891,35,-8238.964,-4588.1777,-155.07103,100,0,0),
(19891,36,-8259.87,-4586.572,-159.8153,100,0,0),
(19891,37,-8284.904,-4583.2134,-166.77763,100,0,0),
(19891,38,-8312.802,-4589.068,-174.06929,100,0,0),
(19891,39,-8336.284,-4604.1733,-180.28001,100,0,0),
(19891,40,-8356.5205,-4617.0874,-184.71153,100,0,0),
(19891,41,-8369.33,-4624.3228,-188.00562,100,0,0),
(19891,42,-8390.92,-4634.5527,-192.89653,100,0,0),
(19891,43,-8407.372,-4638.4106,-194.70264,100,0,0),
(19891,44,-8433.562,-4645.07,-200.20047,100,0,0),
(19891,45,-8452.687,-4648.728,-203.32683,100,0,0),
(19891,46,-8470.955,-4649.1235,-205.29292,100,0,0),
(19891,47,-8483.932,-4645.266,-206.09097,100,0,0),
(19891,48,-8491.336,-4637.4126,-206.50279,100,0,0),
(19891,49,-8497.812,-4624.299,-208.52382,100,0,0),
(19891,50,-8505.78,-4605.421,-211.19186,100,0,0),
(19891,51,-8513.201,-4577.485,-211.36905,100,0,0),
(19891,52,-8510.666,-4549.027,-211.46355,100,500,0);
DELETE FROM `gameobject` WHERE `guid` IN (26392,26393,18196,19839,19843);
DELETE FROM `creature_template_addon` WHERE `entry` = 29867;
INSERT INTO creature_addon (guid,mount,stand_state,sheath_state,pvp_flags,emote,moveflags,auras) VALUES
(76111, 0, 0, 0, 0,0, 0, '34712'),(76101, 0, 0, 0, 0,0, 0, '34712'),(76105, 0, 0, 0, 0,0, 0, '34712');
DELETE FROM `creature_template_addon` WHERE `entry` = 29865;
DELETE FROM `creature_template_addon` WHERE `entry` = 29866;
DELETE FROM `creature_template_addon` WHERE `entry` = 29868;
DELETE FROM `creature_template_addon` WHERE `entry` = 29873;
INSERT INTO creature_addon (guid,mount,stand_state,sheath_state,pvp_flags,emote,moveflags,auras) VALUES
(27985, 0, 0, 1, 0, 0, 0, '34712'),(52523, 0, 0, 1, 0, 0, 0, '34712'),(61583, 0, 0, 1, 0, 0, 0, '34712'),(61584, 0, 0, 1, 0, 0, 0, '34712'),(61622, 0, 0, 1, 0, 0, 0, '34712'),
(61623, 0, 0, 1, 0, 0, 0, '34712'),(61624, 0, 0, 1, 0, 0, 0, '34712'),(61625, 0, 0, 1, 0, 0, 0, '34712'),(61647, 0, 0, 1, 0, 0, 0, '34712'),(61683, 0, 0, 1, 0, 0, 0, '34712'),
(61733, 0, 0, 1, 0, 0, 0, '34712'),(76100, 0, 0, 1, 0, 0, 0, '34712'),(76102, 0, 0, 1, 0, 0, 0, '34712'),(76103, 0, 0, 1, 0, 0, 0, '34712'),(76104, 0, 0, 1, 0, 0, 0, '34712'),
(76106, 0, 0, 1, 0, 0, 0, '34712'),(76107, 0, 0, 1, 0, 0, 0, '34712'),(76108, 0, 0, 1, 0, 0, 0, '34712'),(76109, 0, 0, 1, 0, 0, 0, '34712'),(76110, 0, 0, 1, 0, 0, 0, '34712'),
(76112, 0, 0, 1, 0, 0, 0, '34712');

DELETE FROM creature_addon WHERE guid IN(SELECT guid FROM creature WHERE id IN (3998,3999,4001,4002,4003,4004));
DELETE FROM creature_movement WHERE id IN(SELECT guid FROM creature WHERE id IN (3998,3999,4001,4002,4003,4004));
DELETE FROM game_event_creature WHERE guid IN(SELECT guid FROM creature WHERE id IN (3998,3999,4001,4002,4003,4004));
DELETE FROM game_event_creature_data WHERE guid IN(SELECT guid FROM creature WHERE id IN (3998,3999,4001,4002,4003,4004));
DELETE FROM creature_battleground WHERE guid IN(SELECT guid FROM creature WHERE id IN (3998,3999,4001,4002,4003,4004));
DELETE FROM creature_linking WHERE guid IN(SELECT guid FROM creature WHERE id IN (3998,3999,4001,4002,4003,4004));
DELETE FROM creature WHERE id IN (3998,3999,4001,4002,4003,4004);
INSERT INTO `creature` (`guid`, `id`, `map`, `spawnMask`, `phaseMask`, `position_x`, `position_y`, `position_z`, `orientation`, `spawntimesecsmin`, `spawntimesecsmax`, `spawndist`, `MovementType`) VALUES
(79359, 3999, 1, 1, 1, '984.22399902343750000000', '-414.48098754882810000000', '8.56884002685546900000', '1.75838994979858400000', 300, 300, 5, 1),
(79360, 3999, 1, 1, 1, '1011.88000488281250000000', '-415.82101440429690000000', '-0.45241099596023560000', '4.80393981933593750000', 300, 300, 5, 1),
(79361, 3999, 1, 1, 1, '996.77398681640620000000', '-384.30899047851560000000', '8.63936996459961000000', '4.46793985366821300000', 300, 300, 5, 1),
(79362, 3999, 1, 1, 1, '970.33099365234380000000', '-287.34100341796875000000', '0.14965100586414337000', '0.89011800289154050000', 300, 300, 0, 0),
(79363, 3999, 1, 1, 1, '961.87597656250000000000', '-373.60000610351560000000', '7.12389993667602500000', '3.43829989433288570000', 300, 300, 0, 0),
(79364, 3999, 1, 1, 1, '972.91699218750000000000', '-389.58401489257810000000', '8.26436996459961000000', '6.14041996002197300000', 300, 300, 5, 1),
(79365, 3999, 1, 1, 1, '923.18701171875000000000', '-300.74301147460940000000', '18.85589981079101600000', '2.32129001617431640000', 300, 300, 0, 0),
(79366, 3999, 1, 1, 1, '935.64697265625000000000', '-264.86801147460940000000', '21.80710029602050800000', '0.89011800289154050000', 300, 300, 0, 0),
(79367, 3999, 1, 1, 1, '935.90899658203120000000', '-302.74099731445310000000', '0.02200900018215179400', '3.89208006858825700000', 300, 300, 0, 0),
(79368, 3999, 1, 1, 1, '957.27502441406250000000', '-353.65100097656250000000', '4.54843997955322300000', '2.56562995910644530000', 300, 300, 0, 0),
(79369, 3999, 1, 1, 1, '946.66101074218750000000', '-311.71798706054690000000', '0.29175600409507750000', '3.36847996711730960000', 300, 300, 0, 0),
(79370, 3999, 1, 1, 1, '974.10198974609380000000', '-332.55200195312500000000', '-1.92823004722595210000', '2.04204010963439940000', 300, 300, 0, 0),
(79371, 3999, 1, 1, 1, '943.04901123046880000000', '-316.23800659179690000000', '19.18790054321289000000', '0.34906598925590515000', 300, 300, 0, 0),
(79372, 3999, 1, 1, 1, '968.46899414062500000000', '-328.60101318359375000000', '22.67060089111328000000', '1.06465005874633800000', 300, 300, 0, 0),
(79373, 3999, 1, 1, 1, '906.57098388671880000000', '-283.05099487304690000000', '20.98320007324218800000', '4.81711006164550800000', 300, 300, 0, 0),
(79374, 3999, 1, 1, 1, '879.98498535156250000000', '-295.81100463867190000000', '19.10379981994629000000', '5.21853017807006800000', 300, 300, 0, 0),
(79375, 3999, 1, 1, 1, '865.06097412109380000000', '-303.76800537109375000000', '18.90220069885254000000', '4.78219985961914100000', 300, 300, 0, 0),
(79376, 3999, 1, 1, 1, '963.55102539062500000000', '-340.96301269531250000000', '0.01029700040817260700', '2.18165993690490720000', 300, 300, 0, 0),
(79377, 3999, 1, 1, 1, '887.38598632812500000000', '-285.60998535156250000000', '19.51869964599609400000', '1.97221994400024410000', 300, 300, 0, 0),
(79378, 3999, 1, 1, 1, '939.74200439453120000000', '-286.71398925781250000000', '17.87409973144531200000', '0.94247800111770630000', 300, 300, 0, 0),
(79379, 3999, 1, 1, 1, '917.94799804687500000000', '-267.87500000000000000000', '22.40740013122558600000', '2.80997991561889650000', 300, 300, 0, 0),
(79380, 3999, 1, 1, 1, '927.45501708984380000000', '-288.85101318359375000000', '17.99860000610351600000', '4.53785991668701200000', 300, 300, 0, 0),
(79381, 3999, 1, 1, 1, '949.79901123046880000000', '-281.21398925781250000000', '-0.29204198718070984000', '2.14674997329711900000', 300, 300, 0, 0),
(79382, 3999, 1, 1, 1, '982.50500488281250000000', '-311.33499145507810000000', '-0.36416700482368470000', '3.85718011856079100000', 300, 300, 0, 0),
(79383, 3999, 1, 1, 1, '992.25000000000000000000', '-324.26998901367190000000', '0.31478399038314820000', '0.26179900765419006000', 300, 300, 0, 0),
(79384, 3999, 1, 1, 1, '891.68701171875000000000', '-259.68600463867190000000', '7.36589002609252900000', '1.55333995819091800000', 300, 300, 0, 0),
(79385, 3999, 1, 1, 1, '929.09002685546880000000', '-286.71099853515625000000', '-0.98039102554321290000', '1.57079994678497310000', 300, 300, 0, 0),
(79386, 3999, 1, 1, 1, '916.56799316406250000000', '-297.07199096679690000000', '0.62833201885223390000', '4.13642978668212900000', 300, 300, 0, 0),
(79387, 3999, 1, 1, 1, '965.12597656250000000000', '-322.55899047851560000000', '-0.49809399247169495000', '5.95157003402710000000', 300, 300, 0, 0),
(79388, 3999, 1, 1, 1, '1017.79998779296880000000', '-321.09201049804690000000', '11.48200035095214800000', '5.91601991653442400000', 300, 300, 5, 1),
(79389, 3999, 1, 1, 1, '941.73999023437500000000', '-362.08898925781250000000', '16.23909950256347700000', '4.27606010437011700000', 300, 300, 0, 0),
(79390, 3999, 1, 1, 1, '876.29400634765620000000', '-320.04598999023440000000', '13.22459983825683600000', '4.62512016296386700000', 300, 300, 0, 0),
(79391, 3999, 1, 1, 1, '939.72100830078120000000', '-343.80300903320310000000', '18.15379905700683600000', '0.06981299817562103000', 300, 300, 0, 0),
(79392, 3999, 1, 1, 1, '870.06402587890620000000', '-268.13500976562500000000', '6.31242990493774400000', '2.67035007476806640000', 300, 300, 0, 0),
(79393, 3999, 1, 1, 1, '889.81402587890620000000', '-290.74099731445310000000', '8.30928993225097700000', '0.31415900588035583000', 300, 300, 0, 0),
(79394, 3999, 1, 1, 1, '873.10198974609380000000', '-281.98199462890625000000', '6.19969987869262700000', '3.54302000999450700000', 300, 300, 0, 0),
(79395, 3999, 1, 1, 1, '962.36700439453120000000', '-255.64700317382812000000', '-3.87936997413635250000', '1.27409005165100100000', 300, 300, 0, 0),
(79396, 3999, 1, 1, 1, '926.23797607421880000000', '-272.41299438476560000000', '-1.08275997638702400000', '5.32324981689453100000', 300, 300, 0, 0),
(79397, 3999, 1, 1, 1, '947.90600585937500000000', '-253.53999328613280000000', '-2.80272006988525400000', '1.57079994678497310000', 300, 300, 0, 0),
(79398, 3999, 1, 1, 1, '912.16302490234380000000', '-274.64898681640625000000', '-0.19225199520587920000', '1.55333995819091800000', 300, 300, 0, 0),
(79399, 3999, 1, 1, 1, '911.82397460937500000000', '-319.43301391601560000000', '19.13430023193359400000', '3.26377010345459000000', 300, 300, 0, 0),
(79400, 3999, 1, 1, 1, '938.14898681640620000000', '-253.52000427246094000000', '-2.05068993568420400000', '2.25148010253906250000', 300, 300, 0, 0),
(79401, 3999, 1, 1, 1, '898.90301513671880000000', '-329.27499389648440000000', '17.20899963378906200000', '0.99483799934387210000', 300, 300, 0, 0),
(79402, 3999, 1, 1, 1, '888.61700439453120000000', '-315.65701293945310000000', '14.02789974212646500000', '0.31415900588035583000', 300, 300, 0, 0),
(79403, 3999, 1, 1, 1, '918.87298583984380000000', '-335.68899536132810000000', '20.00139999389648400000', '4.66002988815307600000', 300, 300, 0, 0),
(79404, 3999, 1, 1, 1, '945.72399902343750000000', '-333.75500488281250000000', '19.16360092163086000000', '4.92183017730712900000', 300, 300, 0, 0),
(79405, 4003, 1, 1, 1, '1015.19000244140620000000', '-388.88000488281250000000', '2.80076003074646000000', '4.44280004501342800000', 300, 300, 5, 1),
(79406, 4003, 1, 1, 1, '988.94598388671880000000', '-449.60299682617190000000', '10.79500007629394500000', '0.43823900818824770000', 300, 300, 0, 0),
(79407, 4003, 1, 1, 1, '1003.91998291015620000000', '-344.91400146484375000000', '11.96140003204345700000', '2.72339010238647460000', 300, 300, 5, 1),
(79408, 4003, 1, 1, 1, '928.35400390625000000000', '-325.18399047851560000000', '17.82080078125000000000', '2.84829998016357400000', 300, 300, 5, 1),
(79409, 4003, 1, 1, 1, '975.13500976562500000000', '-364.01501464843750000000', '16.10919952392578000000', '2.51022005081176760000', 300, 300, 5, 1),
(79410, 4003, 1, 1, 1, '986.86297607421880000000', '-358.17401123046875000000', '13.16090011596679700000', '4.39203977584838900000', 300, 300, 5, 1),
(79411, 4003, 1, 1, 1, '979.75701904296880000000', '-373.07699584960940000000', '16.12540054321289000000', '5.80246019363403300000', 300, 300, 5, 1),
(79350, 4004, 1, 1, 1, '978.26074000000000000000', '-377.89606000000000000000', '9.02547550000000000000', '1.60377001762390140000', 300, 300, 0, 4),
(79351, 4004, 1, 1, 1, '956.42102050781250000000', '-298.24499511718750000000', '-2.62034988403320300000', '2.67214989662170400000', 300, 300, 5, 1),
(79352, 4004, 1, 1, 1, '872.80945000000000000000', '-292.82520000000000000000', '17.80613000000000000000', '0.19240899384021760000', 300, 300, 0, 4),
(79353, 4004, 1, 1, 1, '987.24470000000000000000', '-328.64514000000000000000', '-0.28765878000000000000', '6.18463993072509800000', 300, 300, 0, 4),
(79354, 4004, 1, 1, 1, '985.87915000000000000000', '-375.48540000000000000000', '16.12618400000000000000', '5.65546989440918000000', 300, 300, 0, 4),
(79355, 4004, 1, 1, 1, '953.97920000000000000000', '-257.88293000000000000000', '-3.51095150000000000000', '3.19295001029968260000', 300, 300, 0, 4),
(79356, 4004, 1, 1, 1, '887.80499267578120000000', '-320.19299316406250000000', '13.27740001678466800000', '5.31431007385253900000', 300, 300, 5, 1),
(79357, 4004, 1, 1, 1, '909.07324000000000000000', '-334.20180000000000000000', '18.52504700000000000000', '1.19842004776000980000', 300, 300, 0, 4),
(79358, 4004, 1, 1, 1, '961.50512700000000000000', '-354.26748700000000000000', '16.95883400000000000000', '5.25710010528564450000', 300, 300, 5, 1),
(79339, 3998, 1, 1, 1, '937.81120000000000000000', '-254.16438000000000000000', '-2.09667280000000000000', '0.38397000000000000000', 180, 180, 0, 0),
(79340, 3998, 1, 1, 1, '938.60280000000000000000', '-256.62613000000000000000', '-2.10138770000000000000', '0.17453292012214660600', 180, 180, 0, 0),
(79341, 4001, 1, 1, 1, '936.68710000000000000000', '-255.91563000000000000000', '-2.23863480000000000000', '0.29670596122741699200', 180, 180, 0, 0),
(79342, 3999, 1, 1, 1, '937.07940000000000000000', '-258.10092000000000000000', '-2.26830770000000000000', '0.48869219422340393000', 180, 180, 0, 0),
(79343, 3999, 1, 1, 1, '935.89440000000000000000', '-256.35678000000000000000', '-2.31624270000000000000', '0.69813100000000000000', 180, 180, 0, 0),
(79344, 4003, 1, 1, 1, '934.35200000000000000000', '-258.06960000000000000000', '-2.21520970000000000000', '0.68067842721939086900', 180, 180, 0, 0),
(79345, 4003, 1, 1, 1, '935.28754000000000000000', '-258.92550000000000000000', '-2.20950580000000000000', '0.57595800000000000000', 180, 180, 0, 0),
(79346, 4002, 1, 1, 1, '937.07940000000000000000', '-258.10092000000000000000', '-2.26830770000000000000', '0.48869219422340393000', 180, 180, 0, 0),
(79347, 4002, 1, 1, 1, '935.89440000000000000000', '-256.35678000000000000000', '-2.31624270000000000000', '0.69813100000000000000', 180, 180, 0, 0),
(79348, 4002, 1, 1, 1, '934.35200000000000000000', '-258.06960000000000000000', '-2.21520970000000000000', '0.68067842721939086900', 180, 180, 0, 0),
(79349, 4004, 1, 1, 1, '935.28754000000000000000', '-258.92550000000000000000', '-2.20950580000000000000', '0.57595800000000000000', 180, 180, 0, 0);
INSERT INTO `creature_addon` (`guid`, `mount`, `stand_state`, `sheath_state`, `pvp_flags`, `emote`, `moveflags`, `auras`) VALUES
(79359, 0, 0, 1, 16, 0, 0, NULL),(79360, 0, 0, 1, 16, 0, 0, NULL),(79361, 0, 0, 1, 16, 0, 0, NULL),(79362, 0, 0, 1, 16, 233, 0, NULL),(79363, 0, 0, 1, 16, 233, 0, NULL),(79364, 0, 0, 1, 16, 0, 0, NULL),
(79365, 0, 0, 1, 16, 233, 0, NULL),(79366, 0, 0, 1, 16, 233, 0, NULL),(79367, 0, 0, 1, 0, 233, 0, NULL),(79368, 0, 0, 1, 0, 233, 0, NULL),(79369, 0, 0, 1, 16, 233, 0, NULL),(79370, 0, 0, 1, 16, 233, 0, NULL),
(79371, 0, 0, 1, 16, 233, 0, NULL),(79372, 0, 0, 1, 16, 233, 0, NULL),(79373, 0, 0, 1, 0, 233, 0, NULL),(79374, 0, 0, 1, 16, 233, 0, NULL),(79375, 0, 0, 1, 16, 233, 0, NULL),(79376, 0, 0, 1, 16, 233, 0, NULL),
(79377, 0, 0, 1, 0, 233, 0, NULL),(79378, 0, 0, 1, 16, 233, 0, NULL),(79379, 0, 0, 1, 16, 233, 0, NULL),(79380, 0, 0, 1, 0, 233, 0, NULL),(79381, 0, 0, 1, 16, 233, 0, NULL),(79382, 0, 0, 1, 0, 233, 0, NULL),
(79383, 0, 0, 1, 16, 233, 0, NULL),(79384, 0, 0, 1, 16, 233, 0, NULL),(79385, 0, 0, 1, 16, 233, 0, NULL),(79386, 0, 0, 1, 16, 233, 0, NULL),(79387, 0, 0, 1, 16, 233, 0, NULL),(79388, 0, 0, 1, 16, 0, 0, NULL),
(79389, 0, 0, 1, 16, 233, 0, NULL),(79390, 0, 0, 1, 16, 233, 0, NULL),(79391, 0, 0, 1, 16, 233, 0, NULL),(79392, 0, 0, 1, 16, 233, 0, NULL),(79393, 0, 0, 1, 16, 233, 0, NULL),(79394, 0, 0, 1, 16, 233, 0, NULL),
(79395, 0, 0, 1, 16, 233, 0, NULL),(79396, 0, 0, 1, 0, 233, 0, NULL),(79397, 0, 0, 1, 0, 233, 0, NULL),(79398, 0, 0, 1, 16, 233, 0, NULL),(79399, 0, 0, 1, 16, 233, 0, NULL),(79400, 0, 0, 1, 16, 233, 0, NULL),
(79401, 0, 0, 1, 16, 233, 0, NULL),(79402, 0, 0, 1, 16, 233, 0, NULL),(79403, 0, 0, 1, 16, 233, 0, NULL),(79404, 0, 0, 1, 16, 233, 0, NULL);
INSERT INTO creature_movement (`id`, `Point`, `PositionX`, `PositionY`, `PositionZ`, `Orientation`, `WaitTime`, `ScriptId`) VALUES
(79350,1,978.26074,-377.89606,9.0254755,100,500,0),
(79350,2,978.54114,-385.31088,8.227136,100,0,0),
(79350,3,971.53625,-387.9108,8.264367,100,0,0),
(79350,4,966.7669,-383.84634,8.013391,100,0,0),
(79350,5,965.7326,-375.6895,7.904025,100,0,0),
(79350,6,961.0283,-363.34268,5.3975625,100,0,0),
(79350,7,961.3163,-349.0778,2.343706,100,0,0),
(79350,8,968.81525,-340.1766,-1.0334809,100,0,0),
(79350,9,979.7723,-334.89594,-1.688632,100,500,0),
(79352,1,872.80945,-292.8252,17.80613,100,500,0),
(79352,2,885.36285,-290.37933,19.17272,100,0,0),
(79352,3,897.8306,-285.32156,20.153763,100,0,0),
(79352,4,911.8462,-279.59897,21.566036,100,0,0),
(79352,5,923.16266,-270.354,22.029636,100,0,0),
(79352,6,927.9974,-274.91867,22.343903,100,0,0),
(79352,7,932.887,-281.16733,18.190046,100,0,0),
(79352,8,932.75543,-285.33365,17.774048,100,500,0),
(79353,1,987.2447,-328.64514,-0.28765878,100,500,0),
(79353,2,987.5994,-317.40674,0.8982092,100,0,0),
(79353,3,980.0046,-304.04227,-1.3080362,100,0,0),
(79353,4,969.19714,-302.97385,-0.6509599,100,0,0),
(79353,5,961.9171,-300.102,-2.3842425,100,0,0),
(79353,6,954.6951,-305.87582,-1.8897942,100,0,0),
(79353,7,955.3952,-316.19125,-1.5026575,100,500,0),
(79354,1,985.87915,-375.4854,16.126184,100,500,0),
(79354,2,977.4711,-366.06494,16.481733,100,0,0),
(79354,3,980.44977,-359.77316,15.8730955,100,0,0),
(79354,4,987.0081,-353.62875,12.911339,100,0,0),
(79354,5,979.6847,-358.955,15.934146,100,0,0),
(79354,6,974.1008,-359.98465,15.90542,100,0,0),
(79354,7,967.81146,-355.42084,15.778783,100,0,0),
(79354,8,959.8864,-356.57254,16.263485,100,0,0),
(79354,9,952.05316,-358.53668,16.00057,100,0,0),
(79354,10,942.7303,-357.83762,15.760734,100,0,0),
(79354,11,937.1593,-346.72034,17.17706,100,500,0),
(79355,1,953.9792,-257.88293,-3.5109515,100,500,0),
(79355,2,943.3326,-255.42464,-2.5989857,100,0,0),
(79355,3,933.843,-259.72906,-2.1856833,100,0,0),
(79355,4,930.4224,-266.17487,-1.680638,100,0,0),
(79355,5,919.2319,-273.9211,-0.8711146,100,0,0),
(79355,6,913.40356,-280.15305,-1.6427773,100,0,0),
(79355,7,907.3419,-280.48596,-0.90467596,100,0,0),
(79355,8,913.14703,-289.98215,-0.97477597,100,0,0),
(79355,9,924.87524,-292.08328,-1.881798,100,0,0),
(79355,10,933.51715,-291.6391,-0.8050218,100,0,0),
(79355,11,940.4749,-294.35617,-1.6682853,100,0,0),
(79355,12,956.37683,-298.77066,-2.5723162,100,0,0),
(79355,13,966.77136,-302.1098,-0.9671719,100,500,0),
(79357,1,909.07324,-334.2018,18.525047,100,500,0),
(79357,2,919.23285,-329.27045,19.036795,100,0,0),
(79357,3,923.80145,-320.73843,17.60006,100,0,0),
(79357,4,927.54785,-311.1471,17.877155,100,0,0),
(79357,5,938.6646,-295.839,18.20342,100,500,0);
DELETE FROM dbscripts_on_quest_start WHERE id IN (1090);
INSERT INTO dbscripts_on_quest_start (id, delay, command, datalong, datalong2, datalong3, buddy_entry, search_radius, data_flags, dataint, dataint2, dataint3, dataint4, x, y, z, o, comments) VALUES
(1090,1,21,1,0,0,0,0,0x04,0,0,0,0,0,0,0,0,'active'),
(1090,100,22,113,1|0x20,0,0,0,0x04,0,0,0,0,0,0,0,0,'temp faction'),
(1090,101,29,2,0,0,0,0,0x04,0,0,0,0,0,0,0,0,'NPCFlags Removed'),
(1090,1000,0,0,0,0,0,0,0x04,1427,0,0,0,0,0,0,0,'say'),
(1090,17000,53,0,0,0,0,0,0,19888,1,0,0,0,0,0,0,'Set worldstate variable to 1'),
(1090,108000,34,2191,1090,0,0,0,0,0,0,0,0,0,0,0,0,'Stop script if player is dead or out of range'),
(1090,109000,34,2192,1090,0,0,0,0x04,0,0,0,0,0,0,0,0,'Stop script if source is dead'),
(1090,109500,53,0,0,0,0,0,0,19888,0,0,0,0,0,0,0,'Set worldstate variable to 0'),
(1090,110000,53,0,0,0,0,0,0,19889,1,0,0,0,0,0,0,'Set worldstate variable to 1'),
(1090,113000,0,0,0,0,0,0,0x04,1431,0,0,0,0,0,0,0,'say'),
(1090,203000,34,2191,1090,0,0,0,0,0,0,0,0,0,0,0,0,'Stop script if player is dead or out of range'),
(1090,204000,34,2192,1090,0,0,0,0x04,0,0,0,0,0,0,0,0,'Stop script if npc is dead'),
(1090,204500,53,0,0,0,0,0,0,19889,0,0,0,0,0,0,0,'Set worldstate variable to 0'),
(1090,204600,53,0,0,0,0,0,0,19890,1,0,0,0,0,0,0,'Set worldstate variable to 1'),
(1090,215000,0,0,0,0,0,0,0x04,1432,0,0,0,0,0,0,0,'say'),
(1090,302000,53,0,0,0,0,0,0,19890,0,0,0,0,0,0,0,'Set worldstate variable to 0'),
(1090,303000,34,2191,1090,0,0,0,0,0,0,0,0,0,0,0,0,'Stop script if player is dead or out of range'),
(1090,304000,34,2192,1090,0,0,0,0x04,0,0,0,0,0,0,0,0,'Stop script if npc is dead'),
(1090,305000,7,1090,0,0,0,0,0,0,0,0,0,0,0,0,0,'quest complete'),
(1090,305001,0,0,0,0,0,0,0x04,1434,0,0,0,0,0,0,0,'say'),
(1090,305002,22,35,0,0,0,0,0x04,0,0,0,0,0,0,0,0,'set default faction'),
(1090,305003,29,2,1,0,0,0,0x04,0,0,0,0,0,0,0,0,'NPCFlags Added'),
(1090,305004,21,0,0,0,0,0,0x04,0,0,0,0,0,0,0,0,'unactive');
DELETE FROM dbscripts_on_creature_death WHERE id IN (4276);
INSERT INTO dbscripts_on_creature_death (id, delay, command, datalong, datalong2, datalong3, buddy_entry, search_radius, data_flags, dataint, dataint2, dataint3, dataint4, x, y, z, o, comments) VALUES
(4276,1,53,0,0,0,0,0,0,19888,0,0,0,0,0,0,0,'Set worldstate variable to 0'),
(4276,2,53,0,0,0,0,0,0,19889,0,0,0,0,0,0,0,'Set worldstate variable to 0'),
(4276,3,53,0,0,0,0,0,0,19890,0,0,0,0,0,0,0,'Set worldstate variable to 0'),
(4276,4,29,2,1,0,0,0,0x04,0,0,0,0,0,0,0,0,'NPCFlags Added'),
(4276,5,21,0,0,0,0,0,0x04,0,0,0,0,0,0,0,0,'unactive');
DELETE FROM `spawn_group` WHERE id =19888;
INSERT INTO `spawn_group` (`Id`, `Name`, `Type`, `MaxCount`, `WorldState`, `Flags`) VALUES (19888, 'Stonetalon Mountains - q.1090 - Wave 1 - Windshear Vermin x2 & Windshear Tunnel Rat', 0, 0, 9907, 0x08);
DELETE FROM `spawn_group_spawn` WHERE id = 19888;
INSERT INTO `spawn_group_spawn` (`Id`, `Guid`, `SlotId`) VALUES (19888, 79341, 0),(19888, 79340, 1),(19888, 79339, 2);
DELETE FROM `spawn_group_formation` WHERE id = 19888;
INSERT INTO `spawn_group_formation` (`Id`, `FormationType`, `FormationSpread`, `FormationOptions`, `PathId`, `MovementType`, `Comment`) VALUES (19888, 5, 2, 0, 19888, 4, 'Stonetalon Mountains - q.1090 - Wave 1 - Windshear Vermin x2 & Windshear Tunnel Rat');
DELETE FROM `waypoint_path_name` WHERE PathId = 19888;
INSERT INTO `waypoint_path_name` (`PathId`, `Name`) VALUES (19888,'Stonetalon Mountains - q.1090 - Wave 1 - Windshear Vermin x2 & Windshear Tunnel Rat');
DELETE FROM `waypoint_path` WHERE PathId = 19888;
INSERT INTO `waypoint_path` (`PathId`, `Point`, `PositionX`, `PositionY`,`PositionZ`, `Orientation`, `WaitTime`, `ScriptId`) VALUES
(19888,1,936.6871,-255.91563,-2.2386348,0.2967,3000,0),
(19888,2,944.4445,-255.94446,-2.7950513,100,100,400101),
(19888,3,950.1888,-257.03415,-3.0987809,100,0,0),
(19888,4,953.7671,-258.39548,-3.5265486,100,0,0),
(19888,5,960.332,-260.597,-5.78864,5.99669,100,3);
DELETE FROM dbscripts_on_creature_movement WHERE id IN (400101);
INSERT INTO dbscripts_on_creature_movement (id, delay, command, datalong, datalong2, datalong3, buddy_entry, search_radius, data_flags, dataint, dataint2, dataint3, dataint4, x, y, z, o, comments) VALUES
(400101,0,0,0,0,0,0,0,0x04,1428,0,0,0,0,0,0,0,'');
DELETE FROM conditions WHERE condition_entry IN (9907);
INSERT INTO conditions (condition_entry, `type`, value1, value2, value3, flags, comments) VALUES (9907, 42, 19888, 1, 1, 0, 'Stonetalon Mountains - q.1090 - Wave 1 - Windshear Vermin x2 & Windshear Tunnel Rat');
DELETE FROM worldstate_name WHERE Id=19888;
INSERT INTO worldstate_name(Id, Name) VALUES (19888,'Stonetalon Mountains - q.1090 - Wave 1 - Windshear Vermin x2 & Windshear Tunnel Rat');
DELETE FROM `spawn_group` WHERE id =19889;
INSERT INTO `spawn_group` (`Id`, `Name`, `Type`, `MaxCount`, `WorldState`, `Flags`) VALUES (19889, 'Stonetalon Mountains - q.1090 - Wave 2 - Windshear Digger x2 & Windshear Geomancer x2', 0, 0, 9908, 0x08);
DELETE FROM `spawn_group_spawn` WHERE id = 19889;
INSERT INTO `spawn_group_spawn` (`Id`, `Guid`, `SlotId`) VALUES (19889, 79344, 0),(19889, 79345, 1),(19889, 79343, 2),(19889, 79342, 3);
DELETE FROM `spawn_group_formation` WHERE id = 19889;
INSERT INTO `spawn_group_formation` (`Id`, `FormationType`, `FormationSpread`, `FormationOptions`, `PathId`, `MovementType`, `Comment`) VALUES (19889, 5, 2, 0, 19889, 4, 'Stonetalon Mountains - q.1090 - Wave 2 - Windshear Digger x2 & Windshear Geomancer x2');
DELETE FROM `waypoint_path_name` WHERE PathId = 19889;
INSERT INTO `waypoint_path_name` (`PathId`, `Name`) VALUES (19889,'Stonetalon Mountains - q.1090 - Wave 2 - Windshear Digger x2 & Windshear Geomancer x2');
DELETE FROM `waypoint_path` WHERE PathId = 19889;
INSERT INTO `waypoint_path` (`PathId`, `Point`, `PositionX`, `PositionY`,`PositionZ`, `Orientation`, `WaitTime`, `ScriptId`) VALUES
(19889,1,944.28644,-255.18642,-2.7152529,100,100,400301),
(19889,2,946.54144,-256.04645,-3.0640638,100,0,0),
(19889,3,951.118,-257.7668,-3.1646798,100,0,0),
(19889,4,954.56036,-259.11758,-3.6698236,100,0,0),
(19889,5,960.332,-260.597,-5.78864,5.99669,100,3);
DELETE FROM dbscripts_on_creature_movement WHERE id IN (400301);
INSERT INTO dbscripts_on_creature_movement (id, delay, command, datalong, datalong2, datalong3, buddy_entry, search_radius, data_flags, dataint, dataint2, dataint3, dataint4, x, y, z, o, comments) VALUES
(400301,0,0,0,0,0,0,0,0x04,1430,0,0,0,0,0,0,0,'');
DELETE FROM conditions WHERE condition_entry IN (9908);
INSERT INTO conditions (condition_entry, `type`, value1, value2, value3, flags, comments) VALUES (9908, 42, 19889, 1, 1, 0, 'Stonetalon Mountains - q.1090 - Wave 2 - Windshear Digger x2 & Windshear Geomancer x2');
DELETE FROM worldstate_name WHERE Id=19889;
INSERT INTO worldstate_name(Id, Name) VALUES (19889,'Stonetalon Mountains - q.1090 - Wave 2 - Windshear Digger x2 & Windshear Geomancer x2');
DELETE FROM `spawn_group` WHERE id =19890;
INSERT INTO `spawn_group` (`Id`, `Name`, `Type`, `MaxCount`, `WorldState`, `Flags`) VALUES (19890, 'Stonetalon Mountains - q.1090 - Wave 3 - Windshear Stonecutter x3 & Windshear Overlord', 0, 0, 9909, 0x08);
DELETE FROM `spawn_group_spawn` WHERE id = 19890;
INSERT INTO `spawn_group_spawn` (`Id`, `Guid`, `SlotId`) VALUES (19890, 79349, 0),(19890, 79346, 1),(19890, 79347, 2),(19890, 79348, 3);
DELETE FROM `spawn_group_formation` WHERE id = 19890;
INSERT INTO `spawn_group_formation` (`Id`, `FormationType`, `FormationSpread`, `FormationOptions`, `PathId`, `MovementType`, `Comment`) VALUES (19890, 5, 2, 0, 19890, 4, 'Stonetalon Mountains - q.1090 - Wave 3 - Windshear Stonecutter x3 & Windshear Overlord');
DELETE FROM `waypoint_path_name` WHERE PathId = 19890;
INSERT INTO `waypoint_path_name` (`PathId`, `Name`) VALUES (19890,'Stonetalon Mountains - q.1090 - Wave 3 - Windshear Stonecutter x3 & Windshear Overlord');
DELETE FROM `waypoint_path` WHERE PathId = 19890;
INSERT INTO `waypoint_path` (`PathId`, `Point`, `PositionX`, `PositionY`,`PositionZ`, `Orientation`, `WaitTime`, `ScriptId`) VALUES
(19890,1,944.28644,-255.18642,-2.7152529,100,100,400401),
(19890,2,946.54144,-256.04645,-3.0640638,100,0,0),
(19890,3,951.118,-257.7668,-3.1646798,100,0,0),
(19890,4,954.56036,-259.11758,-3.6698236,100,0,0),
(19890,5,960.332,-260.597,-5.78864,5.99669,100,3);
DELETE FROM dbscripts_on_creature_movement WHERE id IN (400401);
INSERT INTO dbscripts_on_creature_movement (id, delay, command, datalong, datalong2, datalong3, buddy_entry, search_radius, data_flags, dataint, dataint2, dataint3, dataint4, x, y, z, o, comments) VALUES
(400401,0,0,0,0,0,0,0,0x04,1433,0,0,0,0,0,0,0,'');
DELETE FROM conditions WHERE condition_entry IN (9909);
INSERT INTO conditions (condition_entry, `type`, value1, value2, value3, flags, comments) VALUES (9909, 42, 19890, 1, 1, 0, 'Stonetalon Mountains - q.1090 - Wave 3 - Windshear Stonecutter x3 & Windshear Overlord');
DELETE FROM worldstate_name WHERE Id=19890;
INSERT INTO worldstate_name(Id, Name) VALUES (19890,'Stonetalon Mountains - q.1090 - Wave 3 - Windshear Stonecutter x3 & Windshear Overlord');

UPDATE `gameobject` SET `spawntimesecsmin` = '-62' WHERE `guid` =8217;

UPDATE gameobject_template SET faction = 114, data2 = 10 WHERE entry = 103661;
DELETE FROM dbscripts_on_go_template_use WHERE id IN (174764,103661,103662);
INSERT INTO dbscripts_on_go_template_use (id, delay, command, datalong, datalong2, datalong3, buddy_entry, search_radius, data_flags, dataint, dataint2, dataint3, dataint4, x, y, z, o, comments) VALUES
(103661,0,9,8218,600,0,0,0,0,0,0,0,0,0,0,0,0,'respawn object');
UPDATE spell_target_position SET target_position_x = -1350.83, target_position_y = -2740.16, target_position_z = 61.5, target_orientation = 6.1817 WHERE id = 9055;

UPDATE `creature_template` SET `NpcFlags` = 2, `GossipMenuId` = 0 WHERE `Entry` =6294;
DELETE FROM `questgiver_greeting` WHERE `Entry` = 6294;
INSERT INTO `questgiver_greeting` (`Entry`, `Type`, `EmoteId`, `EmoteDelay`, `Text`) VALUES (6294, 0, 0, 0, 'Greetings, $n.');

DELETE FROM `creature_template_spells` WHERE `entry` = 18847;
DELETE FROM `creature_spell_list_entry` WHERE `Id` IN (1884701, 1884702);
INSERT INTO `creature_spell_list_entry` (`Id`, `Name`, `ChanceSupportAction`, `ChanceRangedAttack`) VALUES
(1884701, 'Gruul\'s Lair - Wild Fel Stalkers', 0, 0),
(1884702, 'Gruul\'s Lair - Wild Fel Stalkers - Charmed', 0, 0);
DELETE FROM `creature_spell_list` WHERE `Id` IN (1884701, 1884702);
INSERT INTO `creature_spell_list` (`Id`, `Position`, `SpellId`, `Flags`, `CombatCondition`, `TargetId`, `ScriptId`, `Availability`, `Probability`, `InitialMin`, `InitialMax`, `RepeatMin`, `RepeatMax`, `Comments`) VALUES
(1884701, 1, 33086, 0, -1, 1, 0, 100, 0, 4000, 8000, 5000, 12000, 'Wild Fel Stalkers  - Wild Bite - current'),
(1884702, 1, 33086, 0, -1, 1, 0, 100, 0, 5000, 5000, 5000, 5000, 'Wild Fel Stalkers  - Wild Bite - current'),
(1884702, 2, 33091, 0, -1, 2, 0, 100, 0, 10000, 10000, 10000, 10000, 'Wild Fel Stalkers  - Determination - self'),
(1884702, 3, 33096, 0, -1, 1, 0, 100, 0, 20000, 20000, 20000, 20000, 'Wild Fel Stalkers  - Threaten - current');
UPDATE creature_template SET `SpellList` = 1884701, CharmedSpellList = 1884702 WHERE entry = 18847;

UPDATE creature_template SET MeleeBaseAttackTime = 1500 WHERE entry = 18806;
UPDATE creature_model_info SET bounding_radius = 0.766, combat_reach = 3 WHERE modelid IN (19050, 19051, 19052);
UPDATE creature_template SET MaxLevel = 70 WHERE entry = 18925;
UPDATE creature_model_info SET bounding_radius = 0.47875, combat_reach = 1.875 WHERE modelid IN (19048, 19049);
UPDATE creature_template SET SpeedWalk = 3/2.5, SpeedRun = 10/7 WHERE entry = 19622;
UPDATE creature_template SET SpeedWalk = 4/2.5, SpeedRun = 10/7 WHERE entry = 20031;
UPDATE creature_model_info SET bounding_radius = 0.6128, combat_reach = 2.4 WHERE modelid IN (19386, 19387);
UPDATE creature_template SET SpeedWalk = 2.5/2.5, SpeedRun = 10/7 WHERE entry = 20032;
UPDATE creature_model_info SET bounding_radius = 0.68939996, combat_reach = 2.6999998 WHERE modelid IN (21000, 19388);
UPDATE creature_template SET SpeedWalk = 2.5/2.5, SpeedRun = 10/7 WHERE entry = 20033;
UPDATE creature_model_info SET bounding_radius = 0.6128, combat_reach = 2.4 WHERE modelid IN (19390, 19391);
UPDATE creature_template SET SpeedWalk = 2.5/2.5, SpeedRun = 10/7 WHERE entry = 20034;
UPDATE creature_model_info SET bounding_radius = 0.68939996, combat_reach = 2.6999998 WHERE modelid IN (19392, 19393);
UPDATE creature_template SET SpeedWalk = 4/2.5, SpeedRun = 10/7 WHERE entry = 20035;
UPDATE creature_model_info SET bounding_radius = 0.766, combat_reach = 3 WHERE modelid IN (19397, 20978);
UPDATE creature_template SET SpeedWalk = 4/2.5, SpeedRun = 10/7 WHERE entry = 20036;
UPDATE creature_model_info SET bounding_radius = 0.57449996, combat_reach = 2.25 WHERE modelid IN (19394, 21001);
UPDATE creature_template SET SpeedWalk = 4/2.5 WHERE entry = 20037;
UPDATE creature_model_info SET bounding_radius = 0.766, combat_reach = 3 WHERE modelid IN (19398, 19399);
UPDATE creature_template SET SpeedWalk = 4/2.5, SpeedRun = 12/7 WHERE entry = 20038;
UPDATE creature_model_info SET bounding_radius = 0.3, combat_reach = 1.5 WHERE modelid = 19298;
UPDATE creature_template SET SpeedWalk = 2.5/2.5, SpeedRun = 12/7, MeleeBaseAttackTime = 2000 WHERE entry = 20039;
UPDATE creature_model_info SET bounding_radius = 0.75, combat_reach = 3.75 WHERE modelid = 19299;
UPDATE creature_template SET SpeedWalk = 4/2.5, SpeedRun = 12/7 WHERE entry = 20040;
UPDATE creature_model_info SET bounding_radius = 1.5, combat_reach = 9 WHERE modelid = 19410;
UPDATE creature_template SET SpeedRun = 12/7 WHERE entry = 20041;
UPDATE creature_model_info SET bounding_radius = 1.25, combat_reach = 7.5 WHERE modelid = 19300;
UPDATE creature_template SET SpeedWalk = 4/2.5, SpeedRun = 10/7 WHERE entry = 20042;
UPDATE creature_model_info SET bounding_radius = 0.57449996, combat_reach = 2.25 WHERE modelid = 19412;
UPDATE creature_template SET SpeedWalk = 4/2.5, SpeedRun = 10/7 WHERE entry = 20043;
UPDATE creature_model_info SET bounding_radius = 0.57449996, combat_reach = 2.25 WHERE modelid IN (19470, 19471);
UPDATE creature_model_info SET bounding_radius = 0.57449996, combat_reach = 2.25 WHERE modelid IN (19472, 19473);
UPDATE creature_template SET SpeedWalk = 4/2.5, SpeedRun = 10/7 WHERE entry = 20045;
UPDATE creature_model_info SET bounding_radius = 0.766, combat_reach = 3 WHERE modelid IN (19474, 19475);
UPDATE creature_template SET SpeedWalk = 4/2.5, SpeedRun = 10/7 WHERE entry = 20046;
UPDATE creature_model_info SET bounding_radius = 0.766, combat_reach = 3 WHERE modelid IN (19423, 19424);
UPDATE creature_template SET SpeedWalk = 4/2.5, SpeedRun = 12/7 WHERE entry = 20047;
UPDATE creature_model_info SET bounding_radius = 0.57449996, combat_reach = 2.25 WHERE modelid IN (19499, 19500);
UPDATE creature_template SET SpeedWalk = 4/2.5, SpeedRun = 12/7 WHERE entry = 20048;
UPDATE creature_model_info SET bounding_radius = 0.68939996, combat_reach = 2.6999998 WHERE modelid IN (19505, 19506);
UPDATE creature_template SET SpeedWalk = 4/2.5, SpeedRun = 12/7 WHERE entry = 20049;
UPDATE creature_model_info SET bounding_radius = 0.68939996, combat_reach = 2.6999998 WHERE modelid IN (19503, 19504);
UPDATE creature_template SET SpeedWalk = 4/2.5, SpeedRun = 12/7 WHERE entry = 20050;
UPDATE creature_model_info SET bounding_radius = 0.766, combat_reach = 3 WHERE modelid IN (19507, 19508);
UPDATE creature_template SET SpeedWalk = 2.36110997200012207/2.5, SpeedRun = 10/7 WHERE entry = 20052;
UPDATE creature_model_info SET bounding_radius = 0.75, combat_reach = 1.5 WHERE modelid = 19254;

UPDATE `questgiver_greeting` SET `Text` = 'Greetings, $n.' WHERE `Entry` =4201 AND `Type` =0;
UPDATE `questgiver_greeting` SET `Text` = 'Greetings, $n.' WHERE `Entry` =7877 AND `Type` =0;
INSERT INTO `questgiver_greeting` (`Entry`, `Type`, `Text`, `EmoteId`, `EmoteDelay`) VALUES (17433, 0, ' Greetings, $n.', 0, 0);

REPLACE INTO `creature` (`guid`, `id`, `map`, `spawnMask`, `phaseMask`, `position_x`, `position_y`, `position_z`, `orientation`, `spawntimesecsmin`, `spawntimesecsmax`, `spawndist`, `MovementType`) VALUES
(53231, 6129, 1, 1, 1, '2472.88989257812500000000', '-5280.81982421875000000000', '124.68599700927734000000', '2.39109992980957030000', 600, 600, 0, 0),
(53230, 6129, 1, 1, 1, '2502.58007812500000000000', '-5426.75976562500000000000', '133.15400695800780000000', '0.82679498195648190000', 600, 600, 5, 1),
(53232, 6129, 1, 1, 1, '2570.62988281250000000000', '-5480.27001953125000000000', '122.17299652099610000000', '1.64926004409790040000', 600, 600, 0, 0),
(53558, 6129, 1, 1, 1, '2756.67993164062500000000', '-5395.00976562500000000000', '116.27700042724610000000', '1.50213003158569340000', 600, 600, 0, 0),
(52812, 6129, 1, 1, 1, '2809.28002929687500000000', '-5441.52001953125000000000', '98.77829742431640000000', '0.01431099977344274500', 600, 600, 5, 1);

REPLACE INTO `creature` (`guid`, `id`, `map`, `spawnMask`, `phaseMask`, `position_x`, `position_y`, `position_z`, `orientation`, `spawntimesecsmin`, `spawntimesecsmax`, `spawndist`, `MovementType`) VALUES
(52656, 1048, 0, 1, 1, '-3913.05004882812500000000', '-4014.33007812500000000000', '167.19500732421875000000', '0.86983299255371090000', 600, 600, 10, 1),
(52657, 1048, 0, 1, 1, '-3563.04003906250000000000', '-3990.05004882812500000000', '108.92199707031250000000', '3.42683005332946780000', 600, 600, 0, 0),
(52655, 1048, 0, 1, 1, '-3611.20996093750000000000', '-3955.03002929687500000000', '109.97699737548828000000', '4.34545993804931600000', 600, 600, 0, 0),
(52658, 1048, 0, 1, 1, '-3843.86010742187500000000', '-4014.65991210937500000000', '159.22599792480470000000', '0.48371699452400210000', 600, 600, 5, 1),
(52810, 1048, 0, 1, 1, '-3595.12988281250000000000', '-3984.95996093750000000000', '108.99199676513672000000', '0.18292400240898132000', 600, 600, 5, 1),
(52808, 1048, 0, 1, 1, '-3919.92993164062500000000', '-4085.11010742187500000000', '172.07000732421875000000', '2.91741991043090800000', 600, 600, 10, 1),
(52807, 1048, 0, 1, 1, '-3882.30004882812500000000', '-4050.13989257812500000000', '164.13499450683594000000', '6.17650985717773400000', 600, 600, 10, 1);

DELETE FROM creature_addon WHERE guid IN(SELECT guid FROM creature WHERE id IN (628,744,745,746));
DELETE FROM creature_movement WHERE id IN(SELECT guid FROM creature WHERE id IN (628,744,745,746));
DELETE FROM game_event_creature WHERE guid IN(SELECT guid FROM creature WHERE id IN (628,744,745,746));
DELETE FROM game_event_creature_data WHERE guid IN(SELECT guid FROM creature WHERE id IN (628,744,745,746));
DELETE FROM creature_battleground WHERE guid IN(SELECT guid FROM creature WHERE id IN (628,744,745,746));
DELETE FROM creature_linking WHERE guid IN(SELECT guid FROM creature WHERE id IN (628,744,745,746));
DELETE FROM creature WHERE id IN (628,744,745,746);
INSERT INTO `creature` (`guid`, `id`, `map`, `spawnMask`, `position_x`, `position_y`, `position_z`, `orientation`, `spawntimesecsmin`, `spawntimesecsmax`, `spawndist`, `MovementType`) VALUES
(2183, 628, 0, 1, '-10775.70019531250000000000', '-768.61297607421880000000', '43.13909912109375000000', '5.03353977203369100000', 300, 300, 10, 1),
(2197, 628, 0, 1, '-10756.90039062500000000000', '-779.05902099609380000000', '42.91059875488281000000', '3.30835008621215800000', 300, 300, 10, 1),
(2238, 628, 0, 1, '-10316.00000000000000000000', '-1012.53997802734380000000', '45.46569824218750000000', '0.73479998111724850000', 300, 300, 10, 1),
(2248, 628, 0, 1, '-10288.90039062500000000000', '-984.75402832031250000000', '49.36249923706055000000', '1.42586004734039300000', 300, 300, 10, 1),
(2312, 628, 0, 1, '-10178.29980468750000000000', '-898.20800781250000000000', '36.60279846191406000000', '5.21741008758544900000', 300, 300, 10, 1),
(2331, 628, 0, 1, '-10853.50000000000000000000', '-590.73297119140620000000', '36.95869827270508000000', '4.35315990447998050000', 300, 300, 5, 1),
(2367, 628, 0, 1, '-10217.00000000000000000000', '-887.59002685546880000000', '38.00880050659180000000', '1.55127000808715820000', 300, 300, 10, 1),
(2435, 628, 0, 1, '-10233.79980468750000000000', '-951.25299072265620000000', '38.12099838256836000000', '6.25780010223388700000', 300, 300, 10, 1),
(3087, 628, 0, 1, '-10354.09960937500000000000', '-1056.07995605468750000000', '50.43470001220703000000', '4.31340980529785200000', 300, 300, 5, 1),
(3283, 628, 0, 1, '-10824.50000000000000000000', '-477.64199829101560000000', '42.60430145263672000000', '0.09233999997377396000', 300, 300, 5, 1);
INSERT INTO `creature` (`guid`, `id`, `map`, `spawnMask`, `phaseMask`, `position_x`, `position_y`, `position_z`, `orientation`, `spawntimesecsmin`, `spawntimesecsmax`, `spawndist`, `MovementType`) VALUES
(2515, 744, 0, 1, 1, '-10672.90039062500000000000', '-3979.62011718750000000000', '22.27569961547851600000', '2.86865997314453120000', 300, 300, 5, 1),
(2653, 744, 0, 1, 1, '-10701.29980468750000000000', '-4001.62988281250000000000', '24.04560089111328000000', '0.45315799117088320000', 300, 300, 5, 1),
(3084, 744, 0, 1, 1, '-10222.29980468750000000000', '-3612.62011718750000000000', '23.67589950561523400000', '1.42941999435424800000', 300, 300, 5, 1),
(3267, 744, 0, 1, 1, '-10263.50000000000000000000', '-3702.66992187500000000000', '23.74909973144531200000', '0.91116601228713990000', 300, 300, 10, 1),
(3269, 744, 0, 1, 1, '-10220.59960937500000000000', '-3683.91992187500000000000', '21.89069938659668000000', '2.79204010963439940000', 300, 300, 10, 1),
(3287, 744, 0, 1, 1, '-10193.59960937500000000000', '-3640.94995117187500000000', '21.62409973144531200000', '2.98575997352600100000', 300, 300, 5, 1),
(3299, 744, 0, 1, 1, '-10258.79980468750000000000', '-3649.61010742187500000000', '22.77680015563965000000', '0.13097800314426422000', 300, 300, 5, 1),
(3398, 744, 0, 1, 1, '-10282.40039062500000000000', '-3615.47998046875000000000', '22.87120056152343800000', '3.35018992424011230000', 300, 300, 10, 1),
(3403, 744, 0, 1, 1, '-10519.40039062500000000000', '-4051.83007812500000000000', '23.19790077209472700000', '3.03115010261535640000', 300, 300, 5, 1);
INSERT INTO `creature` (`guid`, `id`, `map`, `spawnMask`, `phaseMask`, `position_x`, `position_y`, `position_z`, `orientation`, `spawntimesecsmin`, `spawntimesecsmax`, `spawndist`, `MovementType`) VALUES
(2393, 745, 0, 1, 1, '-10663.79980468750000000000', '-4011.41992187500000000000', '22.10149955749511700000', '4.87706995010376000000', 300, 300, 5, 1),
(2538, 745, 0, 1, 1, '-10619.29980468750000000000', '-3990.60009765625000000000', '22.11260032653808600000', '5.48121023178100600000', 300, 300, 5, 1),
(2652, 745, 0, 1, 1, '-10337.40039062500000000000', '-3979.19995117187500000000', '17.40169906616211000000', '3.45280003547668460000', 300, 300, 10, 1),
(2723, 745, 0, 1, 1, '-10645.29980468750000000000', '-3956.20996093750000000000', '23.38389968872070300000', '5.54162979125976600000', 300, 300, 5, 1),
(2852, 745, 0, 1, 1, '-10302.09960937500000000000', '-3646.92993164062500000000', '23.99460029602050800000', '1.05818998813629150000', 300, 300, 10, 1),
(2883, 745, 0, 1, 1, '-10245.70019531250000000000', '-3587.08007812500000000000', '22.12719917297363300000', '0.97844499349594120000', 300, 300, 10, 1),
(3009, 745, 0, 1, 1, '-10249.40039062500000000000', '-3950.69995117187500000000', '22.29269981384277300000', '0.46539300680160520000', 300, 300, 10, 1),
(3074, 745, 0, 1, 1, '-10214.70019531250000000000', '-3909.62011718750000000000', '23.14130020141601600000', '3.71203994750976560000', 300, 300, 5, 1),
(3118, 745, 0, 1, 1, '-10268.59960937500000000000', '-4079.64990234375000000000', '22.56060028076172000000', '2.86865997314453120000', 300, 300, 5, 1),
(3135, 745, 0, 1, 1, '-10247.40039062500000000000', '-4106.50000000000000000000', '22.52750015258789000000', '4.03642988204956050000', 300, 300, 5, 1),
(3140, 745, 0, 1, 1, '-10314.00000000000000000000', '-4235.93017578125000000000', '23.37409973144531200000', '1.07875001430511470000', 300, 300, 5, 1),
(3201, 745, 0, 1, 1, '-10413.40039062500000000000', '-4086.94995117187500000000', '23.40200042724609400000', '6.04863023757934600000', 300, 300, 5, 1),
(3286, 745, 0, 1, 1, '-10414.29980468750000000000', '-4148.39990234375000000000', '22.03569984436035000000', '0.09760600328445435000', 300, 300, 5, 1);
INSERT INTO `creature` (`guid`, `id`, `map`, `spawnMask`, `phaseMask`, `position_x`, `position_y`, `position_z`, `orientation`, `spawntimesecsmin`, `spawntimesecsmax`, `spawndist`, `MovementType`) VALUES
(9860, 746, 0, 1, 1, '-10321.90039062500000000000', '-4196.70019531250000000000', '22.88960075378418000000', '1.38413000106811520000', 300, 300, 5, 1),
(9885, 746, 0, 1, 1, '-10316.00000000000000000000', '-4061.42993164062500000000', '22.01530075073242200000', '6.10832977294921900000', 300, 300, 5, 1),
(9930, 746, 0, 1, 1, '-10294.40039062500000000000', '-4218.54980468750000000000', '23.83259963989257800000', '1.94441998004913330000', 300, 300, 5, 1),
(9964, 746, 0, 1, 1, '-10352.29980468750000000000', '-4217.22021484375000000000', '23.27809906005859400000', '1.78910005092620850000', 300, 300, 5, 1),
(10029, 746, 0, 1, 1, '-10382.20019531250000000000', '-4181.81005859375000000000', '23.99740028381347700000', '1.60064995288848880000', 300, 300, 5, 1),
(10060, 746, 0, 1, 1, '-10461.20019531250000000000', '-4022.35009765625000000000', '21.99909973144531200000', '0.68549698591232300000', 300, 300, 5, 1);

UPDATE `creature_template` SET `PickpocketLootId` = '0' WHERE `Entry` IN (412,22304,30793);
DELETE FROM `pickpocketing_loot_template` WHERE `entry` IN (412,22304);

UPDATE `creature_template` SET `Faction` = '93' WHERE `Entry` =412;

UPDATE `creature_template` SET `CharmedSpellList`='1939905', `MechanicImmuneMask` = `MechanicImmuneMask`&~1 WHERE `entry`='19399';
UPDATE `creature_template` SET `CharmedSpellList`='2123305', `MechanicImmuneMask` = `MechanicImmuneMask`&~1 WHERE `entry`='21233';
UPDATE `creature_template` SET `CharmedSpellList`='1697505', `MechanicImmuneMask` = `MechanicImmuneMask`&~1 WHERE `entry`='16975';
UPDATE `creature_template` SET `CharmedSpellList`='1697405', `MechanicImmuneMask` = `MechanicImmuneMask`&~1 WHERE `entry`='16974';
UPDATE `creature_template` SET `CharmedSpellList`='1897405', `MechanicImmuneMask` = `MechanicImmuneMask`&~1 WHERE `entry`='18974';
UPDATE `creature_template` SET `CharmedSpellList`='1705805', `MechanicImmuneMask` = `MechanicImmuneMask`&~1 WHERE `entry`='17058';
UPDATE `creature_template` SET `CharmedSpellList`='1919205', `MechanicImmuneMask` = `MechanicImmuneMask`&~1 WHERE `entry`='19192';
UPDATE `creature_template` SET `CharmedSpellList`='1695105', `MechanicImmuneMask` = `MechanicImmuneMask`&~1 WHERE `entry`='16951';
UPDATE `creature_template` SET `CharmedSpellList`='1897605', `MechanicImmuneMask` = `MechanicImmuneMask`&~1 WHERE `entry`='18976';
UPDATE `creature_template` SET `CharmedSpellList`='1940805', `MechanicImmuneMask` = `MechanicImmuneMask`&~1 WHERE `entry`='19408';
UPDATE `creature_template` SET `CharmedSpellList`='1882705', `MechanicImmuneMask` = `MechanicImmuneMask`&~1 WHERE `entry`='18827';
UPDATE `creature_template` SET `CharmedSpellList`='1929805', `MechanicImmuneMask` = `MechanicImmuneMask`&~1 WHERE `entry`='19298';
UPDATE `creature_template` SET `CharmedSpellList`='1695405', `MechanicImmuneMask` = `MechanicImmuneMask`&~1 WHERE `entry`='16954';
UPDATE `creature_template` SET `CharmedSpellList`='1694605', `MechanicImmuneMask` = `MechanicImmuneMask`&~1 WHERE `entry`='16946';
UPDATE `creature_template` SET `CharmedSpellList`='2079805', `MechanicImmuneMask` = `MechanicImmuneMask`&~1 WHERE `entry`='20798';
UPDATE `creature_template` SET `CharmedSpellList`='1696005', `MechanicImmuneMask` = `MechanicImmuneMask`&~1 WHERE `entry`='16960';
UPDATE `creature_template` SET `CharmedSpellList`='1694705', `MechanicImmuneMask` = `MechanicImmuneMask`&~1 WHERE `entry`='16947';
UPDATE `creature_template` SET `CharmedSpellList`='1943405', `MechanicImmuneMask` = `MechanicImmuneMask`&~1 WHERE `entry`='19434';
UPDATE `creature_template` SET `CharmedSpellList`='1913605', `MechanicImmuneMask` = `MechanicImmuneMask`&~1 WHERE `entry`='19136';
UPDATE `creature_template` SET `CharmedSpellList`='1926105', `MechanicImmuneMask` = `MechanicImmuneMask`&~1 WHERE `entry`='19261';
UPDATE `creature_template` SET `CharmedSpellList`='1701405', `MechanicImmuneMask` = `MechanicImmuneMask`&~1 WHERE `entry`='17014';
UPDATE `creature_template` SET `CharmedSpellList`='1952705', `MechanicImmuneMask` = `MechanicImmuneMask`&~1 WHERE `entry`='19527';
UPDATE `creature_template` SET `CharmedSpellList`='1695005', `MechanicImmuneMask` = `MechanicImmuneMask`&~1 WHERE `entry`='16950';
UPDATE `creature_template` SET `CharmedSpellList`='1919005', `MechanicImmuneMask` = `MechanicImmuneMask`&~1 WHERE `entry`='19190';
UPDATE `creature_template` SET `CharmedSpellList`='1898105', `MechanicImmuneMask` = `MechanicImmuneMask`&~1 WHERE `entry`='18981';
UPDATE `creature_template` SET `CharmedSpellList`='1897505', `MechanicImmuneMask` = `MechanicImmuneMask`&~1 WHERE `entry`='18975';
UPDATE `creature_template` SET `CharmedSpellList`='1897705', `MechanicImmuneMask` = `MechanicImmuneMask`&~1 WHERE `entry`='18977';
UPDATE `creature_template` SET `CharmedSpellList`='1933505', `MechanicImmuneMask` = `MechanicImmuneMask`&~1 WHERE `entry`='19335';
UPDATE `creature_template` SET `CharmedSpellList`='1695905', `MechanicImmuneMask` = `MechanicImmuneMask`&~1 WHERE `entry`='16959';
UPDATE `creature_template` SET `CharmedSpellList`='1929905', `MechanicImmuneMask` = `MechanicImmuneMask`&~1 WHERE `entry`='19299';
UPDATE `creature_template` SET `CharmedSpellList`='1856705', `MechanicImmuneMask` = `MechanicImmuneMask`&~1 WHERE `entry`='18567';
UPDATE `creature_template` SET `CharmedSpellList`='1715105', `MechanicImmuneMask` = `MechanicImmuneMask`&~1 WHERE `entry`='17151';
UPDATE `creature_template` SET `CharmedSpellList`='1694505', `MechanicImmuneMask` = `MechanicImmuneMask`&~1 WHERE `entry`='16945';
UPDATE `creature_template` SET `CharmedSpellList`='1715205', `MechanicImmuneMask` = `MechanicImmuneMask`&~1 WHERE `entry`='17152';
UPDATE `creature_template` SET `CharmedSpellList`='1866005', `MechanicImmuneMask` = `MechanicImmuneMask`&~1 WHERE `entry`='18660';
UPDATE `creature_template` SET `CharmedSpellList`='1866105', `MechanicImmuneMask` = `MechanicImmuneMask`&~1 WHERE `entry`='18661';
UPDATE `creature_template` SET `CharmedSpellList`='1798105', `MechanicImmuneMask` = `MechanicImmuneMask`&~1 WHERE `entry`='17981';
UPDATE `creature_template` SET `CharmedSpellList`='1997905', `MechanicImmuneMask` = `MechanicImmuneMask`&~1 WHERE `entry`='19979';
UPDATE `creature_template` SET `CharmedSpellList`='1997805', `MechanicImmuneMask` = `MechanicImmuneMask`&~1 WHERE `entry`='19978';
UPDATE `creature_template` SET `CharmedSpellList`='1998005', `MechanicImmuneMask` = `MechanicImmuneMask`&~1 WHERE `entry`='19980';
UPDATE `creature_template` SET `CharmedSpellList`='2151605', `MechanicImmuneMask` = `MechanicImmuneMask`&~1 WHERE `entry`='21516';
UPDATE `creature_template` SET `CharmedSpellList`='2151905', `MechanicImmuneMask` = `MechanicImmuneMask`&~1 WHERE `entry`='21519';
UPDATE `creature_template` SET `CharmedSpellList`='1996305', `MechanicImmuneMask` = `MechanicImmuneMask`&~1 WHERE `entry`='19963';
UPDATE `creature_template` SET `CharmedSpellList`='1996005', `MechanicImmuneMask` = `MechanicImmuneMask`&~1 WHERE `entry`='19960';
UPDATE `creature_template` SET `CharmedSpellList`='1996105', `MechanicImmuneMask` = `MechanicImmuneMask`&~1 WHERE `entry`='19961';
UPDATE `creature_template` SET `CharmedSpellList`='1695205', `MechanicImmuneMask` = `MechanicImmuneMask`&~1 WHERE `entry`='16952';
UPDATE `creature_template` SET `CharmedSpellList`='2102105', `MechanicImmuneMask` = `MechanicImmuneMask`&~1 WHERE `entry`='21021';
UPDATE `creature_template` SET `CharmedSpellList`='2219505', `MechanicImmuneMask` = `MechanicImmuneMask`&~1 WHERE `entry`='22195';
UPDATE `creature_template` SET `CharmedSpellList`='2229105', `MechanicImmuneMask` = `MechanicImmuneMask`&~1 WHERE `entry`='22291';
UPDATE `creature_template` SET `CharmedSpellList`='2055705', `MechanicImmuneMask` = `MechanicImmuneMask`&~1 WHERE `entry`='20557';
UPDATE `creature_template` SET `CharmedSpellList`='2338605', `MechanicImmuneMask` = `MechanicImmuneMask`&~1 WHERE `entry`='23386';
UPDATE `creature_template` SET `CharmedSpellList`='1997305', `MechanicImmuneMask` = `MechanicImmuneMask`&~1 WHERE `entry`='19973';
UPDATE `creature_template` SET `CharmedSpellList`='2220405', `MechanicImmuneMask` = `MechanicImmuneMask`&~1 WHERE `entry`='22204';
UPDATE `creature_template_addon` SET `auras` = NULL WHERE `entry` = 22204;
UPDATE `creature_template` SET `CharmedSpellList`='1886905', `MechanicImmuneMask` = `MechanicImmuneMask`&~1 WHERE `entry`='18869';
UPDATE `creature_template` SET `CharmedSpellList`='1887005', `MechanicImmuneMask` = `MechanicImmuneMask`&~1 WHERE `entry`='18870';
UPDATE `creature_template` SET `CharmedSpellList`='2039405', `MechanicImmuneMask` = `MechanicImmuneMask`&~1 WHERE `entry`='20394';
UPDATE `creature_template` SET `CharmedSpellList`='2014105', `MechanicImmuneMask` = `MechanicImmuneMask`&~1 WHERE `entry`='20141';
UPDATE `creature_template` SET `CharmedSpellList`='1885905', `MechanicImmuneMask` = `MechanicImmuneMask`&~1 WHERE `entry`='18859';
UPDATE `creature_template` SET `CharmedSpellList`='2092805', `MechanicImmuneMask` = `MechanicImmuneMask`&~1 WHERE `entry`='20928';
UPDATE `creature_template` SET `CharmedSpellList`='2080105', `MechanicImmuneMask` = `MechanicImmuneMask`&~1 WHERE `entry`='20801';
UPDATE `creature_template` SET `CharmedSpellList`='1885805', `MechanicImmuneMask` = `MechanicImmuneMask`&~1 WHERE `entry`='18858';
UPDATE `creature_template` SET `CharmedSpellList`='1694305', `MechanicImmuneMask` = `MechanicImmuneMask`&~1 WHERE `entry`='16943';
UPDATE `creature_template` SET `CharmedSpellList`='2080005', `MechanicImmuneMask` = `MechanicImmuneMask`&~1 WHERE `entry`='20800';
UPDATE `creature_template` SET `CharmedSpellList`='1694905', `MechanicImmuneMask` = `MechanicImmuneMask`&~1 WHERE `entry`='16949';
UPDATE `creature_template` SET `CharmedSpellList`='2192305', `MechanicImmuneMask` = `MechanicImmuneMask`&~1 WHERE `entry`='21923';
UPDATE `creature_template` SET `CharmedSpellList`='2093005', `MechanicImmuneMask` = `MechanicImmuneMask`&~1 WHERE `entry`='20930';
UPDATE `creature_template` SET `CharmedSpellList`='2092905', `MechanicImmuneMask` = `MechanicImmuneMask`&~1 WHERE `entry`='20929';
UPDATE `creature_template` SET `CharmedSpellList`='2068505', `MechanicImmuneMask` = `MechanicImmuneMask`&~1 WHERE `entry`='20685';
UPDATE `creature_template` SET `CharmedSpellList`='2080305', `MechanicImmuneMask` = `MechanicImmuneMask`&~1 WHERE `entry`='20803';
UPDATE `creature_template` SET `CharmedSpellList`='2032605', `MechanicImmuneMask` = `MechanicImmuneMask`&~1 WHERE `entry`='20326';
UPDATE `creature_template` SET `CharmedSpellList`='2028505', `MechanicImmuneMask` = `MechanicImmuneMask`&~1 WHERE `entry`='20285';
UPDATE `creature_template` SET `CharmedSpellList`='1886005', `MechanicImmuneMask` = `MechanicImmuneMask`&~1 WHERE `entry`='18860';
UPDATE `creature_template` SET `CharmedSpellList`='1973805', `MechanicImmuneMask` = `MechanicImmuneMask`&~1 WHERE `entry`='19738';
UPDATE `creature_template` SET `CharmedSpellList`='1694405', `MechanicImmuneMask` = `MechanicImmuneMask`&~1 WHERE `entry`='16944';
UPDATE `creature_template` SET `CharmedSpellList`='1694805', `MechanicImmuneMask` = `MechanicImmuneMask`&~1 WHERE `entry`='16948';
UPDATE `creature_template` SET `CharmedSpellList`='2040305', `MechanicImmuneMask` = `MechanicImmuneMask`&~1 WHERE `entry`='20403';
UPDATE `creature_template` SET `CharmedSpellList`='2040205', `MechanicImmuneMask` = `MechanicImmuneMask`&~1 WHERE `entry`='20402';
UPDATE `creature_template` SET `CharmedSpellList`='2039905', `MechanicImmuneMask` = `MechanicImmuneMask`&~1 WHERE `entry`='20399';
UPDATE `creature_template` SET `CharmedSpellList`='2040405', `MechanicImmuneMask` = `MechanicImmuneMask`&~1 WHERE `entry`='20404';
UPDATE `creature_template` SET `CharmedSpellList`='2021505', `MechanicImmuneMask` = `MechanicImmuneMask`&~1 WHERE `entry`='20215';
UPDATE `creature_template` SET `CharmedSpellList`='1985305', `MechanicImmuneMask` = `MechanicImmuneMask`&~1 WHERE `entry`='19853';
UPDATE `creature_template` SET `CharmedSpellList`='1985205', `MechanicImmuneMask` = `MechanicImmuneMask`&~1 WHERE `entry`='19852';
UPDATE `creature_template` SET `CharmedSpellList`='2196105', `MechanicImmuneMask` = `MechanicImmuneMask`&~1 WHERE `entry`='21961';
UPDATE `creature_template` SET `CharmedSpellList`='2196005', `MechanicImmuneMask` = `MechanicImmuneMask`&~1 WHERE `entry`='21960';
UPDATE `creature_template` SET `CharmedSpellList`='2182705', `MechanicImmuneMask` = `MechanicImmuneMask`&~1 WHERE `entry`='21827';
UPDATE `creature_template` SET `CharmedSpellList`='1974405', `MechanicImmuneMask` = `MechanicImmuneMask`&~1 WHERE `entry`='19744';
UPDATE `creature_template` SET `CharmedSpellList`='2152005', `MechanicImmuneMask` = `MechanicImmuneMask`&~1 WHERE `entry`='21520';
UPDATE `creature_template` SET `CharmedSpellList`='1980105', `MechanicImmuneMask` = `MechanicImmuneMask`&~1 WHERE `entry`='19801';
UPDATE `creature_template` SET `CharmedSpellList`='2180805', `MechanicImmuneMask` = `MechanicImmuneMask`&~1 WHERE `entry`='21808';
UPDATE `creature_template` SET `CharmedSpellList`='2285805', `MechanicImmuneMask` = `MechanicImmuneMask`&~1 WHERE `entry`='22858';
UPDATE `creature_template` SET `CharmedSpellList`='2285705', `MechanicImmuneMask` = `MechanicImmuneMask`&~1 WHERE `entry`='22857';
UPDATE `creature_template` SET `CharmedSpellList`='2285905', `MechanicImmuneMask` = `MechanicImmuneMask`&~1 WHERE `entry`='22859';
UPDATE `creature_template` SET `CharmedSpellList`='2130905', `MechanicImmuneMask` = `MechanicImmuneMask`&~1 WHERE `entry`='21309';
UPDATE `creature_template` SET `CharmedSpellList`='1979905', `MechanicImmuneMask` = `MechanicImmuneMask`&~1 WHERE `entry`='19799';
UPDATE `creature_template` SET `CharmedSpellList`='1980005', `MechanicImmuneMask` = `MechanicImmuneMask`&~1 WHERE `entry`='19800';
UPDATE `creature_template` SET `CharmedSpellList`='2165605', `MechanicImmuneMask` = `MechanicImmuneMask`&~1 WHERE `entry`='21656';
UPDATE `creature_template` SET `CharmedSpellList`='2133705', `MechanicImmuneMask` = `MechanicImmuneMask`&~1 WHERE `entry`='21337';
UPDATE `creature_template` SET `CharmedSpellList`='1980205', `MechanicImmuneMask` = `MechanicImmuneMask`&~1 WHERE `entry`='19802';
UPDATE `creature_template` SET `CharmedSpellList`='2141905', `MechanicImmuneMask` = `MechanicImmuneMask`&~1 WHERE `entry`='21419';
UPDATE `creature_template` SET `CharmedSpellList`='2068305', `MechanicImmuneMask` = `MechanicImmuneMask`&~1 WHERE `entry`='20683';
UPDATE `creature_template` SET `CharmedSpellList`='2149905', `MechanicImmuneMask` = `MechanicImmuneMask`&~1 WHERE `entry`='21499';
UPDATE `creature_template` SET `CharmedSpellList`='2131405', `MechanicImmuneMask` = `MechanicImmuneMask`&~1 WHERE `entry`='21314';
UPDATE `creature_template` SET `CharmedSpellList`='1975505', `MechanicImmuneMask` = `MechanicImmuneMask`&~1 WHERE `entry`='19755';
UPDATE `creature_template` SET `CharmedSpellList`='1974005', `MechanicImmuneMask` = `MechanicImmuneMask`&~1 WHERE `entry`='19740';
DELETE FROM creature_template_spells WHERE `entry` IN (19399,21233,16975,16974,18974,17058,19192,16951,18976,19408,18827,19298,16954,16946,20798,16960,16947,19434,19136,19261,
17014,19527,16950,19190,18981,18975,18977,19335,16959,19299,18567,17151,16945,17152,18660,18661,17981,19979,19978,19980,21516,21519,19963,19960,19961,16952,21021,22195,22291,
20557,23386,19973,22204,18869,18870,20394,20141,18859,20928,20801,18858,16943,20800,16949,21923,20930,20929,20685,20803,20326,20285,18860,19738,16944,16948,20403,20402,20399,
20404,20215,19853,19852,21961,21960,21827,19744,21520,19801,21808,22858,22857,22859,21309,19799,19800,21656,21337,19802,21419,20683,21499,21314,19755,19740);
DELETE FROM creature_cooldowns WHERE `entry` IN (19399,21233,16975,16974,18974,17058,19192,16951,18976,19408,18827,19298,16954,16946,20798,16960,16947,19434,19136,19261,
17014,19527,16950,19190,18981,18975,18977,19335,16959,19299,18567,17151,16945,17152,18660,18661,17981,19979,19978,19980,21516,21519,19963,19960,19961,16952,21021,22195,22291,
20557,23386,19973,22204,18869,18870,20394,20141,18859,20928,20801,18858,16943,20800,16949,21923,20930,20929,20685,20803,20326,20285,18860,19738,16944,16948,20403,20402,20399,
20404,20215,19853,19852,21961,21960,21827,19744,21520,19801,21808,22858,22857,22859,21309,19799,19800,21656,21337,19802,21419,20683,21499,21314,19755,19740);
DELETE FROM `creature_spell_list_entry` WHERE `Id` IN (1939905,2123305,1697505,1697405,1897405,1705805,1919205,1695105,1897605,1940805,1882705,1929805,1695405,1694605,2079805,1696005,
1694705,1943405,1913605,1926105,1701405,1952705,1695005,1919005,1898105,1897505,1897705,1933505,1695905,1929905,1856705,1715105,1694505,1715205,1866005,1866105,1798105,1997905,1997805,
1998005,2151605,2151905,1996305,1996005,1996105,1695205,2102105,2219505,2229105,2055705,2338605,1997305,2220405,1886905,1887005,2039405,2014105,1885905,2092805,2080105,1885805,1694305,
2080005,1694905,2192305,2093005,2092905,2068505,2080305,2032605,2028505,1886005,1973805,1694405,1694805,2040305,2040205,2039905,2040405,2021505,1985305,1985205,2196105,2196005,2182705,
1974405,2152005,1980105,2180805,2285805,2285705,2285905,2130905,1979905,1980005,2165605,2133705,1980205,2141905,2068305,2149905,2131405,1975505,1974005);
DELETE FROM `creature_spell_list` WHERE `Id` IN (1939905,2123305,1697505,1697405,1897405,1705805,1919205,1695105,1897605,1940805,1882705,1929805,1695405,1694605,2079805,1696005,
1694705,1943405,1913605,1926105,1701405,1952705,1695005,1919005,1898105,1897505,1897705,1933505,1695905,1929905,1856705,1715105,1694505,1715205,1866005,1866105,1798105,1997905,1997805,
1998005,2151605,2151905,1996305,1996005,1996105,1695205,2102105,2219505,2229105,2055705,2338605,1997305,2220405,1886905,1887005,2039405,2014105,1885905,2092805,2080105,1885805,1694305,
2080005,1694905,2192305,2093005,2092905,2068505,2080305,2032605,2028505,1886005,1973805,1694405,1694805,2040305,2040205,2039905,2040405,2021505,1985305,1985205,2196105,2196005,2182705,
1974405,2152005,1980105,2180805,2285805,2285705,2285905,2130905,1979905,1980005,2165605,2133705,1980205,2141905,2068305,2149905,2131405,1975505,1974005);
INSERT INTO `creature_spell_list_entry` (`Id`, `Name`, `ChanceSupportAction`, `ChanceRangedAttack`) VALUES
(1939905, 'TBC - Fel Cannon', 0, 0),
(2123305, 'TBC - Legion Fel Cannon', 0, 0),
(1697505, 'TBC - Uncontrolled Voidwalker', 0, 0),
(1697405, 'TBC - Rogue Voidwalker', 0, 0),
(1897405, 'TBC - Z''kral', 0, 0),
(1705805, 'TBC - Illidari Taskmaster', 0, 0),
(1919205, 'TBC - Mistress of Doom', 0, 0),
(1695105, 'TBC - Terrorfiend', 0, 0),
(1897605, 'TBC - Urga''zz', 0, 0),
(1940805, 'TBC - Maiden of Pain', 0, 0),
(1882705, 'TBC - Gan''arg Sapper', 0, 0),
(1929805, 'TBC - Warbringer Arix''Amal', 0, 0),
(1695405, 'TBC - Forge Camp Legionnaire', 0, 0),
(1694605, 'TBC - Mo''arg Forgefiend', 0, 0),
(2079805, 'TBC - Razorsaw', 0, 0),
(1696005, 'TBC - Sister of Grief', 0, 0),
(1694705, 'TBC - Gan''arg Servant', 0, 0),
(1943405, 'TBC - Dreadcaller', 0, 0),
(1913605, 'TBC - Flamewaker Imp', 0, 0),
(1926105, 'TBC - Infernal Warbringer', 0, 0),
(1701405, 'TBC - Collapsing Voidwalker', 0, 0),
(1952705, 'TBC - Vacillating Voidcaller', 0, 0),
(1695005, 'TBC - Netherhound', 0, 0),
(1919005, 'TBC - Fel Handler', 0, 0),
(1898105, 'TBC - Doomwhisperer', 0, 0),
(1897505, 'TBC - Wrathguard', 0, 0),
(1897705, 'TBC - Felguard Destroyer', 0, 0),
(1933505, 'TBC - Subjugator Yalqiz', 0, 0),
(1695905, 'TBC - Dread Tactician', 0, 0),
(1929905, 'TBC - Deathwhisperer', 0, 0),
(1856705, 'TBC - Mo''arg Master Planner', 0, 0),
(1715105, 'TBC - Gan''arg Tinkerer', 0, 0),
(1694505, 'TBC - Mo''arg Engineer', 0, 0),
(1715205, 'TBC - Felguard Legionnaire', 0, 0),
(1866005, 'TBC - Subjugator Vaz''shir', 0, 0),
(1866105, 'TBC - Terrorguard', 0, 0),
(1798105, 'TBC - Voidspawn', 0, 0),
(1997905, 'TBC - Deathforge Technician', 0, 0),
(1997805, 'TBC - Deathforge Over-Smith', 0, 0),
(1998005, 'TBC - Void Terror', 0, 0),
(2151605, 'TBC - Death''s Watch', 0, 0),
(2151905, 'TBC - Death''s Might', 0, 0),
(1996305, 'TBC - Doomcryer', 0, 0),
(1996005, 'TBC - Doomforge Engineer', 0, 0),
(1996105, 'TBC - Doomforge Attendant', 0, 0),
(1695205, 'TBC - Anger Guard', 0, 0),
(2102105, 'TBC - Scorch Imp', 0, 0),
(2219505, 'TBC - Wrath Speaker', 0, 0),
(2229105, 'TBC - Furnace Guard', 0, 0),
(2055705, 'TBC - Wrath Hound', 0, 0),
(2338605, 'TBC - Gan''arg Analyzer', 0, 0),
(1997305, 'TBC - Abyssal Flamebringer', 0, 0),
(2220405, 'TBC - Fear Fiend', 0, 0),
(1886905, 'TBC - Unstable Voidwraith', 0, 0),
(1887005, 'TBC - Voidshrieker', 0, 0),
(2039405, 'TBC - Eye of Culuthas', 0, 0),
(2014105, 'TBC - Hound of Culuthas', 0, 0),
(1885905, 'TBC - Wrath Priestess', 0, 0),
(2092805, 'TBC - Ironspine Forgelord', 0, 0),
(2080105, 'TBC - Silroth', 0, 0),
(1885805, 'TBC - Wrathbringer', 0, 0),
(1694305, 'TBC - Cyber-Rage Forgelord', 0, 0),
(2080005, 'TBC - Forgemaster Morug', 0, 0),
(1694905, 'TBC - Gan''arg Mekgineer', 0, 0),
(2192305, 'TBC - Terrorguard Protector', 0, 0),
(2093005, 'TBC - Hatecryer', 0, 0),
(2092905, 'TBC - Wrath Lord', 0, 0),
(2068505, 'TBC - Overseer Azarad', 0, 0),
(2080305, 'TBC - Overmaster Grindgarr', 0, 0),
(2032605, 'TBC - Mo''arg Warp-Master', 0, 0),
(2028505, 'TBC - Gan''arg Warp-Tinker', 0, 0),
(1886005, 'TBC - Daughter of Destiny', 0, 0),
(1973805, 'TBC - Doomclaw', 0, 0),
(1694405, 'TBC - Mo''arg Doomsmith', 0, 0),
(1694805, 'TBC - Gan''arg Engineer', 0, 0),
(2040305, 'TBC - Legion Destroyer', 0, 0),
(2040205, 'TBC - Legion Shocktrooper', 0, 0),
(2039905, 'TBC - Terror Imp', 0, 0),
(2040405, 'TBC - Warp-Gate Engineer', 0, 0),
(2021505, 'TBC - Pentatharon', 0, 0),
(1985305, 'TBC - Felblade Doomguard', 0, 0),
(1985205, 'TBC - Artifact Seeker', 0, 0),
(2196105, 'TBC - Cataclysm Overseer', 0, 0),
(2196005, 'TBC - Gan''arg Technician', 0, 0),
(2182705, 'TBC - Zandras', 0, 0),
(1974405, 'TBC - Dreadwarden', 0, 0),
(2152005, 'TBC - Illidari Jailor', 0, 0),
(1980105, 'TBC - Illidari Agonizer', 0, 0),
(2180805, 'TBC - Illidari Overseer', 0, 0),
(2285805, 'TBC - Shadowhoof Assassin', 0, 0),
(2285705, 'TBC - Illidari Ravager', 0, 0),
(2285905, 'TBC - Shadowhoof Summoner', 0, 0),
(2130905, 'TBC - Painmistress Gabrissa', 0, 0),
(1979905, 'TBC - Illidari Dreadbringer', 0, 0),
(1980005, 'TBC - Illidari Painlasher', 0, 0),
(2165605, 'TBC - Illidari Satyr', 0, 0),
(2133705, 'TBC - Illidari Shadowstalker', 0, 0),
(1980205, 'TBC - Illidari Shocktrooper', 0, 0),
(2141905, 'TBC - Infernal Attacker', 0, 0),
(2068305, 'TBC - Prophetess Cavrylin', 0, 0),
(2149905, 'TBC - Overseer Ripsaw', 0, 0),
(2131405, 'TBC - Terrormaster', 0, 0),
(1975505, 'TBC - Mo''arg Weaponsmith', 0, 0),
(1974005, 'TBC - Wrathwalker', 0, 0);
INSERT INTO `creature_spell_list` (`Id`, `Position`, `SpellId`, `Flags`, `CombatCondition`, `TargetId`, `ScriptId`, `Availability`, `Probability`, `InitialMin`, `InitialMax`, `RepeatMin`, `RepeatMax`, `Comments`) VALUES
(1939905, 3, 36238, 0, -1, 0, 0, 100, 1, 0, 0, 0, 0, 'Fel Cannon - Fel Cannon Blast'),
(1939905, 0, 2, 0, -1, 0, 0, 100, 1, 0, 0, 0, 0, 'Fel Cannon - Attack'),
(2123305, 3, 36238, 0, -1, 0, 0, 100, 1, 0, 0, 0, 0, 'Legion Fel Cannon - Fel Cannon Blast'),
(2123305, 0, 2, 0, -1, 0, 0, 100, 1, 0, 0, 0, 0, 'Legion Fel Cannon - Attack'),
(1697505, 5, 33916, 0, -1, 0, 0, 100, 1, 0, 0, 25000, 25000, 'Uncontrolled Voidwalker - Void Drain'),
(1697505, 4, 33914, 0, -1, 0, 0, 100, 1, 0, 0, 8000, 8000, 'Uncontrolled Voidwalker - Shadowstrike'),
(1697505, 0, 2, 0, -1, 0, 0, 100, 1, 0, 0, 0, 0, 'Uncontrolled Voidwalker - Attack'),
(1697405, 4, 33914, 0, -1, 0, 0, 100, 1, 0, 0, 9000, 9000, 'Rogue Voidwalker - Shadowstrike'),
(1697405, 0, 2, 0, -1, 0, 0, 100, 1, 0, 0, 0, 0, 'Rogue Voidwalker - Attack'),
(1897405, 0, 2, 0, -1, 0, 0, 100, 1, 0, 0, 0, 0, 'Z''kral - Attack'),
(1705805, 3, 16244, 0, -1, 0, 0, 100, 1, 0, 0, 0, 0, 'Illidari Taskmaster - Demoralizing Shout'),
(1705805, 0, 2, 0, -1, 0, 0, 100, 1, 0, 0, 0, 0, 'Illidari Taskmaster - Attack'),
(1919205, 3, 34017, 0, -1, 0, 0, 100, 1, 0, 0, 15000, 15000, 'Mistress of Doom - Rain of Chaos'),
(1919205, 0, 2, 0, -1, 0, 0, 100, 1, 0, 0, 0, 0, 'Mistress of Doom - Attack'),
(1695105, 4, 37488, 0, -1, 0, 0, 100, 1, 0, 0, 12000, 12000, 'Terrorfiend - Fel Flames'),
(1695105, 3, 45, 0, -1, 0, 0, 100, 1, 0, 0, 20000, 20000, 'Terrorfiend - War Stomp'),
(1695105, 0, 2, 0, -1, 0, 0, 100, 1, 0, 0, 0, 0, 'Terrorfiend - Attack'),
(1897605, 4, 32004, 0, -1, 0, 0, 100, 1, 0, 0, 9000, 9000, 'Urga''zz - Drill'),
(1897605, 3, 34095, 0, -1, 0, 0, 100, 1, 0, 0, 40000, 40000, 'Urga''zz - Throw Proximity Bomb'),
(1897605, 0, 2, 0, -1, 0, 0, 100, 1, 0, 0, 0, 0, 'Urga''zz - Attack'),
(1940805, 4, 34086, 0, -1, 0, 0, 100, 1, 0, 0, 0, 0, 'Maiden of Pain - Whipped Frenzy'),
(1940805, 3, 15968, 0, -1, 0, 0, 100, 1, 0, 0, 4114, 5970, 'Maiden of Pain - Lash of Pain'),
(1940805, 0, 2, 0, -1, 0, 0, 100, 1, 0, 0, 0, 0, 'Maiden of Pain - Attack'),
(1882705, 0, 2, 0, -1, 0, 0, 100, 1, 0, 0, 0, 0, 'Gan''arg Sapper - Attack'),
(1929805, 5, 32009, 0, -1, 0, 0, 100, 1, 0, 0, 14000, 14000, 'Warbringer Arix''Amal - Cutdown'),
(1929805, 3, 15496, 0, -1, 0, 0, 100, 1, 0, 0, 8000, 8000, 'Warbringer Arix''Amal - Cleave'),
(1929805, 0, 2, 0, -1, 0, 0, 100, 1, 0, 0, 0, 0, 'Warbringer Arix''Amal - Attack'),
(1695405, 5, 32737, 0, -1, 0, 0, 100, 1, 0, 0, 0, 0, 'Forge Camp Legionnaire - Weapon Chain'),
(1695405, 4, 15496, 0, -1, 0, 0, 100, 1, 0, 0, 12000, 12000, 'Forge Camp Legionnaire - Cleave'),
(1695405, 3, 32736, 0, -1, 0, 0, 100, 1, 0, 0, 8000, 8000, 'Forge Camp Legionnaire - Mortal Strike'),
(1695405, 0, 2, 0, -1, 0, 0, 100, 1, 0, 0, 0, 0, 'Forge Camp Legionnaire - Attack'),
(1694605, 3, 32735, 0, -1, 0, 0, 100, 1, 0, 0, 20000, 20000, 'Mo''arg Forgefiend - Saw Blade'),
(1694605, 0, 2, 0, -1, 0, 0, 100, 1, 0, 0, 0, 0, 'Mo''arg Forgefiend - Attack'),
(2079805, 3, 32735, 0, -1, 0, 0, 100, 1, 0, 0, 20000, 20000, 'Razorsaw - Saw Blade'),
(2079805, 0, 2, 0, -1, 0, 0, 100, 1, 0, 0, 0, 0, 'Razorsaw - Attack'),
(1696005, 4, 30850, 0, -1, 0, 0, 100, 1, 0, 0, 30000, 30000, 'Sister of Grief - Seduction'),
(1696005, 3, 21987, 0, -1, 0, 0, 100, 1, 0, 0, 12017, 18580, 'Sister of Grief - Lash of Pain'),
(1696005, 0, 2, 0, -1, 0, 0, 100, 1, 0, 0, 0, 0, 'Sister of Grief - Attack'),
(1694705, 0, 2, 0, -1, 0, 0, 100, 1, 0, 0, 0, 0, 'Gan''arg Servant - Attack'),
(1943405, 5, 32666, 0, -1, 0, 0, 100, 1, 0, 0, 3000, 3000, 'Dreadcaller - Shadow Bolt'),
(1943405, 4, 11443, 0, -1, 0, 0, 100, 1, 0, 0, 15000, 15000, 'Dreadcaller - Cripple'),
(1943405, 0, 2, 0, -1, 0, 0, 100, 1, 0, 0, 0, 0, 'Dreadcaller - Attack'),
(1913605, 3, 9053, 0, -1, 0, 0, 100, 1, 0, 0, 0, 0, 'Flamewaker Imp - Fireball'),
(1913605, 0, 2, 0, -1, 0, 0, 100, 1, 0, 0, 0, 0, 'Flamewaker Imp - Attack'),
(1926105, 3, 12743, 0, -1, 0, 0, 100, 1, 0, 0, 0, 0, 'Infernal Warbringer - Immolation'),
(1926105, 0, 2, 0, -1, 0, 0, 100, 1, 0, 0, 0, 0, 'Infernal Warbringer - Attack'),
(1701405, 3, 34259, 0, -1, 0, 0, 100, 1, 0, 0, 25058, 29459, 'Collapsing Voidwalker - Fear'),
(1701405, 0, 2, 0, -1, 0, 0, 100, 1, 0, 0, 0, 0, 'Collapsing Voidwalker - Attack'),
(1952705, 4, 34344, 0, -1, 0, 0, 100, 1, 0, 0, 0, 0, 'Vacillating Voidcaller - Shadow Bolt'),
(1952705, 0, 2, 0, -1, 0, 0, 100, 1, 0, 0, 0, 0, 'Vacillating Voidcaller - Attack'),
(1695005, 3, 11981, 0, -1, 0, 0, 100, 1, 0, 0, 6000, 6000, 'Netherhound - Mana Burn'),
(1695005, 0, 2, 0, -1, 0, 0, 100, 1, 0, 0, 0, 0, 'Netherhound - Attack'),
(1919005, 3, 32736, 0, -1, 0, 0, 100, 1, 0, 0, 8000, 8000, 'Fel Handler - Mortal Strike'),
(1919005, 0, 2, 0, -1, 0, 0, 100, 1, 0, 0, 0, 0, 'Fel Handler - Attack'),
(1898105, 3, 33969, 0, -1, 0, 0, 100, 1, 0, 0, 6000, 6000, 'Doomwhisperer - Draining Bolt'),
(1898105, 0, 2, 0, -1, 0, 0, 100, 1, 0, 0, 0, 0, 'Doomwhisperer - Attack'),
(1897505, 0, 2, 0, -1, 0, 0, 100, 1, 0, 0, 0, 0, 'Wrathguard - Attack'),
(1897705, 6, 33971, 0, -1, 0, 0, 100, 1, 0, 0, 30737, 59746, 'Felguard Destroyer - Sweeping Charge'),
(1897705, 0, 2, 0, -1, 0, 0, 100, 1, 0, 0, 0, 0, 'Felguard Destroyer - Attack'),
(1933505, 4, 32026, 0, -1, 0, 0, 100, 1, 0, 0, 10000, 10000, 'Subjugator Yalqiz - Pain Spike'),
(1933505, 3, 32000, 0, -1, 0, 0, 100, 1, 0, 0, 6000, 6000, 'Subjugator Yalqiz - Mind Sear'),
(1933505, 0, 2, 0, -1, 0, 0, 100, 1, 0, 0, 0, 0, 'Subjugator Yalqiz - Attack'),
(1695905, 5, 33679, 0, -1, 0, 0, 100, 1, 0, 0, 30000, 30000, 'Dread Tactician - Inferno'),
(1695905, 4, 33678, 0, -1, 0, 0, 100, 1, 0, 0, 20000, 20000, 'Dread Tactician - Carrion Swarm'),
(1695905, 3, 12098, 0, -1, 0, 0, 100, 1, 0, 0, 10000, 10000, 'Dread Tactician - Sleep'),
(1695905, 0, 2, 0, -1, 0, 0, 100, 1, 0, 0, 0, 0, 'Dread Tactician - Attack'),
(1929905, 5, 32417, 0, -1, 0, 0, 100, 1, 0, 0, 15000, 15000, 'Deathwhisperer - Mind Flay'),
(1929905, 0, 2, 0, -1, 0, 0, 100, 1, 0, 0, 0, 0, 'Deathwhisperer - Attack'),
(1856705, 0, 2, 0, -1, 0, 0, 100, 1, 0, 0, 0, 0, 'Mo''arg Master Planner - Attack'),
(1715105, 0, 2, 0, -1, 0, 0, 100, 1, 0, 0, 0, 0, 'Gan''arg Tinkerer - Attack'),
(1694505, 0, 2, 0, -1, 0, 0, 100, 1, 0, 0, 0, 0, 'Mo''arg Engineer - Attack'),
(1715205, 5, 32009, 0, -1, 0, 0, 100, 1, 0, 0, 14000, 14000, 'Felguard Legionnaire - Cutdown'),
(1715205, 3, 15496, 0, -1, 0, 0, 100, 1, 0, 0, 8000, 8000, 'Felguard Legionnaire - Cleave'),
(1715205, 0, 2, 0, -1, 0, 0, 100, 1, 0, 0, 0, 0, 'Felguard Legionnaire - Attack'),
(1866005, 0, 2, 0, -1, 0, 0, 100, 1, 0, 0, 0, 0, 'Subjugator Vaz''shir - Attack'),
(1866105, 5, 11876, 0, -1, 0, 0, 100, 1, 0, 0, 16000, 16000, 'Terrorguard - War Stomp'),
(1866105, 4, 11443, 0, -1, 0, 0, 100, 1, 0, 0, 30000, 30000, 'Terrorguard - Cripple'),
(1866105, 0, 2, 0, -1, 0, 0, 100, 1, 0, 0, 0, 0, 'Terrorguard - Attack'),
(1798105, 4, 32026, 0, -1, 0, 0, 100, 1, 0, 0, 10000, 10000, 'Voidspawn - Pain Spike'),
(1798105, 3, 36447, 0, -1, 0, 0, 100, 1, 0, 0, 6000, 6000, 'Voidspawn - Mind Sear'),
(1798105, 0, 2, 0, -1, 0, 0, 100, 1, 0, 0, 0, 0, 'Voidspawn - Attack'),
(1997905, 4, 36825, 0, -1, 0, 0, 100, 1, 0, 0, 10374, 11816, 'Deathforge Technician - Drain Life'),
(1997905, 3, 36250, 0, -1, 0, 0, 100, 1, 0, 0, 12000, 12000, 'Deathforge Technician - Steal Armor'),
(1997905, 0, 2, 0, -1, 0, 0, 100, 1, 0, 0, 0, 0, 'Deathforge Technician - Attack'),
(1997805, 3, 36486, 0, -1, 0, 0, 100, 1, 0, 0, 25366, 33628, 'Deathforge Over-Smith - Slime Spray'),
(1997805, 0, 2, 0, -1, 0, 0, 100, 1, 0, 0, 0, 0, 'Deathforge Over-Smith - Attack'),
(1998005, 4, 36406, 0, -1, 0, 0, 100, 1, 0, 0, 10460, 11903, 'Void Terror - Double Breath'),
(1998005, 3, 36405, 0, -1, 0, 0, 100, 1, 0, 0, 8005, 13594, 'Void Terror - Stomp'),
(1998005, 0, 2, 0, -1, 0, 0, 100, 1, 0, 0, 0, 0, 'Void Terror - Attack'),
(2151605, 4, 37621, 0, -1, 0, 0, 100, 1, 0, 0, 10000, 10000, 'Death''s Watch - Mind Flay'),
(2151605, 3, 36398, 0, -1, 0, 0, 100, 1, 0, 0, 8002, 11987, 'Death''s Watch - Tongue Lash'),
(2151605, 0, 2, 0, -1, 0, 0, 100, 1, 0, 0, 0, 0, 'Death''s Watch - Attack'),
(2151905, 4, 32736, 0, -1, 0, 0, 100, 1, 0, 0, 16693, 23664, 'Death''s Might - Mortal Strike'),
(2151905, 3, 15496, 0, -1, 0, 0, 100, 1, 0, 0, 6071, 7828, 'Death''s Might - Cleave'),
(2151905, 0, 2, 0, -1, 0, 0, 100, 1, 0, 0, 0, 0, 'Death''s Might - Attack'),
(1996305, 5, 37629, 0, -1, 0, 0, 100, 1, 0, 0, 10000, 10000, 'Doomcryer - Melt Flesh'),
(1996305, 3, 34017, 0, -1, 0, 0, 100, 1, 0, 0, 10082, 18610, 'Doomcryer - Rain of Chaos'),
(1996305, 0, 2, 0, -1, 0, 0, 100, 1, 0, 0, 0, 0, 'Doomcryer - Attack'),
(1996005, 4, 36253, 0, -1, 0, 0, 100, 1, 0, 0, 25338, 29564, 'Doomforge Engineer - Chemical Flames'),
(1996005, 3, 36251, 0, -1, 0, 0, 100, 1, 0, 0, 15857, 19799, 'Doomforge Engineer - Hammer Slam'),
(1996005, 0, 2, 0, -1, 0, 0, 100, 1, 0, 0, 0, 0, 'Doomforge Engineer - Attack'),
(1996105, 4, 36846, 0, -1, 0, 0, 100, 1, 0, 0, 16183, 19956, 'Doomforge Attendant - Mana Bomb'),
(1996105, 3, 36208, 0, -1, 0, 0, 100, 1, 0, 0, 8539, 14908, 'Doomforge Attendant - Steal Weapon'),
(1996105, 0, 2, 0, -1, 0, 0, 100, 1, 0, 0, 0, 0, 'Doomforge Attendant - Attack'),
(1695205, 4, 22911, 0, -1, 0, 0, 100, 1, 0, 0, 25349, 34575, 'Anger Guard - Charge'),
(1695205, 3, 15496, 0, -1, 0, 0, 100, 1, 0, 0, 5000, 5000, 'Anger Guard - Cleave'),
(1695205, 0, 2, 0, -1, 0, 0, 100, 1, 0, 0, 0, 0, 'Anger Guard - Attack'),
(2102105, 4, 37844, 0, -1, 0, 0, 100, 1, 0, 0, 120000, 120000, 'Scorch Imp - Fire Ward'),
(2102105, 3, 9053, 0, -1, 0, 0, 100, 1, 0, 0, 0, 0, 'Scorch Imp - Fireball'),
(2102105, 0, 2, 0, -1, 0, 0, 100, 1, 0, 0, 0, 0, 'Scorch Imp - Attack'),
(2219505, 4, 11980, 0, -1, 0, 0, 100, 1, 0, 0, 25000, 25000, 'Wrath Speaker - Curse of Weakness'),
(2219505, 3, 34017, 0, -1, 0, 0, 100, 1, 0, 0, 13000, 13000, 'Wrath Speaker - Rain of Chaos'),
(2219505, 0, 2, 0, -1, 0, 0, 100, 1, 0, 0, 0, 0, 'Wrath Speaker - Attack'),
(2229105, 3, 32736, 0, -1, 0, 0, 100, 1, 0, 0, 15108, 24448, 'Furnace Guard - Mortal Strike'),
(2229105, 0, 2, 0, -1, 0, 0, 100, 1, 0, 0, 0, 0, 'Furnace Guard - Attack'),
(2055705, 4, 36406, 0, -1, 0, 0, 100, 1, 0, 0, 10407, 13253, 'Wrath Hound - Double Breath'),
(2055705, 3, 22911, 0, -1, 0, 0, 100, 1, 0, 0, 25068, 29755, 'Wrath Hound - Charge'),
(2055705, 0, 2, 0, -1, 0, 0, 100, 1, 0, 0, 0, 0, 'Wrath Hound - Attack'),
(2338605, 0, 2, 0, -1, 0, 0, 100, 1, 0, 0, 0, 0, 'Gan''arg Analyzer - Attack'),
(1997305, 4, 37633, 0, -1, 0, 0, 100, 1, 0, 0, 10862, 18910, 'Abyssal Flamebringer - Abyssal Strike'),
(1997305, 3, 12743, 0, -1, 0, 0, 100, 1, 0, 0, 0, 0, 'Abyssal Flamebringer - Immolation'),
(1997305, 0, 2, 0, -1, 0, 0, 100, 1, 0, 0, 0, 0, 'Abyssal Flamebringer - Attack'),
(2220405, 4, 34259, 0, -1, 0, 0, 100, 1, 0, 0, 25041, 34279, 'Fear Fiend - Fear'),
(2220405, 3, 36248, 0, -1, 0, 0, 100, 1, 0, 0, 10138, 11913, 'Fear Fiend - Fel Flames'),
(2220405, 0, 2, 0, -1, 0, 0, 100, 1, 0, 0, 0, 0, 'Fear Fiend - Attack'),
(1886905, 0, 2, 0, -1, 0, 0, 100, 1, 0, 0, 0, 0, 'Unstable Voidwraith - Attack'),
(1887005, 4, 34344, 0, -1, 0, 0, 100, 1, 0, 0, 0, 0, 'Voidshrieker - Shadow Bolt'),
(1887005, 0, 2, 0, -1, 0, 0, 100, 1, 0, 0, 0, 0, 'Voidshrieker - Attack'),
(2039405, 4, 36414, 0, -1, 0, 0, 100, 1, 0, 0, 0, 0, 'Eye of Culuthas - Focused Bursts'),
(2039405, 3, 36398, 0, -1, 0, 0, 100, 1, 0, 0, 6516, 11320, 'Eye of Culuthas - Tongue Lash'),
(2039405, 0, 2, 0, -1, 0, 0, 100, 1, 0, 0, 0, 0, 'Eye of Culuthas - Attack'),
(2014105, 4, 36406, 0, -1, 0, 0, 100, 1, 0, 0, 4007, 8843, 'Hound of Culuthas - Double Breath'),
(2014105, 3, 36405, 0, -1, 0, 0, 100, 1, 0, 0, 15000, 15000, 'Hound of Culuthas - Stomp'),
(2014105, 0, 2, 0, -1, 0, 0, 100, 1, 0, 0, 0, 0, 'Hound of Culuthas - Attack'),
(1885905, 3, 34017, 0, -1, 0, 0, 100, 1, 0, 0, 10055, 18038, 'Wrath Priestess - Rain of Chaos'),
(1885905, 0, 2, 0, -1, 0, 0, 100, 1, 0, 0, 0, 0, 'Wrath Priestess - Attack'),
(2092805, 4, 38920, 0, -1, 0, 0, 100, 1, 0, 0, 0, 0, 'Ironspine Forgelord - Detonate Teleporter'),
(2092805, 3, 36251, 0, -1, 0, 0, 100, 1, 0, 0, 5167, 9651, 'Ironspine Forgelord - Hammer Slam'),
(2092805, 0, 2, 0, -1, 0, 0, 100, 1, 0, 0, 0, 0, 'Ironspine Forgelord - Attack'),
(2080105, 4, 36253, 0, -1, 0, 0, 100, 1, 0, 0, 9099, 11981, 'Silroth - Chemical Flames'),
(2080105, 3, 36252, 0, -1, 0, 0, 100, 1, 0, 0, 10000, 10000, 'Silroth - Felforge Flames'),
(2080105, 0, 2, 0, -1, 0, 0, 100, 1, 0, 0, 0, 0, 'Silroth - Attack'),
(1885805, 0, 2, 0, -1, 0, 0, 100, 1, 0, 0, 0, 0, 'Wrathbringer - Attack'),
(1694305, 4, 38920, 0, -1, 0, 0, 100, 1, 0, 0, 0, 0, 'Cyber-Rage Forgelord - Detonate Teleporter'),
(1694305, 3, 36255, 0, -1, 0, 0, 100, 1, 0, 0, 15000, 15000, 'Cyber-Rage Forgelord - Chaos Nova'),
(1694305, 0, 2, 0, -1, 0, 0, 100, 1, 0, 0, 0, 0, 'Cyber-Rage Forgelord - Attack'),
(2080005, 4, 36228, 0, -1, 0, 0, 100, 1, 0, 0, 9075, 11970, 'Forgemaster Morug - Chainsaw Blade'),
(2080005, 3, 34261, 0, -1, 0, 0, 100, 1, 0, 0, 16347, 19925, 'Forgemaster Morug - Slime Spray'),
(2080005, 0, 2, 0, -1, 0, 0, 100, 1, 0, 0, 0, 0, 'Forgemaster Morug - Attack'),
(1694905, 4, 36825, 0, -1, 0, 0, 100, 1, 0, 0, 15298, 19779, 'Gan''arg Mekgineer - Drain Life'),
(1694905, 3, 36208, 0, -1, 0, 0, 100, 1, 0, 0, 18000, 18000, 'Gan''arg Mekgineer - Steal Weapon'),
(1694905, 0, 2, 0, -1, 0, 0, 100, 1, 0, 0, 0, 0, 'Gan''arg Mekgineer - Attack'),
(2192305, 4, 37488, 0, -1, 0, 0, 100, 1, 0, 0, 14000, 14000, 'Terrorguard Protector - Fel Flames'),
(2192305, 3, 15496, 0, -1, 0, 0, 100, 1, 0, 0, 16000, 16000, 'Terrorguard Protector - Cleave'),
(2192305, 0, 2, 0, -1, 0, 0, 100, 1, 0, 0, 0, 0, 'Terrorguard Protector - Attack'),
(2093005, 4, 36541, 0, -1, 0, 0, 100, 1, 0, 0, 25000, 25000, 'Hatecryer - Curse of Burning Shadows'),
(2093005, 3, 34017, 0, -1, 0, 0, 100, 1, 0, 0, 13000, 13000, 'Hatecryer - Rain of Chaos'),
(2093005, 0, 2, 0, -1, 0, 0, 100, 1, 0, 0, 0, 0, 'Hatecryer - Attack'),
(2092905, 5, 15496, 0, -1, 0, 0, 100, 1, 0, 0, 8185, 9880, 'Wrath Lord - Cleave'),
(2092905, 0, 2, 0, -1, 0, 0, 100, 1, 0, 0, 0, 0, 'Wrath Lord - Attack'),
(2068505, 5, 35491, 0, -1, 0, 0, 100, 1, 0, 0, 18000, 18000, 'Overseer Azarad - Furious Rage'),
(2068505, 0, 2, 0, -1, 0, 0, 100, 1, 0, 0, 0, 0, 'Overseer Azarad - Attack'),
(2080305, 5, 36487, 0, -1, 0, 0, 100, 1, 0, 0, 12000, 12000, 'Overmaster Grindgarr - Fel Flames'),
(2080305, 4, 35238, 0, -1, 0, 0, 100, 1, 0, 0, 12000, 12000, 'Overmaster Grindgarr - War Stomp'),
(2080305, 0, 2, 0, -1, 0, 0, 100, 1, 0, 0, 0, 0, 'Overmaster Grindgarr - Attack'),
(2032605, 3, 36486, 0, -1, 0, 0, 100, 1, 0, 0, 15050, 19991, 'Mo''arg Warp-Master - Slime Spray'),
(2032605, 0, 2, 0, -1, 0, 0, 100, 1, 0, 0, 0, 0, 'Mo''arg Warp-Master - Attack'),
(2028505, 4, 36846, 0, -1, 0, 0, 100, 1, 0, 0, 20000, 20000, 'Gan''arg Warp-Tinker - Mana Bomb'),
(2028505, 3, 36208, 0, -1, 0, 0, 100, 1, 0, 0, 15000, 15000, 'Gan''arg Warp-Tinker - Steal Weapon'),
(2028505, 0, 2, 0, -1, 0, 0, 100, 1, 0, 0, 0, 0, 'Gan''arg Warp-Tinker - Attack'),
(1886005, 5, 36844, 0, -1, 0, 0, 100, 1, 0, 0, 0, 0, 'Daughter of Destiny - Curse of Horrors'),
(1886005, 4, 36225, 0, -1, 0, 0, 100, 1, 0, 0, 15213, 19879, 'Daughter of Destiny - Chaos Nova'),
(1886005, 0, 2, 0, -1, 0, 0, 100, 1, 0, 0, 0, 0, 'Daughter of Destiny - Attack'),
(1973805, 4, 36205, 0, -1, 0, 0, 100, 1, 0, 0, 15568, 17919, 'Doomclaw - Claw Swipe'),
(1973805, 3, 34261, 0, -1, 0, 0, 100, 1, 0, 0, 16388, 24864, 'Doomclaw - Slime Spray'),
(1973805, 0, 2, 0, -1, 0, 0, 100, 1, 0, 0, 0, 0, 'Doomclaw - Attack'),
(1694405, 0, 2, 0, -1, 0, 0, 100, 1, 0, 0, 0, 0, 'Mo''arg Doomsmith - Attack'),
(1694805, 0, 2, 0, -1, 0, 0, 100, 1, 0, 0, 0, 0, 'Gan''arg Engineer - Attack'),
(2040305, 4, 11428, 0, -1, 0, 0, 100, 1, 0, 0, 15925, 19048, 'Legion Destroyer - Knockdown'),
(2040305, 3, 13737, 0, -1, 0, 0, 100, 1, 0, 0, 10357, 14469, 'Legion Destroyer - Mortal Strike'),
(2040305, 0, 2, 0, -1, 0, 0, 100, 1, 0, 0, 0, 0, 'Legion Destroyer - Attack'),
(2040205, 3, 35144, 0, -1, 0, 0, 100, 1, 0, 0, 12508, 14840, 'Legion Shocktrooper - Vicious Rend'),
(2040205, 0, 2, 0, -1, 0, 0, 100, 1, 0, 0, 0, 0, 'Legion Shocktrooper - Attack'),
(2039905, 0, 2, 0, -1, 0, 0, 100, 1, 0, 0, 0, 0, 'Terror Imp - Attack'),
(2040405, 3, 35147, 0, -1, 0, 0, 100, 1, 0, 0, 10015, 14185, 'Warp-Gate Engineer - Sundering Swipe'),
(2040405, 0, 2, 0, -1, 0, 0, 100, 1, 0, 0, 0, 0, 'Warp-Gate Engineer - Attack'),
(2021505, 4, 20663, 0, -1, 0, 0, 100, 1, 0, 0, 25000, 25000, 'Pentatharon - Sleep'),
(2021505, 3, 36039, 0, -1, 0, 0, 100, 1, 0, 0, 25000, 25000, 'Pentatharon - Carrion Swarm'),
(2021505, 0, 2, 0, -1, 0, 0, 100, 1, 0, 0, 0, 0, 'Pentatharon - Attack'),
(1985305, 4, 32736, 0, -1, 0, 0, 100, 1, 0, 0, 20000, 20000, 'Felblade Doomguard - Mortal Strike'),
(1985305, 3, 35238, 0, -1, 0, 0, 100, 1, 0, 0, 15000, 15000, 'Felblade Doomguard - War Stomp'),
(1985305, 0, 2, 0, -1, 0, 0, 100, 1, 0, 0, 0, 0, 'Felblade Doomguard - Attack'),
(1985205, 4, 30849, 0, -1, 0, 0, 100, 1, 0, 0, 19000, 19000, 'Artifact Seeker - Spell Lock'),
(1985205, 3, 11981, 0, -1, 0, 0, 50, 1, 0, 0, 15000, 15000, 'Artifact Seeker - Mana Burn'),
(1985205, 0, 2, 0, -1, 0, 0, 100, 1, 0, 0, 0, 0, 'Artifact Seeker - Attack'),
(2196105, 0, 2, 0, -1, 0, 0, 100, 1, 0, 0, 0, 0, 'Cataclysm Overseer - Attack'),
(2196005, 0, 2, 0, -1, 0, 0, 100, 1, 0, 0, 0, 0, 'Gan''arg Technician - Attack'),
(2182705, 3, 38051, 0, -1, 0, 0, 100, 1, 0, 0, 14470, 14718, 'Zandras - Fel Shackles'),
(2182705, 0, 2, 0, -1, 0, 0, 100, 1, 0, 0, 0, 0, 'Zandras - Attack'),
(1974405, 4, 11443, 0, -1, 0, 0, 100, 1, 0, 0, 30000, 30000, 'Dreadwarden - Cripple'),
(1974405, 3, 32736, 0, -1, 0, 0, 100, 1, 0, 0, 9767, 11561, 'Dreadwarden - Mortal Strike'),
(1974405, 0, 2, 0, -1, 0, 0, 100, 1, 0, 0, 0, 0, 'Dreadwarden - Attack'),
(2152005, 3, 38051, 0, -1, 0, 0, 100, 1, 0, 0, 12024, 15523, 'Illidari Jailor - Fel Shackles'),
(2152005, 0, 2, 0, -1, 0, 0, 100, 1, 0, 0, 0, 0, 'Illidari Jailor - Attack'),
(1980105, 3, 36227, 0, -1, 0, 0, 100, 1, 0, 0, 0, 0, 'Illidari Agonizer - Firebolt'),
(1980105, 0, 2, 0, -1, 0, 0, 100, 1, 0, 0, 0, 0, 'Illidari Agonizer - Attack'),
(2180805, 5, 11977, 0, -1, 0, 0, 100, 1, 0, 0, 20000, 20000, 'Illidari Overseer - Rend'),
(2180805, 4, 32736, 0, -1, 0, 0, 100, 1, 0, 0, 18000, 18000, 'Illidari Overseer - Mortal Strike'),
(2180805, 0, 2, 0, -1, 0, 0, 100, 1, 0, 0, 0, 0, 'Illidari Overseer - Attack'),
(2285805, 4, 37577, 0, -1, 0, 0, 100, 1, 0, 0, 8000, 8000, 'Shadowhoof Assassin - Debilitating Strike'),
(2285805, 3, 14873, 0, -1, 0, 0, 100, 1, 0, 0, 8000, 8000, 'Shadowhoof Assassin - Sinister Strike'),
(2285805, 0, 2, 0, -1, 0, 0, 100, 1, 0, 0, 0, 0, 'Shadowhoof Assassin - Attack'),
(2285705, 5, 32009, 0, -1, 0, 0, 100, 1, 0, 0, 14000, 14000, 'Illidari Ravager - Cutdown'),
(2285705, 4, 16244, 0, -1, 0, 0, 100, 1, 0, 0, 4135, 5875, 'Illidari Ravager - Demoralizing Shout'),
(2285705, 3, 15496, 0, -1, 0, 0, 100, 1, 0, 0, 8000, 8000, 'Illidari Ravager - Cleave'),
(2285705, 0, 2, 0, -1, 0, 0, 100, 1, 0, 0, 0, 0, 'Illidari Ravager - Attack'),
(2285905, 4, 13338, 0, -1, 0, 0, 100, 1, 0, 0, 30000, 30000, 'Shadowhoof Summoner - Curse of Tongues'),
(2285905, 3, 9613, 0, -1, 0, 0, 100, 1, 0, 0, 0, 0, 'Shadowhoof Summoner - Shadow Bolt'),
(2285905, 0, 2, 0, -1, 0, 0, 100, 1, 0, 0, 0, 0, 'Shadowhoof Summoner - Attack'),
(2130905, 4, 38048, 0, -1, 0, 0, 100, 1, 0, 0, 4314, 5938, 'Painmistress Gabrissa - Curse of Pain'),
(2130905, 3, 38169, 0, -1, 0, 0, 100, 1, 0, 0, 10279, 14671, 'Painmistress Gabrissa - Subservience'),
(2130905, 0, 2, 0, -1, 0, 0, 100, 1, 0, 0, 0, 0, 'Painmistress Gabrissa - Attack'),
(1979905, 5, 38166, 0, -1, 0, 0, 100, 1, 0, 0, 30000, 30000, 'Illidari Dreadbringer - Frenzy'),
(1979905, 4, 38167, 0, -1, 0, 0, 100, 1, 0, 0, 30000, 30000, 'Illidari Dreadbringer - Curse of Blood'),
(1979905, 0, 2, 0, -1, 0, 0, 100, 1, 0, 0, 0, 0, 'Illidari Dreadbringer - Attack'),
(1980005, 3, 15968, 0, -1, 0, 0, 100, 1, 0, 0, 4304, 7695, 'Illidari Painlasher - Lash of Pain'),
(1980005, 0, 2, 0, -1, 0, 0, 100, 1, 0, 0, 0, 0, 'Illidari Painlasher - Attack'),
(2165605, 3, 38048, 0, -1, 0, 0, 100, 1, 0, 0, 30000, 30000, 'Illidari Satyr - Curse of Pain'),
(2165605, 0, 2, 0, -1, 0, 0, 100, 1, 0, 0, 0, 0, 'Illidari Satyr - Attack'),
(2133705, 4, 7159, 0, -1, 0, 0, 100, 1, 0, 0, 0, 0, 'Illidari Shadowstalker - Backstab'),
(2133705, 3, 5916, 0, -1, 0, 0, 100, 1, 0, 0, 0, 0, 'Illidari Shadowstalker - Shadowstalker Stealth'),
(2133705, 0, 2, 0, -1, 0, 0, 100, 1, 0, 0, 0, 0, 'Illidari Shadowstalker - Attack'),
(1980205, 4, 15496, 0, -1, 0, 0, 100, 1, 0, 0, 6011, 9624, 'Illidari Shocktrooper - Cleave'),
(1980205, 3, 22120, 0, -1, 0, 0, 100, 1, 0, 0, 30000, 30000, 'Illidari Shocktrooper - Charge'),
(1980205, 0, 2, 0, -1, 0, 0, 100, 1, 0, 0, 0, 0, 'Illidari Shocktrooper - Attack'),
(2141905, 0, 2, 0, -1, 0, 0, 100, 1, 0, 0, 0, 0, 'Infernal Attacker - Attack'),
(2068305, 5, 37997, 0, -1, 0, 0, 100, 1, 0, 0, 16000, 16000, 'Prophetess Cavrylin - Chaos Nova'),
(2068305, 4, 37629, 0, -1, 0, 0, 100, 1, 0, 0, 16000, 16000, 'Prophetess Cavrylin - Melt Flesh'),
(2068305, 0, 2, 0, -1, 0, 0, 100, 1, 0, 0, 0, 0, 'Prophetess Cavrylin - Attack'),
(2149905, 4, 32735, 0, -1, 0, 0, 100, 1, 0, 0, 8000, 8000, 'Overseer Ripsaw - Saw Blade'),
(2149905, 3, 35321, 0, -1, 0, 0, 100, 1, 0, 0, 16000, 16000, 'Overseer Ripsaw - Gushing Wound'),
(2149905, 0, 2, 0, -1, 0, 0, 100, 1, 0, 0, 0, 0, 'Overseer Ripsaw - Attack'),
(2131405, 4, 15496, 0, -1, 0, 0, 100, 1, 0, 0, 8327, 11997, 'Terrormaster - Cleave'),
(2131405, 3, 38154, 0, -1, 0, 0, 100, 1, 0, 0, 30000, 30000, 'Terrormaster - Fear'),
(2131405, 0, 2, 0, -1, 0, 0, 100, 1, 0, 0, 0, 0, 'Terrormaster - Attack'),
(1975505, 4, 36253, 0, -1, 0, 0, 100, 1, 0, 0, 25543, 29928, 'Mo''arg Weaponsmith - Chemical Flames'),
(1975505, 3, 37580, 0, -1, 0, 0, 100, 1, 0, 0, 20000, 20000, 'Mo''arg Weaponsmith - Drill Armor'),
(1975505, 0, 2, 0, -1, 0, 0, 100, 1, 0, 0, 0, 0, 'Mo''arg Weaponsmith - Attack'),
(1974005, 0, 2, 0, -1, 0, 0, 100, 1, 0, 0, 0, 0, 'Wrathwalker - Attack');

-- 14093_01_mangos_vehicle_ridespell.sql
ALTER TABLE `vehicle_accessory` ADD COLUMN `RideSpellId` INT(10) UNSIGNED AFTER `accessory_entry`;

DELETE FROM creature_addon WHERE guid IN(SELECT guid FROM creature WHERE id IN (8539,8598));
DELETE FROM creature_movement WHERE id IN(SELECT guid FROM creature WHERE id IN (8539,8598));
DELETE FROM game_event_creature WHERE guid IN(SELECT guid FROM creature WHERE id IN (8539,8598));
DELETE FROM game_event_creature_data WHERE guid IN(SELECT guid FROM creature WHERE id IN (8539,8598));
DELETE FROM creature_battleground WHERE guid IN(SELECT guid FROM creature WHERE id IN (8539,8598));
DELETE FROM creature_linking WHERE guid IN(SELECT guid FROM creature WHERE id IN (8539,8598));
DELETE FROM creature WHERE id IN (8539,8598);
INSERT INTO `creature` (`guid`, `id`, `map`, `spawnMask`, `phaseMask`, `position_x`, `position_y`, `position_z`, `orientation`, `spawntimesecsmin`, `spawntimesecsmax`, `spawndist`, `MovementType`) VALUES
(16982, 8539, 0, 1, 1, '3021.48999023437500000000', '-4952.02978515625000000000', '102.37400054931640000000', '1.82161998748779300000', 300, 300, 0, 0),
(17539, 8539, 0, 1, 1, '3019.37988281250000000000', '-4949.81005859375000000000', '102.36399841308594000000', '1.09933996200561520000', 300, 300, 0, 0),
(17625, 8539, 0, 1, 1, '3014.82006835937500000000', '-4915.39013671875000000000', '102.68299865722656000000', '3.66300010681152340000', 300, 300, 5, 1),
(17694, 8539, 0, 1, 1, '3036.84008789062500000000', '-4914.10009765625000000000', '102.49299621582031000000', '2.99845004081726070000', 300, 300, 5, 1),
(17719, 8539, 0, 1, 1, '2535.59008789062500000000', '-3768.37011718750000000000', '178.14300537109375000000', '4.65412998199462900000', 300, 300, 5, 1),
(17808, 8539, 0, 1, 1, '2648.13989257812500000000', '-5405.00976562500000000000', '160.28799438476562000000', '5.22498989105224600000', 300, 300, 10, 1),
(17948, 8539, 0, 1, 1, '2247.45996093750000000000', '-3525.35009765625000000000', '139.52900695800780000000', '5.35159015655517600000', 300, 300, 5, 1);
INSERT INTO `creature` (`guid`, `id`, `map`, `spawnMask`, `phaseMask`, `position_x`, `position_y`, `position_z`, `orientation`, `spawntimesecsmin`, `spawntimesecsmax`, `spawndist`, `MovementType`) VALUES
(17952, 8598, 0, 1, 1, '2947.36010742187500000000', '-4713.27001953125000000000', '99.39669799804688000000', '5.81954002380371100000', 300, 300, 5, 1),
(18088, 8598, 0, 1, 1, '2812.67993164062500000000', '-4154.12011718750000000000', '91.73269653320312000000', '1.86825001239776610000', 300, 300, 10, 1),
(18185, 8598, 0, 1, 1, '3036.12011718750000000000', '-4515.49023437500000000000', '106.12699890136719000000', '2.62245011329650900000', 300, 300, 3, 1),
(18193, 8598, 0, 1, 1, '2948.31005859375000000000', '-4606.64990234375000000000', '77.05539703369140000000', '4.65277004241943400000', 300, 300, 10, 1),
(18199, 8598, 0, 1, 1, '2724.94995117187500000000', '-4609.68017578125000000000', '90.65519714355469000000', '6.05052995681762700000', 300, 300, 10, 1),
(18216, 8598, 0, 1, 1, '2951.29003906250000000000', '-4249.62011718750000000000', '93.28720092773438000000', '6.11484003067016600000', 300, 300, 10, 1),
(18243, 8598, 0, 1, 1, '3029.93994140625000000000', '-4047.73999023437500000000', '101.63300323486328000000', '2.51079010963439940000', 300, 300, 10, 1),
(18366, 8598, 0, 1, 1, '2850.64990234375000000000', '-4576.72998046875000000000', '102.11100006103516000000', '5.15879011154174800000', 300, 300, 5, 1),
(18398, 8598, 0, 1, 1, '2685.36010742187500000000', '-3530.78002929687500000000', '123.39600372314453000000', '3.87310004234313960000', 300, 300, 3, 1),
(18616, 8598, 0, 1, 1, '3131.89990234375000000000', '-2981.90991210937500000000', '125.18000030517578000000', '3.52677989006042500000', 300, 300, 10, 1),
(18619, 8598, 0, 1, 1, '2645.62011718750000000000', '-4911.10009765625000000000', '83.04489898681640000000', '5.62736988067626950000', 300, 300, 10, 1),
(18743, 8598, 0, 1, 1, '2956.50000000000000000000', '-4549.27001953125000000000', '77.37439727783203000000', '0.50558102130889890000', 300, 300, 10, 1),
(18829, 8598, 0, 1, 1, '3131.58007812500000000000', '-2944.64990234375000000000', '121.03800201416016000000', '1.13334000110626220000', 300, 300, 10, 1),
(18862, 8598, 0, 1, 1, '2880.98999023437500000000', '-4168.58984375000000000000', '95.99410247802734000000', '1.05648994445800780000', 300, 300, 10, 1),
(17875, 8598, 0, 1, 1, '2846.03002929687500000000', '-4061.91992187500000000000', '101.84300231933594000000', '4.63816022872924800000', 300, 300, 10, 1),
(18026, 8598, 0, 1, 1, '2831.01000976562500000000', '-3978.62988281250000000000', '102.85600280761719000000', '0.23243199288845062000', 300, 300, 10, 1),
(18061, 8598, 0, 1, 1, '2718.10009765625000000000', '-3391.75000000000000000000', '96.72180175781250000000', '0.22460199892520905000', 300, 300, 10, 1),
(18208, 8598, 0, 1, 1, '3163.13989257812500000000', '-2970.81005859375000000000', '126.10299682617188000000', '0.01792000047862529800', 300, 300, 10, 1),
(18256, 8598, 0, 1, 1, '2785.62988281250000000000', '-4221.00976562500000000000', '90.21420288085938000000', '1.18356001377105710000', 300, 300, 10, 1),
(18284, 8598, 0, 1, 1, '2795.58007812500000000000', '-4023.45996093750000000000', '99.44889831542969000000', '3.16504001617431640000', 300, 300, 10, 1),
(18335, 8598, 0, 1, 1, '2713.14990234375000000000', '-4876.47021484375000000000', '88.45539855957031000000', '4.63411998748779300000', 300, 300, 10, 1),
(18432, 8598, 0, 1, 1, '2805.79003906250000000000', '-4229.25000000000000000000', '89.68260192871094000000', '0.24474200606346130000', 300, 300, 10, 1),
(18440, 8598, 0, 1, 1, '2682.85009765625000000000', '-4917.16015625000000000000', '85.05139923095703000000', '2.92504000663757320000', 300, 300, 10, 1),
(18444, 8598, 0, 1, 1, '2877.34008789062500000000', '-4647.06982421875000000000', '86.35910034179688000000', '1.61871004104614260000', 300, 300, 10, 1),
(18510, 8598, 0, 1, 1, '2922.69995117187500000000', '-4781.81982421875000000000', '97.53929901123047000000', '2.21350002288818360000', 300, 300, 10, 1),
(18701, 8598, 0, 1, 1, '3048.31005859375000000000', '-4387.00000000000000000000', '104.83100128173828000000', '4.12627983093261700000', 300, 300, 10, 1),
(18755, 8598, 0, 1, 1, '2989.16992187500000000000', '-4183.97021484375000000000', '94.79740142822266000000', '1.14821004867553700000', 300, 300, 10, 1),
(10038, 8598, 0, 1, 1, '2820.47998046875000000000', '-4986.62011718750000000000', '100.93199920654297000000', '5.69517993927001950000', 300, 300, 10, 1),
(10073, 8598, 0, 1, 1, '2792.32006835937500000000', '-4192.91992187500000000000', '91.22209930419922000000', '0.15101499855518340000', 300, 300, 10, 1),
(10079, 8598, 0, 1, 1, '2754.28002929687500000000', '-3557.57006835937500000000', '103.63800048828125000000', '5.82390022277832000000', 300, 300, 10, 1),
(10081, 8598, 0, 1, 1, '3213.52001953125000000000', '-2958.26000976562500000000', '126.24299621582031000000', '5.71795988082885700000', 300, 300, 10, 1),
(10089, 8598, 0, 1, 1, '2777.16992187500000000000', '-4268.04003906250000000000', '90.36840057373047000000', '0.99253898859024050000', 300, 300, 5, 1),
(10097, 8598, 0, 1, 1, '3065.60009765625000000000', '-4361.91992187500000000000', '108.22200012207031000000', '0.32823801040649414000', 300, 300, 10, 1),
(10114, 8598, 0, 1, 1, '3250.43994140625000000000', '-4425.31005859375000000000', '109.81900024414062000000', '0.08112400025129318000', 300, 300, 10, 1),
(10115, 8598, 0, 1, 1, '3079.13989257812500000000', '-4637.29003906250000000000', '119.76000213623047000000', '4.58126020431518550000', 300, 300, 5, 1),
(10923, 8598, 0, 1, 1, '2903.81005859375000000000', '-4436.70996093750000000000', '92.42630004882812000000', '6.09639978408813500000', 300, 300, 10, 1),
(10936, 8598, 0, 1, 1, '2921.13989257812500000000', '-4743.68994140625000000000', '92.99700164794922000000', '4.11653995513916000000', 300, 300, 10, 1),
(10940, 8598, 0, 1, 1, '3066.33007812500000000000', '-4487.64013671875000000000', '112.66300201416016000000', '3.23348999023437500000', 300, 300, 10, 1),
(11418, 8598, 0, 1, 1, '3020.79003906250000000000', '-4600.43994140625000000000', '110.05000305175781000000', '4.49488019943237300000', 300, 300, 0, 0),
(19027, 8598, 0, 1, 1, '2731.87988281250000000000', '-4987.47998046875000000000', '90.78160095214844000000', '6.24762010574340800000', 300, 300, 5, 1),
(21870, 8598, 0, 1, 1, '2823.27001953125000000000', '-4660.47998046875000000000', '88.88339996337890000000', '1.85889005661010740000', 300, 300, 3, 1),
(21871, 8598, 0, 1, 1, '2753.91992187500000000000', '-5004.60986328125000000000', '90.78029632568360000000', '4.59385013580322300000', 300, 300, 5, 1),
(21888, 8598, 0, 1, 1, '2649.26000976562500000000', '-4720.56005859375000000000', '85.62789916992188000000', '4.19541978836059600000', 300, 300, 10, 1),
(21891, 8598, 0, 1, 1, '2987.60009765625000000000', '-4329.43994140625000000000', '80.70700073242188000000', '0.74188697338104250000', 300, 300, 10, 1),
(21897, 8598, 0, 1, 1, '2612.65991210937500000000', '-4879.85986328125000000000', '79.77359771728516000000', '2.26003003120422360000', 300, 300, 0, 0),
(23856, 8598, 0, 1, 1, '3011.42993164062500000000', '-4749.04980468750000000000', '94.18560028076172000000', '4.31246995925903300000', 300, 300, 10, 1),
(23961, 8598, 0, 1, 1, '2859.64990234375000000000', '-3904.61010742187500000000', '105.81300354003906000000', '3.50504994392395000000', 300, 300, 10, 1),
(24323, 8598, 0, 1, 1, '2812.70996093750000000000', '-4862.33007812500000000000', '96.27629852294922000000', '2.89401006698608400000', 300, 300, 5, 1),
(24483, 8598, 0, 1, 1, '2864.91992187500000000000', '-4848.75976562500000000000', '99.23249816894531000000', '0.26060199737548830000', 300, 300, 10, 1),
(24548, 8598, 0, 1, 1, '2797.81005859375000000000', '-3971.18994140625000000000', '100.41999816894531000000', '3.48218989372253400000', 300, 300, 10, 1),
(24561, 8598, 0, 1, 1, '3030.31005859375000000000', '-4202.47998046875000000000', '95.93969726562500000000', '5.81516981124877900000', 300, 300, 10, 1),
(24860, 8598, 0, 1, 1, '3008.72998046875000000000', '-4108.14013671875000000000', '96.59110260009766000000', '3.90629005432128900000', 300, 300, 10, 1),
(33882, 8598, 0, 1, 1, '2915.00000000000000000000', '-3111.76000976562500000000', '111.33999633789062000000', '2.50863003730773930000', 300, 300, 10, 1),
(38807, 8598, 0, 1, 1, '2748.46997070312500000000', '-3435.04003906250000000000', '96.06250000000000000000', '1.97948002815246580000', 300, 300, 10, 1),
(38967, 8598, 0, 1, 1, '3278.86010742187500000000', '-4428.35986328125000000000', '114.31300354003906000000', '1.95130002498626700000', 300, 300, 10, 1),
(41720, 8598, 0, 1, 1, '2520.91992187500000000000', '-4889.79003906250000000000', '77.99019622802734000000', '5.69155979156494100000', 300, 300, 10, 1),
(41749, 8598, 0, 1, 1, '2888.09008789062500000000', '-3069.75000000000000000000', '105.63400268554688000000', '1.75841999053955080000', 300, 300, 10, 1),
(42025, 8598, 0, 1, 1, '2851.23999023437500000000', '-3105.83007812500000000000', '104.79900360107422000000', '4.19809007644653300000', 300, 300, 10, 1),
(42464, 8598, 0, 1, 1, '2662.97998046875000000000', '-4678.62011718750000000000', '80.19090270996094000000', '5.68139982223510700000', 300, 300, 10, 1),
(44881, 8598, 0, 1, 1, '2848.62988281250000000000', '-3389.39990234375000000000', '96.26509857177734000000', '4.63621997833251950000', 300, 300, 10, 1),
(44894, 8598, 0, 1, 1, '2775.93994140625000000000', '-4094.97998046875000000000', '98.53009796142578000000', '4.12542009353637700000', 300, 300, 10, 1),
(44917, 8598, 0, 1, 1, '2611.90991210937500000000', '-4366.74023437500000000000', '79.31549835205078000000', '2.39969992637634280000', 300, 300, 5, 1),
(44925, 8598, 0, 1, 1, '2781.70996093750000000000', '-3925.91992187500000000000', '101.73999786376953000000', '1.33898997306823730000', 300, 300, 5, 1),
(44944, 8598, 0, 1, 1, '3169.47998046875000000000', '-4605.87011718750000000000', '105.27600097656250000000', '5.28631019592285200000', 300, 300, 10, 1),
(45337, 8598, 0, 1, 1, '2753.38989257812500000000', '-4128.72021484375000000000', '95.81020355224610000000', '4.65959978103637700000', 300, 300, 10, 1),
(45355, 8598, 0, 1, 1, '2687.34008789062500000000', '-4209.31982421875000000000', '89.36479949951172000000', '1.59715998172760000000', 300, 300, 5, 1),
(45360, 8598, 0, 1, 1, '2751.72998046875000000000', '-3530.90991210937500000000', '105.89099884033203000000', '1.69515001773834230000', 300, 300, 10, 1),
(45361, 8598, 0, 1, 1, '2725.87988281250000000000', '-4142.16015625000000000000', '92.54869842529297000000', '5.05515003204345700000', 300, 300, 10, 1),
(45384, 8598, 0, 1, 1, '3033.04003906250000000000', '-4320.52978515625000000000', '99.45520019531250000000', '0.47734498977661133000', 300, 300, 10, 1),
(45392, 8598, 0, 1, 1, '3107.22998046875000000000', '-2975.52001953125000000000', '123.21499633789062000000', '3.14130997657775900000', 300, 300, 10, 1),
(45394, 8598, 0, 1, 1, '2567.69995117187500000000', '-4599.89013671875000000000', '80.96499633789062000000', '5.94877004623413100000', 300, 300, 10, 1),
(45410, 8598, 0, 1, 1, '2561.76000976562500000000', '-4630.81005859375000000000', '79.54360198974610000000', '5.82172012329101600000', 300, 300, 10, 1);

INSERT INTO spell_script_target VALUES ('29869', '0', '181616', '0');

DELETE FROM spell_target_position WHERE id = 33558;
INSERT INTO `spell_target_position` (`id`, `target_map`, `target_position_x`, `target_position_y`, `target_position_z`) VALUES ('33558', '555', '-253.548', '-263.646', '17.0864');

UPDATE `creature_template` SET `Faction` = '1857' WHERE `Entry` =21976;
UPDATE `creature_template` SET `Faction` = '14' WHERE `Entry` =29;

UPDATE `creature_template` SET `NpcFlags` = '3', `GossipMenuId` = '692' WHERE `Entry` =7917;

DELETE FROM `dbscripts_on_quest_end` WHERE `id`=735;
INSERT INTO `dbscripts_on_quest_end` (`id`, `delay`, `command`, `datalong`, `datalong2`, `dataint`, `comments`) VALUES
(735, 100, 0, 0, 0, 919, 'The Star, the Hand and the Heart: Gerrig Bonegrip - Say Text'),
(735, 3000, 0, 0, 0, 920, 'The Star, the Hand and the Heart: Gerrig Bonegrip - Say Text'),
(735, 0, 29, 2, 0, 0, 'NpcFlag removed'),
(735, 4000, 29, 2, 1, 0, 'NpcFlag added');
UPDATE `quest_template` SET `CompleteScript`=735 WHERE `entry`=735;
UPDATE `creature_loot_template` SET `groupid` = 13, `ChanceOrQuestChance` = 10 WHERE `entry` =4363 AND `item` =4639;
UPDATE `creature_loot_template` SET `groupid` = 13, `ChanceOrQuestChance` = 10 WHERE `entry` =14230 AND `item` =4639;

UPDATE gameobject SET spawntimesecsmin = 10, spawntimesecsmax = 10 WHERE id IN (191502);
UPDATE creature SET position_x = 6035.0146, position_y = -750.43536, position_z = 369.83606, orientation = 1.501, spawndist = 0, MovementType = 2 WHERE id = 29644;
UPDATE creature_template SET movementtype = 2 WHERE Entry = 29644;
DELETE FROM creature_movement_template WHERE Entry = 29644;
INSERT INTO creature_movement_template (`Entry`, `Point`, `PositionX`, `PositionY`, `PositionZ`, `Orientation`, `WaitTime`, `ScriptId`) VALUES
(29644,1,6035.0146,-750.43536,369.83606,1.501,60000,0),
(29644,2,6041.9736,-751.16016,371.08704,100,0,0),
(29644,3,6044.92,-751.19995,371.65646,100,0,0),
(29644,4,6048.8506,-751.0001,372.4885,100,0,0),
(29644,5,6052.7773,-750.7988,373.31415,100,0,0),
(29644,6,6056.706,-750.6035,374.22858,100,0,0),
(29644,7,6060.207,-750.0676,375.04208,100,0,0),
(29644,8,6064.077,-749.11865,376.01065,100,0,0),
(29644,9,6067.8257,-748.1993,376.96213,100,0,0),
(29644,10,6071.2827,-747.14166,377.84573,100,0,0),
(29644,11,6080.2314,-745.9247,380.0413,2.009,5000,1001),
(29644,12,6085.7983,-741.2621,381.27078,100,0,0),
(29644,13,6089.438,-739.616,382.0154,100,0,0),
(29644,14,6092.856,-737.8551,382.6709,100,0,0),
(29644,15,6096.3916,-735.9897,383.30475,100,0,0),
(29644,16,6099.843,-734.16797,383.79605,100,0,0),
(29644,17,6103.375,-732.3047,384.56274,100,0,0),
(29644,18,6105.3594,-729.6194,384.68744,100,0,0),
(29644,19,6107.8926,-726.45276,384.9994,100,0,0),
(29644,20,6109.2637,-724.7374,385.13498,2.37364,2000,0),
(29644,21,6109.44,-727.4209,385.32095,2.41668,25000,2964401),
(29644,22,6108.9097,-731.1201,385.45618,100,0,0),
(29644,23,6105.64,-734.14264,385.04837,100,0,0),
(29644,24,6102.316,-736.3823,384.56226,100,0,0),
(29644,25,6099.0005,-738.6159,384.04016,100,0,0),
(29644,26,6095.6763,-740.85565,383.4771,100,0,0),
(29644,27,6092.452,-743.0215,382.81537,100,0,0),
(29644,28,6088.112,-744.7311,381.9082,100,0,0),
(29644,29,6084.32,-745.69446,381.0224,100,0,0),
(29644,30,6080.5576,-746.6504,380.15417,100,0,0),
(29644,31,6076.667,-747.6384,379.13483,100,0,0),
(29644,32,6072.854,-748.6071,378.1574,100,0,0),
(29644,33,6069.0693,-749.56836,377.23706,100,0,0),
(29644,34,6065.5703,-750.7795,376.24615,100,0,0),
(29644,35,6061.915,-752.10944,375.2711,100,0,0),
(29644,36,6058.1606,-753.47534,374.31323,100,0,0),
(29644,37,6039.856,-755.2907,370.56192,100,0,0),
(29644,38,6035.0146,-750.43536,369.83606,1.501,180000,0);
DELETE FROM dbscripts_on_creature_movement WHERE id IN (2964401);
INSERT INTO dbscripts_on_creature_movement (id, delay, command, datalong, datalong2, datalong3, buddy_entry, search_radius, data_flags, dataint, dataint2, dataint3, dataint4, x, y, z, o, comments) VALUES
(2964401,3000,1,25,0,0,0,0,0x04,0,0,0,0,0,0,0,0,''),
(2964401,13000,1,1,0,0,0,0,0x04,0,0,0,0,0,0,0,0,'');
DELETE FROM creature_template_addon WHERE entry = 29429;
INSERT INTO creature_template_addon (entry, mount, stand_state, sheath_state, pvp_flags, emote, moveflags, auras) VALUES (29429,0,1,1,0,0,0,NULL);
DELETE FROM dbscripts_on_relay WHERE id IN (20144);
INSERT INTO dbscripts_on_relay (id, delay, command, datalong, datalong2, datalong3, buddy_entry, search_radius, data_flags, dataint, dataint2, dataint3, dataint4, x, y, z, o, comments) VALUES
(20144,1,21,1,0,0,0,0,0x004,0,0,0,0,0,0,0,0,'Part of Janks 29429 EAI: active'),
(20144,10,28,0,0,0,0,0,0x004,0,0,0,0,0,0,0,0,'Part of Janks 29429 EAI: atand'),
(20144,2000,3,0,0,0,0,0,0,0,0,0,0,0,0,0,4.5303111,'Part of Janks 29429 EAI: face target'),
(20144,2100,0,0,0,0,0,0,0,30198,0,0,0,0,0,0,0,'Part of Janks 29429 EAI: say'),
(20144,7000,0,0,0,0,0,0,0,30199,0,0,0,0,0,0,0,'Part of Janks 29429 EAI: say'),
(20144,12000,0,0,0,0,0,0,0,30200,0,0,0,0,0,0,0,'Part of Janks 29429 EAI: say'),
(20144,17000,0,0,0,0,0,0,0,30201,0,0,0,0,0,0,0,'Part of Janks 29429 EAI: say'),
(20144,20000,28,1,0,0,0,0,0x004,0,0,0,0,0,0,0,0,'Part of Janks 29429 EAI: sit'),
(20144,20001,21,0,0,0,0,0,0x004,0,0,0,0,0,0,0,0,'Part of Janks 29429 EAI: unactive');
UPDATE creature_template SET unitFlags = 33554432 WHERE entry = 29397;
DELETE FROM creature_immunities WHERE Entry IN (29397,29429);
INSERT INTO creature_immunities (Entry, SetId, Type, Value) VALUES (29397,0,2,1), (29429,0,2,1);

UPDATE `npc_trainer` SET `reqlevel` = '0' WHERE `spell` IN (13820,34768,1710);
UPDATE `npc_trainer` SET `reqskill` = '0', `reqskillvalue` = '0', `reqlevel` = '0' WHERE `spell` =33950;

DELETE FROM dbscripts_on_relay WHERE id IN (9987);
INSERT INTO dbscripts_on_relay (id, delay, command, datalong, datalong2, datalong3, buddy_entry, search_radius, data_flags, dataint, dataint2, dataint3, dataint4, x, y, z, o, comments) VALUES
(9987,1,12,0,0,0,186287,10,7,0,0,0,0,0,0,0,0,'Part of Theramore Prisoner 23720 EAI: Close Object');

DELETE FROM `gameobject` WHERE `id`=152093;
INSERT INTO `gameobject` (`guid`, `id`, `map`, `position_x`, `position_y`, `position_z`, `orientation`, `rotation0`, `rotation1`, `rotation2`, `rotation3`, `spawntimesecsmin`, `spawntimesecsmax`) VALUES
(15815, 152093, 1, 2322.79, 1860.63, 364.55, 2.02458, 0, 0, 0.848048, 0.529919, 7200, 7200),
(8212, 152093, 1, 2352.42, 1847.13, 355.451, 0.820305, 0, 0, 0.398749, 0.91706, 7200, 7200),
(8213, 152093, 1, 2297.36, 1806.83, 344.156, 1.5708, 0, 0, 0.707107, 0.707107, 7200, 7200),
(8215, 152093, 1, 2330.86, 1784.49, 323.715, 2.74017, 0, 0, 0.979925, 0.199368, 7200, 7200),
(8214, 152093, 1, 2307.34, 1872, 336.765, -2.26893, 0, 0, 0.906308, -0.422618, 7200, 7200),
(5717, 152093, 1, 2265.5, 1843.64, 319.074, 0.977384, 0, 0, 0.469472, 0.882948, 7200, 7200),
(16789, 152093, 1, 2340.25, 1912.59, 349.837, 1.8326, 0, 0, 0.793353, 0.608761, 7200, 7200),
(67, 152093, 1, 2368.5, 1710.8, 340.883, 0.10472, 0, 0, 0.052336, 0.99863, 7200, 7200),
(98, 152093, 1, 2413.8, 1707.22, 343.246, 0.488692, 0, 0, 0.241922, 0.970296, 7200, 7200),
(133, 152093, 1, 2445.36, 1783.59, 344.973, -0.785398, 0, 0, 0.382683, -0.92388, 7200, 7200),
(246, 152093, 1, 2407.17, 1724.53, 343.86, 1.13446, 0, 0, 0.5373, 0.843391, 7200, 7200),
(305, 152093, 1, 2407.99, 1753.69, 340.147, 0.436332, 0, 0, 0.21644, 0.976296, 7200, 7200),
(310, 152093, 1, 2380.2, 1792.45, 322.965, 0.575959, 0, 0, 0.284015, 0.95882, 7200, 7200),
(344, 152093, 1, 2419.04, 1815.82, 352.505, 4.71239, 0, 0, 0.707107, -0.707107, 7200, 7200),
(355, 152093, 1, 2343.74, 1800.4, 326.569, 0.10472, 0, 0, 0.052336, 0.99863, 7200, 7200),
(371, 152093, 1, 2413.83, 1843.03, 373.255, -2.49582, 0, 0, 0.948324, -0.317305, 7200, 7200),
(396, 152093, 1, 2395.77, 1802.89, 356.125, -1.90241, 0, 0, 0.814116, -0.580703, 7200, 7200),
(427, 152093, 1, 2370.93, 1827.23, 360.477, 1.20428, 0, 0, 0.566406, 0.824126, 7200, 7200);

INSERT INTO `gameobject` (`guid`, `id`, `map`, `phaseMask`, `position_x`, `position_y`, `position_z`, `orientation`, `rotation0`, `rotation1`, `rotation2`, `rotation3`, `spawntimesecsmin`, `spawntimesecsmax`) VALUES 
(432, 179667, 1, 65535, -6615.31, 1650.84, 3.63024, 5.95157, 0, 0, -0.165047, 0.986286, 300, 300);
INSERT INTO `game_event_gameobject` (`guid`, `event`) VALUES (432, 75);

INSERT INTO `gameobject` (`guid`, `id`, `map`, `position_x`, `position_y`, `position_z`, `orientation`, `rotation0`, `rotation1`, `rotation2`, `rotation3`, `spawntimesecsmin`, `spawntimesecsmax`) VALUES
(439, 176213, 0, 1111.51, -2569.18, 59.2519, -1.48353, 0, 0, 0.67559, -0.737277, 7200, 7200);
INSERT INTO `spawn_group_spawn` (`Id`, `Guid`, `SlotId`, `Chance`) VALUES (19991, 439, -1, 0);

INSERT INTO `creature` (`guid`, `id`, `map`, `position_x`, `position_y`, `position_z`, `orientation`, `spawntimesecsmin`, `spawntimesecsmax`, `spawndist`, `MovementType`) VALUES
(45458, 12123, 0, 899.45300292968750000000, 1962.20996093750000000000, -1.00000000000000000000, 5.51700019836425800000, 300, 600, 0, 0),
(45822, 12123, 0, 1061.57995605468750000000, 2120.83007812500000000000, -1.00000000000000000000, 3.68099999427795400000, 300, 600, 0, 0),
(45829, 12123, 0, 1123.38000488281250000000, 2207.27001953125000000000, -1.00000000000000000000, 1.12000000476837160000, 300, 600, 0, 0),
(45872, 12123, 0, -11327.40039062500000000000, 2292.78002929687500000000, -48.16770172119140600000, 5.92080009460449200000, 300, 600, 0, 0),
(45895, 12123, 0, -9985.74023437500000000000, 2374.50000000000000000000, -49.23550033569336000000, 3.07987999916076660000, 300, 600, 0, 0),
(45929, 12123, 0, -9783.66992187500000000000, 2353.35009765625000000000, -49.30939865112305000000, 0.71951901912689210000, 300, 600, 0, 0),
(45975, 12123, 1, 1073.79003906250000000000, 2203.22998046875000000000, -27.77529907226562500000, 3.81474995613098140000, 300, 600, 0, 0),
(46019, 12123, 1, 3573.60009765625000000000, 1690.84997558593750000000, -69.00000000000000000000, 1.89300000667572020000, 300, 600, 0, 0),
(47495, 12123, 1, 3598.22998046875000000000, 1496.96997070312500000000, -59.00000000000000000000, 2.94700002670288100000, 300, 600, 0, 0),
(47499, 12123, 1, 4371.18994140625000000000, 1238.92004394531250000000, -52.00000000000000000000, 2.54800009727478030000, 300, 600, 0, 0),
(47501, 12123, 1, 4162.35986328125000000000, 1611.14001464843750000000, -57.70479965209961000000, 6.23635005950927700000, 300, 600, 0, 0),
(52506, 12123, 1, 4371.18994140625000000000, 1238.92004394531250000000, -52.00000000000000000000, 2.54800009727478030000, 300, 600, 0, 0);
SET @NPC := 45458;
UPDATE `creature` SET `spawndist`=0,`MovementType`=2,`position_x`=-734.25714,`position_y`=1922.974,`position_z`=-25.878798 WHERE `guid`=@NPC;
DELETE FROM `creature_movement` WHERE `id`=@NPC;
INSERT INTO `creature_movement` (`id`,`point`,`positionx`,`positiony`,`positionz`,`orientation`,`waittime`,`scriptid`) VALUES
(@NPC,1,-734.25714,1922.974,-25.878798,100,0,0),
(@NPC,2,-715.339,1929.5173,-26.697222,100,0,0),
(@NPC,3,-693.30255,1923.8412,-27.21435,100,0,0),
(@NPC,4,-680.6504,1918.8853,-28.579773,100,0,0),
(@NPC,5,-654.763,1917.6847,-29.551779,100,0,0),
(@NPC,6,-639.8963,1927.0719,-28.531168,100,0,0),
(@NPC,7,-617.32404,1934.6172,-26.569038,100,0,0),
(@NPC,8,-588.3292,1944.0837,-27.532883,100,0,0),
(@NPC,9,-571.13477,1950.8457,-26.935192,100,0,0),
(@NPC,10,-542.5573,1972.1945,-26.578905,100,0,0),
(@NPC,11,-506.2639,1970.6986,-26.502369,100,0,0),
(@NPC,12,-485.72113,1960.0192,-26.90592,100,0,0),
(@NPC,13,-466.64084,1961.1198,-28.28892,100,0,0),
(@NPC,14,-446.72678,1955.6875,-24.988396,100,0,0),
(@NPC,15,-428.7795,1979.7114,-27.090372,100,0,0),
(@NPC,16,-412.39648,1996.8242,-27.082487,100,0,0),
(@NPC,17,-387.93164,1998.4412,-27.08271,100,0,0),
(@NPC,18,-378.03104,2019.3624,-27.493328,100,0,0),
(@NPC,19,-365.36978,2040.1763,-27.063208,100,0,0),
(@NPC,20,-336.76215,2059.458,-20.211946,100,0,0),
(@NPC,21,-304.1517,2066.6487,-26.905931,100,0,0),
(@NPC,22,-279.07184,2068.715,-28.183018,100,0,0),
(@NPC,23,-254.47353,2063.9353,-30.632046,100,0,0),
(@NPC,24,-239.324,2061.7083,-28.187174,100,0,0),
(@NPC,25,-210.44716,2062.047,-26.921574,100,0,0),
(@NPC,26,-192.67795,2075.5178,-26.584137,100,0,0),
(@NPC,27,-170.97005,2090.0647,-26.390364,100,0,0),
(@NPC,28,-132.77692,2100.8242,-26.798065,100,0,0),
(@NPC,29,-108.29124,2100.8728,-26.819826,100,0,0),
(@NPC,30,-124.21409,2078.3564,-26.33663,100,0,0),
(@NPC,31,-134.27734,2051.3533,-23.05152,100,0,0),
(@NPC,32,-134.4426,2026.6548,-23.435081,100,0,0),
(@NPC,33,-108.46615,1996.7856,-24.515936,100,0,0),
(@NPC,34,-81.84386,1986.8429,-24.079107,100,0,0),
(@NPC,35,-55.894314,1982.2008,-26.61048,100,0,0),
(@NPC,36,-25.107857,2000.154,-28.962467,100,0,0),
(@NPC,37,-6.618924,2005.7648,-25.783165,100,0,0),
(@NPC,38,21.82411,2002.8019,-25.944729,100,0,0),
(@NPC,39,43.265625,2007.8076,-30.675196,100,0,0),
(@NPC,40,21.82411,2002.8019,-25.944729,100,0,0),
(@NPC,41,-6.618924,2005.7648,-25.783165,100,0,0),
(@NPC,42,-25.107857,2000.154,-28.962467,100,0,0),
(@NPC,43,-55.894314,1982.2008,-26.61048,100,0,0),
(@NPC,44,-81.84386,1986.8429,-24.079107,100,0,0),
(@NPC,45,-108.46615,1996.7856,-24.515936,100,0,0),
(@NPC,46,-134.4426,2026.6548,-23.435081,100,0,0),
(@NPC,47,-134.27734,2051.3533,-23.05152,100,0,0),
(@NPC,48,-124.21409,2078.3564,-26.33663,100,0,0),
(@NPC,49,-108.29124,2100.8728,-26.819826,100,0,0),
(@NPC,50,-132.77692,2100.8242,-26.798065,100,0,0),
(@NPC,51,-170.97005,2090.0647,-26.390364,100,0,0),
(@NPC,52,-192.67795,2075.5178,-26.584137,100,0,0),
(@NPC,53,-210.44716,2062.047,-26.921574,100,0,0),
(@NPC,54,-239.324,2061.7083,-28.187174,100,0,0),
(@NPC,55,-254.47353,2063.9353,-30.632046,100,0,0),
(@NPC,56,-279.07184,2068.715,-28.183018,100,0,0),
(@NPC,57,-304.1517,2066.6487,-26.905931,100,0,0),
(@NPC,58,-336.76215,2059.458,-20.211946,100,0,0),
(@NPC,59,-365.36978,2040.1763,-27.063208,100,0,0),
(@NPC,60,-378.03104,2019.3624,-27.493328,100,0,0),
(@NPC,61,-387.93164,1998.4412,-27.08271,100,0,0),
(@NPC,62,-412.39648,1996.8242,-27.082487,100,0,0),
(@NPC,63,-428.7795,1979.7114,-27.090372,100,0,0),
(@NPC,64,-446.72678,1955.6875,-24.988396,100,0,0),
(@NPC,65,-466.64084,1961.1198,-28.28892,100,0,0),
(@NPC,66,-485.72113,1960.0192,-26.90592,100,0,0),
(@NPC,67,-506.2639,1970.6986,-26.502369,100,0,0),
(@NPC,68,-542.5573,1972.1945,-26.578905,100,0,0),
(@NPC,69,-571.13477,1950.8457,-26.935192,100,0,0),
(@NPC,70,-588.3292,1944.0837,-27.532883,100,0,0),
(@NPC,71,-617.32404,1934.6172,-26.569038,100,0,0),
(@NPC,72,-639.8963,1927.0719,-28.531168,100,0,0),
(@NPC,73,-654.763,1917.6847,-29.551779,100,0,0),
(@NPC,74,-680.6504,1918.8853,-28.579773,100,0,0),
(@NPC,75,-693.30255,1923.8412,-27.21435,100,0,0),
(@NPC,76,-715.339,1929.5173,-26.697222,100,0,0);
SET @NPC := 45822;
UPDATE `creature` SET `spawndist`=0,`MovementType`=2,`position_x`=-10510.798,`position_y`=2374.7122,`position_z`=-48.453663 WHERE `guid`=@NPC;
DELETE FROM `creature_movement` WHERE `id`=@NPC;
INSERT INTO `creature_movement` (`id`,`point`,`positionx`,`positiony`,`positionz`,`orientation`,`waittime`,`scriptid`) VALUES
(@NPC,1,-10510.798,2374.7122,-48.453663,100,0,0),
(@NPC,2,-10481.732,2369.9707,-48.55732,100,0,0),
(@NPC,3,-10447.688,2366.3064,-49.23583,100,0,0),
(@NPC,4,-10425.143,2366.2314,-49.1588,100,0,0),
(@NPC,5,-10401.472,2365.9678,-48.888813,100,0,0),
(@NPC,6,-10384.112,2369.7717,-49.295868,100,0,0),
(@NPC,7,-10362.621,2362.6245,-49.323666,100,0,0),
(@NPC,8,-10354.451,2350.376,-48.873425,100,0,0),
(@NPC,9,-10332.153,2340.7646,-48.6536,100,0,0),
(@NPC,10,-10317.646,2330.986,-48.899227,100,0,0),
(@NPC,11,-10284.104,2320.889,-50.393032,100,0,0),
(@NPC,12,-10262.172,2315.8047,-50.160084,100,0,0),
(@NPC,13,-10229.623,2322.888,-49.511295,100,0,0),
(@NPC,14,-10203.697,2339.1934,-49.38879,100,0,0),
(@NPC,15,-10183.748,2326.009,-49.155113,100,0,0),
(@NPC,16,-10162.754,2327.3608,-49.3616,100,0,0),
(@NPC,17,-10140.345,2340.181,-49.323708,100,0,0),
(@NPC,18,-10128.322,2352.1255,-49.34224,100,0,0),
(@NPC,19,-10106.817,2360.9778,-49.325092,100,0,0),
(@NPC,20,-10080.911,2358.143,-49.323708,100,0,0),
(@NPC,21,-10053.521,2357.1958,-49.323704,100,0,0),
(@NPC,22,-10034.309,2366.3638,-49.323704,100,0,0),
(@NPC,23,-10012.894,2373.195,-49.32371,100,0,0),
(@NPC,24,-9985.744,2374.4998,-49.32371,100,0,0),
(@NPC,25,-9963.55,2373.1284,-49.409435,100,0,0),
(@NPC,26,-9941.316,2367.1946,-49.323715,100,0,0),
(@NPC,27,-9922.698,2357.6047,-49.32371,100,0,0),
(@NPC,28,-9941.316,2367.1946,-49.323715,100,0,0),
(@NPC,29,-9963.55,2373.1284,-49.409435,100,0,0),
(@NPC,30,-9985.744,2374.4998,-49.32371,100,0,0),
(@NPC,31,-10012.894,2373.195,-49.32371,100,0,0),
(@NPC,32,-10034.309,2366.3638,-49.323704,100,0,0),
(@NPC,33,-10053.521,2357.1958,-49.323704,100,0,0),
(@NPC,34,-10080.911,2358.143,-49.323708,100,0,0),
(@NPC,35,-10106.817,2360.9778,-49.325092,100,0,0),
(@NPC,36,-10128.322,2352.1255,-49.34224,100,0,0),
(@NPC,37,-10140.345,2340.181,-49.323708,100,0,0),
(@NPC,38,-10162.754,2327.3608,-49.3616,100,0,0),
(@NPC,39,-10183.748,2326.009,-49.155113,100,0,0),
(@NPC,40,-10203.697,2339.1934,-49.38879,100,0,0),
(@NPC,41,-10229.623,2322.888,-49.511295,100,0,0),
(@NPC,42,-10262.172,2315.8047,-50.160084,100,0,0),
(@NPC,43,-10284.104,2320.889,-50.393032,100,0,0),
(@NPC,44,-10317.646,2330.986,-48.899227,100,0,0),
(@NPC,45,-10332.153,2340.7646,-48.6536,100,0,0),
(@NPC,46,-10354.451,2350.376,-48.873425,100,0,0),
(@NPC,47,-10362.621,2362.6245,-49.323666,100,0,0),
(@NPC,48,-10384.112,2369.7717,-49.295868,100,0,0),
(@NPC,49,-10401.472,2365.9678,-48.888813,100,0,0),
(@NPC,50,-10425.143,2366.2314,-49.1588,100,0,0),
(@NPC,51,-10447.688,2366.3064,-49.23583,100,0,0),
(@NPC,52,-10481.732,2369.9707,-48.55732,100,0,0);
SET @NPC := 45829;
UPDATE `creature` SET `spawndist`=0,`MovementType`=2,`position_x`=-11745.13,`position_y`=2285.3813,`position_z`=-45.586575 WHERE `guid`=@NPC;
DELETE FROM `creature_movement` WHERE `id`=@NPC;
INSERT INTO `creature_movement` (`id`,`point`,`positionx`,`positiony`,`positionz`,`orientation`,`waittime`,`scriptid`) VALUES
(@NPC,1,-11745.13,2285.3813,-45.586575,100,0,0),
(@NPC,2,-11740.469,2262.3936,-44.559555,100,0,0),
(@NPC,3,-11729.947,2235.1572,-42.1893,100,0,0),
(@NPC,4,-11735.325,2214.6538,-42.274437,100,0,0),
(@NPC,5,-11735.702,2188.7253,-41.31621,100,0,0),
(@NPC,6,-11735.353,2162.327,-41.969227,100,0,0),
(@NPC,7,-11730.025,2143.6116,-46.34278,100,0,0),
(@NPC,8,-11724.099,2131.067,-47.22814,100,0,0),
(@NPC,9,-11726.118,2109.0798,-44.972507,100,0,0),
(@NPC,10,-11726.091,2090.1348,-45.659122,100,0,0),
(@NPC,11,-11721.773,2069.7517,-45.228306,100,0,0),
(@NPC,12,-11720.949,2051.2004,-45.97374,100,0,0),
(@NPC,13,-11725.311,2027.9653,-46.285694,100,0,0),
(@NPC,14,-11732.919,2007.0577,-46.65,100,0,0),
(@NPC,15,-11740.825,1979.7146,-48.055435,100,0,0),
(@NPC,16,-11743.106,1950.8209,-47.218697,100,0,0),
(@NPC,17,-11746.717,1929.1221,-48.649387,100,0,0),
(@NPC,18,-11731.872,1911.7684,-45.6039,100,0,0),
(@NPC,19,-11711.486,1882.7048,-39.820553,100,0,0),
(@NPC,20,-11705.884,1853.3385,-41.041737,100,0,0),
(@NPC,21,-11713.251,1825.6506,-42.980465,100,0,0),
(@NPC,22,-11729.974,1800.8964,-43.642673,100,0,0),
(@NPC,23,-11741.489,1793.2258,-43.941826,100,0,0),
(@NPC,24,-11762.642,1791.7864,-47.31677,100,0,0),
(@NPC,25,-11789.877,1790.4548,-48.727535,100,0,0),
(@NPC,26,-11762.642,1791.7864,-47.31677,100,0,0),
(@NPC,27,-11741.489,1793.2258,-43.941826,100,0,0),
(@NPC,28,-11729.974,1800.8964,-43.642673,100,0,0),
(@NPC,29,-11713.251,1825.6506,-42.980465,100,0,0),
(@NPC,30,-11705.884,1853.3385,-41.041737,100,0,0),
(@NPC,31,-11711.486,1882.7048,-39.820553,100,0,0),
(@NPC,32,-11731.872,1911.7684,-45.6039,100,0,0),
(@NPC,33,-11746.725,1929.0994,-48.66055,100,0,0),
(@NPC,34,-11743.106,1950.8209,-47.218697,100,0,0),
(@NPC,35,-11740.825,1979.7146,-48.055435,100,0,0),
(@NPC,36,-11732.919,2007.0577,-46.65,100,0,0),
(@NPC,37,-11725.311,2027.9653,-46.285694,100,0,0),
(@NPC,38,-11720.949,2051.2004,-45.97374,100,0,0),
(@NPC,39,-11721.773,2069.7517,-45.228306,100,0,0),
(@NPC,40,-11726.091,2090.1348,-45.659122,100,0,0),
(@NPC,41,-11726.118,2109.0798,-44.972507,100,0,0),
(@NPC,42,-11724.099,2131.067,-47.22814,100,0,0),
(@NPC,43,-11730.025,2143.6116,-46.34278,100,0,0),
(@NPC,44,-11735.353,2162.327,-41.969227,100,0,0),
(@NPC,45,-11735.702,2188.7253,-41.31621,100,0,0),
(@NPC,46,-11735.325,2214.6538,-42.274437,100,0,0),
(@NPC,47,-11729.947,2235.1572,-42.1893,100,0,0),
(@NPC,48,-11740.469,2262.3936,-44.559555,100,0,0);
SET @NPC := 45872;
UPDATE `creature` SET `spawndist`=0,`MovementType`=2,`position_x`=-9375.513,`position_y`=1770.1173,`position_z`=-49.32368 WHERE `guid`=@NPC;
DELETE FROM `creature_movement` WHERE `id`=@NPC;
INSERT INTO `creature_movement` (`id`,`point`,`positionx`,`positiony`,`positionz`,`orientation`,`waittime`,`scriptid`) VALUES
(@NPC,1,-9375.513,1770.1173,-49.32368,100,0,0),
(@NPC,2,-9394.925,1753.6793,-48.894604,100,0,0),
(@NPC,3,-9398.951,1726.9352,-49.33413,100,0,0),
(@NPC,4,-9402.122,1707.5145,-49.32367,100,0,0),
(@NPC,5,-9405.9375,1691.7931,-49.32371,100,0,0),
(@NPC,6,-9412.746,1662.4899,-49.328876,100,0,0),
(@NPC,7,-9409.348,1650.9661,-49.3374,100,0,0),
(@NPC,8,-9401.468,1632.137,-49.323677,100,0,0),
(@NPC,9,-9391.92,1609.7075,-49.323673,100,0,0),
(@NPC,10,-9386.701,1591.1215,-49.555515,100,0,0),
(@NPC,11,-9378.239,1565.8514,-49.26908,100,0,0),
(@NPC,12,-9360.417,1546.2266,-49.323692,100,0,0),
(@NPC,13,-9359.709,1520.5944,-49.323692,100,0,0),
(@NPC,14,-9372.765,1494.996,-49.32369,100,0,0),
(@NPC,15,-9377.916,1467.1539,-49.381474,100,0,0),
(@NPC,16,-9362.606,1446.8334,-49.73212,100,0,0),
(@NPC,17,-9345.151,1439.1428,-49.375423,100,0,0),
(@NPC,18,-9337.118,1416.2104,-49.323658,100,0,0),
(@NPC,19,-9324.2705,1394.9755,-49.32366,100,0,0),
(@NPC,20,-9306.561,1384.2079,-49.59035,100,0,0),
(@NPC,21,-9277.834,1360.9834,-49.165863,100,0,0),
(@NPC,22,-9267.099,1349.5934,-49.041294,100,0,0),
(@NPC,23,-9267.822,1312.8821,-49.32366,100,0,0),
(@NPC,24,-9255.698,1280.7006,-49.323986,100,0,0),
(@NPC,25,-9238.796,1266.7921,-49.223698,100,0,0),
(@NPC,26,-9214.504,1251.6842,-47.65036,100,0,0),
(@NPC,27,-9238.796,1266.7921,-49.223698,100,0,0),
(@NPC,28,-9255.698,1280.7006,-49.323986,100,0,0),
(@NPC,29,-9267.822,1312.8821,-49.32366,100,0,0),
(@NPC,30,-9267.099,1349.5934,-49.041294,100,0,0),
(@NPC,31,-9277.834,1360.9834,-49.165863,100,0,0),
(@NPC,32,-9306.561,1384.2079,-49.59035,100,0,0),
(@NPC,33,-9324.2705,1394.9755,-49.32366,100,0,0),
(@NPC,34,-9337.118,1416.2104,-49.323658,100,0,0),
(@NPC,35,-9345.151,1439.1428,-49.375423,100,0,0),
(@NPC,36,-9362.606,1446.8334,-49.73212,100,0,0),
(@NPC,37,-9377.916,1467.1539,-49.381474,100,0,0),
(@NPC,38,-9372.765,1494.996,-49.32369,100,0,0),
(@NPC,39,-9359.709,1520.5944,-49.323692,100,0,0),
(@NPC,40,-9360.417,1546.2266,-49.323692,100,0,0),
(@NPC,41,-9378.239,1565.8514,-49.26908,100,0,0),
(@NPC,42,-9386.701,1591.1215,-49.555515,100,0,0),
(@NPC,43,-9391.92,1609.7075,-49.323673,100,0,0),
(@NPC,44,-9401.468,1632.137,-49.323677,100,0,0),
(@NPC,45,-9409.348,1650.9661,-49.3374,100,0,0),
(@NPC,46,-9412.746,1662.4899,-49.328876,100,0,0),
(@NPC,47,-9405.9375,1691.7931,-49.32371,100,0,0),
(@NPC,48,-9402.122,1707.5145,-49.32367,100,0,0),
(@NPC,49,-9398.951,1726.9352,-49.33413,100,0,0),
(@NPC,50,-9394.925,1753.6793,-48.894604,100,0,0);
SET @NPC := 45895;
SET @POINT := 0;
UPDATE `creature` SET `spawndist`=0,`MovementType`=2,`position_x`=-11752.813,`position_y`=2352.357,`position_z`=-47.49553 WHERE `guid`=@NPC;
DELETE FROM `creature_movement` WHERE `id`=@NPC;
INSERT INTO `creature_movement` (`id`,`point`,`positionx`,`positiony`,`positionz`,`orientation`,`waittime`,`scriptid`) VALUES
(@NPC,(@POINT := @POINT + 1),-11752.813,2352.357,-47.49553,100,0,0),
(@NPC,(@POINT := @POINT + 1),-11741.18,2372.1904,-42.509243,100,0,0),
(@NPC,(@POINT := @POINT + 1),-11712.354,2372.3918,-37.838867,100,0,0),
(@NPC,(@POINT := @POINT + 1),-11676.435,2381.8782,-41.143055,100,0,0),
(@NPC,(@POINT := @POINT + 1),-11654.758,2383.6243,-43.545784,100,0,0),
(@NPC,(@POINT := @POINT + 1),-11631.615,2374.48,-45.945053,100,0,0),
(@NPC,(@POINT := @POINT + 1),-11613.955,2359.6597,-44.145893,100,0,0),
(@NPC,(@POINT := @POINT + 1),-11595.09,2341.0845,-41.458847,100,0,0),
(@NPC,(@POINT := @POINT + 1),-11583.426,2320.1772,-43.46651,100,0,0),
(@NPC,(@POINT := @POINT + 1),-11548.841,2316.046,-44.965923,100,0,0),
(@NPC,(@POINT := @POINT + 1),-11517.558,2306.6692,-48.09439,100,0,0),
(@NPC,(@POINT := @POINT + 1),-11481.359,2296.6116,-48.99771,100,0,0),
(@NPC,(@POINT := @POINT + 1),-11451.464,2287.8862,-49.28848,100,0,0),
(@NPC,(@POINT := @POINT + 1),-11425.843,2286.7102,-48.928795,100,0,0),
(@NPC,(@POINT := @POINT + 1),-11387.9,2293.8425,-49.295532,100,0,0),
(@NPC,(@POINT := @POINT + 1),-11355.107,2303.4363,-49.138966,100,0,0),
(@NPC,(@POINT := @POINT + 1),-11327.359,2292.7773,-48.242188,100,0,0),
(@NPC,(@POINT := @POINT + 1),-11309.462,2289.8171,-49.247505,100,0,0),
(@NPC,(@POINT := @POINT + 1),-11287.089,2293.7673,-49.340973,100,0,0),
(@NPC,(@POINT := @POINT + 1),-11273.583,2312.5305,-49.206337,100,0,0),
(@NPC,(@POINT := @POINT + 1),-11252.363,2325.634,-48.79274,100,0,0),
(@NPC,(@POINT := @POINT + 1),-11238.412,2334.23,-49.167526,100,0,0),
(@NPC,(@POINT := @POINT + 1),-11220.342,2359.4807,-51.20342,100,0,0),
(@NPC,(@POINT := @POINT + 1),-11201.285,2379.074,-48.081173,100,0,0),
(@NPC,(@POINT := @POINT + 1),-11199.73,2399.6523,-48.90241,100,0,0),
(@NPC,(@POINT := @POINT + 1),-11203.176,2418.0598,-46.27627,100,0,0),
(@NPC,(@POINT := @POINT + 1),-11203.514,2435.9744,-46.513535,100,0,0),
(@NPC,(@POINT := @POINT + 1),-11205.261,2447.361,-47.429497,100,0,0),
(@NPC,(@POINT := @POINT + 1),-11203.002,2461.4849,-47.55536,100,0,0),
(@NPC,(@POINT := @POINT + 1),-11201.566,2474.8865,-47.703506,100,0,0),
(@NPC,(@POINT := @POINT + 1),-11194.496,2485.011,-46.787968,100,0,0),
(@NPC,(@POINT := @POINT + 1),-11201.566,2474.8865,-47.703506,100,0,0),
(@NPC,(@POINT := @POINT + 1),-11203.002,2461.4849,-47.55536,100,0,0),
(@NPC,(@POINT := @POINT + 1),-11205.261,2447.361,-47.429497,100,0,0),
(@NPC,(@POINT := @POINT + 1),-11203.514,2435.9744,-46.513535,100,0,0),
(@NPC,(@POINT := @POINT + 1),-11203.176,2418.0598,-46.27627,100,0,0),
(@NPC,(@POINT := @POINT + 1),-11199.73,2399.6523,-48.90241,100,0,0),
(@NPC,(@POINT := @POINT + 1),-11201.285,2379.074,-48.081173,100,0,0),
(@NPC,(@POINT := @POINT + 1),-11220.342,2359.4807,-51.20342,100,0,0),
(@NPC,(@POINT := @POINT + 1),-11238.412,2334.23,-49.167526,100,0,0),
(@NPC,(@POINT := @POINT + 1),-11252.363,2325.634,-48.79274,100,0,0),
(@NPC,(@POINT := @POINT + 1),-11273.583,2312.5305,-49.206337,100,0,0),
(@NPC,(@POINT := @POINT + 1),-11287.089,2293.7673,-49.340973,100,0,0),
(@NPC,(@POINT := @POINT + 1),-11309.462,2289.8171,-49.247505,100,0,0),
(@NPC,(@POINT := @POINT + 1),-11327.359,2292.7773,-48.242188,100,0,0),
(@NPC,(@POINT := @POINT + 1),-11355.107,2303.4363,-49.138966,100,0,0),
(@NPC,(@POINT := @POINT + 1),-11387.9,2293.8425,-49.295532,100,0,0),
(@NPC,(@POINT := @POINT + 1),-11425.843,2286.7102,-48.928795,100,0,0),
(@NPC,(@POINT := @POINT + 1),-11451.464,2287.8862,-49.28848,100,0,0),
(@NPC,(@POINT := @POINT + 1),-11481.359,2296.6116,-48.99771,100,0,0),
(@NPC,(@POINT := @POINT + 1),-11517.558,2306.6692,-48.09439,100,0,0),
(@NPC,(@POINT := @POINT + 1),-11548.841,2316.046,-44.965923,100,0,0),
(@NPC,(@POINT := @POINT + 1),-11583.426,2320.1772,-43.46651,100,0,0),
(@NPC,(@POINT := @POINT + 1),-11595.09,2341.0845,-41.458847,100,0,0),
(@NPC,(@POINT := @POINT + 1),-11613.955,2359.6597,-44.145893,100,0,0),
(@NPC,(@POINT := @POINT + 1),-11631.615,2374.48,-45.945053,100,0,0),
(@NPC,(@POINT := @POINT + 1),-11654.758,2383.6243,-43.545784,100,0,0),
(@NPC,(@POINT := @POINT + 1),-11676.435,2381.8782,-41.143055,100,0,0),
(@NPC,(@POINT := @POINT + 1),-11712.354,2372.3918,-37.838867,100,0,0),
(@NPC,(@POINT := @POINT + 1),-11741.18,2372.1904,-42.509243,100,0,0);
SET @NPC := 45929;
SET @POINT := 0;
UPDATE `creature` SET `spawndist`=0,`MovementType`=2,`position_x`=-9371.898,`position_y`=2013.5358,`position_z`=-49.305412 WHERE `guid`=@NPC;
DELETE FROM `creature_movement` WHERE `id`=@NPC;
INSERT INTO `creature_movement` (`id`,`point`,`positionx`,`positiony`,`positionz`,`orientation`,`waittime`,`scriptid`) VALUES
(@NPC,(@POINT := @POINT + 1),-9371.898,2013.5358,-49.305412,100,0,0),
(@NPC,(@POINT := @POINT + 1),-9375.377,2035.5226,-49.323666,100,0,0),
(@NPC,(@POINT := @POINT + 1),-9384.778,2055.914,-49.323666,100,0,0),
(@NPC,(@POINT := @POINT + 1),-9402.778,2075.2322,-49.37955,100,0,0),
(@NPC,(@POINT := @POINT + 1),-9411.825,2091.8372,-48.556126,100,0,0),
(@NPC,(@POINT := @POINT + 1),-9424.404,2112.911,-47.310204,100,0,0),
(@NPC,(@POINT := @POINT + 1),-9437.791,2129.279,-49.94432,100,0,0),
(@NPC,(@POINT := @POINT + 1),-9444.8125,2144.3982,-48.484436,100,0,0),
(@NPC,(@POINT := @POINT + 1),-9452.669,2161.056,-49.32368,100,0,0),
(@NPC,(@POINT := @POINT + 1),-9472.646,2178.9392,-49.348824,100,0,0),
(@NPC,(@POINT := @POINT + 1),-9482.805,2191.8997,-49.48556,100,0,0),
(@NPC,(@POINT := @POINT + 1),-9498.311,2226.466,-49.403206,100,0,0),
(@NPC,(@POINT := @POINT + 1),-9525.6045,2235.9067,-48.431458,100,0,0),
(@NPC,(@POINT := @POINT + 1),-9551.479,2237.5076,-49.32701,100,0,0),
(@NPC,(@POINT := @POINT + 1),-9572.986,2241.144,-49.329895,100,0,0),
(@NPC,(@POINT := @POINT + 1),-9590.438,2253.1072,-49.3563,100,0,0),
(@NPC,(@POINT := @POINT + 1),-9600.091,2259.8015,-49.255234,100,0,0),
(@NPC,(@POINT := @POINT + 1),-9607.362,2278.7896,-48.30995,100,0,0),
(@NPC,(@POINT := @POINT + 1),-9614.007,2291.364,-48.77,100,0,0),
(@NPC,(@POINT := @POINT + 1),-9622.691,2295.1116,-47.872723,100,0,0),
(@NPC,(@POINT := @POINT + 1),-9640.452,2293.369,-49.08194,100,0,0),
(@NPC,(@POINT := @POINT + 1),-9656.1875,2285.2651,-51.250385,100,0,0),
(@NPC,(@POINT := @POINT + 1),-9674.827,2293.8315,-53.19163,100,0,0),
(@NPC,(@POINT := @POINT + 1),-9680.189,2298.5747,-52.238617,100,0,0),
(@NPC,(@POINT := @POINT + 1),-9696.556,2322.4382,-48.86149,100,0,0),
(@NPC,(@POINT := @POINT + 1),-9696.817,2335.953,-49.52276,100,0,0),
(@NPC,(@POINT := @POINT + 1),-9691.763,2356.2415,-50.153725,100,0,0),
(@NPC,(@POINT := @POINT + 1),-9702.932,2365.2146,-49.37622,100,0,0),
(@NPC,(@POINT := @POINT + 1),-9724.843,2372.7856,-49.323826,100,0,0),
(@NPC,(@POINT := @POINT + 1),-9746.457,2373.677,-49.323708,100,0,0),
(@NPC,(@POINT := @POINT + 1),-9769.08,2371.1128,-49.524952,100,0,0),
(@NPC,(@POINT := @POINT + 1),-9783.666,2353.3552,-49.324673,100,0,0),
(@NPC,(@POINT := @POINT + 1),-9804.024,2335.5168,-49.328007,100,0,0),
(@NPC,(@POINT := @POINT + 1),-9819.598,2329.8425,-49.347214,100,0,0),
(@NPC,(@POINT := @POINT + 1),-9843.26,2330.8484,-50.09211,100,0,0),
(@NPC,(@POINT := @POINT + 1),-9858.645,2327.5571,-50.219105,100,0,0),
(@NPC,(@POINT := @POINT + 1),-9881.009,2336.715,-49.81069,100,0,0),
(@NPC,(@POINT := @POINT + 1),-9858.645,2327.5571,-50.219105,100,0,0),
(@NPC,(@POINT := @POINT + 1),-9843.26,2330.8484,-50.09211,100,0,0),
(@NPC,(@POINT := @POINT + 1),-9819.598,2329.8425,-49.347214,100,0,0),
(@NPC,(@POINT := @POINT + 1),-9804.024,2335.5168,-49.328007,100,0,0),
(@NPC,(@POINT := @POINT + 1),-9783.666,2353.3552,-49.324673,100,0,0),
(@NPC,(@POINT := @POINT + 1),-9769.08,2371.1128,-49.524952,100,0,0),
(@NPC,(@POINT := @POINT + 1),-9746.457,2373.677,-49.323708,100,0,0),
(@NPC,(@POINT := @POINT + 1),-9724.843,2372.7856,-49.323826,100,0,0),
(@NPC,(@POINT := @POINT + 1),-9702.932,2365.2146,-49.37622,100,0,0),
(@NPC,(@POINT := @POINT + 1),-9691.763,2356.2415,-50.153725,100,0,0),
(@NPC,(@POINT := @POINT + 1),-9696.817,2335.953,-49.52276,100,0,0),
(@NPC,(@POINT := @POINT + 1),-9696.556,2322.4382,-48.86149,100,0,0),
(@NPC,(@POINT := @POINT + 1),-9680.189,2298.5747,-52.238617,100,0,0),
(@NPC,(@POINT := @POINT + 1),-9674.827,2293.8315,-53.19163,100,0,0),
(@NPC,(@POINT := @POINT + 1),-9656.1875,2285.2651,-51.250385,100,0,0),
(@NPC,(@POINT := @POINT + 1),-9640.452,2293.369,-49.08194,100,0,0),
(@NPC,(@POINT := @POINT + 1),-9622.691,2295.1116,-47.872723,100,0,0),
(@NPC,(@POINT := @POINT + 1),-9614.007,2291.364,-48.77,100,0,0),
(@NPC,(@POINT := @POINT + 1),-9607.362,2278.7896,-48.30995,100,0,0),
(@NPC,(@POINT := @POINT + 1),-9600.091,2259.8015,-49.255234,100,0,0),
(@NPC,(@POINT := @POINT + 1),-9590.438,2253.1072,-49.3563,100,0,0),
(@NPC,(@POINT := @POINT + 1),-9572.986,2241.144,-49.329895,100,0,0),
(@NPC,(@POINT := @POINT + 1),-9551.479,2237.5076,-49.32701,100,0,0),
(@NPC,(@POINT := @POINT + 1),-9525.6045,2235.9067,-48.431458,100,0,0),
(@NPC,(@POINT := @POINT + 1),-9498.311,2226.466,-49.403206,100,0,0),
(@NPC,(@POINT := @POINT + 1),-9482.805,2191.8997,-49.48556,100,0,0),
(@NPC,(@POINT := @POINT + 1),-9472.646,2178.9392,-49.348824,100,0,0),
(@NPC,(@POINT := @POINT + 1),-9452.669,2161.056,-49.32368,100,0,0),
(@NPC,(@POINT := @POINT + 1),-9444.8125,2144.3982,-48.484436,100,0,0),
(@NPC,(@POINT := @POINT + 1),-9437.791,2129.279,-49.94432,100,0,0),
(@NPC,(@POINT := @POINT + 1),-9424.404,2112.911,-47.310204,100,0,0),
(@NPC,(@POINT := @POINT + 1),-9411.825,2091.8372,-48.556126,100,0,0),
(@NPC,(@POINT := @POINT + 1),-9402.778,2075.2322,-49.37955,100,0,0),
(@NPC,(@POINT := @POINT + 1),-9384.778,2055.914,-49.323666,100,0,0),
(@NPC,(@POINT := @POINT + 1),-9375.377,2035.5226,-49.323666,100,0,0);
SET @NPC := 45975;
UPDATE `creature` SET `spawndist`=0,`MovementType`=2,`position_x`=7802.3784,`position_y`=125.48118,`position_z`=-49.297783 WHERE `guid`=@NPC;
DELETE FROM `creature_movement` WHERE `id`=@NPC;
INSERT INTO `creature_movement` (`id`,`point`,`positionx`,`positiony`,`positionz`,`orientation`,`waittime`,`scriptid`) VALUES
(@NPC,1,7802.3784,125.48118,-49.297783,100,0,0),
(@NPC,2,7793.797,107.88145,-48.920044,100,0,0),
(@NPC,3,7800.2163,86.378716,-46.983852,100,0,0),
(@NPC,4,7807.114,72.28744,-44.11554,100,0,0),
(@NPC,5,7814.981,51.6856,-43.500942,100,0,0),
(@NPC,6,7817.847,34.272842,-43.377926,100,0,0),
(@NPC,7,7843.153,17.219456,-40.983753,100,0,0),
(@NPC,8,7850.934,-3.857965,-41.169914,100,0,0),
(@NPC,9,7849.0254,-26.549643,-40.953804,100,0,0),
(@NPC,10,7858.3193,-40.989693,-40.953815,100,0,0),
(@NPC,11,7849.6504,-63.976616,-41.325504,100,0,0),
(@NPC,12,7845.8125,-91.24175,-40.85819,100,0,0),
(@NPC,13,7853.3906,-108.90831,-40.929794,100,0,0),
(@NPC,14,7869.635,-122.93045,-40.44369,100,0,0),
(@NPC,15,7873.152,-140.07173,-32.45444,100,0,0),
(@NPC,16,7890.205,-159.30078,-40.608833,100,0,0),
(@NPC,17,7906.2363,-159.67773,-43.400475,100,0,0),
(@NPC,18,7923.4097,-176.60791,-40.525986,100,0,0),
(@NPC,19,7935.3594,-191.12956,-39.549026,100,0,0),
(@NPC,20,7936.3594,-208.94147,-40.826736,100,0,0),
(@NPC,21,7926.6943,-220.24393,-40.081135,100,0,0),
(@NPC,22,7929.9697,-241.64893,-40.976784,100,0,0),
(@NPC,23,7938.5903,-257.16956,-39.970783,100,0,0),
(@NPC,24,7951.184,-269.71414,-39.180874,100,0,0),
(@NPC,25,7955.607,-288.0663,-40.069027,100,0,0),
(@NPC,26,7957.7485,-305.55008,-40.884876,100,0,0),
(@NPC,27,7955.3325,-326.8554,-40.936886,100,0,0),
(@NPC,28,7956.401,-349.5325,-40.052017,100,0,0),
(@NPC,29,7966.093,-364.91547,-40.450687,100,0,0),
(@NPC,30,7975.932,-381.7513,-39.98137,100,0,0),
(@NPC,31,7966.093,-364.91547,-40.450687,100,0,0),
(@NPC,32,7956.401,-349.5325,-40.052017,100,0,0),
(@NPC,33,7955.3325,-326.8554,-40.936886,100,0,0),
(@NPC,34,7957.7485,-305.55008,-40.884876,100,0,0),
(@NPC,35,7955.607,-288.0663,-40.069027,100,0,0),
(@NPC,36,7951.184,-269.71414,-39.180874,100,0,0),
(@NPC,37,7938.5903,-257.16956,-39.970783,100,0,0),
(@NPC,38,7929.9697,-241.64893,-40.976784,100,0,0),
(@NPC,39,7926.6943,-220.24393,-40.081135,100,0,0),
(@NPC,40,7936.3594,-208.94147,-40.826736,100,0,0),
(@NPC,41,7935.3594,-191.12956,-39.549026,100,0,0),
(@NPC,42,7923.4097,-176.60791,-40.525986,100,0,0),
(@NPC,43,7906.2363,-159.67773,-43.400475,100,0,0),
(@NPC,44,7890.2363,-159.30273,-40.54209,100,0,0),
(@NPC,45,7873.152,-140.07173,-32.45444,100,0,0),
(@NPC,46,7869.635,-122.93045,-40.44369,100,0,0),
(@NPC,47,7853.3906,-108.90831,-40.929794,100,0,0),
(@NPC,48,7845.8125,-91.24175,-40.85819,100,0,0),
(@NPC,49,7849.6504,-63.976616,-41.325504,100,0,0),
(@NPC,50,7858.3193,-40.989693,-40.953815,100,0,0),
(@NPC,51,7849.0254,-26.549643,-40.953804,100,0,0),
(@NPC,52,7850.934,-3.857965,-41.169914,100,0,0),
(@NPC,53,7843.153,17.219456,-40.983753,100,0,0),
(@NPC,54,7817.847,34.272842,-43.377926,100,0,0),
(@NPC,55,7814.981,51.6856,-43.500942,100,0,0),
(@NPC,56,7807.114,72.28744,-44.11554,100,0,0),
(@NPC,57,7800.2163,86.378716,-46.983852,100,0,0),
(@NPC,58,7793.797,107.88145,-48.920044,100,0,0);
SET @NPC := 46019;
UPDATE `creature` SET `spawndist`=0,`MovementType`=2,`position_x`=8134.8022,`position_y`=-836.6719,`position_z`=-40.134033 WHERE `guid`=@NPC;
DELETE FROM `creature_movement` WHERE `id`=@NPC;
INSERT INTO `creature_movement` (`id`,`point`,`positionx`,`positiony`,`positionz`,`orientation`,`waittime`,`scriptid`) VALUES
(@NPC,1,8134.8022,-836.6719,-40.134033,100,0,0),
(@NPC,2,8131.752,-822.4887,-41.271465,100,0,0),
(@NPC,3,8127.3228,-799.64496,-42.567482,100,0,0),
(@NPC,4,8128.6006,-783.05524,-41.422424,100,0,0),
(@NPC,5,8130.4453,-766.7687,-41.962513,100,0,0),
(@NPC,6,8126.114,-751.17004,-40.667347,100,0,0),
(@NPC,7,8115.6797,-741.43097,-38.73201,100,0,0),
(@NPC,8,8104.9517,-720.7225,-40.18502,100,0,0),
(@NPC,9,8095.6797,-707.89734,-40.878784,100,0,0),
(@NPC,10,8086.0244,-699.9971,-40.978767,100,0,0),
(@NPC,11,8074.375,-704.8757,-40.77322,100,0,0),
(@NPC,12,8060.973,-706.268,-42.791138,100,0,0),
(@NPC,13,8055.4697,-697.82587,-51.761295,100,0,0),
(@NPC,14,8049.752,-685.39606,-48.292946,100,0,0),
(@NPC,15,8035.441,-681.5139,-34.146626,100,0,0),
(@NPC,16,8013.2666,-685.1811,-30.335743,100,0,0),
(@NPC,17,7981.941,-679.64703,-21.15667,100,0,0),
(@NPC,18,7970.1797,-668.99445,-27.021477,100,0,0),
(@NPC,19,7965.924,-645.0463,-38.81103,100,0,0),
(@NPC,20,7955.257,-616.9217,-38.0613,100,0,0),
(@NPC,21,7935.818,-584.71747,-41.475227,100,0,0),
(@NPC,22,7926.5957,-557.783,-40.959846,100,0,0),
(@NPC,23,7927.624,-535.99945,-41.538754,100,0,0),
(@NPC,24,7937.7544,-503.65952,-40.956593,100,0,0),
(@NPC,25,7955.8013,-473.48514,-40.296925,100,0,0),
(@NPC,26,7971.3716,-447.4146,-39.693623,100,0,0),
(@NPC,27,7974,-423.58453,-40.04128,100,0,0),
(@NPC,28,7971.3716,-447.4146,-39.693623,100,0,0),
(@NPC,29,7955.8013,-473.48514,-40.296925,100,0,0),
(@NPC,30,7937.7544,-503.65952,-40.956593,100,0,0),
(@NPC,31,7927.624,-535.99945,-41.538754,100,0,0),
(@NPC,32,7926.5957,-557.783,-40.959846,100,0,0),
(@NPC,33,7935.818,-584.71747,-41.475227,100,0,0),
(@NPC,34,7955.257,-616.9217,-38.0613,100,0,0),
(@NPC,35,7965.924,-645.0463,-38.81103,100,0,0),
(@NPC,36,7970.1797,-668.99445,-27.021477,100,0,0),
(@NPC,37,7981.941,-679.64703,-21.15667,100,0,0),
(@NPC,38,8013.2666,-685.1811,-30.335743,100,0,0),
(@NPC,39,8035.441,-681.5139,-34.146626,100,0,0),
(@NPC,40,8049.752,-685.39606,-48.292946,100,0,0),
(@NPC,41,8055.4697,-697.82587,-51.761295,100,0,0),
(@NPC,42,8060.973,-706.268,-42.791138,100,0,0),
(@NPC,43,8074.375,-704.8757,-40.77322,100,0,0),
(@NPC,44,8086.0244,-699.9971,-40.978767,100,0,0),
(@NPC,45,8095.6797,-707.89734,-40.878784,100,0,0),
(@NPC,46,8104.9517,-720.7225,-40.18502,100,0,0),
(@NPC,47,8115.6797,-741.43097,-38.73201,100,0,0),
(@NPC,48,8126.114,-751.17004,-40.667347,100,0,0),
(@NPC,49,8130.4453,-766.7687,-41.962513,100,0,0),
(@NPC,50,8128.6006,-783.05524,-41.422424,100,0,0),
(@NPC,51,8127.3228,-799.64496,-42.567482,100,0,0),
(@NPC,52,8131.752,-822.4887,-41.271465,100,0,0);
SET @NPC := 47495;
UPDATE `creature` SET `spawndist`=0,`MovementType`=2,`position_x`=4844.766,`position_y`=1179.8939,`position_z`=-60.21441 WHERE `guid`=@NPC;
DELETE FROM `creature_movement` WHERE `id`=@NPC;
INSERT INTO `creature_movement` (`id`,`point`,`positionx`,`positiony`,`positionz`,`orientation`,`waittime`,`scriptid`) VALUES
(@NPC,1,4844.766,1179.8939,-60.21441,100,0,0),
(@NPC,2,4878.1675,1190.7233,-63.3942,100,0,0),
(@NPC,3,4923.4736,1193.145,-63.446198,100,0,0),
(@NPC,4,4954.0156,1193.5875,-55.98921,100,0,0),
(@NPC,5,4979.139,1212.6051,-62.253468,100,0,0),
(@NPC,6,5014.1694,1211.7435,-62.95014,100,0,0),
(@NPC,7,5046.6626,1213.9763,-58.00392,100,0,0),
(@NPC,8,5082.1216,1210.3367,-51.839745,100,0,0),
(@NPC,9,5119.3774,1183.9844,-47.65076,100,0,0),
(@NPC,10,5153.502,1183.6526,-47.890156,100,0,0),
(@NPC,11,5188.0547,1190.496,-49.312744,100,0,0),
(@NPC,12,5218.3315,1212.1556,-45.528652,100,0,0),
(@NPC,13,5251.109,1225.8187,-45.125008,100,0,0),
(@NPC,14,5280.9844,1238.9106,-48.15255,100,0,0),
(@NPC,15,5308.271,1248.2626,-48.598286,100,0,0),
(@NPC,16,5322.0347,1270.7565,-46.345604,100,0,0),
(@NPC,17,5341.369,1254.5459,-47.13588,100,0,0),
(@NPC,18,5356.452,1219.1627,-62.71325,100,0,0),
(@NPC,19,5360.5444,1187.2048,-63.110336,100,0,0),
(@NPC,20,5359.1006,1153.8225,-64.21479,100,0,0),
(@NPC,21,5384.2925,1138.5608,-64.37565,100,0,0),
(@NPC,22,5403.794,1138.2913,-68.5851,100,0,0),
(@NPC,23,5417.1763,1150.392,-74.3359,100,0,0),
(@NPC,24,5420.5527,1176.1631,-81.96785,100,0,0),
(@NPC,25,5414.007,1212.9615,-82.26464,100,0,0),
(@NPC,26,5412.2407,1247.7418,-94.123055,100,0,0),
(@NPC,27,5414.007,1212.9615,-82.26464,100,0,0),
(@NPC,28,5420.559,1176.2924,-82.057304,100,0,0),
(@NPC,29,5417.1763,1150.392,-74.3359,100,0,0),
(@NPC,30,5403.8164,1138.3154,-68.57826,100,0,0),
(@NPC,31,5384.2925,1138.5608,-64.37565,100,0,0),
(@NPC,32,5359.1006,1153.8225,-64.21479,100,0,0),
(@NPC,33,5360.5444,1187.2048,-63.110336,100,0,0),
(@NPC,34,5356.452,1219.1627,-62.71325,100,0,0),
(@NPC,35,5341.369,1254.5459,-47.13588,100,0,0),
(@NPC,36,5322.0347,1270.7565,-46.345604,100,0,0),
(@NPC,37,5308.271,1248.2626,-48.598286,100,0,0),
(@NPC,38,5280.9844,1238.9106,-48.15255,100,0,0),
(@NPC,39,5251.109,1225.8187,-45.125008,100,0,0),
(@NPC,40,5218.3315,1212.1556,-45.528652,100,0,0),
(@NPC,41,5188.0547,1190.496,-49.312744,100,0,0),
(@NPC,42,5153.502,1183.6526,-47.890156,100,0,0),
(@NPC,43,5119.3774,1183.9844,-47.65076,100,0,0),
(@NPC,44,5082.1216,1210.3367,-51.839745,100,0,0),
(@NPC,45,5046.6626,1213.9763,-58.00392,100,0,0),
(@NPC,46,5014.1694,1211.7435,-62.95014,100,0,0),
(@NPC,47,4979.139,1212.6051,-62.253468,100,0,0),
(@NPC,48,4954.0156,1193.5875,-55.98921,100,0,0),
(@NPC,49,4923.4736,1193.145,-63.446198,100,0,0),
(@NPC,50,4878.1675,1190.7233,-63.3942,100,0,0);
SET @NPC := 47499;
UPDATE `creature` SET `spawndist`=0,`MovementType`=2,`position_x`=7475.924,`position_y`=495.02505,`position_z`=-23.045904 WHERE `guid`=@NPC;
DELETE FROM `creature_movement` WHERE `id`=@NPC;
INSERT INTO `creature_movement` (`id`,`point`,`positionx`,`positiony`,`positionz`,`orientation`,`waittime`,`scriptid`) VALUES
(@NPC,1,7475.924,495.02505,-23.045904,100,0,0),
(@NPC,2,7481.47600,469.89224,-21.636456,100,0,0),
(@NPC,3,7484.2803,445.07156,-22.228525,100,0,0),
(@NPC,4,7500.9775,427.51535,-22.305315,100,0,0),
(@NPC,5,7517.291,422.05103,-22.497606,100,0,0),
(@NPC,6,7522.888,399.04742,-19.452967,100,0,0),
(@NPC,7,7524.514,384.858,-19.784554,100,0,0),
(@NPC,8,7534.7085,367.49893,-29.606258,100,0,0),
(@NPC,9,7550.0146,359.01068,-33.695774,100,0,0),
(@NPC,10,7573.264,356.996,-39.382313,100,0,0),
(@NPC,11,7607.297,374.31085,-48.98703,100,0,0),
(@NPC,12,7629.0547,384.37436,-49.989414,100,0,0),
(@NPC,13,7643.0635,399.05215,-47.412872,100,0,0),
(@NPC,14,7654.5947,419.1046,-48.86504,100,0,0),
(@NPC,15,7646.1494,385.53488,-48.298214,100,0,0),
(@NPC,16,7645.026,355.37326,-47.043583,100,0,0),
(@NPC,17,7650.7256,330.9955,-48.713154,100,0,0),
(@NPC,18,7635.6606,307.5624,-48.708332,100,0,0),
(@NPC,19,7629.2734,281.23532,-47.9159,100,0,0),
(@NPC,20,7619.3203,257.25946,-45.777184,100,0,0),
(@NPC,21,7637.4556,221.18527,-48.45704,100,0,0),
(@NPC,22,7658.8804,209.7599,-47.962177,100,0,0),
(@NPC,23,7673.5166,205.37483,-48.813007,100,0,0),
(@NPC,24,7697.837,205.38113,-49.171253,100,0,0),
(@NPC,25,7717.548,202.46638,-49.055412,100,0,0),
(@NPC,26,7743.096,205.84529,-49.36609,100,0,0),
(@NPC,27,7763.231,192.04352,-49.154133,100,0,0),
(@NPC,28,7778.837,176.4327,-49.10277,100,0,0),
(@NPC,29,7792.593,153.18994,-49.9042,100,0,0),
(@NPC,30,7804.158,133.97627,-49.323685,100,0,0),
(@NPC,31,7792.593,153.18994,-49.9042,100,0,0),
(@NPC,32,7778.837,176.4327,-49.10277,100,0,0),
(@NPC,33,7763.231,192.04352,-49.154133,100,0,0),
(@NPC,34,7743.096,205.84529,-49.36609,100,0,0),
(@NPC,35,7717.548,202.46638,-49.055412,100,0,0),
(@NPC,36,7697.837,205.38113,-49.171253,100,0,0),
(@NPC,37,7673.5166,205.37483,-48.813007,100,0,0),
(@NPC,38,7658.8804,209.7599,-47.962177,100,0,0),
(@NPC,39,7637.4556,221.18527,-48.45704,100,0,0),
(@NPC,40,7619.3203,257.25946,-45.777184,100,0,0),
(@NPC,41,7629.2734,281.23532,-47.9159,100,0,0),
(@NPC,42,7635.6606,307.5624,-48.708332,100,0,0),
(@NPC,43,7650.7256,330.9955,-48.713154,100,0,0),
(@NPC,44,7645.026,355.37326,-47.043583,100,0,0),
(@NPC,45,7646.1494,385.53488,-48.298214,100,0,0),
(@NPC,46,7654.5947,419.1046,-48.86504,100,0,0),
(@NPC,47,7643.1396,399.16016,-47.333004,100,0,0),
(@NPC,48,7629.0547,384.37436,-49.989414,100,0,0),
(@NPC,49,7607.297,374.31085,-48.98703,100,0,0),
(@NPC,50,7573.264,356.996,-39.382313,100,0,0),
(@NPC,51,7550.0146,359.01068,-33.695774,100,0,0),
(@NPC,52,7534.7085,367.49893,-29.606258,100,0,0),
(@NPC,53,7524.5723,384.7246,-19.756264,100,0,0),
(@NPC,54,7522.888,399.04742,-19.452967,100,0,0),
(@NPC,55,7517.291,422.05103,-22.497606,100,0,0),
(@NPC,56,7500.9775,427.51535,-22.305315,100,0,0),
(@NPC,57,7484.2803,445.07156,-22.228525,100,0,0),
(@NPC,58,7481.47600,469.89224,-21.636456,100,0,0);
SET @NPC := 47501;
UPDATE `creature` SET `spawndist`=0,`MovementType`=2,`position_x`=3322.0764,`position_y`=2088.7107,`position_z`=-38.87998 WHERE `guid`=@NPC;
DELETE FROM `creature_movement` WHERE `id`=@NPC;
INSERT INTO `creature_movement` (`id`,`point`,`positionx`,`positiony`,`positionz`,`orientation`,`waittime`,`scriptid`) VALUES
(@NPC,1,3322.0764,2088.7107,-38.87998,100,0,0),
(@NPC,2,3358.8555,2089.5007,-56.81653,100,0,0),
(@NPC,3,3384.9739,2074.0237,-68.89569,100,0,0),
(@NPC,4,3415.4062,2051.1382,-77.16165,100,0,0),
(@NPC,5,3420.3826,2007.8577,-76.39381,100,0,0),
(@NPC,6,3439.876,1986.0673,-79.97044,100,0,0),
(@NPC,7,3449.6396,1961.8756,-79.05991,100,0,0),
(@NPC,8,3470.3733,1941.6947,-80.82774,100,0,0),
(@NPC,9,3476.7073,1914.1367,-81.38842,100,0,0),
(@NPC,10,3456.3037,1885.8507,-87.035645,100,0,0),
(@NPC,11,3457.2488,1846.4208,-84.92592,100,0,0),
(@NPC,12,3472.419,1836.859,-85.05566,100,0,0),
(@NPC,13,3491.9565,1811.8726,-85.21457,100,0,0),
(@NPC,14,3517.9172,1786.4347,-83.80014,100,0,0),
(@NPC,15,3540.8877,1780.0696,-73.92102,100,0,0),
(@NPC,16,3561.9856,1761.4338,-67.40245,100,0,0),
(@NPC,17,3572.3618,1738.899,-66.877655,100,0,0),
(@NPC,18,3568.943,1716.987,-70.551346,100,0,0),
(@NPC,19,3572.6697,1693.6663,-69.30922,100,0,0),
(@NPC,20,3580.3726,1670.5475,-63.873455,100,0,0),
(@NPC,21,3585.6506,1643.8645,-61.815445,100,0,0),
(@NPC,22,3579.4617,1619.8783,-58.222313,100,0,0),
(@NPC,23,3585.6506,1643.8645,-61.815445,100,0,0),
(@NPC,24,3580.3726,1670.5475,-63.873455,100,0,0),
(@NPC,25,3572.6697,1693.6663,-69.30922,100,0,0),
(@NPC,26,3568.943,1716.987,-70.551346,100,0,0),
(@NPC,27,3572.3618,1738.899,-66.877655,100,0,0),
(@NPC,28,3561.9856,1761.4338,-67.40245,100,0,0),
(@NPC,29,3540.8877,1780.0696,-73.92102,100,0,0),
(@NPC,30,3517.9172,1786.4347,-83.80014,100,0,0),
(@NPC,31,3491.9565,1811.8726,-85.21457,100,0,0),
(@NPC,32,3472.419,1836.859,-85.05566,100,0,0),
(@NPC,33,3457.2488,1846.4208,-84.92592,100,0,0),
(@NPC,34,3456.3037,1885.8507,-87.035645,100,0,0),
(@NPC,35,3476.7073,1914.1367,-81.38842,100,0,0),
(@NPC,36,3470.3733,1941.6947,-80.82774,100,0,0),
(@NPC,37,3449.6396,1961.8756,-79.05991,100,0,0),
(@NPC,38,3439.876,1986.0673,-79.97044,100,0,0),
(@NPC,39,3420.3826,2007.8577,-76.39381,100,0,0),
(@NPC,40,3415.4062,2051.1382,-77.16165,100,0,0),
(@NPC,41,3384.9739,2074.0237,-68.89569,100,0,0),
(@NPC,42,3358.8555,2089.5007,-56.81653,100,0,0);
SET @NPC := 52506;
SET @POINT := 0;
UPDATE `creature` SET `spawndist`=0,`MovementType`=2,`position_x`=4990.233,`position_y`=1242.3502,`position_z`=-61.272816 WHERE `guid`=@NPC;
DELETE FROM `creature_movement` WHERE `id`=@NPC;
INSERT INTO `creature_movement` (`id`,`point`,`positionx`,`positiony`,`positionz`,`orientation`,`waittime`,`scriptid`) VALUES
(@NPC,(@POINT := @POINT + 1),4990.233,1242.3502,-61.272816,100,0,0),
(@NPC,(@POINT := @POINT + 1),4973.304,1215.7788,-62.752735,100,0,0),
(@NPC,(@POINT := @POINT + 1),4947.672,1213.3817,-62.97615,100,0,0),
(@NPC,(@POINT := @POINT + 1),4915.491,1220.188,-66.09483,100,0,0),
(@NPC,(@POINT := @POINT + 1),4881.0054,1213.3038,-64.01714,100,0,0),
(@NPC,(@POINT := @POINT + 1),4857.3604,1210.8374,-65.6438,100,0,0),
(@NPC,(@POINT := @POINT + 1),4820.3726,1211.2302,-66.1777,100,0,0),
(@NPC,(@POINT := @POINT + 1),4783.0723,1214.3611,-61.915638,100,0,0),
(@NPC,(@POINT := @POINT + 1),4752.3306,1217.6476,-58.247967,100,0,0),
(@NPC,(@POINT := @POINT + 1),4718.26,1224.3757,-61.6434,100,0,0),
(@NPC,(@POINT := @POINT + 1),4679.651,1221.0186,-60.6784,100,0,0),
(@NPC,(@POINT := @POINT + 1),4652.674,1217.5391,-60.48184,100,0,0),
(@NPC,(@POINT := @POINT + 1),4621.009,1214.5497,-58.020313,100,0,0),
(@NPC,(@POINT := @POINT + 1),4583.845,1216.2848,-49.861416,100,0,0),
(@NPC,(@POINT := @POINT + 1),4554.987,1194.1178,-48.995712,100,0,0),
(@NPC,(@POINT := @POINT + 1),4516.9487,1190.6204,-46.565353,100,0,0),
(@NPC,(@POINT := @POINT + 1),4486.794,1178.634,-49.273468,100,0,0),
(@NPC,(@POINT := @POINT + 1),4461.6196,1181.6326,-47.86865,100,0,0),
(@NPC,(@POINT := @POINT + 1),4429.9834,1188.6886,-52.164867,100,0,0),
(@NPC,(@POINT := @POINT + 1),4411.4575,1204.2649,-51.943455,100,0,0),
(@NPC,(@POINT := @POINT + 1),4389.239,1219.4993,-51.844406,100,0,0),
(@NPC,(@POINT := @POINT + 1),4378.6304,1233.902,-51.844494,100,0,0),
(@NPC,(@POINT := @POINT + 1),4360.158,1246.3639,-51.84447,100,0,0),
(@NPC,(@POINT := @POINT + 1),4350.1562,1266.0303,-51.844494,100,0,0),
(@NPC,(@POINT := @POINT + 1),4360.158,1246.3639,-51.84447,100,0,0),
(@NPC,(@POINT := @POINT + 1),4378.6304,1233.902,-51.844494,100,0,0),
(@NPC,(@POINT := @POINT + 1),4389.239,1219.4993,-51.844406,100,0,0),
(@NPC,(@POINT := @POINT + 1),4411.4575,1204.2649,-51.943455,100,0,0),
(@NPC,(@POINT := @POINT + 1),4429.9834,1188.6886,-52.164867,100,0,0),
(@NPC,(@POINT := @POINT + 1),4461.6196,1181.6326,-47.86865,100,0,0),
(@NPC,(@POINT := @POINT + 1),4486.794,1178.634,-49.273468,100,0,0),
(@NPC,(@POINT := @POINT + 1),4516.9487,1190.6204,-46.565353,100,0,0),
(@NPC,(@POINT := @POINT + 1),4554.987,1194.1178,-48.995712,100,0,0),
(@NPC,(@POINT := @POINT + 1),4583.845,1216.2848,-49.861416,100,0,0),
(@NPC,(@POINT := @POINT + 1),4621.009,1214.5497,-58.020313,100,0,0),
(@NPC,(@POINT := @POINT + 1),4652.674,1217.5391,-60.48184,100,0,0),
(@NPC,(@POINT := @POINT + 1),4679.651,1221.0186,-60.6784,100,0,0),
(@NPC,(@POINT := @POINT + 1),4718.26,1224.3757,-61.6434,100,0,0),
(@NPC,(@POINT := @POINT + 1),4752.3306,1217.6476,-58.247967,100,0,0),
(@NPC,(@POINT := @POINT + 1),4783.0723,1214.3611,-61.915638,100,0,0),
(@NPC,(@POINT := @POINT + 1),4820.3726,1211.2302,-66.1777,100,0,0),
(@NPC,(@POINT := @POINT + 1),4857.3604,1210.8374,-65.6438,100,0,0),
(@NPC,(@POINT := @POINT + 1),4881.0054,1213.3038,-64.01714,100,0,0),
(@NPC,(@POINT := @POINT + 1),4915.491,1220.188,-66.09483,100,0,0),
(@NPC,(@POINT := @POINT + 1),4947.672,1213.3817,-62.97615,100,0,0),
(@NPC,(@POINT := @POINT + 1),4973.304,1215.7788,-62.752735,100,0,0);

INSERT INTO `gameobject` (`guid`, `id`, `map`, `position_x`, `position_y`, `position_z`, `orientation`, `rotation0`, `rotation1`, `rotation2`, `rotation3`, `spawntimesecsmin`, `spawntimesecsmax`) VALUES
(552, 178195, 1, 2955.89, -2817.05, 212.767, -3.00197, 0, 0, 0.997564, -0.0697565, 180, 180);
INSERT INTO `gameobject` (`guid`, `id`, `map`, `position_x`, `position_y`, `position_z`, `orientation`, `rotation0`, `rotation1`, `rotation2`, `rotation3`, `spawntimesecsmin`, `spawntimesecsmax`) VALUES
(658, 177726, 0, 2925.03, -1536.47, 146.065, -1.01229, 0, 0, 0.48481, -0.87462, 180, 180);
INSERT INTO `gameobject` (`guid`, `id`, `map`, `position_x`, `position_y`, `position_z`, `orientation`, `rotation0`, `rotation1`, `rotation2`, `rotation3`, `spawntimesecsmin`, `spawntimesecsmax`) VALUES
(657, 178144, 1, 3378.26, -708.838, 168.771, -2.77507, 0, 0, 0.983255, -0.182235, 180, 180);
INSERT INTO `gameobject` (`guid`, `id`, `map`, `position_x`, `position_y`, `position_z`, `orientation`, `rotation0`, `rotation1`, `rotation2`, `rotation3`, `spawntimesecsmin`, `spawntimesecsmax`) VALUES
(659, 175384, 1, -4869.81, -904.845, -4.81499, 0.593412, 0, 0, 0.292372, 0.956305, 180, 180);
UPDATE `gameobject` SET `position_x`=235.175, `position_y`=-2127.88, `position_z`=118.753, `orientation`=1.43117, `rotation0`=0, `rotation1`=0, `rotation2`=0.999048, `rotation3`=-0.0436194 WHERE `guid`=71665;
DELETE FROM `gameobject` WHERE `guid` IN (66334,18917,18918,48630);
INSERT INTO `gameobject` (`guid`, `id`, `map`, `position_x`, `position_y`, `position_z`, `orientation`, `rotation0`, `rotation1`, `rotation2`, `rotation3`, `spawntimesecsmin`, `spawntimesecsmax`) VALUES
(771, 0, 1, 4239.02, 828.636, -5.75034, -0.453786, 0, 0, 0.224951, -0.97437, 120, 300); 
INSERT INTO `gameobject_spawn_entry` (`guid`, `entry`) VALUES (771, 178184),(771, 178185),(771, 178186);

UPDATE `creature_template` SET `minlevel`=61, `maxlevel`=61 WHERE `entry` IN (347,2804,15007);

DELETE FROM dbscripts_on_relay WHERE id IN (20489);
INSERT INTO dbscripts_on_relay (id, delay, command, datalong, datalong2, datalong3, buddy_entry, search_radius, data_flags, dataint, dataint2, dataint3, dataint4, x, y, z, o, comments) VALUES
(20489,1,15,54627,0,0,0,0,0,0,0,0,0,0,0,0,0,'Part of Ironwool Mammoth 29402 EAI: cast 54627'),
(20489,2,15,54627,0,0,0,0,0,0,0,0,0,0,0,0,0,'Part of Ironwool Mammoth 29402 EAI: cast 54627'),
(20489,3,15,54627,0,0,0,0,0,0,0,0,0,0,0,0,0,'Part of Ironwool Mammoth 29402 EAI: cast 54627'),
(20489,4,15,54628,0,0,0,0,0,0,0,0,0,0,0,0,0,'Part of Ironwool Mammoth 29402 EAI: cast 54628'),
(20489,5,15,54628,0,0,0,0,0,0,0,0,0,0,0,0,0,'Part of Ironwool Mammoth 29402 EAI: cast 54628'),
(20489,6,15,54628,0,0,0,0,0,0,0,0,0,0,0,0,0,'Part of Ironwool Mammoth 29402 EAI: cast 54628'),
(20489,7,15,54628,0,0,0,0,0,0,0,0,0,0,0,0,0,'Part of Ironwool Mammoth 29402 EAI: cast 54628'),
(20489,8,15,54623,0,0,0,0,0,0,0,0,0,0,0,0,0,'Part of Ironwool Mammoth 29402 EAI: cast 54623'),
(20489,9,15,54623,0,0,0,0,0,0,0,0,0,0,0,0,0,'Part of Ironwool Mammoth 29402 EAI: cast 54623'),
(20489,10,15,54581,0,0,0,0,0,0,0,0,0,0,0,0,0,'Part of Ironwool Mammoth 29402 EAI: cast 54581'),
(20489,11,15,57444,0,0,0,0,0,0,0,0,0,0,0,0,0,'Part of Ironwool Mammoth 29402 EAI: cast 54581');

UPDATE creature_template SET StaticFlags1 = 0x80000000 WHERE Entry IN (24849);

DELETE FROM `spell_script_target` WHERE `entry` = 54530;
INSERT INTO `spell_script_target` (`entry`, `type`, `targetEntry`, `inverseEffectMask`) VALUES (54530, 1, 29466, 5);
DELETE FROM creature_addon WHERE guid IN(SELECT guid FROM creature WHERE id IN (29466));
DELETE FROM creature_movement WHERE id IN(SELECT guid FROM creature WHERE id IN (29466));
DELETE FROM game_event_creature WHERE guid IN(SELECT guid FROM creature WHERE id IN (29466));
DELETE FROM game_event_creature_data WHERE guid IN(SELECT guid FROM creature WHERE id IN (29466));
DELETE FROM creature_battleground WHERE guid IN(SELECT guid FROM creature WHERE id IN (29466));
DELETE FROM creature_linking WHERE guid IN(SELECT guid FROM creature WHERE id IN (29466));
DELETE FROM creature WHERE id IN (29466);
INSERT INTO `creature` (`guid`, `id`, `map`, `spawnMask`, `phaseMask`, `position_x`, `position_y`, `position_z`, `orientation`, `spawntimesecsmin`, `spawntimesecsmax`, `spawndist`, `MovementType`) VALUES
(104911, 29466, 571, 1, 5, '6729.33007812500000000000', '-988.56701660156250000000', '768.77398681640620000000', '5.13126993179321300000', 180, 180, 0, 0),
(104912, 29466, 571, 1, 5, '6769.72021484375000000000', '-1111.64001464843750000000', '776.46997070312500000000', '4.60766983032226600000', 180, 180, 0, 0),
(104913, 29466, 571, 1, 5, '6812.06005859375000000000', '-1050.30004882812500000000', '769.05401611328120000000', '3.87462997436523440000', 180, 180, 0, 0),
(104914, 29466, 571, 1, 5, '6811.56982421875000000000', '-1075.94995117187500000000', '768.93701171875000000000', '3.29867005348205570000', 180, 180, 0, 0),
(104915, 29466, 571, 1, 5, '6716.75976562500000000000', '-1122.93994140625000000000', '769.07501220703120000000', '1.15191996097564700000', 180, 180, 0, 0),
(104916, 29466, 571, 1, 5, '6846.93994140625000000000', '-1102.88000488281250000000', '805.05603027343750000000', '0.76794499158859250000', 180, 180, 0, 0),
(104917, 29466, 571, 1, 5, '6913.85009765625000000000', '-1056.04003906250000000000', '808.04699707031250000000', '3.10668992996215800000', 180, 180, 0, 0),
(104918, 29466, 571, 1, 5, '6748.79980468750000000000', '-950.91998291015620000000', '772.41302490234380000000', '5.81195020675659200000', 180, 180, 0, 0),
(104919, 29466, 571, 1, 5, '6867.12988281250000000000', '-1120.17004394531250000000', '804.92498779296880000000', '1.34389996528625490000', 180, 180, 0, 0),
(104920, 29466, 571, 1, 5, '6673.24023437500000000000', '-1128.90002441406250000000', '762.74902343750000000000', '6.26572990417480500000', 180, 180, 0, 0);
DELETE FROM dbscripts_on_relay WHERE id IN (20452,20453,20481,20482,20483,20484,20485,20486,20487,20488);
INSERT INTO dbscripts_on_relay (id, delay, command, datalong, datalong2, datalong3, buddy_entry, search_radius, data_flags, dataint, dataint2, dataint3, dataint4, x, y, z, o, comments) VALUES
(20452,1,1,4,0,0,0,0,0x004,0,0,0,0,0,0,0,0,'Part of Goblin Prisoner 29466 EAI: emote'),
(20452,100,0,0,0,0,0,0,0,30139,30140,30141,0,0,0,0,0,'Part of Goblin Prisoner 29466 EAI: random say'),
(20452,1000,25,1,0,0,0,0,0x004,0,0,0,0,0,0,0,0,'Part of Goblin Prisoner 29466 EAI: RUN ON'),
(20452,5000,3,0,0,0,0,0,0x004,0,0,0,0,6734.01,-998.246,769.064,5.2,'Part of Goblin Prisoner 29466 EAI: move'),
(20452,7500,18,0,0,0,0,0,0x004,0,0,0,0,0,0,0,0,'Part of Goblin Prisoner 29466 EAI: despawn'),
(20453,1,1,4,0,0,0,0,0x004,0,0,0,0,0,0,0,0,'Part of Goblin Prisoner 29466 EAI: emote'),
(20453,100,0,0,0,0,0,0,0,30139,30140,30141,0,0,0,0,0,'Part of Goblin Prisoner 29466 EAI: random say'),
(20453,1000,25,1,0,0,0,0,0x004,0,0,0,0,0,0,0,0,'Part of Goblin Prisoner 29466 EAI: RUN ON'),
(20453,5000,3,0,0,0,0,0,0x004,0,0,0,0,6766.42,-1121.39,775.882,4.2,'Part of Goblin Prisoner 29466 EAI: move'),
(20453,7500,18,0,0,0,0,0,0x004,0,0,0,0,0,0,0,0,'Part of Goblin Prisoner 29466 EAI: despawn'),
(20481,1,1,4,0,0,0,0,0x004,0,0,0,0,0,0,0,0,'Part of Goblin Prisoner 29466 EAI: emote'),
(20481,100,0,0,0,0,0,0,0,30139,30140,30141,0,0,0,0,0,'Part of Goblin Prisoner 29466 EAI: random say'),
(20481,1000,25,1,0,0,0,0,0x004,0,0,0,0,0,0,0,0,'Part of Goblin Prisoner 29466 EAI: RUN ON'),
(20481,5000,3,0,0,0,0,0,0x004,0,0,0,0,6803.1465,-1058.3334,769.5679,3.8,'Part of Goblin Prisoner 29466 EAI: move'),
(20481,7500,18,0,0,0,0,0,0x004,0,0,0,0,0,0,0,0,'Part of Goblin Prisoner 29466 EAI: despawn'),
(20482,1,1,4,0,0,0,0,0x004,0,0,0,0,0,0,0,0,'Part of Goblin Prisoner 29466 EAI: emote'),
(20482,100,0,0,0,0,0,0,0,30139,30140,30141,0,0,0,0,0,'Part of Goblin Prisoner 29466 EAI: random say'),
(20482,1000,25,1,0,0,0,0,0x004,0,0,0,0,0,0,0,0,'Part of Goblin Prisoner 29466 EAI: RUN ON'),
(20482,5000,3,0,0,0,0,0,0x004,0,0,0,0,6799,-1074.08,769.964,2.94,'Part of Goblin Prisoner 29466 EAI: move'),
(20482,7500,18,0,0,0,0,0,0x004,0,0,0,0,0,0,0,0,'Part of Goblin Prisoner 29466 EAI: despawn'),
(20483,1,1,4,0,0,0,0,0x04,0,0,0,0,0,0,0,0,'Part of Goblin Prisoner 29466 EAI: emote'),
(20483,100,0,0,0,0,0,0,0,30139,30140,30141,0,0,0,0,0,'Part of Goblin Prisoner 29466 EAI: random say'),
(20483,1000,25,1,0,0,0,0,0x04,0,0,0,0,0,0,0,0,'Part of Goblin Prisoner 29466 EAI: RUN ON'),
(20483,5000,3,0,0,0,0,0,0x04,0,0,0,0,6721.6455,-1111.9796,769.09406,1.18,'Part of Goblin Prisoner 29466 EAI: move'),
(20483,7500,18,0,0,0,0,0,0x04,0,0,0,0,0,0,0,0,'Part of Goblin Prisoner 29466 EAI: despawn'),
(20484,1,1,4,0,0,0,0,0x004,0,0,0,0,0,0,0,0,'Part of Goblin Prisoner 29466 EAI: emote'),
(20484,100,0,0,0,0,0,0,0,30139,30140,30141,0,0,0,0,0,'Part of Goblin Prisoner 29466 EAI: random say'),
(20484,1000,25,1,0,0,0,0,0x004,0,0,0,0,0,0,0,0,'Part of Goblin Prisoner 29466 EAI: RUN ON'),
(20484,5000,3,0,0,0,0,0,0x004,0,0,0,0,6856.75,-1094.65,803.458,0.68,'Part of Goblin Prisoner 29466 EAI: move'),
(20484,7500,18,0,0,0,0,0,0x004,0,0,0,0,0,0,0,0,'Part of Goblin Prisoner 29466 EAI: despawn'),
(20485,1,1,4,0,0,0,0,0x004,0,0,0,0,0,0,0,0,'Part of Goblin Prisoner 29466 EAI: emote'),
(20485,100,0,0,0,0,0,0,0,30139,30140,30141,0,0,0,0,0,'Part of Goblin Prisoner 29466 EAI: random say'),
(20485,1000,25,1,0,0,0,0,0x004,0,0,0,0,0,0,0,0,'Part of Goblin Prisoner 29466 EAI: RUN ON'),
(20485,5000,3,0,0,0,0,0,0x004,0,0,0,0,6902.11,-1055.88,807.584,3.11,'Part of Goblin Prisoner 29466 EAI: move'),
(20485,7500,18,0,0,0,0,0,0x004,0,0,0,0,0,0,0,0,'Part of Goblin Prisoner 29466 EAI: despawn'),
(20486,1,1,4,0,0,0,0,0x004,0,0,0,0,0,0,0,0,'Part of Goblin Prisoner 29466 EAI: emote'),
(20486,100,0,0,0,0,0,0,0,30139,30140,30141,0,0,0,0,0,'Part of Goblin Prisoner 29466 EAI: random say'),
(20486,1000,25,1,0,0,0,0,0x004,0,0,0,0,0,0,0,0,'Part of Goblin Prisoner 29466 EAI: RUN ON'),
(20486,5000,3,0,0,0,0,0,0x004,0,0,0,0,6756.91,-954.716,771.285,5.83,'Part of Goblin Prisoner 29466 EAI: move'),
(20486,7500,18,0,0,0,0,0,0x004,0,0,0,0,0,0,0,0,'Part of Goblin Prisoner 29466 EAI: despawn'),
(20487,1,1,4,0,0,0,0,0x004,0,0,0,0,0,0,0,0,'Part of Goblin Prisoner 29466 EAI: emote'),
(20487,100,0,0,0,0,0,0,0,30139,30140,30141,0,0,0,0,0,'Part of Goblin Prisoner 29466 EAI: random say'),
(20487,1000,25,1,0,0,0,0,0x004,0,0,0,0,0,0,0,0,'Part of Goblin Prisoner 29466 EAI: RUN ON'),
(20487,5000,3,0,0,0,0,0,0x004,0,0,0,0,6871.43,-1109.53,804.322,1.14,'Part of Goblin Prisoner 29466 EAI: move'),
(20487,7500,18,0,0,0,0,0,0x004,0,0,0,0,0,0,0,0,'Part of Goblin Prisoner 29466 EAI: despawn'),
(20488,1,1,4,0,0,0,0,0x004,0,0,0,0,0,0,0,0,'Part of Goblin Prisoner 29466 EAI: emote'),
(20488,100,0,0,0,0,0,0,0,30139,30140,30141,0,0,0,0,0,'Part of Goblin Prisoner 29466 EAI: random say'),
(20488,1000,25,1,0,0,0,0,0x004,0,0,0,0,0,0,0,0,'Part of Goblin Prisoner 29466 EAI: RUN ON'),
(20488,5000,3,0,0,0,0,0,0x004,0,0,0,0,6685.2373,-1129.1075,763.03046,6.16,'Part of Goblin Prisoner 29466 EAI: move'),
(20488,7500,18,0,0,0,0,0,0x004,0,0,0,0,0,0,0,0,'Part of Goblin Prisoner 29466 EAI: despawn');

DELETE FROM creature_addon WHERE guid IN(SELECT guid FROM creature WHERE id IN (29323,29331));
DELETE FROM creature_movement WHERE id IN(SELECT guid FROM creature WHERE id IN (29323,29331));
DELETE FROM game_event_creature WHERE guid IN(SELECT guid FROM creature WHERE id IN (29323,29331));
DELETE FROM game_event_creature_data WHERE guid IN(SELECT guid FROM creature WHERE id IN (29323,29331));
DELETE FROM creature_battleground WHERE guid IN(SELECT guid FROM creature WHERE id IN (29323,29331));
DELETE FROM creature_linking WHERE guid IN(SELECT guid FROM creature WHERE id IN (29323,29331));
DELETE FROM creature WHERE id IN (29323,29331);
INSERT INTO `creature` (`guid`, `id`, `map`, `spawnMask`, `phaseMask`, `position_x`, `position_y`, `position_z`, `orientation`, `spawntimesecsmin`, `spawntimesecsmax`, `spawndist`, `MovementType`) VALUES
(105558, 29323, 571, 1, 1, '6586.65770000000000000000', '-1058.81800000000000000000', '748.92030000000000000000', '3.15904593467712402300', 300, 300, 0, 0),
(105559, 29323, 571, 1, 1, '6598.85900000000000000000', '-1112.84270000000000000000', '748.92194000000000000000', '3.33357882499694824200', 300, 300, 0, 0),
(105560, 29323, 571, 1, 1, '6611.48930000000000000000', '-1084.43300000000000000000', '762.25990000000000000000', '0.85521131753921508700', 300, 300, 0, 0),
(105549, 29323, 571, 1, 1, '6625.16300000000000000000', '-1086.36230000000000000000', '748.68524000000000000000', '2.56563401222229003900', 300, 300, 0, 0),
(105561, 29323, 571, 1, 5, '6666.08984375000000000000', '-980.17901611328120000000', '765.54998779296880000000', '5.49778985977172850000', 300, 300, 0, 0),
(105562, 29323, 571, 1, 5, '6670.08007812500000000000', '-1141.25000000000000000000', '762.24902343750000000000', '0.82030498981475830000', 300, 300, 0, 0),
(105563, 29323, 571, 1, 5, '6694.00976562500000000000', '-1021.96997070312500000000', '769.29699707031250000000', '5.63741016387939450000', 300, 300, 0, 0),
(105564, 29323, 571, 1, 5, '6712.83007812500000000000', '-999.58801269531250000000', '768.84301757812500000000', '5.28835010528564450000', 300, 300, 0, 0),
(105565, 29323, 571, 1, 5, '6719.91015625000000000000', '-1151.28002929687500000000', '769.74200439453120000000', '0.89011800289154050000', 300, 300, 0, 0),
(105550, 29323, 571, 1, 5, '6737.52978515625000000000', '-1041.25000000000000000000', '768.96899414062500000000', '5.14871978759765600000', 300, 300, 0, 0),
(105566, 29323, 571, 1, 5, '6738.77978515625000000000', '-1133.15002441406250000000', '767.69201660156250000000', '1.44861996173858640000', 300, 300, 0, 0),
(105567, 29323, 571, 1, 5, '6749.41992187500000000000', '-991.96197509765620000000', '768.25201416015620000000', '4.10152006149292000000', 300, 300, 0, 0),
(105552, 29323, 571, 1, 5, '6758.33007812500000000000', '-1110.34997558593750000000', '777.18200683593750000000', '5.81195020675659200000', 300, 300, 0, 0),
(105568, 29323, 571, 1, 5, '6763.58007812500000000000', '-1000.58001708984380000000', '767.84399414062500000000', '4.10152006149292000000', 300, 300, 0, 0),
(105553, 29323, 571, 1, 5, '6765.29003906250000000000', '-1042.07995605468750000000', '768.92199707031250000000', '3.33358001708984380000', 300, 300, 0, 0),
(105569, 29323, 571, 1, 5, '6769.18017578125000000000', '-1121.46997070312500000000', '775.95800781250000000000', '1.62316000461578370000', 300, 300, 0, 0),
(105556, 29323, 571, 1, 5, '6804.95560000000000000000', '-1162.50550000000000000000', '810.84357000000000000000', '3.64977931976318359300', 300, 300, 0, 4),
(105554, 29323, 571, 1, 5, '6809.27001953125000000000', '-1063.20996093750000000000', '769.11602783203120000000', '2.86233997344970700000', 300, 300, 0, 0),
(105551, 29323, 571, 1, 5, '6852.06540000000000000000', '-1072.62650000000000000000', '803.51790000000000000000', '1.65806281566619873000', 300, 300, 0, 0),
(105570, 29323, 571, 1, 1, '6889.79250000000000000000', '-1141.84010000000000000000', '802.61725000000000000000', '1.58824956417083740200', 300, 300, 0, 0),
(105571, 29323, 571, 1, 5, '6911.43994140625000000000', '-1137.69995117187500000000', '802.41302490234380000000', '1.76277995109558100000', 300, 300, 0, 0),
(105557, 29323, 571, 1, 5, '6929.72900000000000000000', '-1038.42790000000000000000', '812.06335000000000000000', '1.55502998828887940000', 300, 300, 0, 2),
(105555, 29323, 571, 1, 5, '6967.93994140625000000000', '-1036.20996093750000000000', '804.93200683593750000000', '4.04916000366210900000', 300, 300, 0, 0);
DELETE FROM creature_addon WHERE guid IN (105549,105550,105551,105552,105553,105554,105555);
INSERT INTO creature_addon (guid,mount,stand_state,sheath_state,pvp_flags,emote,moveflags,auras) VALUES
(105549,0,1,1,0,0,0,NULL),(105550,0,1,1,0,0,0,NULL),(105551,0,1,1,0,0,0,NULL),(105552,0,1,1,0,0,0,NULL),(105553,0,1,1,0,0,0,NULL),(105554,0,1,1,0,0,0,NULL),(105555,0,1,1,0,0,0,NULL);
DELETE FROM creature_movement WHERE Id IN (105556,105557);
INSERT INTO creature_movement (id, point, positionx, positiony, positionz, orientation, waittime, scriptid) VALUES
(105556,1,6804.9556,-1162.5055,810.84357,3.649779319763183593,3000,0),
(105556,2,6823.1157,-1152.2579,802.7228,100,0,0),
(105556,3,6825.4243,-1137.9246,795.23456,100,0,0),
(105556,4,6849.5835,-1122.1614,799.68964,100,0,0),
(105556,5,6859.529,-1108.6832,802.23096,100,0,0),
(105556,6,6869.339,-1099.1399,802.86615,100,0,0),
(105556,7,6888.484,-1113.3961,802.3711,100,0,0),
(105556,8,6899.414,-1132.4132,801.4018,100,1000,0),
(105557,1,6929.729,-1038.4279,812.06335,100,0,0),
(105557,2,6921.97,-1037.3843,813.75244,100,0,0),
(105557,3,6899.672,-1034.5485,804.96234,100,0,0),
(105557,4,6887.367,-1040.1311,803.7539,100,0,0),
(105557,5,6879.5806,-1055.6447,802.04956,100,0,0),
(105557,6,6881.1104,-1067.6945,802.79645,100,0,0),
(105557,7,6891.5854,-1073.0365,804.7515,100,0,0),
(105557,8,6904.7734,-1076.2661,808.1406,100,0,0),
(105557,9,6914.88,-1077.3912,813.49036,100,0,0),
(105557,10,6931.68,-1078.5941,810.7017,100,0,0),
(105557,11,6941.82,-1079.3419,809.39355,100,0,0),
(105557,12,6953.187,-1080.281,804.95807,100,0,0),
(105557,13,6963.346,-1080.4204,804.95807,100,0,0),
(105557,14,6967.1943,-1070.248,804.958,100,0,0),
(105557,15,6967.463,-1053.2526,804.94556,100,0,0),
(105557,16,6968.795,-1039.2911,805.0049,100,0,0),
(105557,17,6953.841,-1041.9977,805.61346,100,0,0),
(105557,18,6939.0015,-1039.9683,810.6408,100,0,0);
INSERT INTO `creature` (`guid`, `id`, `map`, `spawnMask`, `phaseMask`, `position_x`, `position_y`, `position_z`, `orientation`, `spawntimesecsmin`, `spawntimesecsmax`, `spawndist`, `MovementType`) VALUES
(105524, 29331, 571, 1, 1, '6583.16650000000000000000', '-1081.61290000000000000000', '748.69257000000000000000', '3.17868947982788085900', 300, 300, 0, 4),
(105525, 29331, 571, 1, 5, '6855.25976562500000000000', '-1044.14001464843750000000', '802.79699707031250000000', '4.86947011947631800000', 300, 300, 0, 0),
(105526, 29331, 571, 1, 5, '6757.20700000000000000000', '-997.87430000000000000000', '767.38464000000000000000', '1.39152002334594730000', 300, 300, 0, 4),
(105527, 29331, 571, 1, 5, '6659.87988281250000000000', '-1074.17004394531250000000', '758.59301757812500000000', '4.78219985961914100000', 300, 300, 0, 0);
DELETE FROM creature_addon WHERE guid IN (105527,105525);
INSERT INTO creature_addon (guid,mount,stand_state,sheath_state,pvp_flags,emote,moveflags,auras) VALUES (105527,0,0,1,0,69,0,NULL),(105525,0,0,1,0,69,0,NULL);
DELETE FROM creature_movement WHERE Id IN (105524,105526);
INSERT INTO creature_movement (id, point, positionx, positiony, positionz, orientation, waittime, scriptid) VALUES
(105524,1,6583.1665,-1081.6129,748.69257,3.178689479827880859,2000,0),
(105524,2,6593.2554,-1081.2382,748.6142,100,0,0),
(105524,3,6612.6914,-1076.5461,748.60516,100,0,0),
(105524,4,6640.4614,-1071.4421,758.60516,100,0,0),
(105524,5,6659.976,-1069.092,758.6403,100,0,0),
(105524,6,6694.8535,-1062.148,763.6724,100,0,0),
(105524,7,6707.086,-1057.2428,764.65643,100,0,0),
(105524,8,6711.944,-1053.2301,765.0686,100,1000,0),
(105526,1,6757.207,-997.8743,767.38464,100,1000,0),
(105526,2,6753.6025,-1010.367,766.27405,100,0,0),
(105526,3,6759.507,-1018.0378,766.27075,100,0,0),
(105526,4,6774.866,-1027.486,766.27026,100,0,0),
(105526,5,6779.2056,-1033.9508,766.26495,100,0,0),
(105526,6,6781.5454,-1056.3263,766.4684,100,0,0),
(105526,7,6779.319,-1068.6154,766.37585,100,0,0),
(105526,8,6775.4688,-1081.9861,766.31104,100,0,0),
(105526,9,6793.831,-1107.7891,773.04553,100,0,0),
(105526,10,6812.2637,-1124.683,786.2573,100,0,0),
(105526,11,6824.564,-1140.9011,796.6583,100,0,0),
(105526,12,6819.6987,-1158.8815,805.8233,100,0,0),
(105526,13,6802.754,-1164.9629,811.40515,100,1000,0);

INSERT INTO `gameobject` (`guid`, `id`, `map`, `spawnMask`, `phaseMask`, `position_x`, `position_y`, `position_z`, `orientation`, `rotation0`, `rotation1`, `rotation2`, `rotation3`, `spawntimesecsmin`, `spawntimesecsmax`) VALUES
(1400, 186717, 0, 1, 1, '-5644.70996093750000000000', '-477.01699829101560000000', '396.74798583984375000000', '-1.67551004886627200000', '0.00000000000000000000', '0.00000000000000000000', '-0.74314397573471070000', '0.66913098096847530000', 180, 180),
(1401, 186717, 0, 1, 1, '-5337.04003906250000000000', '-542.34698486328120000000', '393.65798950195310000000', '1.39626002311706540000', '0.00000000000000000000', '0.00000000000000000000', '0.64278697967529300000', '0.76604497432708740000', 180, 180),
(1403, 186717, 530, 1, 1, '-3971.10009765625000000000', '-11878.20019531250000000000', '0.49623000621795654000', '2.89723992347717300000', '0.00000000000000000000', '0.00000000000000000000', '0.99254602193832400000', '0.12187299877405167000', 180, 180),
(1405, 186717, 530, 1, 1, '-4041.93994140625000000000', '-11803.79980468750000000000', '8.85179042816162100000', '2.32129001617431640000', '0.00000000000000000000', '0.00000000000000000000', '0.91706001758575440000', '0.39874801039695740000', 180, 180),
(1406, 186717, 530, 1, 1, '-4067.14990234375000000000', '-12017.40039062500000000000', '-0.90006500482559200000', '-2.11185002326965330000', '0.00000000000000000000', '0.00000000000000000000', '-0.87035602331161500000', '0.49242299795150757000', 180, 180),
(1408, 186717, 530, 1, 1, '-3906.71997070312500000000', '-11941.40039062500000000000', '-2.97271990776062000000', '-0.12217299640178680000', '0.00000000000000000000', '0.00000000000000000000', '-0.06104850023984909000', '0.99813497066497800000', 180, 180),
(1409, 186717, 530, 1, 1, '-3815.32006835937500000000', '-11689.79980468750000000000', '-106.64499664306640000000', '-0.75049102306365970000', '0.00000000000000000000', '0.00000000000000000000', '-0.36650100350379944000', '0.93041801452636720000', 180, 180),
(1410, 186717, 530, 1, 1, '-3983.02001953125000000000', '-11861.09960937500000000000', '0.33320999145507810000', '-1.98967003822326660000', '0.00000000000000000000', '0.00000000000000000000', '-0.83866900205612180000', '0.54464101791381840000', 180, 180),
(1411, 186717, 530, 1, 1, '-3991.87988281250000000000', '-11886.00000000000000000000', '0.20081500709056854000', '-2.89723992347717300000', '0.00000000000000000000', '0.00000000000000000000', '-0.99254602193832400000', '0.12187299877405167000', 180, 180),
(1412, 186717, 1, 1, 1, '9968.13964843750000000000', '2192.94995117187500000000', '1328.84997558593750000000', '1.37881004810333250000', '0.00000000000000000000', '0.00000000000000000000', '0.63607800006866460000', '0.77162498235702510000', 180, 180),
(1413, 186717, 1, 1, 1, '9945.37988281250000000000', '2272.34008789062500000000', '1341.39001464843750000000', '0.94247698783874510000', '0.00000000000000000000', '0.00000000000000000000', '0.45399001240730286000', '0.89100700616836550000', 180, 180),
(1414, 186717, 1, 1, 1, '9958.71972656250000000000', '2272.69995117187500000000', '1341.39001464843750000000', '2.07694005966186520000', '0.00000000000000000000', '0.00000000000000000000', '0.86162900924682620000', '0.50753897428512570000', 180, 180),
(1415, 186717, 1, 1, 1, '9980.20996093750000000000', '2209.33007812500000000000', '1328.78002929687500000000', '-2.86232995986938480000', '0.00000000000000000000', '0.00000000000000000000', '-0.99026697874069210000', '0.13917799293994904000', 180, 180),
(1417, 186717, 1, 1, 1, '9959.91992187500000000000', '2254.62988281250000000000', '1335.33996582031250000000', '-2.87979006767272950000', '0.00000000000000000000', '0.00000000000000000000', '-0.99144500494003300000', '0.13052800297737122000', 180, 180),
(1418, 186717, 1, 1, 1, '9965.51953125000000000000', '2220.72998046875000000000', '1329.78002929687500000000', '-2.53071999549865720000', '0.00000000000000000000', '0.00000000000000000000', '-0.95371598005294800000', '0.30070900917053220000', 180, 180),
(1419, 186717, 1, 1, 1, '9958.24023437500000000000', '2178.28002929687500000000', '1327.51000976562500000000', '-1.83258998394012450000', '0.00000000000000000000', '0.00000000000000000000', '-0.79335200786590580000', '0.60876399278640750000', 180, 180);
DELETE FROM `game_event_gameobject` WHERE `guid` IN (1400,1401,1403,1405,1406,1408,1409,1410,1411,1412,1413,1414,1415,1417,1418,1419) AND `event`=26;
INSERT INTO `game_event_gameobject` (`event`, `guid`) SELECT 26, gameobject.guid FROM `gameobject` WHERE gameobject.guid IN (1400,1401,1403,1405,1406,1408,1409,1410,1411,1412,1413,1414,1415,1417,1418,1419);
INSERT INTO `gameobject` (`guid`, `id`, `map`, `spawnMask`, `phaseMask`, `position_x`, `position_y`, `position_z`, `orientation`, `rotation0`, `rotation1`, `rotation2`, `rotation3`, `spawntimesecsmin`, `spawntimesecsmax`) VALUES
(1016, 186717, 0, 1, 1, -5209.84, -459.363, 386.537, 2.56563, 0, 0, 0.958819, 0.284016, 180, 180),
(1019, 186717, 0, 1, 1, -5226.54, -479.026, 386.534, 2.23402, 0, 0, 0.898793, 0.438373, 180, 180),
(1026, 186717, 0, 1, 1, -5233.38, -482.264, 386.337, 1.91986, 0, 0, 0.819152, 0.573577, 180, 180),
(1027, 186717, 0, 1, 1, -5206.92, -452.243, 386.808, 3.01941, 0, 0, 0.998135, 0.0610518, 180, 180);
DELETE FROM `game_event_gameobject` WHERE `guid` IN (1016,1019,1026,1027) AND `event`=26;
INSERT INTO `game_event_gameobject` (`event`, `guid`) SELECT 26, gameobject.guid FROM `gameobject` WHERE gameobject.guid IN (1016,1019,1026,1027);

UPDATE creature_template SET UnitFlags = 0, Detection = 10, Pursuit = 0 WHERE entry = 29475;

UPDATE gameobject SET phaseMask = 1+2 WHERE guid = 52586;
INSERT INTO creature (guid, id, map, spawnMask, phaseMask, position_x, position_y, position_z, orientation, spawntimesecsmin, spawntimesecsmax, spawndist, MovementType) VALUES
(45436,29402,571,1,2,6185.97,-1546.5,407.7929,1.309,300,300,7,1),
(45875,29402,571,1,2,6241.79,-1525.5699,416.928,5.56078,300,300,7,1),
(45939,29402,571,1,2,6268.5898,-1462.989,425.535,1.69269,300,300,7,1);
DELETE FROM creature_addon WHERE guid IN(SELECT guid FROM creature WHERE id IN (29553));
DELETE FROM creature_movement WHERE id IN(SELECT guid FROM creature WHERE id IN (29553));
DELETE FROM game_event_creature WHERE guid IN(SELECT guid FROM creature WHERE id IN (29553));
DELETE FROM game_event_creature_data WHERE guid IN(SELECT guid FROM creature WHERE id IN (29553));
DELETE FROM creature_battleground WHERE guid IN(SELECT guid FROM creature WHERE id IN (29553));
DELETE FROM creature_linking WHERE guid IN(SELECT guid FROM creature WHERE id IN (29553));
DELETE FROM creature WHERE id IN (29553);
INSERT INTO `creature` (`guid`, `id`, `map`, `spawnMask`, `phaseMask`, `position_x`, `position_y`, `position_z`, `orientation`, `spawntimesecsmin`, `spawntimesecsmax`, `spawndist`, `MovementType`) VALUES
(91042, 29553, 571, 1, 2, '6429.06250000000000000000', '-1736.24830000000000000000', '479.35280000000000000000', '0.85521000000000000000', 600, 600, 0, 0),
(91044, 29553, 571, 1, 2, '6480.64700000000000000000', '-1717.40110000000000000000', '434.57297000000000000000', '2.00712800000000000000', 600, 600, 0, 0),
(91046, 29553, 571, 1, 2, '6340.30760000000000000000', '-1568.62270000000000000000', '425.54510000000000000000', '2.67035000000000000000', 600, 600, 0, 0),
(91048, 29553, 571, 1, 2, '6416.00830000000000000000', '-1646.50620000000000000000', '420.40817000000000000000', '3.64773800000000000000', 600, 600, 0, 2),
(92633, 29553, 571, 1, 2, '6503.10400000000000000000', '-1677.39160000000000000000', '432.95078000000000000000', '3.56047000000000000000', 600, 600, 0, 0),
(99744, 29553, 571, 1, 2, '6544.34000000000000000000', '-1675.45360000000000000000', '452.67438000000000000000', '3.63028000000000000000', 600, 600, 0, 0),
(99745, 29553, 571, 1, 2, '6479.16260000000000000000', '-1642.69890000000000000000', '465.37430000000000000000', '1.53588900000000000000', 600, 600, 0, 2),
(99746, 29553, 571, 1, 2, '6525.37840000000000000000', '-1732.87100000000000000000', '436.68793000000000000000', '0.00000000000000000000', 600, 600, 0, 4),
(113118, 29553, 571, 1, 2, '6381.16800000000000000000', '-1648.48360000000000000000', '420.09222000000000000000', '1.16937000000000000000', 600, 600, 0, 2),
(113119, 29553, 571, 1, 2, '6327.00200000000000000000', '-1595.25510000000000000000', '426.23584000000000000000', '2.58300000000000000000', 600, 600, 0, 0);
INSERT INTO creature_movement (`id`, `Point`, `PositionX`, `PositionY`, `PositionZ`, `Orientation`, `WaitTime`, `ScriptId`) VALUES
(113118,1,6381.168,-1648.4836,420.09222,1.16937,12000,0),
(113118,2,6391.35,-1636.2599,418.84433,100,0,0),
(113118,3,6407.4517,-1619.2946,419.4151,100,0,0),
(113118,4,6424.8657,-1613.9282,422.07385,100,0,0),
(113118,5,6424.8657,-1613.9282,422.07385,3.228859,13000,0),
(113118,6,6410.433,-1613.4407,421.45953,100,0,0),
(113118,7,6398.467,-1625.4421,418.50284,100,0,0),
(113118,8,6381.168,-1648.4836,420.09222,100,0,0),
(99745,1,6479.1626,-1642.6989,465.3743,1.535889,11000,0),
(99745,2,6476.884,-1645,465.32507,100,0,0),
(99745,3,6456.115,-1661.1779,468.7859,100,0,0),
(99745,4,6446.307,-1676.7568,470.76825,100,0,0),
(99745,5,6434.0137,-1674.118,470.98685,100,11000,0),
(99745,6,6452.03,-1666.2972,469.67935,100,0,0),
(99745,7,6467.475,-1655.0768,466.50238,100,0,0),
(99745,8,6475.7666,-1651.5393,465.63083,100,0,0),
(99745,9,6479.1626,-1642.6989,465.3743,100,0,0),
(91048,1,6416.0083,-1646.5062,420.40817,3.647738,18000,0),
(91048,2,6429.8677,-1640.23,419.0299,100,0,0),
(91048,3,6459.069,-1637.0057,423.54245,100,0,0),
(91048,4,6486.7446,-1637.0325,428.41742,100,0,0),
(91048,5,6502.8696,-1622.1284,427.72147,100,0,0),
(91048,6,6502.8696,-1622.1284,427.72147,3.94444,11000,0),
(91048,7,6491.085,-1633.7384,428.41132,100,0,0),
(91048,8,6462.9175,-1636.7076,424.90927,100,0,0),
(91048,9,6446.1313,-1641.8655,418.72052,100,0,0),
(91048,10,6425.219,-1639.195,419.14062,100,0,0),
(91048,11,6416.0083,-1646.5062,420.40817,100,0,0),
(99746,1,6525.3784,-1732.871,436.68793,100,1000,0),
(99746,2,6512.951,-1741.664,435.9907,100,0,0),
(99746,3,6494.622,-1749.1736,435.54706,100,0,0),
(99746,4,6478.243,-1747.9951,435.12442,100,0,0),
(99746,5,6461.981,-1738.845,434.7754,100,0,0),
(99746,6,6446.336,-1720.4426,435.41138,100,1000,0);
INSERT INTO creature (guid, id, map, spawnMask, phaseMask, position_x, position_y, position_z, orientation, spawntimesecsmin, spawntimesecsmax, spawndist, MovementType) VALUES
(47599,29554,571,1,2,6297.12011,-1425.5999,426.1679,2.2863,300,300,0,0),
(47600,29554,571,1,2,6289.9717,-1599.2523,425.88257,4.57276,300,300,0,0),
(52507,29554,571,1,2,6273.5146,-1604.3503,424.53247,5.550147,300,300,0,0),
(54463,29554,571,1,2,6428.219,-1705.4536,434.1284,0.48869,300,300,0,0),
(54468,29554,571,1,2,6278.49023,-1425.38,425.55499,1.0297,300,300,0,0),
(54481,29554,571,1,2,6297.2597,-1406.9899,425.5759,3.6651,300,300,0,0),
(54489,29554,571,1,2,6292.4087,-1374.1494,425.35034,1.796,300,300,0,2),
(54493,29554,571,1,2,6293.24023,-1367.45996,425.360,3.455,300,300,0,0);
DELETE FROM creature_spawn_data WHERE guid IN(47599,47600,52507,91050,91051,75227,91047,54468,54481,54493);
INSERT INTO creature_spawn_data(Guid,Id) VALUES (47600,80),(52507,80),(91050,80),(91051,80),(75227,80),(91047,80),(47599,80),(54468,80),(54481,80),(54493,80);
UPDATE creature SET position_x = 6421.423, position_y = -1717.4196, position_z = 432.18518, orientation = 0, spawndist = 0, MovementType = 4 WHERE guid = 99747;
DELETE FROM creature_movement WHERE id IN (99747,54489);
INSERT INTO creature_movement (`id`, `Point`, `PositionX`, `PositionY`, `PositionZ`, `Orientation`, `WaitTime`, `ScriptId`) VALUES
(99747,1,6421.423,-1717.4196,432.18518,100,1000,0),
(99747,2,6432.0703,-1707.455,434.24442,100,0,0),
(99747,3,6442.7446,-1688.5979,435.78708,100,0,0),
(99747,4,6457.5356,-1683.6208,435.41132,100,0,0),
(99747,5,6473.1304,-1690.2207,432.071,100,0,0),
(99747,6,6484.248,-1694.5758,431.61447,100,1000,0),
(54489,1,6292.4087,-1374.1494,425.35034,100,10000,0),
(54489,2,6292.485,-1391.9673,425.38745,100,0,0),
(54489,3,6284.8022,-1401.1826,425.82092,100,0,0),
(54489,4,6273.712,-1410.401,425.28894,100,0,0),
(54489,5,6272.301,-1424.4998,425.3662,100,0,0),
(54489,6,6283.4004,-1431.8845,426.31485,100,0,0),
(54489,7,6297.0825,-1430.0002,426.6161,100,0,0),
(54489,8,6303.1187,-1419.5105,426.3042,100,0,0),
(54489,9,6300.9453,-1409.2196,425.79654,100,0,0),
(54489,10,6295.247,-1402.3287,425.27213,100,0,0),
(54489,11,6292.485,-1391.9673,425.38745,100,0,0);
UPDATE creature SET position_x = 6471.0273, position_y = -1753.738, position_z = 432.73804, orientation = 1.18682, spawndist = 0, MovementType = 0 WHERE guid = 91049;
UPDATE creature SET position_x = 6514.1733, position_y = -1749.587, position_z = 436.20166, orientation = 5.8643064, spawndist = 0, MovementType = 0 WHERE guid = 118083;
UPDATE creature SET position_x = 6519.5625, position_y = -1747.1263, position_z = 436.25183, orientation = 4.41568, spawndist = 0, MovementType = 0 WHERE guid = 75226;
UPDATE creature SET position_x = 6541.6245, position_y = -1654.4752, position_z = 453.66162, orientation = 5.969026, spawndist = 0, MovementType = 0 WHERE guid = 91050;
UPDATE creature SET position_x = 6483.0615, position_y = -1634.2147, position_z = 464.79443, orientation = 2.373647, spawndist = 0, MovementType = 0 WHERE guid = 91051;
UPDATE creature SET position_x = 6475.382, position_y = -1631.874, position_z = 464.8164, orientation = 0.2792526, spawndist = 0, MovementType = 0 WHERE guid = 75227;
UPDATE creature SET position_x = 6425.828, position_y = -1670.4092, position_z = 471.51862, orientation = 2.25147, spawndist = 0, MovementType = 0 WHERE guid = 91047;
UPDATE creature SET position_x = 6518.887, position_y = -1646.072, position_z = 426.10498, orientation = 5.11381, spawndist = 0, MovementType = 0 WHERE guid = 99748;
UPDATE creature SET position_x = 6434.242, position_y = -1737.5137, position_z = 432.21686, orientation = 5.46288, spawndist = 0, MovementType = 0 WHERE guid = 91057;
UPDATE creature SET position_x = 6441.1904, position_y = -1758.5399, position_z = 432.21686, orientation = 3.2637, spawndist = 0, MovementType = 0 WHERE guid = 91045;
UPDATE creature SET position_x = 6459.8833, position_y = -1762.2482, position_z = 432.21683, orientation = 0.92502, spawndist = 0, MovementType = 0 WHERE guid = 91043;
DELETE FROM `creature` WHERE `guid` = 91056;
UPDATE creature SET position_x = 6326.1567, position_y = -1749.0746, position_z = 458.30524, orientation = 3.24631, spawndist = 0, MovementType = 4 WHERE id = 29432;
DELETE FROM `creature_movement` WHERE `Id` = 75228;
UPDATE creature_template SET movementtype = 2 WHERE Entry = 29432;
DELETE FROM creature_movement_template WHERE Entry = 29432;
INSERT INTO creature_movement_template (`Entry`, `Point`, `PositionX`, `PositionY`, `PositionZ`, `Orientation`, `WaitTime`, `ScriptId`) VALUES
(29432,1,6326.1567,-1749.0746,458.30524,3.24631,180000,0),
(29432,2,6326.1567,-1749.0746,458.30524,100,0,0),
(29432,3,6321.47021,-1738.6899,457.08401,100,0,0),
(29432,4,6320.986,-1727.9723,455.98883,100,0,0),
(29432,5,6320.9316,-1715.145,455.52435,100,0,0),
(29432,6,6320.9316,-1715.145,455.52435,0.2,60000,0);
UPDATE creature SET phaseMask = 1+2 WHERE id = 29546;
UPDATE creature SET phaseMask = 1+2 WHERE id = 29483;
DELETE FROM creature_addon WHERE guid IN (54505,54529,54539);
DELETE FROM creature_movement WHERE id IN (54505,54529,54539);
DELETE FROM game_event_creature WHERE guid IN (54505,54529,54539);
DELETE FROM game_event_creature_data WHERE guid IN (54505,54529,54539);
DELETE FROM creature_battleground WHERE guid IN (54505,54529,54539);
DELETE FROM creature_linking WHERE guid IN (54505,54529,54539);
DELETE FROM creature WHERE guid IN (54505,54529,54539);
INSERT INTO creature (guid, id, map, spawnMask, phaseMask,  position_x ,position_y, position_z, orientation, spawntimesecsmin, spawntimesecsmax, spawndist, MovementType) VALUES
(54505,29555,571,1,2,6318.07,-1760.49,457.22003,0.771660,120,180,0,0),
(54529,29555,571,1,2,6318.07,-1760.49,457.22003,0.771660,120,180,0,0),
(54539,29555,571,1,2,6318.07,-1760.49,457.22003,0.771660,120,180,0,0);
DELETE FROM creature_template_addon WHERE entry = 29555;
INSERT INTO creature_template_addon (entry, mount, stand_state, sheath_state, pvp_flags, emote, moveflags, auras) VALUES (29555,0,0,1,0,0,0,57462);
DELETE FROM `spawn_group` WHERE id =33007;
INSERT INTO `spawn_group` (`Id`, `Name`, `Type`, `MaxCount`, `WorldState`, `Flags`) VALUES (33007, 'Storm Peaks - Garm\'s Rise Phase 2 - Goblin Sapper 29555 x3 - Patrol 1', 0, 0, 0, 0);
DELETE FROM `spawn_group_spawn` WHERE id = 33007;
INSERT INTO `spawn_group_spawn` (`Id`, `Guid`, `SlotId`) VALUES (33007, 54505, 0),(33007, 54529, 1),(33007, 54539, 2);
DELETE FROM creature_spawn_data WHERE guid IN (54505,54529,54539);
INSERT INTO creature_spawn_data(Guid,Id) VALUES (54505,1),(54529,1),(54539,1);
DELETE FROM `spawn_group_formation` WHERE id = 33007;
INSERT INTO `spawn_group_formation` (`Id`, `FormationType`, `FormationSpread`, `FormationOptions`, `PathId`, `MovementType`, `Comment`) VALUES
(33007, 3, 2, 0, 33007, 2, 'Storm Peaks - Garm\'s Rise Phase 2 - Goblin Sapper 29555 x3 - Patrol 1');
DELETE FROM `waypoint_path_name` WHERE PathId = 33007;
INSERT INTO `waypoint_path_name` (`PathId`, `Name`) VALUES (33007,'Storm Peaks - Garm\'s Rise Phase 2 - Goblin Sapper 29555 x3 - Patrol 1');
DELETE FROM `waypoint_path` WHERE PathId = 33007;
INSERT INTO `waypoint_path` (`PathId`, `Point`, `PositionX`, `PositionY`,`PositionZ`, `Orientation`, `WaitTime`, `ScriptId`) VALUES
(33007,1,6318.07,-1760.49,457.22003,0.771660,2000,0),
(33007,2,6316.526,-1737.9498,456.67862,100,0,0),
(33007,3,6317.8945,-1715.3488,455.6283,100,0,0),
(33007,4,6310.9683,-1688.7084,455.29626,100,0,0),
(33007,5,6299.8135,-1659.837,449.9582,100,0,0),
(33007,6,6293.4287,-1636.1139,440.9803,100,100,2955501),
(33007,7,6307.18,-1603.19,426.494,100,0,0),
(33007,8,6346.1587,-1590.0626,428.1323,100,0,0),
(33007,9,6381.7954,-1618.082,418.5552,100,0,0),
(33007,10,6405.8125,-1636.0768,418.72214,100,0,0),
(33007,11,6439.4463,-1635.1715,418.6145,100,0,0),
(33007,12,6476.907,-1639.3251,427.49173,100,0,0),
(33007,13,6464.0303,-1656.0717,433.1907,100,0,0),
(33007,14,6451.28,-1669.36,435.994,100,0,0),
(33007,15,6441.28,-1692.28,435.566,100,0,0),
(33007,16,6434.21,-1705.83,434.956,100,0,0),
(33007,17,6423.76,-1715.23,432.391,100,0,0),
(33007,18,6408,-1736.34,432.131,100,5000,2955502);
DELETE FROM dbscripts_on_creature_movement WHERE id IN (2955501,2955502);
INSERT INTO dbscripts_on_creature_movement (id,delay,priority,command,datalong,datalong2,datalong3,buddy_entry,search_radius,data_flags,dataint,dataint2,dataint3,dataint4,datafloat,x,y,z,o,speed,condition_id,comments) VALUES
(2955501,0,0,20,15,0,0,0,0,0x004,0,0,0,0,5,6307.18,-1603.19,426.494,100,19,0,'jump'),
(2955502,1000,0,18,0,0,0,33007,33007,0x100|0x200|0x001,0,0,0,0,0,0,0,0,0,0,0,'despawn group');
DELETE FROM creature_addon WHERE guid IN (54543,54544,54548);
DELETE FROM creature_movement WHERE id IN (54543,54544,54548);
DELETE FROM game_event_creature WHERE guid IN (54543,54544,54548);
DELETE FROM game_event_creature_data WHERE guid IN (54543,54544,54548);
DELETE FROM creature_battleground WHERE guid IN (54543,54544,54548);
DELETE FROM creature_linking WHERE guid IN (54543,54544,54548);
DELETE FROM creature WHERE guid IN (54543,54544,54548);
INSERT INTO creature (guid, id, map, spawnMask, phaseMask,  position_x ,position_y, position_z, orientation, spawntimesecsmin, spawntimesecsmax, spawndist, MovementType) VALUES
(54543,29555,571,1,2,6311.2026,-1719.9783,456.1765,1.64063,120,180,0,0),
(54544,29555,571,1,2,6311.2026,-1719.9783,456.1765,1.64063,120,180,0,0),
(54548,29555,571,1,2,6311.2026,-1719.9783,456.1765,1.64063,120,180,0,0);
DELETE FROM `spawn_group` WHERE id =33008;
INSERT INTO `spawn_group` (`Id`, `Name`, `Type`, `MaxCount`, `WorldState`, `Flags`) VALUES (33008, 'Storm Peaks - Garm\'s Rise Phase 2 - Goblin Sapper 29555 x3 - Patrol 2', 0, 0, 0, 0);
DELETE FROM `spawn_group_spawn` WHERE id = 33008;
INSERT INTO `spawn_group_spawn` (`Id`, `Guid`, `SlotId`) VALUES (33008, 54543, 0),(33008, 54544, 1),(33008, 54548, 2);
DELETE FROM creature_spawn_data WHERE guid IN (54543,54544,54548);
INSERT INTO creature_spawn_data(Guid,Id) VALUES (54543,1),(54544,1),(54548,1);
DELETE FROM `spawn_group_formation` WHERE id = 33008;
INSERT INTO `spawn_group_formation` (`Id`, `FormationType`, `FormationSpread`, `FormationOptions`, `PathId`, `MovementType`, `Comment`) VALUES
(33008, 3, 2, 0, 33008, 2, 'Storm Peaks - Garm\'s Rise Phase 2 - Goblin Sapper 29555 x3 - Patrol 2');
DELETE FROM `waypoint_path_name` WHERE PathId = 33008;
INSERT INTO `waypoint_path_name` (`PathId`, `Name`) VALUES (33008,'Storm Peaks - Garm\'s Rise Phase 2 - Goblin Sapper 29555 x3 - Patrol 2');
DELETE FROM `waypoint_path` WHERE PathId = 33008;
INSERT INTO `waypoint_path` (`PathId`, `Point`, `PositionX`, `PositionY`,`PositionZ`, `Orientation`, `WaitTime`, `ScriptId`) VALUES
(33008,1,6311.2026,-1719.9783,456.1765,1.64063,2000,0),
(33008,2,6301.128,-1684.758,454.61987,100,0,0),
(33008,3,6289.407,-1645.1007,441.2068,100,0,0),
(33008,4,6291.9077,-1633.6527,439.8108,100,0,0),
(33008,5,6296.611,-1609.0116,426.0891,100,0,0),
(33008,6,6324.723,-1583.9806,425.35373,100,0,0),
(33008,7,6349.82,-1586.76,428.133,100,0,0),
(33008,8,6378.22,-1607.1,419.856,100,0,0),
(33008,9,6410.46,-1626.75,418.537,100,0,0),
(33008,10,6444.11,-1632.65,418.539,100,0,0),
(33008,11,6469.51,-1639.62,426.57,100,0,0),
(33008,12,6467.2,-1653.03,431.129,100,0,0),
(33008,13,6453.66,-1668,435.901,100,0,0),
(33008,14,6442.21,-1689.43,435.637,100,0,0),
(33008,15,6441.75,-1711.73,435.232,100,0,0),
(33008,16,6451.23,-1727.47,435.333,100,0,0),
(33008,17,6464.67,-1745.66,433.565,100,0,0),
(33008,18,6461.8,-1766.8,432.135,100,5000,2955502);
UPDATE `creature` SET `position_x` = '6330.58984375000000000000',`position_y` = '-1703.85998535156250000000',`position_z` = '455.71499633789060000000',`orientation` = '3.10668992996215800000' WHERE `guid` = 131545;
UPDATE `creature` SET `position_x` = '6330.68017578125000000000',`position_y` = '-1713.26000976562500000000',`position_z` = '455.71499633789060000000',`orientation` = '3.10668992996215800000' WHERE `guid` = 131546;
UPDATE `creature` SET `position_x` = '6327.85009765625000000000',`position_y` = '-1711.02001953125000000000',`position_z` = '455.58999633789060000000',`orientation` = '3.10668992996215800000' WHERE `guid` = 131547;
UPDATE `creature` SET `position_x` = '6330.79003906250000000000',`position_y` = '-1721.97998046875000000000',`position_z` = '456.46499633789060000000',`orientation` = '3.10668992996215800000' WHERE `guid` = 131548;
UPDATE `creature` SET `position_x` = '6327.87011718750000000000',`position_y` = '-1715.47998046875000000000',`position_z` = '455.58999633789060000000',`orientation` = '3.10668992996215800000' WHERE `guid` = 131549;
UPDATE `creature` SET `position_x` = '6330.47021484375000000000',`position_y` = '-1708.90002441406250000000',`position_z` = '455.83999633789060000000',`orientation` = '3.10668992996215800000' WHERE `guid` = 131550;
UPDATE `creature` SET `position_x` = '6330.47021484375000000000',`position_y` = '-1717.48999023437500000000',`position_z` = '455.96499633789060000000',`orientation` = '3.10668992996215800000' WHERE `guid` = 131551;
UPDATE `creature` SET `position_x` = '6328.02978515625000000000',`position_y` = '-1719.89001464843750000000',`position_z` = '455.83999633789060000000',`orientation` = '3.10668992996215800000' WHERE `guid` = 131552;
UPDATE `creature` SET `position_x` = '6327.54980468750000000000',`position_y` = '-1706.28002929687500000000',`position_z` = '455.58999633789060000000',`orientation` = '3.10668992996215800000' WHERE `guid` = 131553;

UPDATE creature_template_addon SET auras = NULL WHERE Entry = 29434;
DELETE FROM dbscripts_on_relay WHERE id IN (20006);
INSERT INTO dbscripts_on_relay (id, delay, command, datalong, datalong2, datalong3, buddy_entry, search_radius, data_flags, dataint, dataint2, dataint3, dataint4, x, y, z, o, comments) VALUES
(20006,1,15,51329,0,0,0,0,0,0,0,0,0,0,0,0,0,'cast 51329');
DELETE FROM creature_spawn_data_template WHERE entry = 20083;
INSERT INTO creature_spawn_data_template (Entry, NpcFlags, UnitFlags, Faction, ModelId, EquipmentId, CurHealth, CurMana, SpawnFlags, RelayId, StringId, Name) VALUES (20083,-1,-1,0,0,-1,0,0,0,20006,0,'-RelayId 20083');
DELETE FROM creature_spawn_data WHERE guid IN (105017,105018,111574);
INSERT INTO creature_spawn_data(Guid,Id) VALUES (105017,20083),(105018,20083),(111574,20083);

DELETE FROM `creature` WHERE `guid` = 75229;
DELETE FROM dbscripts_on_event WHERE id IN (19455);
INSERT INTO dbscripts_on_event (id, delay, command, datalong, datalong2, datalong3, buddy_entry, search_radius, data_flags, dataint, dataint2, dataint3, dataint4, x, y, z, o, comments) VALUES
(19455,1,31,29626,50,0,0,0,0x008,0,0,0,0,0,0,0,0,'search for 29626 - terminate if alive'),
(19455,2000,10,29626,300000,0,0,0,0x008,0,0,0,0,6447.5728,-1728.7552,480.7186,5.77704,'summon 29626');
UPDATE creature_template SET Faction = 16, EquipmentTemplateId = 4242, MovementType = 2 WHERE entry = 29626;
DELETE FROM creature_movement_template WHERE Entry = 29626;
INSERT INTO creature_movement_template (`Entry`, `Point`, `PositionX`, `PositionY`, `PositionZ`, `Orientation`, `WaitTime`, `ScriptId`) VALUES
(29626,1,6470.204,-1743.3411,486.80005,100,0,0),
(29626,2,6488.025,-1747.5215,488.09357,100,0,0),
(29626,3,6503.44,-1748.83,490.644,6.09453,1000,3);
DELETE FROM dbscripts_on_spell WHERE id IN (55693);
INSERT INTO dbscripts_on_spell (id, delay, command, datalong, datalong2, datalong3, buddy_entry, search_radius, data_flags, dataint, dataint2, dataint3, dataint4, x, y, z, o, comments) VALUES
(55693,1,14,55486,0,0,0,0,0,0,0,0,0,0,0,0,0,'remove aura');

REPLACE INTO `creature_spawn_entry` (`guid`, `entry`) SELECT `guid`, 5469 FROM `creature` WHERE `id` IN (5469);
REPLACE INTO `creature_spawn_entry` (`guid`, `entry`) SELECT `guid`, 5470 FROM `creature` WHERE `id` IN (5469);
UPDATE `creature` SET `id` = 0 WHERE `id` IN (5469);

UPDATE `creature_template_addon` SET `auras` = '17327' WHERE `entry` =14306;
UPDATE `quest_template` SET `RequiredSkillValue` = 30 WHERE `entry`= 1579;

UPDATE `questgiver_greeting` SET `Text` = ' Greetings, $n.' WHERE `Entry` =26245 AND `Type` =0;

UPDATE `creature_template` SET `SkinningLootId` = '0' WHERE `Entry` =5347;
DELETE FROM `skinning_loot_template` WHERE `entry` = 5347;

DELETE FROM creature_addon WHERE guid IN(SELECT guid FROM creature WHERE id IN (4396,4397));
DELETE FROM creature_movement WHERE id IN(SELECT guid FROM creature WHERE id IN (4396,4397));
DELETE FROM game_event_creature WHERE guid IN(SELECT guid FROM creature WHERE id IN (4396,4397));
DELETE FROM game_event_creature_data WHERE guid IN(SELECT guid FROM creature WHERE id IN (4396,4397));
DELETE FROM creature_battleground WHERE guid IN(SELECT guid FROM creature WHERE id IN (4396,4397));
DELETE FROM creature_linking WHERE guid IN(SELECT guid FROM creature WHERE id IN (4396,4397));
DELETE FROM creature WHERE id IN (4396,4397);
INSERT INTO `creature` (`guid`, `id`, `map`, `spawnMask`, `phaseMask`, `position_x`, `position_y`, `position_z`, `orientation`, `spawntimesecsmin`, `spawntimesecsmax`, `spawndist`, `MovementType`) VALUES
(27521, 4397, 1, 1, 1, '-2583.58007812500000000000', '-4250.02978515625000000000', '-15.01599979400634800000', '3.71820998191833500000', 300, 300, 10, 1),
(27545, 4397, 1, 1, 1, '-2229.13989257812500000000', '-4257.64990234375000000000', '-2.75096011161804200000', '4.47013998031616200000', 300, 300, 10, 1),
(27575, 4397, 1, 1, 1, '-2350.68994140625000000000', '-3918.57006835937500000000', '-10.49310016632080000000', '1.36135005950927730000', 300, 300, 5, 1),
(27693, 4397, 1, 1, 1, '-2347.97998046875000000000', '-4352.45996093750000000000', '-9.77159023284912100000', '6.05243015289306600000', 300, 300, 10, 1),
(27796, 4397, 1, 1, 1, '-2219.35009765625000000000', '-4282.37011718750000000000', '-1.43956005573272700000', '5.37317991256713900000', 300, 300, 10, 1),
(27838, 4397, 1, 1, 1, '-2256.25000000000000000000', '-4014.98999023437500000000', '-3.75096988677978500000', '3.30449008941650400000', 300, 300, 10, 1),
(27841, 4397, 1, 1, 1, '-2284.86010742187500000000', '-4366.16015625000000000000', '-2.28357005119323730000', '2.33410000801086430000', 300, 300, 10, 1),
(27921, 4397, 1, 1, 1, '-3016.43994140625000000000', '-4445.97998046875000000000', '-8.99090957641601600000', '1.69226002693176270000', 300, 300, 5, 1),
(28022, 4397, 1, 1, 1, '-3103.45996093750000000000', '-4432.14013671875000000000', '-11.64599990844726600000', '5.43159008026123050000', 300, 300, 5, 1),
(28037, 4397, 1, 1, 1, '-3089.07006835937500000000', '-4346.27001953125000000000', '0.07921700179576874000', '4.77615976333618200000', 300, 300, 5, 1),
(28103, 4397, 1, 1, 1, '-2735.72998046875000000000', '-4351.64990234375000000000', '-15.56359958648681600000', '2.61759996414184570000', 300, 300, 10, 1),
(28119, 4397, 1, 1, 1, '-2336.94995117187500000000', '-4137.20996093750000000000', '6.25018978118896500000', '2.77779006958007800000', 300, 300, 10, 1),
(28209, 4397, 1, 1, 1, '-3082.21997070312500000000', '-4289.35009765625000000000', '-10.46059989929199200000', '5.47370004653930700000', 300, 300, 5, 1),
(28231, 4397, 1, 1, 1, '-3035.87011718750000000000', '-4250.79980468750000000000', '-11.22459983825683600000', '1.06386005878448490000', 300, 300, 5, 1),
(28244, 4397, 1, 1, 1, '-2306.12011718750000000000', '-3993.46997070312500000000', '-5.77331018447876000000', '5.32905006408691400000', 300, 300, 10, 1),
(28307, 4397, 1, 1, 1, '-2270.36010742187500000000', '-4079.07006835937500000000', '-1.63274002075195310000', '0.29604700207710266000', 300, 300, 10, 1),
(28309, 4397, 1, 1, 1, '-2301.14990234375000000000', '-4223.16015625000000000000', '-0.95972102880477900000', '3.55826997756958000000', 300, 300, 10, 1),
(28482, 4397, 1, 1, 1, '-3020.84008789062500000000', '-4221.62011718750000000000', '-1.40882003307342530000', '1.81036996841430660000', 300, 300, 5, 1),
(28536, 4397, 1, 1, 1, '-2689.53002929687500000000', '-4354.99023437500000000000', '-4.46757984161376950000', '2.01777005195617680000', 300, 300, 10, 1),
(28645, 4397, 1, 1, 1, '-2589.67993164062500000000', '-3904.41992187500000000000', '-6.61262989044189450000', '2.95493006706237800000', 300, 300, 10, 1),
(28884, 4397, 1, 1, 1, '-2542.60009765625000000000', '-3873.36010742187500000000', '-18.93120002746582000000', '3.36004996299743650000', 300, 300, 10, 1),
(28931, 4397, 1, 1, 1, '-2495.73999023437500000000', '-3864.21997070312500000000', '-4.23470020294189450000', '5.24007987976074200000', 300, 300, 10, 1),
(29212, 4397, 1, 1, 1, '-2355.96997070312500000000', '-3953.89990234375000000000', '-7.05755996704101600000', '4.45338010787963900000', 300, 300, 10, 1),
(29302, 4397, 1, 1, 1, '-2431.33007812500000000000', '-3823.39990234375000000000', '-2.85297989845275900000', '0.71350002288818360000', 300, 300, 10, 1),
(29438, 4397, 1, 1, 1, '-2616.03002929687500000000', '-4297.74023437500000000000', '0.52637302875518800000', '6.01916980743408200000', 300, 300, 10, 1),
(29580, 4397, 1, 1, 1, '-2386.14990234375000000000', '-4241.20019531250000000000', '-7.77776002883911100000', '4.72245979309082000000', 300, 300, 10, 1),
(29614, 4397, 1, 1, 1, '-2420.32006835937500000000', '-4182.31005859375000000000', '-2.66915988922119140000', '5.47555017471313500000', 300, 300, 10, 1),
(29680, 4397, 1, 1, 1, '-2352.36010742187500000000', '-4237.45996093750000000000', '-1.65652000904083250000', '4.52482986450195300000', 300, 300, 10, 1),
(29690, 4397, 1, 1, 1, '-2299.93994140625000000000', '-4183.81005859375000000000', '-11.56820011138916000000', '0.02891599945724010500', 300, 300, 10, 1),
(29850, 4397, 1, 1, 1, '-2298.66992187500000000000', '-4173.81005859375000000000', '-6.40215015411376950000', '5.58312988281250000000', 300, 300, 10, 1),
(29915, 4397, 1, 1, 1, '-2472.23999023437500000000', '-3845.67993164062500000000', '0.14824199676513672000', '3.49053001403808600000', 300, 300, 10, 1),
(29946, 4397, 1, 1, 1, '-2485.43994140625000000000', '-3826.87011718750000000000', '3.50751996040344240000', '3.87585997581481930000', 300, 300, 10, 1),
(30074, 4397, 1, 1, 1, '-2741.82006835937500000000', '-4313.89013671875000000000', '-1.09315001964569100000', '2.21468997001647950000', 300, 300, 10, 1),
(30125, 4397, 1, 1, 1, '-2826.00000000000000000000', '-4203.77978515625000000000', '3.74610996246337900000', '2.05190992355346700000', 300, 300, 10, 1),
(30158, 4397, 1, 1, 1, '-2760.18994140625000000000', '-4239.89013671875000000000', '-3.52308011054992680000', '1.35642004013061520000', 300, 300, 10, 1),
(30167, 4397, 1, 1, 1, '-2611.71997070312500000000', '-4144.60009765625000000000', '-3.58852005004882800000', '0.54594999551773070000', 300, 300, 10, 1),
(30251, 4397, 1, 1, 1, '-2685.87988281250000000000', '-4136.02978515625000000000', '1.91364002227783200000', '1.37224996089935300000', 300, 300, 10, 1),
(30263, 4397, 1, 1, 1, '-2548.80004882812500000000', '-4106.47998046875000000000', '-1.64918005466461180000', '5.44902992248535200000', 300, 300, 10, 1),
(32586, 4397, 1, 1, 1, '-2574.19995117187500000000', '-4108.00976562500000000000', '-2.03114008903503400000', '4.46939992904663100000', 300, 300, 10, 1),
(32597, 4397, 1, 1, 1, '-3421.50000000000000000000', '-4373.35986328125000000000', '1.53496003150939940000', '5.02974987030029300000', 300, 300, 10, 1),
(32616, 4397, 1, 1, 1, '-3509.95996093750000000000', '-4388.95996093750000000000', '-3.77503991127014160000', '1.18230998516082760000', 300, 300, 10, 1),
(32634, 4397, 1, 1, 1, '-3462.64990234375000000000', '-4376.41015625000000000000', '0.64256197214126590000', '2.15193009376525900000', 300, 300, 10, 1),
(32635, 4397, 1, 1, 1, '-3369.65991210937500000000', '-4310.66015625000000000000', '0.67915099859237670000', '0.61033201217651370000', 300, 300, 10, 1),
(32680, 4397, 1, 1, 1, '-3283.42993164062500000000', '-4285.41015625000000000000', '1.81793999671936040000', '1.55127000808715820000', 300, 300, 10, 1),
(32831, 4397, 1, 1, 1, '-3346.66992187500000000000', '-4293.95996093750000000000', '0.90440100431442260000', '5.05949020385742200000', 300, 300, 10, 1),
(32947, 4397, 1, 1, 1, '-3087.64990234375000000000', '-4214.54980468750000000000', '0.75863897800445560000', '2.84157991409301760000', 300, 300, 10, 1);

UPDATE `creature_template` SET `MinLevel` = 70, `MaxLevel` = 70, `Faction`= 58 WHERE `entry` = 27936;

UPDATE `creature_template` SET `CharmedSpellList`='2491805', `MechanicImmuneMask` = `MechanicImmuneMask`&~1 WHERE `entry`='24918';
UPDATE `creature_template` SET `CharmedSpellList`='1693705', `MechanicImmuneMask` = `MechanicImmuneMask`&~1 WHERE `entry`='16937';
UPDATE `creature_template` SET `CharmedSpellList`='1693805', `MechanicImmuneMask` = `MechanicImmuneMask`&~1 WHERE `entry`='16938';
UPDATE `creature_template` SET `CharmedSpellList`='1708405', `MechanicImmuneMask` = `MechanicImmuneMask`&~1 WHERE `entry`='17084';
UPDATE `creature_template` SET `CharmedSpellList`='1696605', `MechanicImmuneMask` = `MechanicImmuneMask`&~1 WHERE `entry`='16966';
UPDATE `creature_template` SET `CharmedSpellList`='1696705', `MechanicImmuneMask` = `MechanicImmuneMask`&~1 WHERE `entry`='16967';
UPDATE `creature_template` SET `CharmedSpellList`='1692805', `MechanicImmuneMask` = `MechanicImmuneMask`&~1 WHERE `entry`='16928';
UPDATE `creature_template` SET `CharmedSpellList`='1705705', `MechanicImmuneMask` = `MechanicImmuneMask`&~1 WHERE `entry`='17057';
UPDATE `creature_template` SET `CharmedSpellList`='1692705', `MechanicImmuneMask` = `MechanicImmuneMask`&~1 WHERE `entry`='16927';
UPDATE `creature_template` SET `CharmedSpellList`='1692905', `MechanicImmuneMask` = `MechanicImmuneMask`&~1 WHERE `entry`='16929';
UPDATE `creature_template` SET `CharmedSpellList`='1926305', `MechanicImmuneMask` = `MechanicImmuneMask`&~1 WHERE `entry`='19263';
UPDATE `creature_template` SET `CharmedSpellList`='1696405', `MechanicImmuneMask` = `MechanicImmuneMask`&~1 WHERE `entry`='16964';
UPDATE `creature_template` SET `CharmedSpellList`='1687305', `MechanicImmuneMask` = `MechanicImmuneMask`&~1 WHERE `entry`='16873';
UPDATE `creature_template` SET `CharmedSpellList`='1944205', `MechanicImmuneMask` = `MechanicImmuneMask`&~1 WHERE `entry`='19442';
UPDATE `creature_template` SET `CharmedSpellList`='1942405', `MechanicImmuneMask` = `MechanicImmuneMask`&~1 WHERE `entry`='19424';
UPDATE `creature_template` SET `CharmedSpellList`='1687105', `MechanicImmuneMask` = `MechanicImmuneMask`&~1 WHERE `entry`='16871';
UPDATE `creature_template` SET `CharmedSpellList`='1945705', `MechanicImmuneMask` = `MechanicImmuneMask`&~1 WHERE `entry`='19457';
UPDATE `creature_template` SET `CharmedSpellList`='1942205', `MechanicImmuneMask` = `MechanicImmuneMask`&~1 WHERE `entry`='19422';
UPDATE `creature_template` SET `CharmedSpellList`='1690705', `MechanicImmuneMask` = `MechanicImmuneMask`&~1 WHERE `entry`='16907';
UPDATE `creature_template` SET `CharmedSpellList`='1687605', `MechanicImmuneMask` = `MechanicImmuneMask`&~1 WHERE `entry`='16876';
UPDATE `creature_template` SET `CharmedSpellList`='1692505', `MechanicImmuneMask` = `MechanicImmuneMask`&~1 WHERE `entry`='16925';
UPDATE `creature_template` SET `CharmedSpellList`='1895205', `MechanicImmuneMask` = `MechanicImmuneMask`&~1 WHERE `entry`='18952';
UPDATE `creature_template` SET `CharmedSpellList`='1970105', `MechanicImmuneMask` = `MechanicImmuneMask`&~1 WHERE `entry`='19701';
UPDATE `creature_template` SET `CharmedSpellList`='1941005', `MechanicImmuneMask` = `MechanicImmuneMask`&~1 WHERE `entry`='19410';
UPDATE `creature_template` SET `CharmedSpellList`='1687005', `MechanicImmuneMask` = `MechanicImmuneMask`&~1 WHERE `entry`='16870';
UPDATE `creature_template` SET `CharmedSpellList`='1941105', `MechanicImmuneMask` = `MechanicImmuneMask`&~1 WHERE `entry`='19411';
UPDATE `creature_template` SET `CharmedSpellList`='1686705', `MechanicImmuneMask` = `MechanicImmuneMask`&~1 WHERE `entry`='16867';
UPDATE `creature_template` SET `CharmedSpellList`='1687805', `MechanicImmuneMask` = `MechanicImmuneMask`&~1 WHERE `entry`='16878';
UPDATE `creature_template` SET `CharmedSpellList`='1941305', `MechanicImmuneMask` = `MechanicImmuneMask`&~1 WHERE `entry`='19413';
UPDATE `creature_template` SET `CharmedSpellList`='1941505', `MechanicImmuneMask` = `MechanicImmuneMask`&~1 WHERE `entry`='19415';
UPDATE `creature_template` SET `CharmedSpellList`='1941405', `MechanicImmuneMask` = `MechanicImmuneMask`&~1 WHERE `entry`='19414';
UPDATE `creature_template_addon` SET `auras` = '36725 36727' WHERE `entry` = 21365;
DELETE FROM creature_template_spells WHERE `entry` IN (24918,16937,16938,17084,16966,16967,16928,17057,16927,16929,19263,16964,16873,19442,19424,16871,19457,19422,16907,16876,16925,18952,19701,19410,16870,19411,16867,16878,19413,19415,19414);
DELETE FROM creature_cooldowns WHERE `entry` IN (24918,16937,16938,17084,16966,16967,16928,17057,16927,16929,19263,16964,16873,19442,19424,16871,19457,19422,16907,16876,16925,18952,19701,19410,16870,19411,16867,16878,19413,19415,19414);
DELETE FROM `creature_spell_list_entry` WHERE `Id` IN (2491805,1693705,1693805,1708405,1696605,1696705,1692805,1705705,1692705,1692905,1926305,1696405,1687305,1944205,1942405,1687105,1945705,1942205,1690705,1687605,1692505,1895205,1970105,1941005,1687005,1941105,1686705,1687805,1941305,1941505,1941405);
DELETE FROM `creature_spell_list` WHERE `Id` IN (2491805,1693705,1693805,1708405,1696605,1696705,1692805,1705705,1692705,1692905,1926305,1696405,1687305,1944205,1942405,1687105,1945705,1942205,1690705,1687605,1692505,1895205,1970105,1941005,1687005,1941105,1686705,1687805,1941305,1941505,1941405);
INSERT INTO `creature_spell_list_entry` (`Id`, `Name`, `ChanceSupportAction`, `ChanceRangedAttack`) VALUES
(2491805, 'TBC - Felblood Initiate', 0, 0),
(1693705, 'TBC - Dreghood Geomancer', 0, 0),
(1693805, 'TBC - Dreghood Brute', 0, 0),
(1708405, 'TBC - Avruu', 0, 0),
(1696605, 'TBC - Haal''eshi Windwalker', 0, 0),
(1696705, 'TBC - Haal''eshi Talonguard', 0, 0),
(1692805, 'TBC - Stonescythe Ambusher', 0, 0),
(1705705, 'TBC - Blacktalon the Savage', 0, 0),
(1692705, 'TBC - Stonescythe Whelp', 0, 0),
(1692905, 'TBC - Stonescythe Alpha', 0, 0),
(1926305, 'TBC - Warboss Nekrogg', 0, 0),
(1696405, 'TBC - Warlord Morkh', 0, 0),
(1687305, 'TBC - Bleeding Hollow Dark Shaman', 0, 0),
(1944205, 'TBC - Worg Master Kruush', 0, 0),
(1942405, 'TBC - Bleeding Hollow Tormentor', 0, 0),
(1687105, 'TBC - Bleeding Hollow Grunt', 0, 0),
(1945705, 'TBC - Grillok "Darkeye"', 0, 0),
(1942205, 'TBC - Bleeding Hollow Necrolyte', 0, 0),
(1690705, 'TBC - Bleeding Hollow Peon', 0, 0),
(1687605, 'TBC - Bonechewer Mutant', 0, 0),
(1692505, 'TBC - Bonechewer Raider', 0, 0),
(1895205, 'TBC - Bonechewer Scavenger', 0, 0),
(1970105, 'TBC - Bonechewer Evoker', 0, 0),
(1941005, 'TBC - Shattered Hand Neophyte', 0, 0),
(1687005, 'TBC - Shattered Hand Captain', 0, 0),
(1941105, 'TBC - Shattered Hand Warlock', 0, 0),
(1686705, 'TBC - Shattered Hand Grunt', 0, 0),
(1687805, 'TBC - Shattered Hand Berserker', 0, 0),
(1941305, 'TBC - Shattered Hand Mage', 0, 0),
(1941505, 'TBC - Shattered Hand Acolyte', 0, 0),
(1941405, 'TBC - Shattered Hand Guard', 0, 0);
INSERT INTO `creature_spell_list` (`Id`, `Position`, `SpellId`, `Flags`, `CombatCondition`, `TargetId`, `ScriptId`, `Availability`, `Probability`, `InitialMin`, `InitialMax`, `RepeatMin`, `RepeatMax`, `Comments`) VALUES
(2491805, 3, 35871, 0, -1, 0, 0, 100, 1, 0, 0, 19000, 19000, 'Felblood Initiate - Spellbreaker'),
(2491805, 0, 2, 0, -1, 0, 0, 100, 1, 0, 0, 0, 0, 'Felblood Initiate - Attack'),
(1693705, 4, 32734, 0, -1, 0, 0, 100, 1, 0, 0, 20000, 20000, 'Dreghood Geomancer - Earth Shield'),
(1693705, 3, 34083, 0, -1, 0, 0, 100, 1, 0, 0, 6000, 6557, 'Dreghood Geomancer - Fireball'),
(1693705, 0, 2, 0, -1, 0, 0, 100, 1, 0, 0, 0, 0, 'Dreghood Geomancer - Attack'),
(1693805, 3, 31553, 0, -1, 0, 0, 100, 1, 0, 0, 10000, 10000, 'Dreghood Brute - Hamstring'),
(1693805, 0, 2, 0, -1, 0, 0, 100, 1, 0, 0, 0, 0, 'Dreghood Brute - Attack'),
(1708405, 4, 34112, 0, -1, 0, 0, 100, 1, 0, 0, 25000, 25000, 'Avruu - Judgement of Darkness'),
(1708405, 3, 16588, 0, -1, 0, 0, 100, 1, 0, 0, 25000, 25000, 'Avruu - Dark Mending'),
(1708405, 0, 2, 0, -1, 0, 0, 100, 1, 0, 0, 0, 0, 'Avruu - Attack'),
(1696605, 4, 32717, 0, -1, 0, 0, 100, 1, 0, 0, 16000, 16000, 'Haal''eshi Windwalker - Hurricane'),
(1696605, 3, 9532, 0, -1, 0, 0, 100, 1, 0, 0, 0, 0, 'Haal''eshi Windwalker - Lightning Bolt'),
(1696605, 0, 2, 0, -1, 0, 0, 100, 1, 0, 0, 0, 0, 'Haal''eshi Windwalker - Attack'),
(1696705, 4, 32720, 0, -1, 0, 0, 100, 1, 0, 0, 12000, 12000, 'Haal''eshi Talonguard - Sprint'),
(1696705, 0, 2, 0, -1, 0, 0, 100, 1, 0, 0, 0, 0, 'Haal''eshi Talonguard - Attack'),
(1692805, 0, 2, 0, -1, 0, 0, 100, 1, 0, 0, 0, 0, 'Stonescythe Ambusher - Attack'),
(1705705, 0, 2, 0, -1, 0, 0, 100, 1, 0, 0, 0, 0, 'Blacktalon the Savage - Attack'),
(1692705, 0, 2, 0, -1, 0, 0, 100, 1, 0, 0, 0, 0, 'Stonescythe Whelp - Attack'),
(1692905, 4, 33911, 0, -1, 0, 0, 100, 1, 0, 0, 10000, 10000, 'Stonescythe Alpha - Tear Armor'),
(1692905, 0, 2, 0, -1, 0, 0, 100, 1, 0, 0, 0, 0, 'Stonescythe Alpha - Attack'),
(1926305, 5, 34113, 0, -1, 0, 0, 100, 1, 0, 0, 8000, 8000, 'Warboss Nekrogg - Bonechewer Bite'),
(1926305, 0, 2, 0, -1, 0, 0, 100, 1, 0, 0, 0, 0, 'Warboss Nekrogg - Attack'),
(1696405, 4, 11978, 0, -1, 0, 0, 100, 1, 0, 0, 16000, 16000, 'Warlord Morkh - Kick'),
(1696405, 3, 34080, 0, -1, 0, 0, 100, 1, 0, 0, 20000, 20000, 'Warlord Morkh - Riposte Stance'),
(1696405, 0, 2, 0, -1, 0, 0, 100, 1, 0, 0, 0, 0, 'Warlord Morkh - Attack'),
(1687305, 6, 6742, 0, -1, 0, 0, 100, 1, 0, 0, 60000, 60000, 'Bleeding Hollow Dark Shaman - Bloodlust'),
(1687305, 5, 12550, 0, -1, 0, 0, 100, 1, 0, 0, 30000, 30000, 'Bleeding Hollow Dark Shaman - Lightning Shield'),
(1687305, 0, 2, 0, -1, 0, 0, 100, 1, 0, 0, 0, 0, 'Bleeding Hollow Dark Shaman - Attack'),
(1944205, 3, 30478, 0, -1, 0, 0, 100, 1, 0, 0, 20000, 20000, 'Worg Master Kruush - Hemorrhage'),
(1944205, 0, 2, 0, -1, 0, 0, 100, 1, 0, 0, 0, 0, 'Worg Master Kruush - Attack'),
(1942405, 3, 33976, 0, -1, 0, 0, 100, 1, 0, 0, 0, 0, 'Bleeding Hollow Tormentor - Mend Pet'),
(1942405, 0, 2, 0, -1, 0, 0, 100, 1, 0, 0, 0, 0, 'Bleeding Hollow Tormentor - Attack'),
(1687105, 3, 11976, 0, -1, 0, 0, 100, 1, 0, 0, 8000, 8000, 'Bleeding Hollow Grunt - Strike'),
(1687105, 0, 2, 0, -1, 0, 0, 100, 1, 0, 0, 0, 0, 'Bleeding Hollow Grunt - Attack'),
(1945705, 4, 12058, 0, -1, 0, 0, 100, 1, 0, 0, 8000, 8000, 'Grillok "Darkeye" - Chain Lightning'),
(1945705, 3, 12550, 0, -1, 0, 0, 100, 1, 0, 0, 30000, 30000, 'Grillok "Darkeye" - Lightning Shield'),
(1945705, 0, 2, 0, -1, 0, 0, 100, 1, 0, 0, 0, 0, 'Grillok "Darkeye" - Attack'),
(1942205, 6, 34073, 0, -1, 0, 0, 100, 1, 0, 0, 45000, 45000, 'Bleeding Hollow Necrolyte - Curse of the Bleeding Hollow'),
(1942205, 5, 34019, 0, -1, 0, 0, 100, 1, 0, 0, 60000, 60000, 'Bleeding Hollow Necrolyte - Raise Dead'),
(1942205, 3, 9053, 0, -1, 0, 0, 100, 1, 0, 0, 0, 0, 'Bleeding Hollow Necrolyte - Fireball'),
(1942205, 0, 2, 0, -1, 0, 0, 100, 1, 0, 0, 0, 0, 'Bleeding Hollow Necrolyte - Attack'),
(1690705, 0, 2, 0, -1, 0, 0, 100, 1, 0, 0, 0, 0, 'Bleeding Hollow Peon - Attack'),
(1687605, 3, 34113, 0, -1, 0, 0, 100, 1, 0, 0, 30000, 30000, 'Bonechewer Mutant - Bonechewer Bite'),
(1687605, 0, 2, 0, -1, 0, 0, 100, 1, 0, 0, 0, 0, 'Bonechewer Mutant - Attack'),
(1692505, 0, 2, 0, -1, 0, 0, 100, 1, 0, 0, 0, 0, 'Bonechewer Raider - Attack'),
(1895205, 4, 34113, 0, -1, 0, 0, 100, 1, 0, 0, 60000, 60000, 'Bonechewer Scavenger - Bonechewer Bite'),
(1895205, 3, 13398, 0, -1, 0, 0, 100, 1, 0, 0, 30000, 30000, 'Bonechewer Scavenger - Throw Wrench'),
(1895205, 0, 2, 0, -1, 0, 0, 100, 1, 0, 0, 0, 0, 'Bonechewer Scavenger - Attack'),
(1970105, 3, 9053, 0, -1, 0, 0, 100, 1, 0, 0, 0, 0, 'Bonechewer Evoker - Fireball'),
(1970105, 0, 2, 0, -1, 0, 0, 100, 1, 0, 0, 0, 0, 'Bonechewer Evoker - Attack'),
(1941005, 5, 6742, 0, -1, 0, 0, 100, 1, 0, 0, 30000, 30000, 'Shattered Hand Neophyte - Bloodlust'),
(1941005, 4, 11639, 0, -1, 0, 0, 100, 1, 0, 0, 15000, 15000, 'Shattered Hand Neophyte - Shadow Word: Pain'),
(1941005, 3, 11640, 0, -1, 0, 0, 100, 1, 0, 0, 15000, 15000, 'Shattered Hand Neophyte - Renew'),
(1941005, 0, 2, 0, -1, 0, 0, 100, 1, 0, 0, 0, 0, 'Shattered Hand Neophyte - Attack'),
(1687005, 3, 15496, 0, -1, 0, 0, 100, 1, 0, 0, 8000, 8000, 'Shattered Hand Captain - Cleave'),
(1687005, 0, 2, 0, -1, 0, 0, 100, 1, 0, 0, 0, 0, 'Shattered Hand Captain - Attack'),
(1941105, 5, 13787, 0, -1, 0, 0, 100, 1, 0, 0, 30000, 30000, 'Shattered Hand Warlock - Demon Armor'),
(1941105, 4, 11962, 0, -1, 0, 0, 100, 1, 0, 0, 15000, 15000, 'Shattered Hand Warlock - Immolate'),
(1941105, 3, 9613, 0, -1, 0, 0, 100, 1, 0, 0, 0, 0, 'Shattered Hand Warlock - Shadow Bolt'),
(1941105, 0, 2, 0, -1, 0, 0, 100, 1, 0, 0, 0, 0, 'Shattered Hand Warlock - Attack'),
(1686705, 4, 11978, 0, -1, 0, 0, 100, 1, 0, 0, 15000, 15000, 'Shattered Hand Grunt - Kick'),
(1686705, 3, 11976, 0, -1, 0, 0, 100, 1, 0, 0, 15000, 15000, 'Shattered Hand Grunt - Strike'),
(1686705, 0, 2, 0, -1, 0, 0, 100, 1, 0, 0, 0, 0, 'Shattered Hand Grunt - Attack'),
(1687805, 4, 35570, 0, -1, 0, 0, 100, 1, 0, 0, 15000, 15000, 'Shattered Hand Berserker - Charge'),
(1687805, 0, 2, 0, -1, 0, 0, 100, 1, 0, 0, 0, 0, 'Shattered Hand Berserker - Attack'),
(1941305, 4, 11831, 0, -1, 0, 0, 100, 1, 0, 0, 15000, 15000, 'Shattered Hand Mage - Frost Nova'),
(1941305, 3, 14034, 0, -1, 0, 0, 100, 1, 0, 0, 0, 0, 'Shattered Hand Mage - Fireball'),
(1941305, 0, 2, 0, -1, 0, 0, 100, 1, 0, 0, 0, 0, 'Shattered Hand Mage - Attack'),
(1941505, 5, 13864, 0, -1, 0, 0, 100, 1, 0, 0, 60000, 60000, 'Shattered Hand Acolyte - Power Word: Fortitude'),
(1941505, 4, 16568, 0, -1, 0, 0, 100, 1, 0, 0, 5000, 5000, 'Shattered Hand Acolyte - Mind Flay'),
(1941505, 3, 11642, 0, -1, 0, 0, 100, 1, 0, 0, 16000, 16000, 'Shattered Hand Acolyte - Heal'),
(1941505, 0, 2, 0, -1, 0, 0, 100, 1, 0, 0, 0, 0, 'Shattered Hand Acolyte - Attack'),
(1941405, 4, 33960, 0, -1, 0, 0, 100, 1, 0, 0, 15000, 15000, 'Shattered Hand Guard - Counterstrike'),
(1941405, 3, 11976, 0, -1, 0, 0, 100, 1, 0, 0, 15000, 15000, 'Shattered Hand Guard - Strike'),
(1941405, 0, 2, 0, -1, 0, 0, 100, 1, 0, 0, 0, 0, 'Shattered Hand Guard - Attack');
DELETE FROM `spell_script_target` WHERE `entry` = 34076;
INSERT INTO `spell_script_target` (`entry`, `type`, `targetEntry`, `inverseEffectMask`) VALUES (34076, 1, 19458, 0), (34076, 1, 19459, 0);
UPDATE `creature` SET `position_x` = -1050.32,  `position_y` = 2000.24,  `position_z` = 67.3604,  `orientation` = 5.79449 WHERE `guid` = 58995 AND `id` = 19458;
UPDATE `creature` SET `position_x` = -1054,  `position_y` = 1996,  `position_z` = 67.5833,  `orientation` = 2.61799 WHERE `guid` = 59002 AND `id` = 19459;
UPDATE `creature_template_addon` SET `auras` = '19483' WHERE `entry` = 20160;
UPDATE `creature_template_addon` SET `auras` = '19483' WHERE `entry` = 23044;
INSERT INTO `creature` (`guid`, `id`, `map`, `spawnMask`, `position_x`, `position_y`, `position_z`, `orientation`, `spawntimesecsmin`, `spawntimesecsmax`, `spawndist`, `MovementType`) VALUES
(54549, 17058, 530, 1, '-618.79602050781250000000', '4781.77978515625000000000', '40.62950134277344000000', '3.42085003852844240000', 300, 300, 2, 1),
(54550, 17058, 530, 1, '-495.82598876953125000000', '4770.00976562500000000000', '28.03260040283203000000', '0.52114301919937130000', 300, 300, 2, 1),
(54577, 16938, 530, 1, '-622.02600097656250000000', '4786.60009765625000000000', '39.55730056762695000000', '3.17650008201599100000', 300, 300, 0, 0),
(54578, 16938, 530, 1, '-621.14202880859380000000', '4777.87011718750000000000', '40.76390075683594000000', '2.84489011764526370000', 300, 300, 0, 0);
DELETE FROM `creature_linking` WHERE `master_guid` IN (54549,54550);
INSERT INTO `creature_linking` (`guid`, `master_guid`, `flag`) VALUES (54577, 54549, 3),(54578, 54549, 3),(60150, 54550, 3),(60152, 54550, 3),(60153, 54550, 3);
UPDATE `creature_template` SET `CorpseDecay` = 3 WHERE `entry` = 19419;
UPDATE `creature_template` SET `CorpseDecay` = 3 WHERE `entry` = 19420;
DELETE FROM `dbscripts_on_event` WHERE `id` = 14379 AND `command` = 31;
INSERT INTO `dbscripts_on_event` (`id`, `delay`, `priority`, `command`, `datalong`, `datalong2`, `datalong3`, `buddy_entry`, `search_radius`, `data_flags`, `dataint`, `dataint2`, `dataint3`, `dataint4`, `datafloat`, `x`, `y`, `z`, `o`, `speed`, `condition_id`, `comments`) VALUES
(14379, 1000, 0, 31, 22374, 100, 0, 0, 0, 8, 0, 0, 0, 0, 0, -248.426, 3032.92, -65.5993, 1.309, 0, 0, 'check for 22374 - terminate if alive');
UPDATE `creature_template` SET `SchoolImmuneMask` = 4, `MechanicImmuneMask` = `MechanicImmuneMask`|(16+8388608) WHERE `entry` = 19261;
UPDATE `creature_template` SET `ExtraFlags` = `ExtraFlags`&~1024 WHERE `entry` = 18950;
UPDATE `creature_template` SET `ExtraFlags` = `ExtraFlags`|1048576, `CorpseDecay` = 10 WHERE `entry` IN (18948,18949,18950,18965,18966,18969,18970,18971,18972,18986);

DELETE FROM dbscripts_on_gossip WHERE id IN (991701,991700);
INSERT INTO dbscripts_on_gossip (id, delay, command, datalong, datalong2, datalong3, buddy_entry, search_radius, data_flags, dataint, dataint2, dataint3, dataint4, x, y, z, o, comments) VALUES
(991701,0,15,58061,0,0,0,0,0,0,0,0,0,0,0,0,0,'cast 58061 on Player'),
(991700,0,15,58062,0,0,0,0,0,0,0,0,0,0,0,0,0,'cast 58062 on Player');
DELETE FROM spell_target_position WHERE Id IN(56859,56899);
INSERT INTO spell_target_position VALUES
(56859,571,6147.5205,-1069.0864,402.67035,100),
(56899,571,6147.5205,-1069.0864,402.67035,100);
UPDATE creature_template SET UnitFlags = 512, StaticFlags2 = 1024, InhabitType = 3, MovementTemplateId = 144, VehicleTemplateId = 240, MovementType = 0 WHERE entry = 30477;
DELETE FROM creature_movement_template WHERE Entry = 30477;
INSERT INTO creature_movement_template (`Entry`, `Point`, `PositionX`, `PositionY`, `PositionZ`, `Orientation`, `WaitTime`, `ScriptId`) VALUES
(30477,1,6147.5205,-1069.0864,402.67035,100,0,0),
(30477,2,6148.49,-1069.33,402.67035,100,0,0),
(30477,3,6164.999,-1064.5122,422.1189,100,0,0),
(30477,4,6204.096,-998.4872,457.5628,100,0,0),
(30477,5,6289.5728,-952.1809,504.6187,100,0,0),
(30477,6,6307.7876,-872.7999,541.7296,100,0,0),
(30477,7,6370.5815,-821.95074,653.868,100,0,0),
(30477,8,6413.268,-660.4708,808.39526,100,0,0),
(30477,9,6554.8135,-550.3772,1018.1122,100,0,0),
(30477,10,6633.2646,-419.31586,1173.9137,100,0,0),
(30477,11,6760.5034,-364.46646,1277.7195,100,0,0),
(30477,12,6807.88,-427.51944,1399.109,100,0,0),
(30477,13,6808.07,-471.4465,1419.2474,100,0,0),
(30477,14,6775.634,-529.2309,1394.3866,100,0,0),
(30477,15,6720.6445,-535.55286,1328.0541,100,0,0),
(30477,16,6660.3096,-486.86514,1238.5532,100,0,0),
(30477,17,6658.9365,-417.84094,1186.1096,100,0,0),
(30477,18,6680.4897,-329.30872,1098.6091,100,0,0),
(30477,19,6683.783,-220.34538,972.72034,100,0,0),
(30477,20,6663.772,-192.12614,962.2485,100,100,3048701),
(30477,21,6654.82,-180.16895,958.13165,100,0,0),
(30477,22,6631.4673,-171.33052,966.46326,100,0,0),
(30477,23,6598.2227,-162.36642,984.2227,100,0,0),
(30477,24,6566.6704,-155.20769,992.0551,100,0,0),
(30477,25,6529.6514,-154.93631,992.0551,100,0,0),
(30477,26,6454.4165,-152.13107,962.305,100,100,1);
UPDATE creature_template SET UnitFlags = 512, StaticFlags2 = 1024, InhabitType = 3, MovementTemplateId = 144, VehicleTemplateId = 240, MovementType = 0 WHERE entry = 30487;
DELETE FROM creature_movement_template WHERE Entry = 30487;
INSERT INTO creature_movement_template (`Entry`, `Point`, `PositionX`, `PositionY`, `PositionZ`, `Orientation`, `WaitTime`, `ScriptId`) VALUES
(30487,1,6169.229,-1069.619,420.69446,100,0,0),
(30487,2,6232.725,-1031.5977,505.7779,100,0,0),
(30487,3,6339.224,-1035.0797,575.3331,100,0,0),
(30487,4,6431.492,-987.6745,694.8887,100,0,0),
(30487,5,6632.437,-925.97394,896.1384,100,0,0),
(30487,6,6822.084,-755.521,1171.1941,100,0,0),
(30487,7,7090.693,-619.48737,1455.6394,100,0,0),
(30487,8,7260.7495,-282.75003,1513.3616,100,0,0),
(30487,9,7552.5024,-334.65088,1657.6676,100,0,0),
(30487,10,7692.3013,-509.42502,1536.5002,100,0,0),
(30487,11,7799.192,-636.3267,1252.2778,100,0,0),
(30487,12,7841.5547,-726.5501,1193.9164,100,0,0),
(30487,13,7844.731,-775.36127,1185.8333,100,100,3048701),
(30487,14,7842.4487,-815.5735,1186.3956,100,0,0),
(30487,15,7838.703,-859.95715,1173.1735,100,0,0),
(30487,16,7865.014,-911.2181,1163.9792,100,0,0),
(30487,17,7856.225,-951.6568,1151.5625,100,100,1);
DELETE FROM dbscripts_on_creature_movement WHERE id IN (3048701);
INSERT INTO dbscripts_on_creature_movement (id, delay, priority, command, datalong, datalong2, datalong3, buddy_entry, search_radius, data_flags, dataint, dataint2, dataint3, dataint4, x, y, z, o, comments) VALUES
(3048701,0,1,14,46598,0,0,0,0,0x004,0,0,0,0,0,0,0,0,''),
(3048701,0,2,15,42895,0,0,0,0,0,0,0,0,0,0,0,0,0,'');

UPDATE `creature_template` SET `SkinningLootId` = '0' WHERE `Entry` =14344;
UPDATE `creature_template` SET `SkinningLootId` = '0' WHERE `Entry` =14476;
DELETE FROM `skinning_loot_template` WHERE `entry` = 14344;
DELETE FROM `skinning_loot_template` WHERE `entry` = 14476;
UPDATE `quest_template` SET `OfferRewardText` = 'So you have put together a deck of Beasts. Your gesture of returning it to us will create a tie between you and the Darkmoon that will not soon be forgotten. Allow me to present you with one of the greater darkmoon cards as a small token of our appreciation.' WHERE `entry` = 7907;
INSERT INTO `creature` (`guid`, `id`, `map`, `position_x`, `position_y`, `position_z`, `orientation`, `spawntimesecsmin`, `spawntimesecsmax`, `spawndist`, `MovementType`) VALUES
(9929, 11884, 1, -6342.67, -660.912, -179.83, 3.59357, 300, 300, 15, 1);
UPDATE `creature` SET `MovementType` = 2 WHERE `guid` = 9991;
DELETE FROM dbscripts_on_creature_movement WHERE id = 148401;
INSERT INTO `dbscripts_on_creature_movement` (`id`, `delay`, `priority`, `command`, `datalong`, `datalong2`, `datalong3`, `data_flags`, `dataint`, `dataint2`, `dataint3`, `dataint4`, `x`, `y`, `z`, `o`, `condition_id`, `comments`) VALUES
(148401, 1, 0, 0, 0, 0, 0, 0, 394, 395, 396, 0, 0, 0, 0, 0, 0, 'Derina Rumdnul - Talk');
DELETE FROM creature_movement_template WHERE Entry = 1484;
INSERT INTO creature_movement_template (`Entry`, `Point`, `PositionX`, `PositionY`, `PositionZ`, `Orientation`, `WaitTime`, `ScriptId`) VALUES
(1484, 1, -3743.43, -886.878, 11.0101, 100, 360000, 0),
(1484, 2, -3742.26, -876.78, 9.90981, 100, 0, 0),
(1484, 3, -3741.16, -871.94, 9.90022, 100, 8000, 148401);

INSERT INTO `questgiver_greeting` (`Entry`, `Type`, `Text`, `EmoteId`, `EmoteDelay`) VALUES (18891, 0, ' Greetings, $n.', 0, 0);
INSERT INTO `questgiver_greeting` (`Entry`, `Type`, `Text`, `EmoteId`, `EmoteDelay`) VALUES (7583, 0, ' Greetings, $n.', 0, 0);
INSERT INTO `questgiver_greeting` (`Entry`, `Type`, `Text`, `EmoteId`, `EmoteDelay`) VALUES (32799, 0, ' Greetings, $n.', 0, 0);

-- 14094_01_mangos_achievement_scripting.sql
ALTER TABLE achievement_criteria_requirement ADD COLUMN ScriptName char(64) DEFAULT NULL;
UPDATE achievement_criteria_requirement SET type=27 WHERE type=11;

DELETE FROM achievement_criteria_requirement WHERE criteria_id=6800;
INSERT INTO achievement_criteria_requirement VALUES
('6800', '6', '3057', '0', NULL),
('6800', '11', '0', '0', 'criterion_sickly_gazelle');

UPDATE creature SET position_x = 6672.174, position_y = -195.8767, position_z = 952.1977, orientation = 5.427974, spawndist = 0, MovementType = 0 WHERE id = 29996;
UPDATE `creature` SET `phaseMask` = '1' WHERE `guid` =98594;
DELETE FROM creature_addon WHERE guid IN(SELECT guid FROM creature WHERE id IN (30013));
DELETE FROM creature_movement WHERE id IN(SELECT guid FROM creature WHERE id IN (30013));
DELETE FROM game_event_creature WHERE guid IN(SELECT guid FROM creature WHERE id IN (30013));
DELETE FROM game_event_creature_data WHERE guid IN(SELECT guid FROM creature WHERE id IN (30013));
DELETE FROM creature_battleground WHERE guid IN(SELECT guid FROM creature WHERE id IN (30013));
DELETE FROM creature_linking WHERE guid IN(SELECT guid FROM creature WHERE id IN (30013));
DELETE FROM creature WHERE id IN (30013);
INSERT INTO `creature` (`guid`, `id`, `map`, `spawnMask`, `phaseMask`, `position_x`, `position_y`, `position_z`, `orientation`, `spawntimesecsmin`, `spawntimesecsmax`, `spawndist`, `MovementType`) VALUES
(68000, 30013, 571, 1, 1, '6599.46300000000000000000', '-285.60940000000000000000', '984.09180000000000000000', '0.55850540000000000000', 300, 300, 0, 0),
(68003, 30013, 571, 1, 1, '6580.96300000000000000000', '-341.59580000000000000000', '1025.59000000000000000000', '0.00000000000000000000', 300, 300, 0, 3),
(68002, 30013, 571, 1, 1, '6558.54400000000000000000', '-152.02570000000000000000', '1054.93300000000000000000', '0.00000000000000000000', 300, 300, 0, 3),
(68001, 30013, 571, 1, 1, '6630.09800000000000000000', '-152.59615000000000000000', '999.09650000000000000000', '0.00000000000000000000', 300, 300, 0, 3);
DELETE FROM vehicle_accessory WHERE vehicle_entry IN (29730,30013);
INSERT INTO vehicle_accessory (vehicle_entry, seat, accessory_entry, RideSpellId, comment) VALUES (30013,0,29730,43671,'Frostborn Stormrider 29730 on Stormcrest Eagle 30013');
DELETE FROM creature_movement WHERE id IN (68001,68002,68003);
INSERT INTO creature_movement (`id`, `Point`, `PositionX`, `PositionY`, `PositionZ`, `Orientation`, `WaitTime`, `ScriptId`) VALUES
(68001,1,6630.098,-152.59615,999.0965,100,0,0),
(68001,2,6663.148,-136.39362,999.0965,100,0,0),
(68001,3,6705.553,-94.23096,999.0965,100,0,0),
(68001,4,6728.8955,43.04465,999.0965,100,0,0),
(68001,5,6628.838,175.64328,999.0965,100,0,0),
(68001,6,6520.2456,148.97638,999.0965,100,0,0),
(68001,7,6386.1724,-22.666178,999.0965,100,0,0),
(68001,8,6253.4634,-195.81392,999.0965,100,0,0),
(68001,9,6330.9097,-276.6109,999.0965,100,0,0),
(68001,10,6537.496,-198.99007,999.0965,100,0,0),
(68002,1,6558.544,-152.0257,1054.933,100,0,0),
(68002,2,6609.241,-127.7897,1055.322,100,0,0),
(68002,3,6701.458,-107.1807,1059.877,100,0,0),
(68002,4,6774.843,-197.2011,1078.129,100,0,0),
(68002,5,6777.308,-292.3615,1095.376,100,0,0),
(68002,6,6703.971,-329.4862,1100.933,100,0,0),
(68002,7,6606.578,-326.3456,1091.265,100,0,0),
(68002,8,6552.779,-289.719,1077.712,100,0,0),
(68002,9,6536.85,-189.0296,1059.237,100,0,0),
(68003,1,6580.963,-341.5958,1025.59,100,0,0),
(68003,2,6595.587,-274.2542,1025.59,100,0,0),
(68003,3,6603.651,-214.6846,1025.59,100,0,0),
(68003,4,6598.268,-139.6636,1025.59,100,0,0),
(68003,5,6583.247,-70.264,1025.59,100,0,0),
(68003,6,6517.861,-27.37788,1025.59,100,0,0),
(68003,7,6334.042,-80.26796,1025.59,100,0,0),
(68003,8,6302.791,-214.7384,1025.59,100,0,0),
(68003,9,6306.531,-372.1047,1025.59,100,0,0),
(68003,10,6347.108,-523.2972,1025.59,100,0,0),
(68003,11,6469.087,-575.7284,1025.59,100,0,0),
(68003,12,6543.881,-476.6713,1025.59,100,0,0);
DELETE FROM creature_spawn_data WHERE guid IN (68001,68002,68003);
INSERT INTO creature_spawn_data(Guid,Id) VALUES (68001,1),(68002,1),(68003,1);
UPDATE `creature_template_addon` SET `stand_state` = '7', `auras` = NULL WHERE `entry` =29996;

-- --------------------------------------------------------------------------------------------------------------------------------------------------------------
SET sql_safe_updates=1;
-- --------------------------------------------------------------------------------------------------------------------------------------------------------------
