# Y2kCat
# ALTER TABLE db_version_ytdb CHANGE COLUMN 667_FIX_14092 666a_FIX_14092 bit;
# REPLACE INTO `db_version_ytdb` (`version`) VALUES ('667_FIX_14092');

UPDATE db_version SET `cache_id`= '667';
UPDATE db_version SET `version`= 'YTDB_0.15.4_R667_cMaNGOS_R14092_RuDB_R74';

-- --------------------------------------------------------------------------------------------------------------------------------------------------------------
SET sql_safe_updates=0;
-- --------------------------------------------------------------------------------------------------------------------------------------------------------------

UPDATE `creature_template` SET `SpellList` = '1861501' WHERE `Entry` =18615;
DELETE FROM `creature_spell_list` WHERE `Id` IN (118301);
INSERT INTO `creature_spell_list` (`Id`, `Position`, `SpellId`, `Flags`, `CombatCondition`, `TargetId`, `ScriptId`, `Availability`, `Probability`, `InitialMin`, `InitialMax`, `RepeatMin`, `RepeatMax`, `Comments`) VALUES
(118301, 4, 9532, 2, -1, 1, 0, 100, 1, 0, 0, 0, 0, 'Mo\'grosh Mystic - Lightning Bolt'),
(118301, 3, 547, 0, -1, 201, 0, 100, 1, 0, 10000, 20000, 20000, 'Mo\'grosh Mystic - Healing Wave - Missing 50% including self');

DELETE FROM dbscripts_on_event WHERE id IN (5991);
INSERT INTO dbscripts_on_event (id, delay, command, datalong, datalong2, datalong3, buddy_entry, search_radius, data_flags, dataint, dataint2, dataint3, dataint4, x, y, z, o, comments) VALUES
(5991,1,31,12138,100,0,0,0,0x08,0,0,0,0,0,0,0,0,'search for 12138 - terminate if found'),
(5991,100,9,64,120,0,0,0,0x04,0,0,0,0,0,0,0,0,'resp object'),
(5991,101,10,12138,300000,0,0,0,0x04,0,0,0,88,6366.3354,140.38214,24.258726,3.682644605636596679,'summon 12138');
DELETE FROM creature_movement_template WHERE Entry = 12138 AND PathId = 1;
INSERT INTO creature_movement_template (`Entry`, `PathId`, `Point`, `PositionX`, `PositionY`, `PositionZ`, `Orientation`, `WaitTime`, `ScriptId`) VALUES
(12138,1,1,6366.3354,140.38214,24.258726,3.68264,1000,1213801),
(12138,1,2,6345.934,123.011215,22.50773,100,0,0),
(12138,1,3,6339.264,113.514366,21.169043,100,0,0),
(12138,1,4,6332.87,103.766785,21.61715,100,0,0),
(12138,1,5,6325.0444,94.15114,21.901892,100,100,20);
DELETE FROM dbscripts_on_creature_movement WHERE id IN (1213801);
INSERT INTO dbscripts_on_creature_movement (`id`, `delay`, `command`, `datalong`, `datalong2`, `datalong3`, `buddy_entry`, `search_radius`, `data_flags`, `dataint`, `dataint2`, `dataint3`, `dataint4`, `x`, `y`, `z`, `o`, `comments`) VALUES
(1213801,0,15,10389,0,0,0,0,0x04,0,0,0,0,0,0,0,0,''),
(1213801,1,25,1,0,0,0,0,0x04,0,0,0,0,0,0,0,0,'run ON');
DELETE FROM game_event_gameobject WHERE guid IN (64);
DELETE FROM gameobject_battleground WHERE guid IN (64);
DELETE FROM gameobject WHERE guid IN (64);
INSERT INTO gameobject (guid, id, map, spawnMask, position_x, position_y, position_z, orientation, rotation0, rotation1, rotation2, rotation3, spawntimesecsmin, spawntimesecsmax) VALUES
(64,177644,1,1,6326.0117,92.700714,21.957666,-2.19911456108093261,0,0,-0.89100647,0.45399064,-120,-120);
DELETE FROM dbscripts_on_event WHERE id IN (6028);
INSERT INTO dbscripts_on_event (id, delay, command, datalong, datalong2, datalong3, buddy_entry, search_radius, data_flags, dataint, dataint2, dataint3, dataint4, x, y, z, o, comments) VALUES
(6028,1,31,12138,100,0,0,0,0x08,0,0,0,0,0,0,0,0,'search for 12138 - terminate if found'),
(6028,100,9,17038,120,0,0,0,0x04,0,0,0,0,0,0,0,0,'resp object'),
(6028,101,10,12138,300000,0,0,0,0x04,0,0,0,102,-2445.599,-1646.0189,92.855286,1.117010712623596191,'summon 12138');
DELETE FROM creature_movement_template WHERE Entry = 12138 AND PathId = 2;
INSERT INTO creature_movement_template (`Entry`, `PathId`, `Point`, `PositionX`, `PositionY`, `PositionZ`, `Orientation`, `WaitTime`, `ScriptId`) VALUES
(12138,2,1,-2445.599,-1646.0189,92.855286,1.117010,1000,1213801),
(12138,2,2,-2452.8245,-1625.3053,92.02587,100,0,0),
(12138,2,3,-2498.009,-1631.7184,91.79168,100,100,20);
UPDATE gameobject SET spawntimesecsmin = -120, spawntimesecsmax = -120 WHERE guid = 17038;

UPDATE creature_template SET InhabitType = 4 WHERE entry = 20069;
DELETE FROM creature_addon WHERE guid = 11340;
DELETE FROM creature_movement WHERE id = 11340;
DELETE FROM game_event_creature WHERE guid = 11340;
DELETE FROM game_event_creature_data WHERE guid = 11340;
DELETE FROM creature_battleground WHERE guid = 11340;
DELETE FROM creature_linking WHERE guid = 11340;
DELETE FROM creature WHERE guid = 11340;
INSERT INTO creature (guid, id, map, spawnMask, phaseMask, position_x, position_y, position_z, orientation, spawntimesecsmin, spawntimesecsmax, spawndist, MovementType) VALUES
(11340,19918,1,1,1,-8344.992,-4450.334,-91.6601,0,20,45,0,3);
INSERT INTO creature_movement (`Id`, `Point`, `PositionX`, `PositionY`, `PositionZ`, `Orientation`, `WaitTime`, `ScriptId`) VALUES
(11340,1,-8344.992,-4450.334,-91.6601,100,0,0),
(11340,2,-8345.674,-4449.603,-91.6601,100,0,0),
(11340,3,-8359.348,-4438.438,-84.52838,100,0,0),
(11340,4,-8385.378,-4431.861,-93.77838,100,0,0),
(11340,5,-8408.063,-4420.892,-104.9451,100,0,0),
(11340,6,-8441.084,-4419.951,-115.6673,100,0,0),
(11340,7,-8462.368,-4420.853,-124.2228,100,0,0),
(11340,8,-8505.504,-4417.907,-141.3894,100,0,0),
(11340,9,-8543.364,-4413.641,-153.9727,100,0,0),
(11340,10,-8578.372,-4406.426,-162.2782,100,0,0),
(11340,11,-8617.298,-4398.667,-172.0283,100,0,0),
(11340,12,-8651.545,-4405.353,-178.2505,100,10,1);
DELETE FROM `creature_spawn_data` WHERE guid IN (11340);
INSERT INTO `creature_spawn_data` (`guid`, `id`) VALUES (11340,3);
UPDATE creature SET spawntimesecsmin = 20, spawntimesecsmax = 45 WHERE id = 19918;
UPDATE creature_movement SET WaitTime = 100, ScriptId = 1 WHERE Id = 147485 AND Point = 12;
DELETE FROM creature_movement WHERE Id = 147485 AND Point = 13;
DELETE FROM creature_movement WHERE Id = 50132 AND Point = 9;
UPDATE creature_movement SET Orientation = 2.35, WaitTime = 10000, ScriptId = 1991803 WHERE Id = 50132 AND Point = 8;
DELETE FROM dbscripts_on_creature_movement WHERE id IN (1991803);
INSERT INTO dbscripts_on_creature_movement (`id`, `delay`, `command`, `datalong`, `datalong2`, `datalong3`, `buddy_entry`, `search_radius`, `data_flags`, `dataint`, `dataint2`, `dataint3`, `dataint4`, `x`, `y`, `z`, `o`, `comments`) VALUES
(1991803,0,39,0,0,0,0,0,0x04,0,0,0,0,0,0,0,0,'Time Watcher - Fly off'),
(1991803,1,25,0,0,0,0,0,0x04,0,0,0,0,0,0,0,0,'Time Watcher - run off'),
(1991803,2000,15,34699,0,0,0,0,0x04,0,0,0,0,0,0,0,0,'Time Watcher - Cast 34699'),
(1991803,2100,20,2,1,0,0,0,0x04,0,0,0,0,0,0,0,0,'Time Watcher - Set Path1');
DELETE FROM creature_movement_template WHERE Entry = 19918 AND PathId = 1;
INSERT INTO creature_movement_template (`Entry`, `PathId`, `Point`, `PositionX`, `PositionY`, `PositionZ`, `Orientation`, `WaitTime`, `ScriptId`) VALUES
(19918,1,1,-8398.713,-4234.417,-207.1844,100,0,0),
(19918,1,2,-8416.942,-4226.259,-209.9314,100,0,0),
(19918,1,3,-8433.847,-4210.986,-209.9753,100,0,0),
(19918,1,4,-8447.319,-4193.266,-211.127 ,100,0,0),
(19918,1,5,-8447.557,-4159.843,-208.961 ,100,0,0),
(19918,1,6,-8442.453,-4124.033,-208.592 ,100,0,0),
(19918,1,7,-8424.839,-4097.409,-208.5864,100,0,0),
(19918,1,8,-8405.975,-4077.361,-208.5864,100,0,0),
(19918,1,9,-8369.048,-4058.837,-208.3106,100,0,0),
(19918,1,10,-8339.433,-4050.101,-207.7185,100,10,1);
UPDATE creature SET position_x = -8344.992, position_y = -4450.334, position_z = -91.6601, spawndist = 0, MovementType = 3 WHERE guid = 126448;
DELETE FROM creature_movement WHERE Id IN (126448);
INSERT INTO creature_movement (`Id`, `Point`, `PositionX`, `PositionY`, `PositionZ`, `Orientation`, `WaitTime`, `ScriptId`) VALUES
(126448,1,-8344.992,-4450.334,-91.6601,100,0,0),
(126448,2,-8345.674,-4449.603,-91.6601,100,0,0),
(126448,3,-8352.719,-4436.703,-82.4349,100,0,0),
(126448,4,-8360.686,-4405.598,-101.9071,100,0,0),
(126448,5,-8367.108,-4379.51,-115.6016,100,0,0),
(126448,6,-8372.076,-4331.29,-128.935,100,0,0),
(126448,7,-8375.418,-4288.263,-128.935,100,0,0),
(126448,8,-8396.816,-4257.064,-128.935,100,0,0),
(126448,9,-8434.114,-4227.781,-128.1016,100,0,0),
(126448,10,-8476.552,-4211.472,-128.935,100,0,0),
(126448,11,-8540.315,-4222.934,-149.4349,100,0,0),
(126448,12,-8571.526,-4233.976,-186.8793,100,0,0),
(126448,13,-8600.241,-4239.956,-209.7406,3.35,10000,1991802);
DELETE FROM dbscripts_on_creature_movement WHERE id IN (1991802,1991805);
INSERT INTO dbscripts_on_creature_movement (`id`, `delay`, `command`, `datalong`, `datalong2`, `datalong3`, `buddy_entry`, `search_radius`, `data_flags`, `dataint`, `dataint2`, `dataint3`, `dataint4`, `x`, `y`, `z`, `o`, `comments`) VALUES
(1991802,0,39,0,0,0,0,0,0x04,0,0,0,0,0,0,0,0,'Time Watcher - Fly off'),
(1991802,1,25,0,0,0,0,0,0x04,0,0,0,0,0,0,0,0,'Time Watcher - run off'),
(1991802,2000,23,20075,0,0,0,0,0x04,0,0,0,0,0,0,0,0,'Time Watcher - Morph to Darkwater Crocolisk'),
(1991802,2100,20,2,2,0,0,0,0x04,0,0,0,0,0,0,0,0,'Time Watcher - Set Path2');
DELETE FROM creature_movement_template WHERE Entry = 19918 AND PathId = 2;
INSERT INTO creature_movement_template (`Entry`, `PathId`, `Point`, `PositionX`, `PositionY`, `PositionZ`, `Orientation`, `WaitTime`, `ScriptId`) VALUES
(19918,2,1,-8657.848,-4256.185,-209.717,100,0,0),
(19918,2,2,-8683.259,-4244.825,-209.5135,100,0,0),
(19918,2,3,-8707.051,-4232.219,-209.5008,100,0,0),
(19918,2,4,-8735.112,-4211.69,-209.5008,100,0,0),
(19918,2,5,-8748.09,-4201.256,-209.5008,100,100,1);
UPDATE creature SET position_x = -8714.617, position_y = -4326.743, position_z = -60.83653, spawndist = 0, MovementType = 3 WHERE guid = 126447;
DELETE FROM creature_movement WHERE Id IN (126447);
INSERT INTO creature_movement (`Id`, `Point`, `PositionX`, `PositionY`, `PositionZ`, `Orientation`, `WaitTime`, `ScriptId`) VALUES
(126447,1,-8714.617,-4326.743,-60.83653 ,100,0,0),
(126447,2,-8713.639,-4326.535,-60.83653 ,100,0,0),
(126447,3,-8699.7,-4323.786,-49.46626   ,100,0,0),
(126447,4,-8662.251,-4326.158,-58.91071 ,100,0,0),
(126447,5,-8632.865,-4321.092,-69.32738 ,100,0,0),
(126447,6,-8606.589,-4315.761,-85.07739 ,100,0,0),
(126447,7,-8585.149,-4300.948,-98.04964 ,100,0,0),
(126447,8,-8540.388,-4259.448,-113.3552 ,100,0,0),
(126447,9,-8507.983,-4240.053,-121.9385 ,100,0,0),
(126447,10,-8460.989,-4236.288,-130.4941,100,0,0),
(126447,11,-8429.02,-4255.674,-130.7997 ,100,0,0),
(126447,12,-8410.482,-4288.9,-128.3829  ,100,0,0),
(126447,13,-8395.819,-4345.37,-130.7997 ,100,0,0),
(126447,14,-8418.614,-4385.142,-135.8275,100,0,0),
(126447,15,-8459.28,-4394.419,-137.1608 ,100,0,0),
(126447,16,-8489.916,-4391.627,-138.0774,100,0,0),
(126447,17,-8521.314,-4381.444,-141.0219,100,0,0),
(126447,18,-8548.512,-4354.828,-143.4941,100,0,0),
(126447,19,-8567.578,-4328.019,-146.633 ,100,0,0),
(126447,20,-8557.874,-4290.714,-148.8552,100,0,0),
(126447,21,-8478.622,-4249.154,-154.8031,100,0,0),
(126447,22,-8444.948,-4260,-153.1365    ,100,0,0),
(126447,23,-8434.602,-4288.784,-150.7198,100,0,0),
(126447,24,-8444.234,-4330.667,-144.581 ,100,0,0),
(126447,25,-8498.272,-4372.209,-144.0532,100,0,0),
(126447,26,-8541.456,-4354.249,-152.6643,100,0,0),
(126447,27,-8553.676,-4309.024,-157.3865,100,0,0),
(126447,28,-8545.231,-4288.306,-153.9143,100,0,0),
(126447,29,-8522.15,-4279.529,-150.442  ,100,0,0),
(126447,30,-8449.093,-4252.85,-129.8031 ,100,0,0),
(126447,31,-8416.661,-4232.987,-108.0531,100,0,0),
(126447,32,-8389.26,-4209.612,-87.05309 ,100,0,0),
(126447,33,-8365.473,-4195.317,-70.15017,100,0,0),
(126447,34,-8333.33,-4169.05,-70.15017  ,100,10,1);
DELETE FROM creature_movement WHERE Id IN (126449);
INSERT INTO creature_movement (`Id`, `Point`, `PositionX`, `PositionY`, `PositionZ`, `Orientation`, `WaitTime`, `ScriptId`) VALUES
(126449,1,-8339.22,-4462.26,-98.8948,100,0,0),
(126449,2,-8345.67,-4449.6,-91.6601,100,0,0),
(126449,3,-8352.13,-4436.95,-84.4254,100,0,0),
(126449,4,-8341.38,-4375.6,-110.009,100,0,0),
(126449,5,-8357.16,-4300.49,-135.509,100,0,0),
(126449,6,-8452.85,-4213.52,-169.314,100,0,0),
(126449,7,-8578.65,-4245.91,-169.314,100,0,0),
(126449,8,-8593.61,-4332.43,-172.62,100,0,0),
(126449,9,-8532.17,-4405.24,-186.592,100,0,0),
(126449,10,-8453.47,-4416.55,-202.148,100,0,0),
(126449,11,-8408.37,-4412.03,-210.759,0.08,10000,1991804);
DELETE FROM dbscripts_on_creature_movement WHERE id IN (1991804);
INSERT INTO dbscripts_on_creature_movement (`id`, `delay`, `command`, `datalong`, `datalong2`, `datalong3`, `buddy_entry`, `search_radius`, `data_flags`, `dataint`, `dataint2`, `dataint3`, `dataint4`, `x`, `y`, `z`, `o`, `comments`) VALUES
(1991804,0,39,0,0,0,0,0,0x04,0,0,0,0,0,0,0,0,'Time Watcher - Fly off'),
(1991804,1,25,0,0,0,0,0,0x04,0,0,0,0,0,0,0,0,'Time Watcher - run off'),
(1991804,2000,15,34702,0,0,0,0,0x04,0,0,0,0,0,0,0,0,'Time Watcher - cast 34702'),
(1991804,2100,20,2,3,0,0,0,0x04,0,0,0,0,0,0,0,0,'Time Watcher - Set Path3');
DELETE FROM creature_movement_template WHERE Entry = 19918 AND PathId = 3;
INSERT INTO creature_movement_template (`Entry`, `PathId`, `Point`, `PositionX`, `PositionY`, `PositionZ`, `Orientation`, `WaitTime`, `ScriptId`) VALUES
(19918,3,1,-8376.56,-4393.6,-207.944,100,0,0),
(19918,3,2,-8344.07,-4375.34,-206.403,100,0,0),
(19918,3,3,-8317.79,-4362.93,-209.847,100,0,0),
(19918,3,4,-8297.43,-4357.04,-207.528,100,0,0),
(19918,3,5,-8251.5,-4344.58,-206.164,100,0,0),
(19918,3,6,-8229.64,-4339.97,-201.262,100,0,0),
(19918,3,7,-8218.43,-4325.09,-198.806,100,0,0),
(19918,3,8,-8195.75,-4287.91,-191.213,100,0,0),
(19918,3,9,-8186.09,-4258.09,-183.413,100,0,0),
(19918,3,10,-8186.15,-4239.24,-179.062,100,0,0),
(19918,3,11,-8184.12,-4201.08,-172.367,100,0,0),
(19918,3,12,-8173.98,-4179.92,-166.878,100,0,0),
(19918,3,13,-8167.48,-4164.84,-164.728,100,10,1);
UPDATE creature SET position_x = -8445.759, position_y = -4215.38, position_z = -211.9387, spawndist = 0, MovementType = 0 WHERE guid IN (54495,81318);
DELETE FROM creature_movement WHERE Id IN (54495,81318);
DELETE FROM creature_movement_template WHERE Entry IN (19935,19936);
DELETE FROM `spawn_group` WHERE id = 19892;
INSERT INTO `spawn_group` (`Id`, `Name`, `Type`, `MaxCount`, `WorldState`, `Flags`) VALUES (19892, 'Tanaris - Caverns of Time - Soridormi 19935 & Arazmodu 19936 - Patrol', 0, 0, 0, 1);
DELETE FROM `spawn_group_spawn` WHERE id = 19892;
INSERT INTO `spawn_group_spawn` (`Id`, `Guid`, `SlotId`) VALUES (19892, 54495, 0),(19892, 81318, 1);
DELETE FROM `spawn_group_formation` WHERE id = 19892;
INSERT INTO `spawn_group_formation` (`Id`, `FormationType`, `FormationSpread`, `FormationOptions`, `PathId`, `MovementType`, `Comment`) VALUES
(19892, 2, 7, 0, 19892, 2, 'Tanaris - Caverns of Time - Soridormi 19935 & Arazmodu 19936 - Patrol');
DELETE FROM `waypoint_path_name` WHERE PathId = 19892;
INSERT INTO `waypoint_path_name` (`PathId`, `Name`) VALUES (19892,'Tanaris - Caverns of Time - Soridormi 19935 & Arazmodu 19936 - Patrol');
DELETE FROM `waypoint_path` WHERE PathId = 19892;
INSERT INTO `waypoint_path` (`PathId`, `Point`, `PositionX`, `PositionY`,`PositionZ`, `Orientation`, `WaitTime`, `ScriptId`) VALUES
(19892,1,-8445.759,-4215.38,-211.9387,100,0,0),
(19892,2,-8481.24,-4209.553,-214.8101,100,0,0),
(19892,3,-8519.429,-4215.215,-213.2991,100,0,0),
(19892,4,-8566.779,-4224.906,-210.9306,100,0,0),
(19892,5,-8596.962,-4255.7,-210.5616,100,0,0),
(19892,6,-8608.052,-4285.974,-211.1701,100,0,0),
(19892,7,-8604.996,-4313.684,-212.4491,100,0,0),
(19892,8,-8588.4,-4356.612,-213.5026,100,0,0),
(19892,9,-8556.364,-4394.186,-215.0919,100,0,0),
(19892,10,-8521.725,-4420.971,-215.0355,100,0,0),
(19892,11,-8471.621,-4439.507,-215.6221,100,0,0),
(19892,12,-8427.305,-4434.919,-209.7463,100,0,0),
(19892,13,-8405.412,-4416.613,-210.1112,100,0,0),
(19892,14,-8377.789,-4380.435,-209.5843,100,0,0),
(19892,15,-8365.063,-4350.27,-208.8069,100,0,0),
(19892,16,-8362.924,-4320.472,-208.7829,100,0,0),
(19892,17,-8368.159,-4293.539,-208.2436,100,0,0),
(19892,18,-8382.888,-4258.709,-207.7906,100,0,0),
(19892,19,-8410.113,-4225.767,-208.1212,100,0,0);
UPDATE creature SET position_x = -8163.3145, position_y = -4796.055, position_z = 35.840714, spawndist = 0, MovementType = 0 WHERE guid IN (98785,98786);
DELETE FROM creature_movement WHERE Id IN (98785,98786);
DELETE FROM `spawn_group` WHERE id = 19891;
INSERT INTO `spawn_group` (`Id`, `Name`, `Type`, `MaxCount`, `WorldState`, `Flags`) VALUES (19891, 'Tanaris - Caverns of Time - Warden of Time 19951 x2 - Patrol', 0, 0, 0, 1);
DELETE FROM `spawn_group_spawn` WHERE id = 19891;
INSERT INTO `spawn_group_spawn` (`Id`, `Guid`, `SlotId`) VALUES (19891, 98785, 0),(19891, 98786, 1);
DELETE FROM `spawn_group_formation` WHERE id = 19891;
INSERT INTO `spawn_group_formation` (`Id`, `FormationType`, `FormationSpread`, `FormationOptions`, `PathId`, `MovementType`, `Comment`) VALUES
(19891, 1, 10, 0, 19891, 4, 'Tanaris - Caverns of Time - Warden of Time 19951 x2 - Patrol');
DELETE FROM `waypoint_path_name` WHERE PathId = 19891;
INSERT INTO `waypoint_path_name` (`PathId`, `Name`) VALUES (19891,'Tanaris - Caverns of Time - Warden of Time 19951 x2 - Patrol');
DELETE FROM `waypoint_path` WHERE PathId = 19891;
INSERT INTO `waypoint_path` (`PathId`, `Point`, `PositionX`, `PositionY`,`PositionZ`, `Orientation`, `WaitTime`, `ScriptId`) VALUES
(19891,1,-8163.3145,-4796.055,35.840714,100,500,0),
(19891,2,-8168.028,-4819.5063,34.62324,100,0,0),
(19891,3,-8174.3027,-4844.1504,29.046083,100,0,0),
(19891,4,-8177.518,-4864.79,26.622221,100,0,0),
(19891,5,-8177.777,-4881.641,24.999691,100,0,0),
(19891,6,-8154.547,-4901.804,19.343477,100,0,0),
(19891,7,-8129.777,-4903.324,16.248957,100,0,0),
(19891,8,-8114.9897,-4893.794,13.124857,100,0,0),
(19891,9,-8101.2007,-4886.316,8.632445,100,0,0),
(19891,10,-8087.9253,-4857.225,-7.217657,100,0,0),
(19891,11,-8093.51,-4848.0063,-11.209167,100,0,0),
(19891,12,-8128.395,-4843.884,-19.526033,100,0,0),
(19891,13,-8138.002,-4850.338,-20.934381,100,0,0),
(19891,14,-8144.3984,-4863.7227,-25.175663,100,0,0),
(19891,15,-8150.268,-4879.5464,-31.787813,100,0,0),
(19891,16,-8142.6665,-4895.334,-37.543938,100,0,0),
(19891,17,-8125.7734,-4908.5894,-40.887745,100,0,0),
(19891,18,-8113.1,-4910.2603,-42.88266,100,0,0),
(19891,19,-8091.725,-4904.197,-50.53138,100,0,0),
(19891,20,-8079.3296,-4886.623,-55.301456,100,0,0),
(19891,21,-8075.7866,-4871.69,-60.269855,100,0,0),
(19891,22,-8076.319,-4846.9756,-71.16178,100,0,0),
(19891,23,-8080.454,-4817.357,-82.79274,100,0,0),
(19891,24,-8085.0625,-4791.419,-89.5917,100,0,0),
(19891,25,-8089.58,-4768.8354,-94.4901,100,0,0),
(19891,26,-8092.654,-4750.49,-97.97556,100,0,0),
(19891,27,-8097.7676,-4728.2603,-101.61951,100,0,0),
(19891,28,-8107.007,-4699.217,-109.69037,100,0,0),
(19891,29,-8119.4536,-4673.4155,-118.84561,100,0,0),
(19891,30,-8127.5635,-4657.518,-120.11935,100,0,0),
(19891,31,-8143.4756,-4630.1094,-121.95584,100,0,0),
(19891,32,-8176.0303,-4605.023,-133.09459,100,0,0),
(19891,33,-8193.171,-4605.0933,-137.24554,100,0,0),
(19891,34,-8222.17,-4590.294,-150.03032,100,0,0),
(19891,35,-8238.964,-4588.1777,-155.07103,100,0,0),
(19891,36,-8259.87,-4586.572,-159.8153,100,0,0),
(19891,37,-8284.904,-4583.2134,-166.77763,100,0,0),
(19891,38,-8312.802,-4589.068,-174.06929,100,0,0),
(19891,39,-8336.284,-4604.1733,-180.28001,100,0,0),
(19891,40,-8356.5205,-4617.0874,-184.71153,100,0,0),
(19891,41,-8369.33,-4624.3228,-188.00562,100,0,0),
(19891,42,-8390.92,-4634.5527,-192.89653,100,0,0),
(19891,43,-8407.372,-4638.4106,-194.70264,100,0,0),
(19891,44,-8433.562,-4645.07,-200.20047,100,0,0),
(19891,45,-8452.687,-4648.728,-203.32683,100,0,0),
(19891,46,-8470.955,-4649.1235,-205.29292,100,0,0),
(19891,47,-8483.932,-4645.266,-206.09097,100,0,0),
(19891,48,-8491.336,-4637.4126,-206.50279,100,0,0),
(19891,49,-8497.812,-4624.299,-208.52382,100,0,0),
(19891,50,-8505.78,-4605.421,-211.19186,100,0,0),
(19891,51,-8513.201,-4577.485,-211.36905,100,0,0),
(19891,52,-8510.666,-4549.027,-211.46355,100,500,0);
DELETE FROM `gameobject` WHERE `guid` IN (26392,26393,18196,19839,19843);
DELETE FROM `creature_template_addon` WHERE `entry` = 29867;
INSERT INTO creature_addon (guid,mount,stand_state,sheath_state,pvp_flags,emote,moveflags,auras) VALUES
(76111, 0, 0, 0, 0,0, 0, '34712'),(76101, 0, 0, 0, 0,0, 0, '34712'),(76105, 0, 0, 0, 0,0, 0, '34712');
DELETE FROM `creature_template_addon` WHERE `entry` = 29865;
DELETE FROM `creature_template_addon` WHERE `entry` = 29866;
DELETE FROM `creature_template_addon` WHERE `entry` = 29868;
DELETE FROM `creature_template_addon` WHERE `entry` = 29873;
INSERT INTO creature_addon (guid,mount,stand_state,sheath_state,pvp_flags,emote,moveflags,auras) VALUES
(27985, 0, 0, 1, 0, 0, 0, '34712'),(52523, 0, 0, 1, 0, 0, 0, '34712'),(61583, 0, 0, 1, 0, 0, 0, '34712'),(61584, 0, 0, 1, 0, 0, 0, '34712'),(61622, 0, 0, 1, 0, 0, 0, '34712'),
(61623, 0, 0, 1, 0, 0, 0, '34712'),(61624, 0, 0, 1, 0, 0, 0, '34712'),(61625, 0, 0, 1, 0, 0, 0, '34712'),(61647, 0, 0, 1, 0, 0, 0, '34712'),(61683, 0, 0, 1, 0, 0, 0, '34712'),
(61733, 0, 0, 1, 0, 0, 0, '34712'),(76100, 0, 0, 1, 0, 0, 0, '34712'),(76102, 0, 0, 1, 0, 0, 0, '34712'),(76103, 0, 0, 1, 0, 0, 0, '34712'),(76104, 0, 0, 1, 0, 0, 0, '34712'),
(76106, 0, 0, 1, 0, 0, 0, '34712'),(76107, 0, 0, 1, 0, 0, 0, '34712'),(76108, 0, 0, 1, 0, 0, 0, '34712'),(76109, 0, 0, 1, 0, 0, 0, '34712'),(76110, 0, 0, 1, 0, 0, 0, '34712'),
(76112, 0, 0, 1, 0, 0, 0, '34712');

DELETE FROM creature_addon WHERE guid IN(SELECT guid FROM creature WHERE id IN (3998,3999,4001,4002,4003,4004));
DELETE FROM creature_movement WHERE id IN(SELECT guid FROM creature WHERE id IN (3998,3999,4001,4002,4003,4004));
DELETE FROM game_event_creature WHERE guid IN(SELECT guid FROM creature WHERE id IN (3998,3999,4001,4002,4003,4004));
DELETE FROM game_event_creature_data WHERE guid IN(SELECT guid FROM creature WHERE id IN (3998,3999,4001,4002,4003,4004));
DELETE FROM creature_battleground WHERE guid IN(SELECT guid FROM creature WHERE id IN (3998,3999,4001,4002,4003,4004));
DELETE FROM creature_linking WHERE guid IN(SELECT guid FROM creature WHERE id IN (3998,3999,4001,4002,4003,4004));
DELETE FROM creature WHERE id IN (3998,3999,4001,4002,4003,4004);
INSERT INTO `creature` (`guid`, `id`, `map`, `spawnMask`, `phaseMask`, `position_x`, `position_y`, `position_z`, `orientation`, `spawntimesecsmin`, `spawntimesecsmax`, `spawndist`, `MovementType`) VALUES
(79359, 3999, 1, 1, 1, '984.22399902343750000000', '-414.48098754882810000000', '8.56884002685546900000', '1.75838994979858400000', 300, 300, 5, 1),
(79360, 3999, 1, 1, 1, '1011.88000488281250000000', '-415.82101440429690000000', '-0.45241099596023560000', '4.80393981933593750000', 300, 300, 5, 1),
(79361, 3999, 1, 1, 1, '996.77398681640620000000', '-384.30899047851560000000', '8.63936996459961000000', '4.46793985366821300000', 300, 300, 5, 1),
(79362, 3999, 1, 1, 1, '970.33099365234380000000', '-287.34100341796875000000', '0.14965100586414337000', '0.89011800289154050000', 300, 300, 0, 0),
(79363, 3999, 1, 1, 1, '961.87597656250000000000', '-373.60000610351560000000', '7.12389993667602500000', '3.43829989433288570000', 300, 300, 0, 0),
(79364, 3999, 1, 1, 1, '972.91699218750000000000', '-389.58401489257810000000', '8.26436996459961000000', '6.14041996002197300000', 300, 300, 5, 1),
(79365, 3999, 1, 1, 1, '923.18701171875000000000', '-300.74301147460940000000', '18.85589981079101600000', '2.32129001617431640000', 300, 300, 0, 0),
(79366, 3999, 1, 1, 1, '935.64697265625000000000', '-264.86801147460940000000', '21.80710029602050800000', '0.89011800289154050000', 300, 300, 0, 0),
(79367, 3999, 1, 1, 1, '935.90899658203120000000', '-302.74099731445310000000', '0.02200900018215179400', '3.89208006858825700000', 300, 300, 0, 0),
(79368, 3999, 1, 1, 1, '957.27502441406250000000', '-353.65100097656250000000', '4.54843997955322300000', '2.56562995910644530000', 300, 300, 0, 0),
(79369, 3999, 1, 1, 1, '946.66101074218750000000', '-311.71798706054690000000', '0.29175600409507750000', '3.36847996711730960000', 300, 300, 0, 0),
(79370, 3999, 1, 1, 1, '974.10198974609380000000', '-332.55200195312500000000', '-1.92823004722595210000', '2.04204010963439940000', 300, 300, 0, 0),
(79371, 3999, 1, 1, 1, '943.04901123046880000000', '-316.23800659179690000000', '19.18790054321289000000', '0.34906598925590515000', 300, 300, 0, 0),
(79372, 3999, 1, 1, 1, '968.46899414062500000000', '-328.60101318359375000000', '22.67060089111328000000', '1.06465005874633800000', 300, 300, 0, 0),
(79373, 3999, 1, 1, 1, '906.57098388671880000000', '-283.05099487304690000000', '20.98320007324218800000', '4.81711006164550800000', 300, 300, 0, 0),
(79374, 3999, 1, 1, 1, '879.98498535156250000000', '-295.81100463867190000000', '19.10379981994629000000', '5.21853017807006800000', 300, 300, 0, 0),
(79375, 3999, 1, 1, 1, '865.06097412109380000000', '-303.76800537109375000000', '18.90220069885254000000', '4.78219985961914100000', 300, 300, 0, 0),
(79376, 3999, 1, 1, 1, '963.55102539062500000000', '-340.96301269531250000000', '0.01029700040817260700', '2.18165993690490720000', 300, 300, 0, 0),
(79377, 3999, 1, 1, 1, '887.38598632812500000000', '-285.60998535156250000000', '19.51869964599609400000', '1.97221994400024410000', 300, 300, 0, 0),
(79378, 3999, 1, 1, 1, '939.74200439453120000000', '-286.71398925781250000000', '17.87409973144531200000', '0.94247800111770630000', 300, 300, 0, 0),
(79379, 3999, 1, 1, 1, '917.94799804687500000000', '-267.87500000000000000000', '22.40740013122558600000', '2.80997991561889650000', 300, 300, 0, 0),
(79380, 3999, 1, 1, 1, '927.45501708984380000000', '-288.85101318359375000000', '17.99860000610351600000', '4.53785991668701200000', 300, 300, 0, 0),
(79381, 3999, 1, 1, 1, '949.79901123046880000000', '-281.21398925781250000000', '-0.29204198718070984000', '2.14674997329711900000', 300, 300, 0, 0),
(79382, 3999, 1, 1, 1, '982.50500488281250000000', '-311.33499145507810000000', '-0.36416700482368470000', '3.85718011856079100000', 300, 300, 0, 0),
(79383, 3999, 1, 1, 1, '992.25000000000000000000', '-324.26998901367190000000', '0.31478399038314820000', '0.26179900765419006000', 300, 300, 0, 0),
(79384, 3999, 1, 1, 1, '891.68701171875000000000', '-259.68600463867190000000', '7.36589002609252900000', '1.55333995819091800000', 300, 300, 0, 0),
(79385, 3999, 1, 1, 1, '929.09002685546880000000', '-286.71099853515625000000', '-0.98039102554321290000', '1.57079994678497310000', 300, 300, 0, 0),
(79386, 3999, 1, 1, 1, '916.56799316406250000000', '-297.07199096679690000000', '0.62833201885223390000', '4.13642978668212900000', 300, 300, 0, 0),
(79387, 3999, 1, 1, 1, '965.12597656250000000000', '-322.55899047851560000000', '-0.49809399247169495000', '5.95157003402710000000', 300, 300, 0, 0),
(79388, 3999, 1, 1, 1, '1017.79998779296880000000', '-321.09201049804690000000', '11.48200035095214800000', '5.91601991653442400000', 300, 300, 5, 1),
(79389, 3999, 1, 1, 1, '941.73999023437500000000', '-362.08898925781250000000', '16.23909950256347700000', '4.27606010437011700000', 300, 300, 0, 0),
(79390, 3999, 1, 1, 1, '876.29400634765620000000', '-320.04598999023440000000', '13.22459983825683600000', '4.62512016296386700000', 300, 300, 0, 0),
(79391, 3999, 1, 1, 1, '939.72100830078120000000', '-343.80300903320310000000', '18.15379905700683600000', '0.06981299817562103000', 300, 300, 0, 0),
(79392, 3999, 1, 1, 1, '870.06402587890620000000', '-268.13500976562500000000', '6.31242990493774400000', '2.67035007476806640000', 300, 300, 0, 0),
(79393, 3999, 1, 1, 1, '889.81402587890620000000', '-290.74099731445310000000', '8.30928993225097700000', '0.31415900588035583000', 300, 300, 0, 0),
(79394, 3999, 1, 1, 1, '873.10198974609380000000', '-281.98199462890625000000', '6.19969987869262700000', '3.54302000999450700000', 300, 300, 0, 0),
(79395, 3999, 1, 1, 1, '962.36700439453120000000', '-255.64700317382812000000', '-3.87936997413635250000', '1.27409005165100100000', 300, 300, 0, 0),
(79396, 3999, 1, 1, 1, '926.23797607421880000000', '-272.41299438476560000000', '-1.08275997638702400000', '5.32324981689453100000', 300, 300, 0, 0),
(79397, 3999, 1, 1, 1, '947.90600585937500000000', '-253.53999328613280000000', '-2.80272006988525400000', '1.57079994678497310000', 300, 300, 0, 0),
(79398, 3999, 1, 1, 1, '912.16302490234380000000', '-274.64898681640625000000', '-0.19225199520587920000', '1.55333995819091800000', 300, 300, 0, 0),
(79399, 3999, 1, 1, 1, '911.82397460937500000000', '-319.43301391601560000000', '19.13430023193359400000', '3.26377010345459000000', 300, 300, 0, 0),
(79400, 3999, 1, 1, 1, '938.14898681640620000000', '-253.52000427246094000000', '-2.05068993568420400000', '2.25148010253906250000', 300, 300, 0, 0),
(79401, 3999, 1, 1, 1, '898.90301513671880000000', '-329.27499389648440000000', '17.20899963378906200000', '0.99483799934387210000', 300, 300, 0, 0),
(79402, 3999, 1, 1, 1, '888.61700439453120000000', '-315.65701293945310000000', '14.02789974212646500000', '0.31415900588035583000', 300, 300, 0, 0),
(79403, 3999, 1, 1, 1, '918.87298583984380000000', '-335.68899536132810000000', '20.00139999389648400000', '4.66002988815307600000', 300, 300, 0, 0),
(79404, 3999, 1, 1, 1, '945.72399902343750000000', '-333.75500488281250000000', '19.16360092163086000000', '4.92183017730712900000', 300, 300, 0, 0),
(79405, 4003, 1, 1, 1, '1015.19000244140620000000', '-388.88000488281250000000', '2.80076003074646000000', '4.44280004501342800000', 300, 300, 5, 1),
(79406, 4003, 1, 1, 1, '988.94598388671880000000', '-449.60299682617190000000', '10.79500007629394500000', '0.43823900818824770000', 300, 300, 0, 0),
(79407, 4003, 1, 1, 1, '1003.91998291015620000000', '-344.91400146484375000000', '11.96140003204345700000', '2.72339010238647460000', 300, 300, 5, 1),
(79408, 4003, 1, 1, 1, '928.35400390625000000000', '-325.18399047851560000000', '17.82080078125000000000', '2.84829998016357400000', 300, 300, 5, 1),
(79409, 4003, 1, 1, 1, '975.13500976562500000000', '-364.01501464843750000000', '16.10919952392578000000', '2.51022005081176760000', 300, 300, 5, 1),
(79410, 4003, 1, 1, 1, '986.86297607421880000000', '-358.17401123046875000000', '13.16090011596679700000', '4.39203977584838900000', 300, 300, 5, 1),
(79411, 4003, 1, 1, 1, '979.75701904296880000000', '-373.07699584960940000000', '16.12540054321289000000', '5.80246019363403300000', 300, 300, 5, 1),
(79350, 4004, 1, 1, 1, '978.26074000000000000000', '-377.89606000000000000000', '9.02547550000000000000', '1.60377001762390140000', 300, 300, 0, 4),
(79351, 4004, 1, 1, 1, '956.42102050781250000000', '-298.24499511718750000000', '-2.62034988403320300000', '2.67214989662170400000', 300, 300, 5, 1),
(79352, 4004, 1, 1, 1, '872.80945000000000000000', '-292.82520000000000000000', '17.80613000000000000000', '0.19240899384021760000', 300, 300, 0, 4),
(79353, 4004, 1, 1, 1, '987.24470000000000000000', '-328.64514000000000000000', '-0.28765878000000000000', '6.18463993072509800000', 300, 300, 0, 4),
(79354, 4004, 1, 1, 1, '985.87915000000000000000', '-375.48540000000000000000', '16.12618400000000000000', '5.65546989440918000000', 300, 300, 0, 4),
(79355, 4004, 1, 1, 1, '953.97920000000000000000', '-257.88293000000000000000', '-3.51095150000000000000', '3.19295001029968260000', 300, 300, 0, 4),
(79356, 4004, 1, 1, 1, '887.80499267578120000000', '-320.19299316406250000000', '13.27740001678466800000', '5.31431007385253900000', 300, 300, 5, 1),
(79357, 4004, 1, 1, 1, '909.07324000000000000000', '-334.20180000000000000000', '18.52504700000000000000', '1.19842004776000980000', 300, 300, 0, 4),
(79358, 4004, 1, 1, 1, '961.50512700000000000000', '-354.26748700000000000000', '16.95883400000000000000', '5.25710010528564450000', 300, 300, 5, 1),
(79339, 3998, 1, 1, 1, '937.81120000000000000000', '-254.16438000000000000000', '-2.09667280000000000000', '0.38397000000000000000', 180, 180, 0, 0),
(79340, 3998, 1, 1, 1, '938.60280000000000000000', '-256.62613000000000000000', '-2.10138770000000000000', '0.17453292012214660600', 180, 180, 0, 0),
(79341, 4001, 1, 1, 1, '936.68710000000000000000', '-255.91563000000000000000', '-2.23863480000000000000', '0.29670596122741699200', 180, 180, 0, 0),
(79342, 3999, 1, 1, 1, '937.07940000000000000000', '-258.10092000000000000000', '-2.26830770000000000000', '0.48869219422340393000', 180, 180, 0, 0),
(79343, 3999, 1, 1, 1, '935.89440000000000000000', '-256.35678000000000000000', '-2.31624270000000000000', '0.69813100000000000000', 180, 180, 0, 0),
(79344, 4003, 1, 1, 1, '934.35200000000000000000', '-258.06960000000000000000', '-2.21520970000000000000', '0.68067842721939086900', 180, 180, 0, 0),
(79345, 4003, 1, 1, 1, '935.28754000000000000000', '-258.92550000000000000000', '-2.20950580000000000000', '0.57595800000000000000', 180, 180, 0, 0),
(79346, 4002, 1, 1, 1, '937.07940000000000000000', '-258.10092000000000000000', '-2.26830770000000000000', '0.48869219422340393000', 180, 180, 0, 0),
(79347, 4002, 1, 1, 1, '935.89440000000000000000', '-256.35678000000000000000', '-2.31624270000000000000', '0.69813100000000000000', 180, 180, 0, 0),
(79348, 4002, 1, 1, 1, '934.35200000000000000000', '-258.06960000000000000000', '-2.21520970000000000000', '0.68067842721939086900', 180, 180, 0, 0),
(79349, 4004, 1, 1, 1, '935.28754000000000000000', '-258.92550000000000000000', '-2.20950580000000000000', '0.57595800000000000000', 180, 180, 0, 0);
INSERT INTO `creature_addon` (`guid`, `mount`, `stand_state`, `sheath_state`, `pvp_flags`, `emote`, `moveflags`, `auras`) VALUES
(79359, 0, 0, 1, 16, 0, 0, NULL),(79360, 0, 0, 1, 16, 0, 0, NULL),(79361, 0, 0, 1, 16, 0, 0, NULL),(79362, 0, 0, 1, 16, 233, 0, NULL),(79363, 0, 0, 1, 16, 233, 0, NULL),(79364, 0, 0, 1, 16, 0, 0, NULL),
(79365, 0, 0, 1, 16, 233, 0, NULL),(79366, 0, 0, 1, 16, 233, 0, NULL),(79367, 0, 0, 1, 0, 233, 0, NULL),(79368, 0, 0, 1, 0, 233, 0, NULL),(79369, 0, 0, 1, 16, 233, 0, NULL),(79370, 0, 0, 1, 16, 233, 0, NULL),
(79371, 0, 0, 1, 16, 233, 0, NULL),(79372, 0, 0, 1, 16, 233, 0, NULL),(79373, 0, 0, 1, 0, 233, 0, NULL),(79374, 0, 0, 1, 16, 233, 0, NULL),(79375, 0, 0, 1, 16, 233, 0, NULL),(79376, 0, 0, 1, 16, 233, 0, NULL),
(79377, 0, 0, 1, 0, 233, 0, NULL),(79378, 0, 0, 1, 16, 233, 0, NULL),(79379, 0, 0, 1, 16, 233, 0, NULL),(79380, 0, 0, 1, 0, 233, 0, NULL),(79381, 0, 0, 1, 16, 233, 0, NULL),(79382, 0, 0, 1, 0, 233, 0, NULL),
(79383, 0, 0, 1, 16, 233, 0, NULL),(79384, 0, 0, 1, 16, 233, 0, NULL),(79385, 0, 0, 1, 16, 233, 0, NULL),(79386, 0, 0, 1, 16, 233, 0, NULL),(79387, 0, 0, 1, 16, 233, 0, NULL),(79388, 0, 0, 1, 16, 0, 0, NULL),
(79389, 0, 0, 1, 16, 233, 0, NULL),(79390, 0, 0, 1, 16, 233, 0, NULL),(79391, 0, 0, 1, 16, 233, 0, NULL),(79392, 0, 0, 1, 16, 233, 0, NULL),(79393, 0, 0, 1, 16, 233, 0, NULL),(79394, 0, 0, 1, 16, 233, 0, NULL),
(79395, 0, 0, 1, 16, 233, 0, NULL),(79396, 0, 0, 1, 0, 233, 0, NULL),(79397, 0, 0, 1, 0, 233, 0, NULL),(79398, 0, 0, 1, 16, 233, 0, NULL),(79399, 0, 0, 1, 16, 233, 0, NULL),(79400, 0, 0, 1, 16, 233, 0, NULL),
(79401, 0, 0, 1, 16, 233, 0, NULL),(79402, 0, 0, 1, 16, 233, 0, NULL),(79403, 0, 0, 1, 16, 233, 0, NULL),(79404, 0, 0, 1, 16, 233, 0, NULL);
INSERT INTO creature_movement (`id`, `Point`, `PositionX`, `PositionY`, `PositionZ`, `Orientation`, `WaitTime`, `ScriptId`) VALUES
(79350,1,978.26074,-377.89606,9.0254755,100,500,0),
(79350,2,978.54114,-385.31088,8.227136,100,0,0),
(79350,3,971.53625,-387.9108,8.264367,100,0,0),
(79350,4,966.7669,-383.84634,8.013391,100,0,0),
(79350,5,965.7326,-375.6895,7.904025,100,0,0),
(79350,6,961.0283,-363.34268,5.3975625,100,0,0),
(79350,7,961.3163,-349.0778,2.343706,100,0,0),
(79350,8,968.81525,-340.1766,-1.0334809,100,0,0),
(79350,9,979.7723,-334.89594,-1.688632,100,500,0),
(79352,1,872.80945,-292.8252,17.80613,100,500,0),
(79352,2,885.36285,-290.37933,19.17272,100,0,0),
(79352,3,897.8306,-285.32156,20.153763,100,0,0),
(79352,4,911.8462,-279.59897,21.566036,100,0,0),
(79352,5,923.16266,-270.354,22.029636,100,0,0),
(79352,6,927.9974,-274.91867,22.343903,100,0,0),
(79352,7,932.887,-281.16733,18.190046,100,0,0),
(79352,8,932.75543,-285.33365,17.774048,100,500,0),
(79353,1,987.2447,-328.64514,-0.28765878,100,500,0),
(79353,2,987.5994,-317.40674,0.8982092,100,0,0),
(79353,3,980.0046,-304.04227,-1.3080362,100,0,0),
(79353,4,969.19714,-302.97385,-0.6509599,100,0,0),
(79353,5,961.9171,-300.102,-2.3842425,100,0,0),
(79353,6,954.6951,-305.87582,-1.8897942,100,0,0),
(79353,7,955.3952,-316.19125,-1.5026575,100,500,0),
(79354,1,985.87915,-375.4854,16.126184,100,500,0),
(79354,2,977.4711,-366.06494,16.481733,100,0,0),
(79354,3,980.44977,-359.77316,15.8730955,100,0,0),
(79354,4,987.0081,-353.62875,12.911339,100,0,0),
(79354,5,979.6847,-358.955,15.934146,100,0,0),
(79354,6,974.1008,-359.98465,15.90542,100,0,0),
(79354,7,967.81146,-355.42084,15.778783,100,0,0),
(79354,8,959.8864,-356.57254,16.263485,100,0,0),
(79354,9,952.05316,-358.53668,16.00057,100,0,0),
(79354,10,942.7303,-357.83762,15.760734,100,0,0),
(79354,11,937.1593,-346.72034,17.17706,100,500,0),
(79355,1,953.9792,-257.88293,-3.5109515,100,500,0),
(79355,2,943.3326,-255.42464,-2.5989857,100,0,0),
(79355,3,933.843,-259.72906,-2.1856833,100,0,0),
(79355,4,930.4224,-266.17487,-1.680638,100,0,0),
(79355,5,919.2319,-273.9211,-0.8711146,100,0,0),
(79355,6,913.40356,-280.15305,-1.6427773,100,0,0),
(79355,7,907.3419,-280.48596,-0.90467596,100,0,0),
(79355,8,913.14703,-289.98215,-0.97477597,100,0,0),
(79355,9,924.87524,-292.08328,-1.881798,100,0,0),
(79355,10,933.51715,-291.6391,-0.8050218,100,0,0),
(79355,11,940.4749,-294.35617,-1.6682853,100,0,0),
(79355,12,956.37683,-298.77066,-2.5723162,100,0,0),
(79355,13,966.77136,-302.1098,-0.9671719,100,500,0),
(79357,1,909.07324,-334.2018,18.525047,100,500,0),
(79357,2,919.23285,-329.27045,19.036795,100,0,0),
(79357,3,923.80145,-320.73843,17.60006,100,0,0),
(79357,4,927.54785,-311.1471,17.877155,100,0,0),
(79357,5,938.6646,-295.839,18.20342,100,500,0);
DELETE FROM dbscripts_on_quest_start WHERE id IN (1090);
INSERT INTO dbscripts_on_quest_start (id, delay, command, datalong, datalong2, datalong3, buddy_entry, search_radius, data_flags, dataint, dataint2, dataint3, dataint4, x, y, z, o, comments) VALUES
(1090,1,21,1,0,0,0,0,0x04,0,0,0,0,0,0,0,0,'active'),
(1090,100,22,113,1|0x20,0,0,0,0x04,0,0,0,0,0,0,0,0,'temp faction'),
(1090,101,29,2,0,0,0,0,0x04,0,0,0,0,0,0,0,0,'NPCFlags Removed'),
(1090,1000,0,0,0,0,0,0,0x04,1427,0,0,0,0,0,0,0,'say'),
(1090,17000,53,0,0,0,0,0,0,19888,1,0,0,0,0,0,0,'Set worldstate variable to 1'),
(1090,108000,34,2191,1090,0,0,0,0,0,0,0,0,0,0,0,0,'Stop script if player is dead or out of range'),
(1090,109000,34,2192,1090,0,0,0,0x04,0,0,0,0,0,0,0,0,'Stop script if source is dead'),
(1090,109500,53,0,0,0,0,0,0,19888,0,0,0,0,0,0,0,'Set worldstate variable to 0'),
(1090,110000,53,0,0,0,0,0,0,19889,1,0,0,0,0,0,0,'Set worldstate variable to 1'),
(1090,113000,0,0,0,0,0,0,0x04,1431,0,0,0,0,0,0,0,'say'),
(1090,203000,34,2191,1090,0,0,0,0,0,0,0,0,0,0,0,0,'Stop script if player is dead or out of range'),
(1090,204000,34,2192,1090,0,0,0,0x04,0,0,0,0,0,0,0,0,'Stop script if npc is dead'),
(1090,204500,53,0,0,0,0,0,0,19889,0,0,0,0,0,0,0,'Set worldstate variable to 0'),
(1090,204600,53,0,0,0,0,0,0,19890,1,0,0,0,0,0,0,'Set worldstate variable to 1'),
(1090,215000,0,0,0,0,0,0,0x04,1432,0,0,0,0,0,0,0,'say'),
(1090,302000,53,0,0,0,0,0,0,19890,0,0,0,0,0,0,0,'Set worldstate variable to 0'),
(1090,303000,34,2191,1090,0,0,0,0,0,0,0,0,0,0,0,0,'Stop script if player is dead or out of range'),
(1090,304000,34,2192,1090,0,0,0,0x04,0,0,0,0,0,0,0,0,'Stop script if npc is dead'),
(1090,305000,7,1090,0,0,0,0,0,0,0,0,0,0,0,0,0,'quest complete'),
(1090,305001,0,0,0,0,0,0,0x04,1434,0,0,0,0,0,0,0,'say'),
(1090,305002,22,35,0,0,0,0,0x04,0,0,0,0,0,0,0,0,'set default faction'),
(1090,305003,29,2,1,0,0,0,0x04,0,0,0,0,0,0,0,0,'NPCFlags Added'),
(1090,305004,21,0,0,0,0,0,0x04,0,0,0,0,0,0,0,0,'unactive');
DELETE FROM dbscripts_on_creature_death WHERE id IN (4276);
INSERT INTO dbscripts_on_creature_death (id, delay, command, datalong, datalong2, datalong3, buddy_entry, search_radius, data_flags, dataint, dataint2, dataint3, dataint4, x, y, z, o, comments) VALUES
(4276,1,53,0,0,0,0,0,0,19888,0,0,0,0,0,0,0,'Set worldstate variable to 0'),
(4276,2,53,0,0,0,0,0,0,19889,0,0,0,0,0,0,0,'Set worldstate variable to 0'),
(4276,3,53,0,0,0,0,0,0,19890,0,0,0,0,0,0,0,'Set worldstate variable to 0'),
(4276,4,29,2,1,0,0,0,0x04,0,0,0,0,0,0,0,0,'NPCFlags Added'),
(4276,5,21,0,0,0,0,0,0x04,0,0,0,0,0,0,0,0,'unactive');
DELETE FROM `spawn_group` WHERE id =19888;
INSERT INTO `spawn_group` (`Id`, `Name`, `Type`, `MaxCount`, `WorldState`, `Flags`) VALUES (19888, 'Stonetalon Mountains - q.1090 - Wave 1 - Windshear Vermin x2 & Windshear Tunnel Rat', 0, 0, 9907, 0x08);
DELETE FROM `spawn_group_spawn` WHERE id = 19888;
INSERT INTO `spawn_group_spawn` (`Id`, `Guid`, `SlotId`) VALUES (19888, 79341, 0),(19888, 79340, 1),(19888, 79339, 2);
DELETE FROM `spawn_group_formation` WHERE id = 19888;
INSERT INTO `spawn_group_formation` (`Id`, `FormationType`, `FormationSpread`, `FormationOptions`, `PathId`, `MovementType`, `Comment`) VALUES (19888, 5, 2, 0, 19888, 4, 'Stonetalon Mountains - q.1090 - Wave 1 - Windshear Vermin x2 & Windshear Tunnel Rat');
DELETE FROM `waypoint_path_name` WHERE PathId = 19888;
INSERT INTO `waypoint_path_name` (`PathId`, `Name`) VALUES (19888,'Stonetalon Mountains - q.1090 - Wave 1 - Windshear Vermin x2 & Windshear Tunnel Rat');
DELETE FROM `waypoint_path` WHERE PathId = 19888;
INSERT INTO `waypoint_path` (`PathId`, `Point`, `PositionX`, `PositionY`,`PositionZ`, `Orientation`, `WaitTime`, `ScriptId`) VALUES
(19888,1,936.6871,-255.91563,-2.2386348,0.2967,3000,0),
(19888,2,944.4445,-255.94446,-2.7950513,100,100,400101),
(19888,3,950.1888,-257.03415,-3.0987809,100,0,0),
(19888,4,953.7671,-258.39548,-3.5265486,100,0,0),
(19888,5,960.332,-260.597,-5.78864,5.99669,100,3);
DELETE FROM dbscripts_on_creature_movement WHERE id IN (400101);
INSERT INTO dbscripts_on_creature_movement (id, delay, command, datalong, datalong2, datalong3, buddy_entry, search_radius, data_flags, dataint, dataint2, dataint3, dataint4, x, y, z, o, comments) VALUES
(400101,0,0,0,0,0,0,0,0x04,1428,0,0,0,0,0,0,0,'');
DELETE FROM conditions WHERE condition_entry IN (9907);
INSERT INTO conditions (condition_entry, `type`, value1, value2, value3, flags, comments) VALUES (9907, 42, 19888, 1, 1, 0, 'Stonetalon Mountains - q.1090 - Wave 1 - Windshear Vermin x2 & Windshear Tunnel Rat');
DELETE FROM worldstate_name WHERE Id=19888;
INSERT INTO worldstate_name(Id, Name) VALUES (19888,'Stonetalon Mountains - q.1090 - Wave 1 - Windshear Vermin x2 & Windshear Tunnel Rat');
DELETE FROM `spawn_group` WHERE id =19889;
INSERT INTO `spawn_group` (`Id`, `Name`, `Type`, `MaxCount`, `WorldState`, `Flags`) VALUES (19889, 'Stonetalon Mountains - q.1090 - Wave 2 - Windshear Digger x2 & Windshear Geomancer x2', 0, 0, 9908, 0x08);
DELETE FROM `spawn_group_spawn` WHERE id = 19889;
INSERT INTO `spawn_group_spawn` (`Id`, `Guid`, `SlotId`) VALUES (19889, 79344, 0),(19889, 79345, 1),(19889, 79343, 2),(19889, 79342, 3);
DELETE FROM `spawn_group_formation` WHERE id = 19889;
INSERT INTO `spawn_group_formation` (`Id`, `FormationType`, `FormationSpread`, `FormationOptions`, `PathId`, `MovementType`, `Comment`) VALUES (19889, 5, 2, 0, 19889, 4, 'Stonetalon Mountains - q.1090 - Wave 2 - Windshear Digger x2 & Windshear Geomancer x2');
DELETE FROM `waypoint_path_name` WHERE PathId = 19889;
INSERT INTO `waypoint_path_name` (`PathId`, `Name`) VALUES (19889,'Stonetalon Mountains - q.1090 - Wave 2 - Windshear Digger x2 & Windshear Geomancer x2');
DELETE FROM `waypoint_path` WHERE PathId = 19889;
INSERT INTO `waypoint_path` (`PathId`, `Point`, `PositionX`, `PositionY`,`PositionZ`, `Orientation`, `WaitTime`, `ScriptId`) VALUES
(19889,1,944.28644,-255.18642,-2.7152529,100,100,400301),
(19889,2,946.54144,-256.04645,-3.0640638,100,0,0),
(19889,3,951.118,-257.7668,-3.1646798,100,0,0),
(19889,4,954.56036,-259.11758,-3.6698236,100,0,0),
(19889,5,960.332,-260.597,-5.78864,5.99669,100,3);
DELETE FROM dbscripts_on_creature_movement WHERE id IN (400301);
INSERT INTO dbscripts_on_creature_movement (id, delay, command, datalong, datalong2, datalong3, buddy_entry, search_radius, data_flags, dataint, dataint2, dataint3, dataint4, x, y, z, o, comments) VALUES
(400301,0,0,0,0,0,0,0,0x04,1430,0,0,0,0,0,0,0,'');
DELETE FROM conditions WHERE condition_entry IN (9908);
INSERT INTO conditions (condition_entry, `type`, value1, value2, value3, flags, comments) VALUES (9908, 42, 19889, 1, 1, 0, 'Stonetalon Mountains - q.1090 - Wave 2 - Windshear Digger x2 & Windshear Geomancer x2');
DELETE FROM worldstate_name WHERE Id=19889;
INSERT INTO worldstate_name(Id, Name) VALUES (19889,'Stonetalon Mountains - q.1090 - Wave 2 - Windshear Digger x2 & Windshear Geomancer x2');
DELETE FROM `spawn_group` WHERE id =19890;
INSERT INTO `spawn_group` (`Id`, `Name`, `Type`, `MaxCount`, `WorldState`, `Flags`) VALUES (19890, 'Stonetalon Mountains - q.1090 - Wave 3 - Windshear Stonecutter x3 & Windshear Overlord', 0, 0, 9909, 0x08);
DELETE FROM `spawn_group_spawn` WHERE id = 19890;
INSERT INTO `spawn_group_spawn` (`Id`, `Guid`, `SlotId`) VALUES (19890, 79349, 0),(19890, 79346, 1),(19890, 79347, 2),(19890, 79348, 3);
DELETE FROM `spawn_group_formation` WHERE id = 19890;
INSERT INTO `spawn_group_formation` (`Id`, `FormationType`, `FormationSpread`, `FormationOptions`, `PathId`, `MovementType`, `Comment`) VALUES (19890, 5, 2, 0, 19890, 4, 'Stonetalon Mountains - q.1090 - Wave 3 - Windshear Stonecutter x3 & Windshear Overlord');
DELETE FROM `waypoint_path_name` WHERE PathId = 19890;
INSERT INTO `waypoint_path_name` (`PathId`, `Name`) VALUES (19890,'Stonetalon Mountains - q.1090 - Wave 3 - Windshear Stonecutter x3 & Windshear Overlord');
DELETE FROM `waypoint_path` WHERE PathId = 19890;
INSERT INTO `waypoint_path` (`PathId`, `Point`, `PositionX`, `PositionY`,`PositionZ`, `Orientation`, `WaitTime`, `ScriptId`) VALUES
(19890,1,944.28644,-255.18642,-2.7152529,100,100,400401),
(19890,2,946.54144,-256.04645,-3.0640638,100,0,0),
(19890,3,951.118,-257.7668,-3.1646798,100,0,0),
(19890,4,954.56036,-259.11758,-3.6698236,100,0,0),
(19890,5,960.332,-260.597,-5.78864,5.99669,100,3);
DELETE FROM dbscripts_on_creature_movement WHERE id IN (400401);
INSERT INTO dbscripts_on_creature_movement (id, delay, command, datalong, datalong2, datalong3, buddy_entry, search_radius, data_flags, dataint, dataint2, dataint3, dataint4, x, y, z, o, comments) VALUES
(400401,0,0,0,0,0,0,0,0x04,1433,0,0,0,0,0,0,0,'');
DELETE FROM conditions WHERE condition_entry IN (9909);
INSERT INTO conditions (condition_entry, `type`, value1, value2, value3, flags, comments) VALUES (9909, 42, 19890, 1, 1, 0, 'Stonetalon Mountains - q.1090 - Wave 3 - Windshear Stonecutter x3 & Windshear Overlord');
DELETE FROM worldstate_name WHERE Id=19890;
INSERT INTO worldstate_name(Id, Name) VALUES (19890,'Stonetalon Mountains - q.1090 - Wave 3 - Windshear Stonecutter x3 & Windshear Overlord');

UPDATE `gameobject` SET `spawntimesecsmin` = '-62' WHERE `guid` =8217;

UPDATE gameobject_template SET faction = 114, data2 = 10 WHERE entry = 103661;
DELETE FROM dbscripts_on_go_template_use WHERE id IN (174764,103661,103662);
INSERT INTO dbscripts_on_go_template_use (id, delay, command, datalong, datalong2, datalong3, buddy_entry, search_radius, data_flags, dataint, dataint2, dataint3, dataint4, x, y, z, o, comments) VALUES
(103661,0,9,8218,600,0,0,0,0,0,0,0,0,0,0,0,0,'respawn object');
UPDATE spell_target_position SET target_position_x = -1350.83, target_position_y = -2740.16, target_position_z = 61.5, target_orientation = 6.1817 WHERE id = 9055;

UPDATE `creature_template` SET `NpcFlags` = 2, `GossipMenuId` = 0 WHERE `Entry` =6294;
DELETE FROM `questgiver_greeting` WHERE `Entry` = 6294;
INSERT INTO `questgiver_greeting` (`Entry`, `Type`, `EmoteId`, `EmoteDelay`, `Text`) VALUES (6294, 0, 0, 0, 'Greetings, $n.');

DELETE FROM `creature_template_spells` WHERE `entry` = 18847;
DELETE FROM `creature_spell_list_entry` WHERE `Id` IN (1884701, 1884702);
INSERT INTO `creature_spell_list_entry` (`Id`, `Name`, `ChanceSupportAction`, `ChanceRangedAttack`) VALUES
(1884701, 'Gruul\'s Lair - Wild Fel Stalkers', 0, 0),
(1884702, 'Gruul\'s Lair - Wild Fel Stalkers - Charmed', 0, 0);
DELETE FROM `creature_spell_list` WHERE `Id` IN (1884701, 1884702);
INSERT INTO `creature_spell_list` (`Id`, `Position`, `SpellId`, `Flags`, `CombatCondition`, `TargetId`, `ScriptId`, `Availability`, `Probability`, `InitialMin`, `InitialMax`, `RepeatMin`, `RepeatMax`, `Comments`) VALUES
(1884701, 1, 33086, 0, -1, 1, 0, 100, 0, 4000, 8000, 5000, 12000, 'Wild Fel Stalkers  - Wild Bite - current'),
(1884702, 1, 33086, 0, -1, 1, 0, 100, 0, 5000, 5000, 5000, 5000, 'Wild Fel Stalkers  - Wild Bite - current'),
(1884702, 2, 33091, 0, -1, 2, 0, 100, 0, 10000, 10000, 10000, 10000, 'Wild Fel Stalkers  - Determination - self'),
(1884702, 3, 33096, 0, -1, 1, 0, 100, 0, 20000, 20000, 20000, 20000, 'Wild Fel Stalkers  - Threaten - current');
UPDATE creature_template SET `SpellList` = 1884701, CharmedSpellList = 1884702 WHERE entry = 18847;

UPDATE creature_template SET MeleeBaseAttackTime = 1500 WHERE entry = 18806;
UPDATE creature_model_info SET bounding_radius = 0.766, combat_reach = 3 WHERE modelid IN (19050, 19051, 19052);
UPDATE creature_template SET MaxLevel = 70 WHERE entry = 18925;
UPDATE creature_model_info SET bounding_radius = 0.47875, combat_reach = 1.875 WHERE modelid IN (19048, 19049);
UPDATE creature_template SET SpeedWalk = 3/2.5, SpeedRun = 10/7 WHERE entry = 19622;
UPDATE creature_template SET SpeedWalk = 4/2.5, SpeedRun = 10/7 WHERE entry = 20031;
UPDATE creature_model_info SET bounding_radius = 0.6128, combat_reach = 2.4 WHERE modelid IN (19386, 19387);
UPDATE creature_template SET SpeedWalk = 2.5/2.5, SpeedRun = 10/7 WHERE entry = 20032;
UPDATE creature_model_info SET bounding_radius = 0.68939996, combat_reach = 2.6999998 WHERE modelid IN (21000, 19388);
UPDATE creature_template SET SpeedWalk = 2.5/2.5, SpeedRun = 10/7 WHERE entry = 20033;
UPDATE creature_model_info SET bounding_radius = 0.6128, combat_reach = 2.4 WHERE modelid IN (19390, 19391);
UPDATE creature_template SET SpeedWalk = 2.5/2.5, SpeedRun = 10/7 WHERE entry = 20034;
UPDATE creature_model_info SET bounding_radius = 0.68939996, combat_reach = 2.6999998 WHERE modelid IN (19392, 19393);
UPDATE creature_template SET SpeedWalk = 4/2.5, SpeedRun = 10/7 WHERE entry = 20035;
UPDATE creature_model_info SET bounding_radius = 0.766, combat_reach = 3 WHERE modelid IN (19397, 20978);
UPDATE creature_template SET SpeedWalk = 4/2.5, SpeedRun = 10/7 WHERE entry = 20036;
UPDATE creature_model_info SET bounding_radius = 0.57449996, combat_reach = 2.25 WHERE modelid IN (19394, 21001);
UPDATE creature_template SET SpeedWalk = 4/2.5 WHERE entry = 20037;
UPDATE creature_model_info SET bounding_radius = 0.766, combat_reach = 3 WHERE modelid IN (19398, 19399);
UPDATE creature_template SET SpeedWalk = 4/2.5, SpeedRun = 12/7 WHERE entry = 20038;
UPDATE creature_model_info SET bounding_radius = 0.3, combat_reach = 1.5 WHERE modelid = 19298;
UPDATE creature_template SET SpeedWalk = 2.5/2.5, SpeedRun = 12/7, MeleeBaseAttackTime = 2000 WHERE entry = 20039;
UPDATE creature_model_info SET bounding_radius = 0.75, combat_reach = 3.75 WHERE modelid = 19299;
UPDATE creature_template SET SpeedWalk = 4/2.5, SpeedRun = 12/7 WHERE entry = 20040;
UPDATE creature_model_info SET bounding_radius = 1.5, combat_reach = 9 WHERE modelid = 19410;
UPDATE creature_template SET SpeedRun = 12/7 WHERE entry = 20041;
UPDATE creature_model_info SET bounding_radius = 1.25, combat_reach = 7.5 WHERE modelid = 19300;
UPDATE creature_template SET SpeedWalk = 4/2.5, SpeedRun = 10/7 WHERE entry = 20042;
UPDATE creature_model_info SET bounding_radius = 0.57449996, combat_reach = 2.25 WHERE modelid = 19412;
UPDATE creature_template SET SpeedWalk = 4/2.5, SpeedRun = 10/7 WHERE entry = 20043;
UPDATE creature_model_info SET bounding_radius = 0.57449996, combat_reach = 2.25 WHERE modelid IN (19470, 19471);
UPDATE creature_model_info SET bounding_radius = 0.57449996, combat_reach = 2.25 WHERE modelid IN (19472, 19473);
UPDATE creature_template SET SpeedWalk = 4/2.5, SpeedRun = 10/7 WHERE entry = 20045;
UPDATE creature_model_info SET bounding_radius = 0.766, combat_reach = 3 WHERE modelid IN (19474, 19475);
UPDATE creature_template SET SpeedWalk = 4/2.5, SpeedRun = 10/7 WHERE entry = 20046;
UPDATE creature_model_info SET bounding_radius = 0.766, combat_reach = 3 WHERE modelid IN (19423, 19424);
UPDATE creature_template SET SpeedWalk = 4/2.5, SpeedRun = 12/7 WHERE entry = 20047;
UPDATE creature_model_info SET bounding_radius = 0.57449996, combat_reach = 2.25 WHERE modelid IN (19499, 19500);
UPDATE creature_template SET SpeedWalk = 4/2.5, SpeedRun = 12/7 WHERE entry = 20048;
UPDATE creature_model_info SET bounding_radius = 0.68939996, combat_reach = 2.6999998 WHERE modelid IN (19505, 19506);
UPDATE creature_template SET SpeedWalk = 4/2.5, SpeedRun = 12/7 WHERE entry = 20049;
UPDATE creature_model_info SET bounding_radius = 0.68939996, combat_reach = 2.6999998 WHERE modelid IN (19503, 19504);
UPDATE creature_template SET SpeedWalk = 4/2.5, SpeedRun = 12/7 WHERE entry = 20050;
UPDATE creature_model_info SET bounding_radius = 0.766, combat_reach = 3 WHERE modelid IN (19507, 19508);
UPDATE creature_template SET SpeedWalk = 2.36110997200012207/2.5, SpeedRun = 10/7 WHERE entry = 20052;
UPDATE creature_model_info SET bounding_radius = 0.75, combat_reach = 1.5 WHERE modelid = 19254;

UPDATE `questgiver_greeting` SET `Text` = 'Greetings, $n.' WHERE `Entry` =4201 AND `Type` =0;
UPDATE `questgiver_greeting` SET `Text` = 'Greetings, $n.' WHERE `Entry` =7877 AND `Type` =0;
INSERT INTO `questgiver_greeting` (`Entry`, `Type`, `Text`, `EmoteId`, `EmoteDelay`) VALUES (17433, 0, ' Greetings, $n.', 0, 0);

REPLACE INTO `creature` (`guid`, `id`, `map`, `spawnMask`, `phaseMask`, `position_x`, `position_y`, `position_z`, `orientation`, `spawntimesecsmin`, `spawntimesecsmax`, `spawndist`, `MovementType`) VALUES
(53231, 6129, 1, 1, 1, '2472.88989257812500000000', '-5280.81982421875000000000', '124.68599700927734000000', '2.39109992980957030000', 600, 600, 0, 0),
(53230, 6129, 1, 1, 1, '2502.58007812500000000000', '-5426.75976562500000000000', '133.15400695800780000000', '0.82679498195648190000', 600, 600, 5, 1),
(53232, 6129, 1, 1, 1, '2570.62988281250000000000', '-5480.27001953125000000000', '122.17299652099610000000', '1.64926004409790040000', 600, 600, 0, 0),
(53558, 6129, 1, 1, 1, '2756.67993164062500000000', '-5395.00976562500000000000', '116.27700042724610000000', '1.50213003158569340000', 600, 600, 0, 0),
(52812, 6129, 1, 1, 1, '2809.28002929687500000000', '-5441.52001953125000000000', '98.77829742431640000000', '0.01431099977344274500', 600, 600, 5, 1);

REPLACE INTO `creature` (`guid`, `id`, `map`, `spawnMask`, `phaseMask`, `position_x`, `position_y`, `position_z`, `orientation`, `spawntimesecsmin`, `spawntimesecsmax`, `spawndist`, `MovementType`) VALUES
(52656, 1048, 0, 1, 1, '-3913.05004882812500000000', '-4014.33007812500000000000', '167.19500732421875000000', '0.86983299255371090000', 600, 600, 10, 1),
(52657, 1048, 0, 1, 1, '-3563.04003906250000000000', '-3990.05004882812500000000', '108.92199707031250000000', '3.42683005332946780000', 600, 600, 0, 0),
(52655, 1048, 0, 1, 1, '-3611.20996093750000000000', '-3955.03002929687500000000', '109.97699737548828000000', '4.34545993804931600000', 600, 600, 0, 0),
(52658, 1048, 0, 1, 1, '-3843.86010742187500000000', '-4014.65991210937500000000', '159.22599792480470000000', '0.48371699452400210000', 600, 600, 5, 1),
(52810, 1048, 0, 1, 1, '-3595.12988281250000000000', '-3984.95996093750000000000', '108.99199676513672000000', '0.18292400240898132000', 600, 600, 5, 1),
(52808, 1048, 0, 1, 1, '-3919.92993164062500000000', '-4085.11010742187500000000', '172.07000732421875000000', '2.91741991043090800000', 600, 600, 10, 1),
(52807, 1048, 0, 1, 1, '-3882.30004882812500000000', '-4050.13989257812500000000', '164.13499450683594000000', '6.17650985717773400000', 600, 600, 10, 1);

DELETE FROM creature_addon WHERE guid IN(SELECT guid FROM creature WHERE id IN (628,744,745,746));
DELETE FROM creature_movement WHERE id IN(SELECT guid FROM creature WHERE id IN (628,744,745,746));
DELETE FROM game_event_creature WHERE guid IN(SELECT guid FROM creature WHERE id IN (628,744,745,746));
DELETE FROM game_event_creature_data WHERE guid IN(SELECT guid FROM creature WHERE id IN (628,744,745,746));
DELETE FROM creature_battleground WHERE guid IN(SELECT guid FROM creature WHERE id IN (628,744,745,746));
DELETE FROM creature_linking WHERE guid IN(SELECT guid FROM creature WHERE id IN (628,744,745,746));
DELETE FROM creature WHERE id IN (628,744,745,746);
INSERT INTO `creature` (`guid`, `id`, `map`, `spawnMask`, `position_x`, `position_y`, `position_z`, `orientation`, `spawntimesecsmin`, `spawntimesecsmax`, `spawndist`, `MovementType`) VALUES
(2183, 628, 0, 1, '-10775.70019531250000000000', '-768.61297607421880000000', '43.13909912109375000000', '5.03353977203369100000', 300, 300, 10, 1),
(2197, 628, 0, 1, '-10756.90039062500000000000', '-779.05902099609380000000', '42.91059875488281000000', '3.30835008621215800000', 300, 300, 10, 1),
(2238, 628, 0, 1, '-10316.00000000000000000000', '-1012.53997802734380000000', '45.46569824218750000000', '0.73479998111724850000', 300, 300, 10, 1),
(2248, 628, 0, 1, '-10288.90039062500000000000', '-984.75402832031250000000', '49.36249923706055000000', '1.42586004734039300000', 300, 300, 10, 1),
(2312, 628, 0, 1, '-10178.29980468750000000000', '-898.20800781250000000000', '36.60279846191406000000', '5.21741008758544900000', 300, 300, 10, 1),
(2331, 628, 0, 1, '-10853.50000000000000000000', '-590.73297119140620000000', '36.95869827270508000000', '4.35315990447998050000', 300, 300, 5, 1),
(2367, 628, 0, 1, '-10217.00000000000000000000', '-887.59002685546880000000', '38.00880050659180000000', '1.55127000808715820000', 300, 300, 10, 1),
(2435, 628, 0, 1, '-10233.79980468750000000000', '-951.25299072265620000000', '38.12099838256836000000', '6.25780010223388700000', 300, 300, 10, 1),
(3087, 628, 0, 1, '-10354.09960937500000000000', '-1056.07995605468750000000', '50.43470001220703000000', '4.31340980529785200000', 300, 300, 5, 1),
(3283, 628, 0, 1, '-10824.50000000000000000000', '-477.64199829101560000000', '42.60430145263672000000', '0.09233999997377396000', 300, 300, 5, 1);
INSERT INTO `creature` (`guid`, `id`, `map`, `spawnMask`, `phaseMask`, `position_x`, `position_y`, `position_z`, `orientation`, `spawntimesecsmin`, `spawntimesecsmax`, `spawndist`, `MovementType`) VALUES
(2515, 744, 0, 1, 1, '-10672.90039062500000000000', '-3979.62011718750000000000', '22.27569961547851600000', '2.86865997314453120000', 300, 300, 5, 1),
(2653, 744, 0, 1, 1, '-10701.29980468750000000000', '-4001.62988281250000000000', '24.04560089111328000000', '0.45315799117088320000', 300, 300, 5, 1),
(3084, 744, 0, 1, 1, '-10222.29980468750000000000', '-3612.62011718750000000000', '23.67589950561523400000', '1.42941999435424800000', 300, 300, 5, 1),
(3267, 744, 0, 1, 1, '-10263.50000000000000000000', '-3702.66992187500000000000', '23.74909973144531200000', '0.91116601228713990000', 300, 300, 10, 1),
(3269, 744, 0, 1, 1, '-10220.59960937500000000000', '-3683.91992187500000000000', '21.89069938659668000000', '2.79204010963439940000', 300, 300, 10, 1),
(3287, 744, 0, 1, 1, '-10193.59960937500000000000', '-3640.94995117187500000000', '21.62409973144531200000', '2.98575997352600100000', 300, 300, 5, 1),
(3299, 744, 0, 1, 1, '-10258.79980468750000000000', '-3649.61010742187500000000', '22.77680015563965000000', '0.13097800314426422000', 300, 300, 5, 1),
(3398, 744, 0, 1, 1, '-10282.40039062500000000000', '-3615.47998046875000000000', '22.87120056152343800000', '3.35018992424011230000', 300, 300, 10, 1),
(3403, 744, 0, 1, 1, '-10519.40039062500000000000', '-4051.83007812500000000000', '23.19790077209472700000', '3.03115010261535640000', 300, 300, 5, 1);
INSERT INTO `creature` (`guid`, `id`, `map`, `spawnMask`, `phaseMask`, `position_x`, `position_y`, `position_z`, `orientation`, `spawntimesecsmin`, `spawntimesecsmax`, `spawndist`, `MovementType`) VALUES
(2393, 745, 0, 1, 1, '-10663.79980468750000000000', '-4011.41992187500000000000', '22.10149955749511700000', '4.87706995010376000000', 300, 300, 5, 1),
(2538, 745, 0, 1, 1, '-10619.29980468750000000000', '-3990.60009765625000000000', '22.11260032653808600000', '5.48121023178100600000', 300, 300, 5, 1),
(2652, 745, 0, 1, 1, '-10337.40039062500000000000', '-3979.19995117187500000000', '17.40169906616211000000', '3.45280003547668460000', 300, 300, 10, 1),
(2723, 745, 0, 1, 1, '-10645.29980468750000000000', '-3956.20996093750000000000', '23.38389968872070300000', '5.54162979125976600000', 300, 300, 5, 1),
(2852, 745, 0, 1, 1, '-10302.09960937500000000000', '-3646.92993164062500000000', '23.99460029602050800000', '1.05818998813629150000', 300, 300, 10, 1),
(2883, 745, 0, 1, 1, '-10245.70019531250000000000', '-3587.08007812500000000000', '22.12719917297363300000', '0.97844499349594120000', 300, 300, 10, 1),
(3009, 745, 0, 1, 1, '-10249.40039062500000000000', '-3950.69995117187500000000', '22.29269981384277300000', '0.46539300680160520000', 300, 300, 10, 1),
(3074, 745, 0, 1, 1, '-10214.70019531250000000000', '-3909.62011718750000000000', '23.14130020141601600000', '3.71203994750976560000', 300, 300, 5, 1),
(3118, 745, 0, 1, 1, '-10268.59960937500000000000', '-4079.64990234375000000000', '22.56060028076172000000', '2.86865997314453120000', 300, 300, 5, 1),
(3135, 745, 0, 1, 1, '-10247.40039062500000000000', '-4106.50000000000000000000', '22.52750015258789000000', '4.03642988204956050000', 300, 300, 5, 1),
(3140, 745, 0, 1, 1, '-10314.00000000000000000000', '-4235.93017578125000000000', '23.37409973144531200000', '1.07875001430511470000', 300, 300, 5, 1),
(3201, 745, 0, 1, 1, '-10413.40039062500000000000', '-4086.94995117187500000000', '23.40200042724609400000', '6.04863023757934600000', 300, 300, 5, 1),
(3286, 745, 0, 1, 1, '-10414.29980468750000000000', '-4148.39990234375000000000', '22.03569984436035000000', '0.09760600328445435000', 300, 300, 5, 1);
INSERT INTO `creature` (`guid`, `id`, `map`, `spawnMask`, `phaseMask`, `position_x`, `position_y`, `position_z`, `orientation`, `spawntimesecsmin`, `spawntimesecsmax`, `spawndist`, `MovementType`) VALUES
(9860, 746, 0, 1, 1, '-10321.90039062500000000000', '-4196.70019531250000000000', '22.88960075378418000000', '1.38413000106811520000', 300, 300, 5, 1),
(9885, 746, 0, 1, 1, '-10316.00000000000000000000', '-4061.42993164062500000000', '22.01530075073242200000', '6.10832977294921900000', 300, 300, 5, 1),
(9930, 746, 0, 1, 1, '-10294.40039062500000000000', '-4218.54980468750000000000', '23.83259963989257800000', '1.94441998004913330000', 300, 300, 5, 1),
(9964, 746, 0, 1, 1, '-10352.29980468750000000000', '-4217.22021484375000000000', '23.27809906005859400000', '1.78910005092620850000', 300, 300, 5, 1),
(10029, 746, 0, 1, 1, '-10382.20019531250000000000', '-4181.81005859375000000000', '23.99740028381347700000', '1.60064995288848880000', 300, 300, 5, 1),
(10060, 746, 0, 1, 1, '-10461.20019531250000000000', '-4022.35009765625000000000', '21.99909973144531200000', '0.68549698591232300000', 300, 300, 5, 1);

UPDATE `creature_template` SET `PickpocketLootId` = '0' WHERE `Entry` IN (412,22304,30793);
DELETE FROM `pickpocketing_loot_template` WHERE `entry` IN (412,22304);

UPDATE `creature_template` SET `Faction` = '93' WHERE `Entry` =412;

UPDATE `creature_template` SET `CharmedSpellList`='1939905', `MechanicImmuneMask` = `MechanicImmuneMask`&~1 WHERE `entry`='19399';
UPDATE `creature_template` SET `CharmedSpellList`='2123305', `MechanicImmuneMask` = `MechanicImmuneMask`&~1 WHERE `entry`='21233';
UPDATE `creature_template` SET `CharmedSpellList`='1697505', `MechanicImmuneMask` = `MechanicImmuneMask`&~1 WHERE `entry`='16975';
UPDATE `creature_template` SET `CharmedSpellList`='1697405', `MechanicImmuneMask` = `MechanicImmuneMask`&~1 WHERE `entry`='16974';
UPDATE `creature_template` SET `CharmedSpellList`='1897405', `MechanicImmuneMask` = `MechanicImmuneMask`&~1 WHERE `entry`='18974';
UPDATE `creature_template` SET `CharmedSpellList`='1705805', `MechanicImmuneMask` = `MechanicImmuneMask`&~1 WHERE `entry`='17058';
UPDATE `creature_template` SET `CharmedSpellList`='1919205', `MechanicImmuneMask` = `MechanicImmuneMask`&~1 WHERE `entry`='19192';
UPDATE `creature_template` SET `CharmedSpellList`='1695105', `MechanicImmuneMask` = `MechanicImmuneMask`&~1 WHERE `entry`='16951';
UPDATE `creature_template` SET `CharmedSpellList`='1897605', `MechanicImmuneMask` = `MechanicImmuneMask`&~1 WHERE `entry`='18976';
UPDATE `creature_template` SET `CharmedSpellList`='1940805', `MechanicImmuneMask` = `MechanicImmuneMask`&~1 WHERE `entry`='19408';
UPDATE `creature_template` SET `CharmedSpellList`='1882705', `MechanicImmuneMask` = `MechanicImmuneMask`&~1 WHERE `entry`='18827';
UPDATE `creature_template` SET `CharmedSpellList`='1929805', `MechanicImmuneMask` = `MechanicImmuneMask`&~1 WHERE `entry`='19298';
UPDATE `creature_template` SET `CharmedSpellList`='1695405', `MechanicImmuneMask` = `MechanicImmuneMask`&~1 WHERE `entry`='16954';
UPDATE `creature_template` SET `CharmedSpellList`='1694605', `MechanicImmuneMask` = `MechanicImmuneMask`&~1 WHERE `entry`='16946';
UPDATE `creature_template` SET `CharmedSpellList`='2079805', `MechanicImmuneMask` = `MechanicImmuneMask`&~1 WHERE `entry`='20798';
UPDATE `creature_template` SET `CharmedSpellList`='1696005', `MechanicImmuneMask` = `MechanicImmuneMask`&~1 WHERE `entry`='16960';
UPDATE `creature_template` SET `CharmedSpellList`='1694705', `MechanicImmuneMask` = `MechanicImmuneMask`&~1 WHERE `entry`='16947';
UPDATE `creature_template` SET `CharmedSpellList`='1943405', `MechanicImmuneMask` = `MechanicImmuneMask`&~1 WHERE `entry`='19434';
UPDATE `creature_template` SET `CharmedSpellList`='1913605', `MechanicImmuneMask` = `MechanicImmuneMask`&~1 WHERE `entry`='19136';
UPDATE `creature_template` SET `CharmedSpellList`='1926105', `MechanicImmuneMask` = `MechanicImmuneMask`&~1 WHERE `entry`='19261';
UPDATE `creature_template` SET `CharmedSpellList`='1701405', `MechanicImmuneMask` = `MechanicImmuneMask`&~1 WHERE `entry`='17014';
UPDATE `creature_template` SET `CharmedSpellList`='1952705', `MechanicImmuneMask` = `MechanicImmuneMask`&~1 WHERE `entry`='19527';
UPDATE `creature_template` SET `CharmedSpellList`='1695005', `MechanicImmuneMask` = `MechanicImmuneMask`&~1 WHERE `entry`='16950';
UPDATE `creature_template` SET `CharmedSpellList`='1919005', `MechanicImmuneMask` = `MechanicImmuneMask`&~1 WHERE `entry`='19190';
UPDATE `creature_template` SET `CharmedSpellList`='1898105', `MechanicImmuneMask` = `MechanicImmuneMask`&~1 WHERE `entry`='18981';
UPDATE `creature_template` SET `CharmedSpellList`='1897505', `MechanicImmuneMask` = `MechanicImmuneMask`&~1 WHERE `entry`='18975';
UPDATE `creature_template` SET `CharmedSpellList`='1897705', `MechanicImmuneMask` = `MechanicImmuneMask`&~1 WHERE `entry`='18977';
UPDATE `creature_template` SET `CharmedSpellList`='1933505', `MechanicImmuneMask` = `MechanicImmuneMask`&~1 WHERE `entry`='19335';
UPDATE `creature_template` SET `CharmedSpellList`='1695905', `MechanicImmuneMask` = `MechanicImmuneMask`&~1 WHERE `entry`='16959';
UPDATE `creature_template` SET `CharmedSpellList`='1929905', `MechanicImmuneMask` = `MechanicImmuneMask`&~1 WHERE `entry`='19299';
UPDATE `creature_template` SET `CharmedSpellList`='1856705', `MechanicImmuneMask` = `MechanicImmuneMask`&~1 WHERE `entry`='18567';
UPDATE `creature_template` SET `CharmedSpellList`='1715105', `MechanicImmuneMask` = `MechanicImmuneMask`&~1 WHERE `entry`='17151';
UPDATE `creature_template` SET `CharmedSpellList`='1694505', `MechanicImmuneMask` = `MechanicImmuneMask`&~1 WHERE `entry`='16945';
UPDATE `creature_template` SET `CharmedSpellList`='1715205', `MechanicImmuneMask` = `MechanicImmuneMask`&~1 WHERE `entry`='17152';
UPDATE `creature_template` SET `CharmedSpellList`='1866005', `MechanicImmuneMask` = `MechanicImmuneMask`&~1 WHERE `entry`='18660';
UPDATE `creature_template` SET `CharmedSpellList`='1866105', `MechanicImmuneMask` = `MechanicImmuneMask`&~1 WHERE `entry`='18661';
UPDATE `creature_template` SET `CharmedSpellList`='1798105', `MechanicImmuneMask` = `MechanicImmuneMask`&~1 WHERE `entry`='17981';
UPDATE `creature_template` SET `CharmedSpellList`='1997905', `MechanicImmuneMask` = `MechanicImmuneMask`&~1 WHERE `entry`='19979';
UPDATE `creature_template` SET `CharmedSpellList`='1997805', `MechanicImmuneMask` = `MechanicImmuneMask`&~1 WHERE `entry`='19978';
UPDATE `creature_template` SET `CharmedSpellList`='1998005', `MechanicImmuneMask` = `MechanicImmuneMask`&~1 WHERE `entry`='19980';
UPDATE `creature_template` SET `CharmedSpellList`='2151605', `MechanicImmuneMask` = `MechanicImmuneMask`&~1 WHERE `entry`='21516';
UPDATE `creature_template` SET `CharmedSpellList`='2151905', `MechanicImmuneMask` = `MechanicImmuneMask`&~1 WHERE `entry`='21519';
UPDATE `creature_template` SET `CharmedSpellList`='1996305', `MechanicImmuneMask` = `MechanicImmuneMask`&~1 WHERE `entry`='19963';
UPDATE `creature_template` SET `CharmedSpellList`='1996005', `MechanicImmuneMask` = `MechanicImmuneMask`&~1 WHERE `entry`='19960';
UPDATE `creature_template` SET `CharmedSpellList`='1996105', `MechanicImmuneMask` = `MechanicImmuneMask`&~1 WHERE `entry`='19961';
UPDATE `creature_template` SET `CharmedSpellList`='1695205', `MechanicImmuneMask` = `MechanicImmuneMask`&~1 WHERE `entry`='16952';
UPDATE `creature_template` SET `CharmedSpellList`='2102105', `MechanicImmuneMask` = `MechanicImmuneMask`&~1 WHERE `entry`='21021';
UPDATE `creature_template` SET `CharmedSpellList`='2219505', `MechanicImmuneMask` = `MechanicImmuneMask`&~1 WHERE `entry`='22195';
UPDATE `creature_template` SET `CharmedSpellList`='2229105', `MechanicImmuneMask` = `MechanicImmuneMask`&~1 WHERE `entry`='22291';
UPDATE `creature_template` SET `CharmedSpellList`='2055705', `MechanicImmuneMask` = `MechanicImmuneMask`&~1 WHERE `entry`='20557';
UPDATE `creature_template` SET `CharmedSpellList`='2338605', `MechanicImmuneMask` = `MechanicImmuneMask`&~1 WHERE `entry`='23386';
UPDATE `creature_template` SET `CharmedSpellList`='1997305', `MechanicImmuneMask` = `MechanicImmuneMask`&~1 WHERE `entry`='19973';
UPDATE `creature_template` SET `CharmedSpellList`='2220405', `MechanicImmuneMask` = `MechanicImmuneMask`&~1 WHERE `entry`='22204';
UPDATE `creature_template_addon` SET `auras` = NULL WHERE `entry` = 22204;
UPDATE `creature_template` SET `CharmedSpellList`='1886905', `MechanicImmuneMask` = `MechanicImmuneMask`&~1 WHERE `entry`='18869';
UPDATE `creature_template` SET `CharmedSpellList`='1887005', `MechanicImmuneMask` = `MechanicImmuneMask`&~1 WHERE `entry`='18870';
UPDATE `creature_template` SET `CharmedSpellList`='2039405', `MechanicImmuneMask` = `MechanicImmuneMask`&~1 WHERE `entry`='20394';
UPDATE `creature_template` SET `CharmedSpellList`='2014105', `MechanicImmuneMask` = `MechanicImmuneMask`&~1 WHERE `entry`='20141';
UPDATE `creature_template` SET `CharmedSpellList`='1885905', `MechanicImmuneMask` = `MechanicImmuneMask`&~1 WHERE `entry`='18859';
UPDATE `creature_template` SET `CharmedSpellList`='2092805', `MechanicImmuneMask` = `MechanicImmuneMask`&~1 WHERE `entry`='20928';
UPDATE `creature_template` SET `CharmedSpellList`='2080105', `MechanicImmuneMask` = `MechanicImmuneMask`&~1 WHERE `entry`='20801';
UPDATE `creature_template` SET `CharmedSpellList`='1885805', `MechanicImmuneMask` = `MechanicImmuneMask`&~1 WHERE `entry`='18858';
UPDATE `creature_template` SET `CharmedSpellList`='1694305', `MechanicImmuneMask` = `MechanicImmuneMask`&~1 WHERE `entry`='16943';
UPDATE `creature_template` SET `CharmedSpellList`='2080005', `MechanicImmuneMask` = `MechanicImmuneMask`&~1 WHERE `entry`='20800';
UPDATE `creature_template` SET `CharmedSpellList`='1694905', `MechanicImmuneMask` = `MechanicImmuneMask`&~1 WHERE `entry`='16949';
UPDATE `creature_template` SET `CharmedSpellList`='2192305', `MechanicImmuneMask` = `MechanicImmuneMask`&~1 WHERE `entry`='21923';
UPDATE `creature_template` SET `CharmedSpellList`='2093005', `MechanicImmuneMask` = `MechanicImmuneMask`&~1 WHERE `entry`='20930';
UPDATE `creature_template` SET `CharmedSpellList`='2092905', `MechanicImmuneMask` = `MechanicImmuneMask`&~1 WHERE `entry`='20929';
UPDATE `creature_template` SET `CharmedSpellList`='2068505', `MechanicImmuneMask` = `MechanicImmuneMask`&~1 WHERE `entry`='20685';
UPDATE `creature_template` SET `CharmedSpellList`='2080305', `MechanicImmuneMask` = `MechanicImmuneMask`&~1 WHERE `entry`='20803';
UPDATE `creature_template` SET `CharmedSpellList`='2032605', `MechanicImmuneMask` = `MechanicImmuneMask`&~1 WHERE `entry`='20326';
UPDATE `creature_template` SET `CharmedSpellList`='2028505', `MechanicImmuneMask` = `MechanicImmuneMask`&~1 WHERE `entry`='20285';
UPDATE `creature_template` SET `CharmedSpellList`='1886005', `MechanicImmuneMask` = `MechanicImmuneMask`&~1 WHERE `entry`='18860';
UPDATE `creature_template` SET `CharmedSpellList`='1973805', `MechanicImmuneMask` = `MechanicImmuneMask`&~1 WHERE `entry`='19738';
UPDATE `creature_template` SET `CharmedSpellList`='1694405', `MechanicImmuneMask` = `MechanicImmuneMask`&~1 WHERE `entry`='16944';
UPDATE `creature_template` SET `CharmedSpellList`='1694805', `MechanicImmuneMask` = `MechanicImmuneMask`&~1 WHERE `entry`='16948';
UPDATE `creature_template` SET `CharmedSpellList`='2040305', `MechanicImmuneMask` = `MechanicImmuneMask`&~1 WHERE `entry`='20403';
UPDATE `creature_template` SET `CharmedSpellList`='2040205', `MechanicImmuneMask` = `MechanicImmuneMask`&~1 WHERE `entry`='20402';
UPDATE `creature_template` SET `CharmedSpellList`='2039905', `MechanicImmuneMask` = `MechanicImmuneMask`&~1 WHERE `entry`='20399';
UPDATE `creature_template` SET `CharmedSpellList`='2040405', `MechanicImmuneMask` = `MechanicImmuneMask`&~1 WHERE `entry`='20404';
UPDATE `creature_template` SET `CharmedSpellList`='2021505', `MechanicImmuneMask` = `MechanicImmuneMask`&~1 WHERE `entry`='20215';
UPDATE `creature_template` SET `CharmedSpellList`='1985305', `MechanicImmuneMask` = `MechanicImmuneMask`&~1 WHERE `entry`='19853';
UPDATE `creature_template` SET `CharmedSpellList`='1985205', `MechanicImmuneMask` = `MechanicImmuneMask`&~1 WHERE `entry`='19852';
UPDATE `creature_template` SET `CharmedSpellList`='2196105', `MechanicImmuneMask` = `MechanicImmuneMask`&~1 WHERE `entry`='21961';
UPDATE `creature_template` SET `CharmedSpellList`='2196005', `MechanicImmuneMask` = `MechanicImmuneMask`&~1 WHERE `entry`='21960';
UPDATE `creature_template` SET `CharmedSpellList`='2182705', `MechanicImmuneMask` = `MechanicImmuneMask`&~1 WHERE `entry`='21827';
UPDATE `creature_template` SET `CharmedSpellList`='1974405', `MechanicImmuneMask` = `MechanicImmuneMask`&~1 WHERE `entry`='19744';
UPDATE `creature_template` SET `CharmedSpellList`='2152005', `MechanicImmuneMask` = `MechanicImmuneMask`&~1 WHERE `entry`='21520';
UPDATE `creature_template` SET `CharmedSpellList`='1980105', `MechanicImmuneMask` = `MechanicImmuneMask`&~1 WHERE `entry`='19801';
UPDATE `creature_template` SET `CharmedSpellList`='2180805', `MechanicImmuneMask` = `MechanicImmuneMask`&~1 WHERE `entry`='21808';
UPDATE `creature_template` SET `CharmedSpellList`='2285805', `MechanicImmuneMask` = `MechanicImmuneMask`&~1 WHERE `entry`='22858';
UPDATE `creature_template` SET `CharmedSpellList`='2285705', `MechanicImmuneMask` = `MechanicImmuneMask`&~1 WHERE `entry`='22857';
UPDATE `creature_template` SET `CharmedSpellList`='2285905', `MechanicImmuneMask` = `MechanicImmuneMask`&~1 WHERE `entry`='22859';
UPDATE `creature_template` SET `CharmedSpellList`='2130905', `MechanicImmuneMask` = `MechanicImmuneMask`&~1 WHERE `entry`='21309';
UPDATE `creature_template` SET `CharmedSpellList`='1979905', `MechanicImmuneMask` = `MechanicImmuneMask`&~1 WHERE `entry`='19799';
UPDATE `creature_template` SET `CharmedSpellList`='1980005', `MechanicImmuneMask` = `MechanicImmuneMask`&~1 WHERE `entry`='19800';
UPDATE `creature_template` SET `CharmedSpellList`='2165605', `MechanicImmuneMask` = `MechanicImmuneMask`&~1 WHERE `entry`='21656';
UPDATE `creature_template` SET `CharmedSpellList`='2133705', `MechanicImmuneMask` = `MechanicImmuneMask`&~1 WHERE `entry`='21337';
UPDATE `creature_template` SET `CharmedSpellList`='1980205', `MechanicImmuneMask` = `MechanicImmuneMask`&~1 WHERE `entry`='19802';
UPDATE `creature_template` SET `CharmedSpellList`='2141905', `MechanicImmuneMask` = `MechanicImmuneMask`&~1 WHERE `entry`='21419';
UPDATE `creature_template` SET `CharmedSpellList`='2068305', `MechanicImmuneMask` = `MechanicImmuneMask`&~1 WHERE `entry`='20683';
UPDATE `creature_template` SET `CharmedSpellList`='2149905', `MechanicImmuneMask` = `MechanicImmuneMask`&~1 WHERE `entry`='21499';
UPDATE `creature_template` SET `CharmedSpellList`='2131405', `MechanicImmuneMask` = `MechanicImmuneMask`&~1 WHERE `entry`='21314';
UPDATE `creature_template` SET `CharmedSpellList`='1975505', `MechanicImmuneMask` = `MechanicImmuneMask`&~1 WHERE `entry`='19755';
UPDATE `creature_template` SET `CharmedSpellList`='1974005', `MechanicImmuneMask` = `MechanicImmuneMask`&~1 WHERE `entry`='19740';
DELETE FROM creature_template_spells WHERE `entry` IN (19399,21233,16975,16974,18974,17058,19192,16951,18976,19408,18827,19298,16954,16946,20798,16960,16947,19434,19136,19261,
17014,19527,16950,19190,18981,18975,18977,19335,16959,19299,18567,17151,16945,17152,18660,18661,17981,19979,19978,19980,21516,21519,19963,19960,19961,16952,21021,22195,22291,
20557,23386,19973,22204,18869,18870,20394,20141,18859,20928,20801,18858,16943,20800,16949,21923,20930,20929,20685,20803,20326,20285,18860,19738,16944,16948,20403,20402,20399,
20404,20215,19853,19852,21961,21960,21827,19744,21520,19801,21808,22858,22857,22859,21309,19799,19800,21656,21337,19802,21419,20683,21499,21314,19755,19740);
DELETE FROM creature_cooldowns WHERE `entry` IN (19399,21233,16975,16974,18974,17058,19192,16951,18976,19408,18827,19298,16954,16946,20798,16960,16947,19434,19136,19261,
17014,19527,16950,19190,18981,18975,18977,19335,16959,19299,18567,17151,16945,17152,18660,18661,17981,19979,19978,19980,21516,21519,19963,19960,19961,16952,21021,22195,22291,
20557,23386,19973,22204,18869,18870,20394,20141,18859,20928,20801,18858,16943,20800,16949,21923,20930,20929,20685,20803,20326,20285,18860,19738,16944,16948,20403,20402,20399,
20404,20215,19853,19852,21961,21960,21827,19744,21520,19801,21808,22858,22857,22859,21309,19799,19800,21656,21337,19802,21419,20683,21499,21314,19755,19740);
DELETE FROM `creature_spell_list_entry` WHERE `Id` IN (1939905,2123305,1697505,1697405,1897405,1705805,1919205,1695105,1897605,1940805,1882705,1929805,1695405,1694605,2079805,1696005,
1694705,1943405,1913605,1926105,1701405,1952705,1695005,1919005,1898105,1897505,1897705,1933505,1695905,1929905,1856705,1715105,1694505,1715205,1866005,1866105,1798105,1997905,1997805,
1998005,2151605,2151905,1996305,1996005,1996105,1695205,2102105,2219505,2229105,2055705,2338605,1997305,2220405,1886905,1887005,2039405,2014105,1885905,2092805,2080105,1885805,1694305,
2080005,1694905,2192305,2093005,2092905,2068505,2080305,2032605,2028505,1886005,1973805,1694405,1694805,2040305,2040205,2039905,2040405,2021505,1985305,1985205,2196105,2196005,2182705,
1974405,2152005,1980105,2180805,2285805,2285705,2285905,2130905,1979905,1980005,2165605,2133705,1980205,2141905,2068305,2149905,2131405,1975505,1974005);
DELETE FROM `creature_spell_list` WHERE `Id` IN (1939905,2123305,1697505,1697405,1897405,1705805,1919205,1695105,1897605,1940805,1882705,1929805,1695405,1694605,2079805,1696005,
1694705,1943405,1913605,1926105,1701405,1952705,1695005,1919005,1898105,1897505,1897705,1933505,1695905,1929905,1856705,1715105,1694505,1715205,1866005,1866105,1798105,1997905,1997805,
1998005,2151605,2151905,1996305,1996005,1996105,1695205,2102105,2219505,2229105,2055705,2338605,1997305,2220405,1886905,1887005,2039405,2014105,1885905,2092805,2080105,1885805,1694305,
2080005,1694905,2192305,2093005,2092905,2068505,2080305,2032605,2028505,1886005,1973805,1694405,1694805,2040305,2040205,2039905,2040405,2021505,1985305,1985205,2196105,2196005,2182705,
1974405,2152005,1980105,2180805,2285805,2285705,2285905,2130905,1979905,1980005,2165605,2133705,1980205,2141905,2068305,2149905,2131405,1975505,1974005);
INSERT INTO `creature_spell_list_entry` (`Id`, `Name`, `ChanceSupportAction`, `ChanceRangedAttack`) VALUES
(1939905, 'TBC - Fel Cannon', 0, 0),
(2123305, 'TBC - Legion Fel Cannon', 0, 0),
(1697505, 'TBC - Uncontrolled Voidwalker', 0, 0),
(1697405, 'TBC - Rogue Voidwalker', 0, 0),
(1897405, 'TBC - Z''kral', 0, 0),
(1705805, 'TBC - Illidari Taskmaster', 0, 0),
(1919205, 'TBC - Mistress of Doom', 0, 0),
(1695105, 'TBC - Terrorfiend', 0, 0),
(1897605, 'TBC - Urga''zz', 0, 0),
(1940805, 'TBC - Maiden of Pain', 0, 0),
(1882705, 'TBC - Gan''arg Sapper', 0, 0),
(1929805, 'TBC - Warbringer Arix''Amal', 0, 0),
(1695405, 'TBC - Forge Camp Legionnaire', 0, 0),
(1694605, 'TBC - Mo''arg Forgefiend', 0, 0),
(2079805, 'TBC - Razorsaw', 0, 0),
(1696005, 'TBC - Sister of Grief', 0, 0),
(1694705, 'TBC - Gan''arg Servant', 0, 0),
(1943405, 'TBC - Dreadcaller', 0, 0),
(1913605, 'TBC - Flamewaker Imp', 0, 0),
(1926105, 'TBC - Infernal Warbringer', 0, 0),
(1701405, 'TBC - Collapsing Voidwalker', 0, 0),
(1952705, 'TBC - Vacillating Voidcaller', 0, 0),
(1695005, 'TBC - Netherhound', 0, 0),
(1919005, 'TBC - Fel Handler', 0, 0),
(1898105, 'TBC - Doomwhisperer', 0, 0),
(1897505, 'TBC - Wrathguard', 0, 0),
(1897705, 'TBC - Felguard Destroyer', 0, 0),
(1933505, 'TBC - Subjugator Yalqiz', 0, 0),
(1695905, 'TBC - Dread Tactician', 0, 0),
(1929905, 'TBC - Deathwhisperer', 0, 0),
(1856705, 'TBC - Mo''arg Master Planner', 0, 0),
(1715105, 'TBC - Gan''arg Tinkerer', 0, 0),
(1694505, 'TBC - Mo''arg Engineer', 0, 0),
(1715205, 'TBC - Felguard Legionnaire', 0, 0),
(1866005, 'TBC - Subjugator Vaz''shir', 0, 0),
(1866105, 'TBC - Terrorguard', 0, 0),
(1798105, 'TBC - Voidspawn', 0, 0),
(1997905, 'TBC - Deathforge Technician', 0, 0),
(1997805, 'TBC - Deathforge Over-Smith', 0, 0),
(1998005, 'TBC - Void Terror', 0, 0),
(2151605, 'TBC - Death''s Watch', 0, 0),
(2151905, 'TBC - Death''s Might', 0, 0),
(1996305, 'TBC - Doomcryer', 0, 0),
(1996005, 'TBC - Doomforge Engineer', 0, 0),
(1996105, 'TBC - Doomforge Attendant', 0, 0),
(1695205, 'TBC - Anger Guard', 0, 0),
(2102105, 'TBC - Scorch Imp', 0, 0),
(2219505, 'TBC - Wrath Speaker', 0, 0),
(2229105, 'TBC - Furnace Guard', 0, 0),
(2055705, 'TBC - Wrath Hound', 0, 0),
(2338605, 'TBC - Gan''arg Analyzer', 0, 0),
(1997305, 'TBC - Abyssal Flamebringer', 0, 0),
(2220405, 'TBC - Fear Fiend', 0, 0),
(1886905, 'TBC - Unstable Voidwraith', 0, 0),
(1887005, 'TBC - Voidshrieker', 0, 0),
(2039405, 'TBC - Eye of Culuthas', 0, 0),
(2014105, 'TBC - Hound of Culuthas', 0, 0),
(1885905, 'TBC - Wrath Priestess', 0, 0),
(2092805, 'TBC - Ironspine Forgelord', 0, 0),
(2080105, 'TBC - Silroth', 0, 0),
(1885805, 'TBC - Wrathbringer', 0, 0),
(1694305, 'TBC - Cyber-Rage Forgelord', 0, 0),
(2080005, 'TBC - Forgemaster Morug', 0, 0),
(1694905, 'TBC - Gan''arg Mekgineer', 0, 0),
(2192305, 'TBC - Terrorguard Protector', 0, 0),
(2093005, 'TBC - Hatecryer', 0, 0),
(2092905, 'TBC - Wrath Lord', 0, 0),
(2068505, 'TBC - Overseer Azarad', 0, 0),
(2080305, 'TBC - Overmaster Grindgarr', 0, 0),
(2032605, 'TBC - Mo''arg Warp-Master', 0, 0),
(2028505, 'TBC - Gan''arg Warp-Tinker', 0, 0),
(1886005, 'TBC - Daughter of Destiny', 0, 0),
(1973805, 'TBC - Doomclaw', 0, 0),
(1694405, 'TBC - Mo''arg Doomsmith', 0, 0),
(1694805, 'TBC - Gan''arg Engineer', 0, 0),
(2040305, 'TBC - Legion Destroyer', 0, 0),
(2040205, 'TBC - Legion Shocktrooper', 0, 0),
(2039905, 'TBC - Terror Imp', 0, 0),
(2040405, 'TBC - Warp-Gate Engineer', 0, 0),
(2021505, 'TBC - Pentatharon', 0, 0),
(1985305, 'TBC - Felblade Doomguard', 0, 0),
(1985205, 'TBC - Artifact Seeker', 0, 0),
(2196105, 'TBC - Cataclysm Overseer', 0, 0),
(2196005, 'TBC - Gan''arg Technician', 0, 0),
(2182705, 'TBC - Zandras', 0, 0),
(1974405, 'TBC - Dreadwarden', 0, 0),
(2152005, 'TBC - Illidari Jailor', 0, 0),
(1980105, 'TBC - Illidari Agonizer', 0, 0),
(2180805, 'TBC - Illidari Overseer', 0, 0),
(2285805, 'TBC - Shadowhoof Assassin', 0, 0),
(2285705, 'TBC - Illidari Ravager', 0, 0),
(2285905, 'TBC - Shadowhoof Summoner', 0, 0),
(2130905, 'TBC - Painmistress Gabrissa', 0, 0),
(1979905, 'TBC - Illidari Dreadbringer', 0, 0),
(1980005, 'TBC - Illidari Painlasher', 0, 0),
(2165605, 'TBC - Illidari Satyr', 0, 0),
(2133705, 'TBC - Illidari Shadowstalker', 0, 0),
(1980205, 'TBC - Illidari Shocktrooper', 0, 0),
(2141905, 'TBC - Infernal Attacker', 0, 0),
(2068305, 'TBC - Prophetess Cavrylin', 0, 0),
(2149905, 'TBC - Overseer Ripsaw', 0, 0),
(2131405, 'TBC - Terrormaster', 0, 0),
(1975505, 'TBC - Mo''arg Weaponsmith', 0, 0),
(1974005, 'TBC - Wrathwalker', 0, 0);
INSERT INTO `creature_spell_list` (`Id`, `Position`, `SpellId`, `Flags`, `CombatCondition`, `TargetId`, `ScriptId`, `Availability`, `Probability`, `InitialMin`, `InitialMax`, `RepeatMin`, `RepeatMax`, `Comments`) VALUES
(1939905, 3, 36238, 0, -1, 0, 0, 100, 1, 0, 0, 0, 0, 'Fel Cannon - Fel Cannon Blast'),
(1939905, 0, 2, 0, -1, 0, 0, 100, 1, 0, 0, 0, 0, 'Fel Cannon - Attack'),
(2123305, 3, 36238, 0, -1, 0, 0, 100, 1, 0, 0, 0, 0, 'Legion Fel Cannon - Fel Cannon Blast'),
(2123305, 0, 2, 0, -1, 0, 0, 100, 1, 0, 0, 0, 0, 'Legion Fel Cannon - Attack'),
(1697505, 5, 33916, 0, -1, 0, 0, 100, 1, 0, 0, 25000, 25000, 'Uncontrolled Voidwalker - Void Drain'),
(1697505, 4, 33914, 0, -1, 0, 0, 100, 1, 0, 0, 8000, 8000, 'Uncontrolled Voidwalker - Shadowstrike'),
(1697505, 0, 2, 0, -1, 0, 0, 100, 1, 0, 0, 0, 0, 'Uncontrolled Voidwalker - Attack'),
(1697405, 4, 33914, 0, -1, 0, 0, 100, 1, 0, 0, 9000, 9000, 'Rogue Voidwalker - Shadowstrike'),
(1697405, 0, 2, 0, -1, 0, 0, 100, 1, 0, 0, 0, 0, 'Rogue Voidwalker - Attack'),
(1897405, 0, 2, 0, -1, 0, 0, 100, 1, 0, 0, 0, 0, 'Z''kral - Attack'),
(1705805, 3, 16244, 0, -1, 0, 0, 100, 1, 0, 0, 0, 0, 'Illidari Taskmaster - Demoralizing Shout'),
(1705805, 0, 2, 0, -1, 0, 0, 100, 1, 0, 0, 0, 0, 'Illidari Taskmaster - Attack'),
(1919205, 3, 34017, 0, -1, 0, 0, 100, 1, 0, 0, 15000, 15000, 'Mistress of Doom - Rain of Chaos'),
(1919205, 0, 2, 0, -1, 0, 0, 100, 1, 0, 0, 0, 0, 'Mistress of Doom - Attack'),
(1695105, 4, 37488, 0, -1, 0, 0, 100, 1, 0, 0, 12000, 12000, 'Terrorfiend - Fel Flames'),
(1695105, 3, 45, 0, -1, 0, 0, 100, 1, 0, 0, 20000, 20000, 'Terrorfiend - War Stomp'),
(1695105, 0, 2, 0, -1, 0, 0, 100, 1, 0, 0, 0, 0, 'Terrorfiend - Attack'),
(1897605, 4, 32004, 0, -1, 0, 0, 100, 1, 0, 0, 9000, 9000, 'Urga''zz - Drill'),
(1897605, 3, 34095, 0, -1, 0, 0, 100, 1, 0, 0, 40000, 40000, 'Urga''zz - Throw Proximity Bomb'),
(1897605, 0, 2, 0, -1, 0, 0, 100, 1, 0, 0, 0, 0, 'Urga''zz - Attack'),
(1940805, 4, 34086, 0, -1, 0, 0, 100, 1, 0, 0, 0, 0, 'Maiden of Pain - Whipped Frenzy'),
(1940805, 3, 15968, 0, -1, 0, 0, 100, 1, 0, 0, 4114, 5970, 'Maiden of Pain - Lash of Pain'),
(1940805, 0, 2, 0, -1, 0, 0, 100, 1, 0, 0, 0, 0, 'Maiden of Pain - Attack'),
(1882705, 0, 2, 0, -1, 0, 0, 100, 1, 0, 0, 0, 0, 'Gan''arg Sapper - Attack'),
(1929805, 5, 32009, 0, -1, 0, 0, 100, 1, 0, 0, 14000, 14000, 'Warbringer Arix''Amal - Cutdown'),
(1929805, 3, 15496, 0, -1, 0, 0, 100, 1, 0, 0, 8000, 8000, 'Warbringer Arix''Amal - Cleave'),
(1929805, 0, 2, 0, -1, 0, 0, 100, 1, 0, 0, 0, 0, 'Warbringer Arix''Amal - Attack'),
(1695405, 5, 32737, 0, -1, 0, 0, 100, 1, 0, 0, 0, 0, 'Forge Camp Legionnaire - Weapon Chain'),
(1695405, 4, 15496, 0, -1, 0, 0, 100, 1, 0, 0, 12000, 12000, 'Forge Camp Legionnaire - Cleave'),
(1695405, 3, 32736, 0, -1, 0, 0, 100, 1, 0, 0, 8000, 8000, 'Forge Camp Legionnaire - Mortal Strike'),
(1695405, 0, 2, 0, -1, 0, 0, 100, 1, 0, 0, 0, 0, 'Forge Camp Legionnaire - Attack'),
(1694605, 3, 32735, 0, -1, 0, 0, 100, 1, 0, 0, 20000, 20000, 'Mo''arg Forgefiend - Saw Blade'),
(1694605, 0, 2, 0, -1, 0, 0, 100, 1, 0, 0, 0, 0, 'Mo''arg Forgefiend - Attack'),
(2079805, 3, 32735, 0, -1, 0, 0, 100, 1, 0, 0, 20000, 20000, 'Razorsaw - Saw Blade'),
(2079805, 0, 2, 0, -1, 0, 0, 100, 1, 0, 0, 0, 0, 'Razorsaw - Attack'),
(1696005, 4, 30850, 0, -1, 0, 0, 100, 1, 0, 0, 30000, 30000, 'Sister of Grief - Seduction'),
(1696005, 3, 21987, 0, -1, 0, 0, 100, 1, 0, 0, 12017, 18580, 'Sister of Grief - Lash of Pain'),
(1696005, 0, 2, 0, -1, 0, 0, 100, 1, 0, 0, 0, 0, 'Sister of Grief - Attack'),
(1694705, 0, 2, 0, -1, 0, 0, 100, 1, 0, 0, 0, 0, 'Gan''arg Servant - Attack'),
(1943405, 5, 32666, 0, -1, 0, 0, 100, 1, 0, 0, 3000, 3000, 'Dreadcaller - Shadow Bolt'),
(1943405, 4, 11443, 0, -1, 0, 0, 100, 1, 0, 0, 15000, 15000, 'Dreadcaller - Cripple'),
(1943405, 0, 2, 0, -1, 0, 0, 100, 1, 0, 0, 0, 0, 'Dreadcaller - Attack'),
(1913605, 3, 9053, 0, -1, 0, 0, 100, 1, 0, 0, 0, 0, 'Flamewaker Imp - Fireball'),
(1913605, 0, 2, 0, -1, 0, 0, 100, 1, 0, 0, 0, 0, 'Flamewaker Imp - Attack'),
(1926105, 3, 12743, 0, -1, 0, 0, 100, 1, 0, 0, 0, 0, 'Infernal Warbringer - Immolation'),
(1926105, 0, 2, 0, -1, 0, 0, 100, 1, 0, 0, 0, 0, 'Infernal Warbringer - Attack'),
(1701405, 3, 34259, 0, -1, 0, 0, 100, 1, 0, 0, 25058, 29459, 'Collapsing Voidwalker - Fear'),
(1701405, 0, 2, 0, -1, 0, 0, 100, 1, 0, 0, 0, 0, 'Collapsing Voidwalker - Attack'),
(1952705, 4, 34344, 0, -1, 0, 0, 100, 1, 0, 0, 0, 0, 'Vacillating Voidcaller - Shadow Bolt'),
(1952705, 0, 2, 0, -1, 0, 0, 100, 1, 0, 0, 0, 0, 'Vacillating Voidcaller - Attack'),
(1695005, 3, 11981, 0, -1, 0, 0, 100, 1, 0, 0, 6000, 6000, 'Netherhound - Mana Burn'),
(1695005, 0, 2, 0, -1, 0, 0, 100, 1, 0, 0, 0, 0, 'Netherhound - Attack'),
(1919005, 3, 32736, 0, -1, 0, 0, 100, 1, 0, 0, 8000, 8000, 'Fel Handler - Mortal Strike'),
(1919005, 0, 2, 0, -1, 0, 0, 100, 1, 0, 0, 0, 0, 'Fel Handler - Attack'),
(1898105, 3, 33969, 0, -1, 0, 0, 100, 1, 0, 0, 6000, 6000, 'Doomwhisperer - Draining Bolt'),
(1898105, 0, 2, 0, -1, 0, 0, 100, 1, 0, 0, 0, 0, 'Doomwhisperer - Attack'),
(1897505, 0, 2, 0, -1, 0, 0, 100, 1, 0, 0, 0, 0, 'Wrathguard - Attack'),
(1897705, 6, 33971, 0, -1, 0, 0, 100, 1, 0, 0, 30737, 59746, 'Felguard Destroyer - Sweeping Charge'),
(1897705, 0, 2, 0, -1, 0, 0, 100, 1, 0, 0, 0, 0, 'Felguard Destroyer - Attack'),
(1933505, 4, 32026, 0, -1, 0, 0, 100, 1, 0, 0, 10000, 10000, 'Subjugator Yalqiz - Pain Spike'),
(1933505, 3, 32000, 0, -1, 0, 0, 100, 1, 0, 0, 6000, 6000, 'Subjugator Yalqiz - Mind Sear'),
(1933505, 0, 2, 0, -1, 0, 0, 100, 1, 0, 0, 0, 0, 'Subjugator Yalqiz - Attack'),
(1695905, 5, 33679, 0, -1, 0, 0, 100, 1, 0, 0, 30000, 30000, 'Dread Tactician - Inferno'),
(1695905, 4, 33678, 0, -1, 0, 0, 100, 1, 0, 0, 20000, 20000, 'Dread Tactician - Carrion Swarm'),
(1695905, 3, 12098, 0, -1, 0, 0, 100, 1, 0, 0, 10000, 10000, 'Dread Tactician - Sleep'),
(1695905, 0, 2, 0, -1, 0, 0, 100, 1, 0, 0, 0, 0, 'Dread Tactician - Attack'),
(1929905, 5, 32417, 0, -1, 0, 0, 100, 1, 0, 0, 15000, 15000, 'Deathwhisperer - Mind Flay'),
(1929905, 0, 2, 0, -1, 0, 0, 100, 1, 0, 0, 0, 0, 'Deathwhisperer - Attack'),
(1856705, 0, 2, 0, -1, 0, 0, 100, 1, 0, 0, 0, 0, 'Mo''arg Master Planner - Attack'),
(1715105, 0, 2, 0, -1, 0, 0, 100, 1, 0, 0, 0, 0, 'Gan''arg Tinkerer - Attack'),
(1694505, 0, 2, 0, -1, 0, 0, 100, 1, 0, 0, 0, 0, 'Mo''arg Engineer - Attack'),
(1715205, 5, 32009, 0, -1, 0, 0, 100, 1, 0, 0, 14000, 14000, 'Felguard Legionnaire - Cutdown'),
(1715205, 3, 15496, 0, -1, 0, 0, 100, 1, 0, 0, 8000, 8000, 'Felguard Legionnaire - Cleave'),
(1715205, 0, 2, 0, -1, 0, 0, 100, 1, 0, 0, 0, 0, 'Felguard Legionnaire - Attack'),
(1866005, 0, 2, 0, -1, 0, 0, 100, 1, 0, 0, 0, 0, 'Subjugator Vaz''shir - Attack'),
(1866105, 5, 11876, 0, -1, 0, 0, 100, 1, 0, 0, 16000, 16000, 'Terrorguard - War Stomp'),
(1866105, 4, 11443, 0, -1, 0, 0, 100, 1, 0, 0, 30000, 30000, 'Terrorguard - Cripple'),
(1866105, 0, 2, 0, -1, 0, 0, 100, 1, 0, 0, 0, 0, 'Terrorguard - Attack'),
(1798105, 4, 32026, 0, -1, 0, 0, 100, 1, 0, 0, 10000, 10000, 'Voidspawn - Pain Spike'),
(1798105, 3, 36447, 0, -1, 0, 0, 100, 1, 0, 0, 6000, 6000, 'Voidspawn - Mind Sear'),
(1798105, 0, 2, 0, -1, 0, 0, 100, 1, 0, 0, 0, 0, 'Voidspawn - Attack'),
(1997905, 4, 36825, 0, -1, 0, 0, 100, 1, 0, 0, 10374, 11816, 'Deathforge Technician - Drain Life'),
(1997905, 3, 36250, 0, -1, 0, 0, 100, 1, 0, 0, 12000, 12000, 'Deathforge Technician - Steal Armor'),
(1997905, 0, 2, 0, -1, 0, 0, 100, 1, 0, 0, 0, 0, 'Deathforge Technician - Attack'),
(1997805, 3, 36486, 0, -1, 0, 0, 100, 1, 0, 0, 25366, 33628, 'Deathforge Over-Smith - Slime Spray'),
(1997805, 0, 2, 0, -1, 0, 0, 100, 1, 0, 0, 0, 0, 'Deathforge Over-Smith - Attack'),
(1998005, 4, 36406, 0, -1, 0, 0, 100, 1, 0, 0, 10460, 11903, 'Void Terror - Double Breath'),
(1998005, 3, 36405, 0, -1, 0, 0, 100, 1, 0, 0, 8005, 13594, 'Void Terror - Stomp'),
(1998005, 0, 2, 0, -1, 0, 0, 100, 1, 0, 0, 0, 0, 'Void Terror - Attack'),
(2151605, 4, 37621, 0, -1, 0, 0, 100, 1, 0, 0, 10000, 10000, 'Death''s Watch - Mind Flay'),
(2151605, 3, 36398, 0, -1, 0, 0, 100, 1, 0, 0, 8002, 11987, 'Death''s Watch - Tongue Lash'),
(2151605, 0, 2, 0, -1, 0, 0, 100, 1, 0, 0, 0, 0, 'Death''s Watch - Attack'),
(2151905, 4, 32736, 0, -1, 0, 0, 100, 1, 0, 0, 16693, 23664, 'Death''s Might - Mortal Strike'),
(2151905, 3, 15496, 0, -1, 0, 0, 100, 1, 0, 0, 6071, 7828, 'Death''s Might - Cleave'),
(2151905, 0, 2, 0, -1, 0, 0, 100, 1, 0, 0, 0, 0, 'Death''s Might - Attack'),
(1996305, 5, 37629, 0, -1, 0, 0, 100, 1, 0, 0, 10000, 10000, 'Doomcryer - Melt Flesh'),
(1996305, 3, 34017, 0, -1, 0, 0, 100, 1, 0, 0, 10082, 18610, 'Doomcryer - Rain of Chaos'),
(1996305, 0, 2, 0, -1, 0, 0, 100, 1, 0, 0, 0, 0, 'Doomcryer - Attack'),
(1996005, 4, 36253, 0, -1, 0, 0, 100, 1, 0, 0, 25338, 29564, 'Doomforge Engineer - Chemical Flames'),
(1996005, 3, 36251, 0, -1, 0, 0, 100, 1, 0, 0, 15857, 19799, 'Doomforge Engineer - Hammer Slam'),
(1996005, 0, 2, 0, -1, 0, 0, 100, 1, 0, 0, 0, 0, 'Doomforge Engineer - Attack'),
(1996105, 4, 36846, 0, -1, 0, 0, 100, 1, 0, 0, 16183, 19956, 'Doomforge Attendant - Mana Bomb'),
(1996105, 3, 36208, 0, -1, 0, 0, 100, 1, 0, 0, 8539, 14908, 'Doomforge Attendant - Steal Weapon'),
(1996105, 0, 2, 0, -1, 0, 0, 100, 1, 0, 0, 0, 0, 'Doomforge Attendant - Attack'),
(1695205, 4, 22911, 0, -1, 0, 0, 100, 1, 0, 0, 25349, 34575, 'Anger Guard - Charge'),
(1695205, 3, 15496, 0, -1, 0, 0, 100, 1, 0, 0, 5000, 5000, 'Anger Guard - Cleave'),
(1695205, 0, 2, 0, -1, 0, 0, 100, 1, 0, 0, 0, 0, 'Anger Guard - Attack'),
(2102105, 4, 37844, 0, -1, 0, 0, 100, 1, 0, 0, 120000, 120000, 'Scorch Imp - Fire Ward'),
(2102105, 3, 9053, 0, -1, 0, 0, 100, 1, 0, 0, 0, 0, 'Scorch Imp - Fireball'),
(2102105, 0, 2, 0, -1, 0, 0, 100, 1, 0, 0, 0, 0, 'Scorch Imp - Attack'),
(2219505, 4, 11980, 0, -1, 0, 0, 100, 1, 0, 0, 25000, 25000, 'Wrath Speaker - Curse of Weakness'),
(2219505, 3, 34017, 0, -1, 0, 0, 100, 1, 0, 0, 13000, 13000, 'Wrath Speaker - Rain of Chaos'),
(2219505, 0, 2, 0, -1, 0, 0, 100, 1, 0, 0, 0, 0, 'Wrath Speaker - Attack'),
(2229105, 3, 32736, 0, -1, 0, 0, 100, 1, 0, 0, 15108, 24448, 'Furnace Guard - Mortal Strike'),
(2229105, 0, 2, 0, -1, 0, 0, 100, 1, 0, 0, 0, 0, 'Furnace Guard - Attack'),
(2055705, 4, 36406, 0, -1, 0, 0, 100, 1, 0, 0, 10407, 13253, 'Wrath Hound - Double Breath'),
(2055705, 3, 22911, 0, -1, 0, 0, 100, 1, 0, 0, 25068, 29755, 'Wrath Hound - Charge'),
(2055705, 0, 2, 0, -1, 0, 0, 100, 1, 0, 0, 0, 0, 'Wrath Hound - Attack'),
(2338605, 0, 2, 0, -1, 0, 0, 100, 1, 0, 0, 0, 0, 'Gan''arg Analyzer - Attack'),
(1997305, 4, 37633, 0, -1, 0, 0, 100, 1, 0, 0, 10862, 18910, 'Abyssal Flamebringer - Abyssal Strike'),
(1997305, 3, 12743, 0, -1, 0, 0, 100, 1, 0, 0, 0, 0, 'Abyssal Flamebringer - Immolation'),
(1997305, 0, 2, 0, -1, 0, 0, 100, 1, 0, 0, 0, 0, 'Abyssal Flamebringer - Attack'),
(2220405, 4, 34259, 0, -1, 0, 0, 100, 1, 0, 0, 25041, 34279, 'Fear Fiend - Fear'),
(2220405, 3, 36248, 0, -1, 0, 0, 100, 1, 0, 0, 10138, 11913, 'Fear Fiend - Fel Flames'),
(2220405, 0, 2, 0, -1, 0, 0, 100, 1, 0, 0, 0, 0, 'Fear Fiend - Attack'),
(1886905, 0, 2, 0, -1, 0, 0, 100, 1, 0, 0, 0, 0, 'Unstable Voidwraith - Attack'),
(1887005, 4, 34344, 0, -1, 0, 0, 100, 1, 0, 0, 0, 0, 'Voidshrieker - Shadow Bolt'),
(1887005, 0, 2, 0, -1, 0, 0, 100, 1, 0, 0, 0, 0, 'Voidshrieker - Attack'),
(2039405, 4, 36414, 0, -1, 0, 0, 100, 1, 0, 0, 0, 0, 'Eye of Culuthas - Focused Bursts'),
(2039405, 3, 36398, 0, -1, 0, 0, 100, 1, 0, 0, 6516, 11320, 'Eye of Culuthas - Tongue Lash'),
(2039405, 0, 2, 0, -1, 0, 0, 100, 1, 0, 0, 0, 0, 'Eye of Culuthas - Attack'),
(2014105, 4, 36406, 0, -1, 0, 0, 100, 1, 0, 0, 4007, 8843, 'Hound of Culuthas - Double Breath'),
(2014105, 3, 36405, 0, -1, 0, 0, 100, 1, 0, 0, 15000, 15000, 'Hound of Culuthas - Stomp'),
(2014105, 0, 2, 0, -1, 0, 0, 100, 1, 0, 0, 0, 0, 'Hound of Culuthas - Attack'),
(1885905, 3, 34017, 0, -1, 0, 0, 100, 1, 0, 0, 10055, 18038, 'Wrath Priestess - Rain of Chaos'),
(1885905, 0, 2, 0, -1, 0, 0, 100, 1, 0, 0, 0, 0, 'Wrath Priestess - Attack'),
(2092805, 4, 38920, 0, -1, 0, 0, 100, 1, 0, 0, 0, 0, 'Ironspine Forgelord - Detonate Teleporter'),
(2092805, 3, 36251, 0, -1, 0, 0, 100, 1, 0, 0, 5167, 9651, 'Ironspine Forgelord - Hammer Slam'),
(2092805, 0, 2, 0, -1, 0, 0, 100, 1, 0, 0, 0, 0, 'Ironspine Forgelord - Attack'),
(2080105, 4, 36253, 0, -1, 0, 0, 100, 1, 0, 0, 9099, 11981, 'Silroth - Chemical Flames'),
(2080105, 3, 36252, 0, -1, 0, 0, 100, 1, 0, 0, 10000, 10000, 'Silroth - Felforge Flames'),
(2080105, 0, 2, 0, -1, 0, 0, 100, 1, 0, 0, 0, 0, 'Silroth - Attack'),
(1885805, 0, 2, 0, -1, 0, 0, 100, 1, 0, 0, 0, 0, 'Wrathbringer - Attack'),
(1694305, 4, 38920, 0, -1, 0, 0, 100, 1, 0, 0, 0, 0, 'Cyber-Rage Forgelord - Detonate Teleporter'),
(1694305, 3, 36255, 0, -1, 0, 0, 100, 1, 0, 0, 15000, 15000, 'Cyber-Rage Forgelord - Chaos Nova'),
(1694305, 0, 2, 0, -1, 0, 0, 100, 1, 0, 0, 0, 0, 'Cyber-Rage Forgelord - Attack'),
(2080005, 4, 36228, 0, -1, 0, 0, 100, 1, 0, 0, 9075, 11970, 'Forgemaster Morug - Chainsaw Blade'),
(2080005, 3, 34261, 0, -1, 0, 0, 100, 1, 0, 0, 16347, 19925, 'Forgemaster Morug - Slime Spray'),
(2080005, 0, 2, 0, -1, 0, 0, 100, 1, 0, 0, 0, 0, 'Forgemaster Morug - Attack'),
(1694905, 4, 36825, 0, -1, 0, 0, 100, 1, 0, 0, 15298, 19779, 'Gan''arg Mekgineer - Drain Life'),
(1694905, 3, 36208, 0, -1, 0, 0, 100, 1, 0, 0, 18000, 18000, 'Gan''arg Mekgineer - Steal Weapon'),
(1694905, 0, 2, 0, -1, 0, 0, 100, 1, 0, 0, 0, 0, 'Gan''arg Mekgineer - Attack'),
(2192305, 4, 37488, 0, -1, 0, 0, 100, 1, 0, 0, 14000, 14000, 'Terrorguard Protector - Fel Flames'),
(2192305, 3, 15496, 0, -1, 0, 0, 100, 1, 0, 0, 16000, 16000, 'Terrorguard Protector - Cleave'),
(2192305, 0, 2, 0, -1, 0, 0, 100, 1, 0, 0, 0, 0, 'Terrorguard Protector - Attack'),
(2093005, 4, 36541, 0, -1, 0, 0, 100, 1, 0, 0, 25000, 25000, 'Hatecryer - Curse of Burning Shadows'),
(2093005, 3, 34017, 0, -1, 0, 0, 100, 1, 0, 0, 13000, 13000, 'Hatecryer - Rain of Chaos'),
(2093005, 0, 2, 0, -1, 0, 0, 100, 1, 0, 0, 0, 0, 'Hatecryer - Attack'),
(2092905, 5, 15496, 0, -1, 0, 0, 100, 1, 0, 0, 8185, 9880, 'Wrath Lord - Cleave'),
(2092905, 0, 2, 0, -1, 0, 0, 100, 1, 0, 0, 0, 0, 'Wrath Lord - Attack'),
(2068505, 5, 35491, 0, -1, 0, 0, 100, 1, 0, 0, 18000, 18000, 'Overseer Azarad - Furious Rage'),
(2068505, 0, 2, 0, -1, 0, 0, 100, 1, 0, 0, 0, 0, 'Overseer Azarad - Attack'),
(2080305, 5, 36487, 0, -1, 0, 0, 100, 1, 0, 0, 12000, 12000, 'Overmaster Grindgarr - Fel Flames'),
(2080305, 4, 35238, 0, -1, 0, 0, 100, 1, 0, 0, 12000, 12000, 'Overmaster Grindgarr - War Stomp'),
(2080305, 0, 2, 0, -1, 0, 0, 100, 1, 0, 0, 0, 0, 'Overmaster Grindgarr - Attack'),
(2032605, 3, 36486, 0, -1, 0, 0, 100, 1, 0, 0, 15050, 19991, 'Mo''arg Warp-Master - Slime Spray'),
(2032605, 0, 2, 0, -1, 0, 0, 100, 1, 0, 0, 0, 0, 'Mo''arg Warp-Master - Attack'),
(2028505, 4, 36846, 0, -1, 0, 0, 100, 1, 0, 0, 20000, 20000, 'Gan''arg Warp-Tinker - Mana Bomb'),
(2028505, 3, 36208, 0, -1, 0, 0, 100, 1, 0, 0, 15000, 15000, 'Gan''arg Warp-Tinker - Steal Weapon'),
(2028505, 0, 2, 0, -1, 0, 0, 100, 1, 0, 0, 0, 0, 'Gan''arg Warp-Tinker - Attack'),
(1886005, 5, 36844, 0, -1, 0, 0, 100, 1, 0, 0, 0, 0, 'Daughter of Destiny - Curse of Horrors'),
(1886005, 4, 36225, 0, -1, 0, 0, 100, 1, 0, 0, 15213, 19879, 'Daughter of Destiny - Chaos Nova'),
(1886005, 0, 2, 0, -1, 0, 0, 100, 1, 0, 0, 0, 0, 'Daughter of Destiny - Attack'),
(1973805, 4, 36205, 0, -1, 0, 0, 100, 1, 0, 0, 15568, 17919, 'Doomclaw - Claw Swipe'),
(1973805, 3, 34261, 0, -1, 0, 0, 100, 1, 0, 0, 16388, 24864, 'Doomclaw - Slime Spray'),
(1973805, 0, 2, 0, -1, 0, 0, 100, 1, 0, 0, 0, 0, 'Doomclaw - Attack'),
(1694405, 0, 2, 0, -1, 0, 0, 100, 1, 0, 0, 0, 0, 'Mo''arg Doomsmith - Attack'),
(1694805, 0, 2, 0, -1, 0, 0, 100, 1, 0, 0, 0, 0, 'Gan''arg Engineer - Attack'),
(2040305, 4, 11428, 0, -1, 0, 0, 100, 1, 0, 0, 15925, 19048, 'Legion Destroyer - Knockdown'),
(2040305, 3, 13737, 0, -1, 0, 0, 100, 1, 0, 0, 10357, 14469, 'Legion Destroyer - Mortal Strike'),
(2040305, 0, 2, 0, -1, 0, 0, 100, 1, 0, 0, 0, 0, 'Legion Destroyer - Attack'),
(2040205, 3, 35144, 0, -1, 0, 0, 100, 1, 0, 0, 12508, 14840, 'Legion Shocktrooper - Vicious Rend'),
(2040205, 0, 2, 0, -1, 0, 0, 100, 1, 0, 0, 0, 0, 'Legion Shocktrooper - Attack'),
(2039905, 0, 2, 0, -1, 0, 0, 100, 1, 0, 0, 0, 0, 'Terror Imp - Attack'),
(2040405, 3, 35147, 0, -1, 0, 0, 100, 1, 0, 0, 10015, 14185, 'Warp-Gate Engineer - Sundering Swipe'),
(2040405, 0, 2, 0, -1, 0, 0, 100, 1, 0, 0, 0, 0, 'Warp-Gate Engineer - Attack'),
(2021505, 4, 20663, 0, -1, 0, 0, 100, 1, 0, 0, 25000, 25000, 'Pentatharon - Sleep'),
(2021505, 3, 36039, 0, -1, 0, 0, 100, 1, 0, 0, 25000, 25000, 'Pentatharon - Carrion Swarm'),
(2021505, 0, 2, 0, -1, 0, 0, 100, 1, 0, 0, 0, 0, 'Pentatharon - Attack'),
(1985305, 4, 32736, 0, -1, 0, 0, 100, 1, 0, 0, 20000, 20000, 'Felblade Doomguard - Mortal Strike'),
(1985305, 3, 35238, 0, -1, 0, 0, 100, 1, 0, 0, 15000, 15000, 'Felblade Doomguard - War Stomp'),
(1985305, 0, 2, 0, -1, 0, 0, 100, 1, 0, 0, 0, 0, 'Felblade Doomguard - Attack'),
(1985205, 4, 30849, 0, -1, 0, 0, 100, 1, 0, 0, 19000, 19000, 'Artifact Seeker - Spell Lock'),
(1985205, 3, 11981, 0, -1, 0, 0, 50, 1, 0, 0, 15000, 15000, 'Artifact Seeker - Mana Burn'),
(1985205, 0, 2, 0, -1, 0, 0, 100, 1, 0, 0, 0, 0, 'Artifact Seeker - Attack'),
(2196105, 0, 2, 0, -1, 0, 0, 100, 1, 0, 0, 0, 0, 'Cataclysm Overseer - Attack'),
(2196005, 0, 2, 0, -1, 0, 0, 100, 1, 0, 0, 0, 0, 'Gan''arg Technician - Attack'),
(2182705, 3, 38051, 0, -1, 0, 0, 100, 1, 0, 0, 14470, 14718, 'Zandras - Fel Shackles'),
(2182705, 0, 2, 0, -1, 0, 0, 100, 1, 0, 0, 0, 0, 'Zandras - Attack'),
(1974405, 4, 11443, 0, -1, 0, 0, 100, 1, 0, 0, 30000, 30000, 'Dreadwarden - Cripple'),
(1974405, 3, 32736, 0, -1, 0, 0, 100, 1, 0, 0, 9767, 11561, 'Dreadwarden - Mortal Strike'),
(1974405, 0, 2, 0, -1, 0, 0, 100, 1, 0, 0, 0, 0, 'Dreadwarden - Attack'),
(2152005, 3, 38051, 0, -1, 0, 0, 100, 1, 0, 0, 12024, 15523, 'Illidari Jailor - Fel Shackles'),
(2152005, 0, 2, 0, -1, 0, 0, 100, 1, 0, 0, 0, 0, 'Illidari Jailor - Attack'),
(1980105, 3, 36227, 0, -1, 0, 0, 100, 1, 0, 0, 0, 0, 'Illidari Agonizer - Firebolt'),
(1980105, 0, 2, 0, -1, 0, 0, 100, 1, 0, 0, 0, 0, 'Illidari Agonizer - Attack'),
(2180805, 5, 11977, 0, -1, 0, 0, 100, 1, 0, 0, 20000, 20000, 'Illidari Overseer - Rend'),
(2180805, 4, 32736, 0, -1, 0, 0, 100, 1, 0, 0, 18000, 18000, 'Illidari Overseer - Mortal Strike'),
(2180805, 0, 2, 0, -1, 0, 0, 100, 1, 0, 0, 0, 0, 'Illidari Overseer - Attack'),
(2285805, 4, 37577, 0, -1, 0, 0, 100, 1, 0, 0, 8000, 8000, 'Shadowhoof Assassin - Debilitating Strike'),
(2285805, 3, 14873, 0, -1, 0, 0, 100, 1, 0, 0, 8000, 8000, 'Shadowhoof Assassin - Sinister Strike'),
(2285805, 0, 2, 0, -1, 0, 0, 100, 1, 0, 0, 0, 0, 'Shadowhoof Assassin - Attack'),
(2285705, 5, 32009, 0, -1, 0, 0, 100, 1, 0, 0, 14000, 14000, 'Illidari Ravager - Cutdown'),
(2285705, 4, 16244, 0, -1, 0, 0, 100, 1, 0, 0, 4135, 5875, 'Illidari Ravager - Demoralizing Shout'),
(2285705, 3, 15496, 0, -1, 0, 0, 100, 1, 0, 0, 8000, 8000, 'Illidari Ravager - Cleave'),
(2285705, 0, 2, 0, -1, 0, 0, 100, 1, 0, 0, 0, 0, 'Illidari Ravager - Attack'),
(2285905, 4, 13338, 0, -1, 0, 0, 100, 1, 0, 0, 30000, 30000, 'Shadowhoof Summoner - Curse of Tongues'),
(2285905, 3, 9613, 0, -1, 0, 0, 100, 1, 0, 0, 0, 0, 'Shadowhoof Summoner - Shadow Bolt'),
(2285905, 0, 2, 0, -1, 0, 0, 100, 1, 0, 0, 0, 0, 'Shadowhoof Summoner - Attack'),
(2130905, 4, 38048, 0, -1, 0, 0, 100, 1, 0, 0, 4314, 5938, 'Painmistress Gabrissa - Curse of Pain'),
(2130905, 3, 38169, 0, -1, 0, 0, 100, 1, 0, 0, 10279, 14671, 'Painmistress Gabrissa - Subservience'),
(2130905, 0, 2, 0, -1, 0, 0, 100, 1, 0, 0, 0, 0, 'Painmistress Gabrissa - Attack'),
(1979905, 5, 38166, 0, -1, 0, 0, 100, 1, 0, 0, 30000, 30000, 'Illidari Dreadbringer - Frenzy'),
(1979905, 4, 38167, 0, -1, 0, 0, 100, 1, 0, 0, 30000, 30000, 'Illidari Dreadbringer - Curse of Blood'),
(1979905, 0, 2, 0, -1, 0, 0, 100, 1, 0, 0, 0, 0, 'Illidari Dreadbringer - Attack'),
(1980005, 3, 15968, 0, -1, 0, 0, 100, 1, 0, 0, 4304, 7695, 'Illidari Painlasher - Lash of Pain'),
(1980005, 0, 2, 0, -1, 0, 0, 100, 1, 0, 0, 0, 0, 'Illidari Painlasher - Attack'),
(2165605, 3, 38048, 0, -1, 0, 0, 100, 1, 0, 0, 30000, 30000, 'Illidari Satyr - Curse of Pain'),
(2165605, 0, 2, 0, -1, 0, 0, 100, 1, 0, 0, 0, 0, 'Illidari Satyr - Attack'),
(2133705, 4, 7159, 0, -1, 0, 0, 100, 1, 0, 0, 0, 0, 'Illidari Shadowstalker - Backstab'),
(2133705, 3, 5916, 0, -1, 0, 0, 100, 1, 0, 0, 0, 0, 'Illidari Shadowstalker - Shadowstalker Stealth'),
(2133705, 0, 2, 0, -1, 0, 0, 100, 1, 0, 0, 0, 0, 'Illidari Shadowstalker - Attack'),
(1980205, 4, 15496, 0, -1, 0, 0, 100, 1, 0, 0, 6011, 9624, 'Illidari Shocktrooper - Cleave'),
(1980205, 3, 22120, 0, -1, 0, 0, 100, 1, 0, 0, 30000, 30000, 'Illidari Shocktrooper - Charge'),
(1980205, 0, 2, 0, -1, 0, 0, 100, 1, 0, 0, 0, 0, 'Illidari Shocktrooper - Attack'),
(2141905, 0, 2, 0, -1, 0, 0, 100, 1, 0, 0, 0, 0, 'Infernal Attacker - Attack'),
(2068305, 5, 37997, 0, -1, 0, 0, 100, 1, 0, 0, 16000, 16000, 'Prophetess Cavrylin - Chaos Nova'),
(2068305, 4, 37629, 0, -1, 0, 0, 100, 1, 0, 0, 16000, 16000, 'Prophetess Cavrylin - Melt Flesh'),
(2068305, 0, 2, 0, -1, 0, 0, 100, 1, 0, 0, 0, 0, 'Prophetess Cavrylin - Attack'),
(2149905, 4, 32735, 0, -1, 0, 0, 100, 1, 0, 0, 8000, 8000, 'Overseer Ripsaw - Saw Blade'),
(2149905, 3, 35321, 0, -1, 0, 0, 100, 1, 0, 0, 16000, 16000, 'Overseer Ripsaw - Gushing Wound'),
(2149905, 0, 2, 0, -1, 0, 0, 100, 1, 0, 0, 0, 0, 'Overseer Ripsaw - Attack'),
(2131405, 4, 15496, 0, -1, 0, 0, 100, 1, 0, 0, 8327, 11997, 'Terrormaster - Cleave'),
(2131405, 3, 38154, 0, -1, 0, 0, 100, 1, 0, 0, 30000, 30000, 'Terrormaster - Fear'),
(2131405, 0, 2, 0, -1, 0, 0, 100, 1, 0, 0, 0, 0, 'Terrormaster - Attack'),
(1975505, 4, 36253, 0, -1, 0, 0, 100, 1, 0, 0, 25543, 29928, 'Mo''arg Weaponsmith - Chemical Flames'),
(1975505, 3, 37580, 0, -1, 0, 0, 100, 1, 0, 0, 20000, 20000, 'Mo''arg Weaponsmith - Drill Armor'),
(1975505, 0, 2, 0, -1, 0, 0, 100, 1, 0, 0, 0, 0, 'Mo''arg Weaponsmith - Attack'),
(1974005, 0, 2, 0, -1, 0, 0, 100, 1, 0, 0, 0, 0, 'Wrathwalker - Attack');

-- 14093_01_mangos_vehicle_ridespell.sql
ALTER TABLE `vehicle_accessory` ADD COLUMN `RideSpellId` INT(10) UNSIGNED AFTER `accessory_entry`;

DELETE FROM creature_addon WHERE guid IN(SELECT guid FROM creature WHERE id IN (8539,8598));
DELETE FROM creature_movement WHERE id IN(SELECT guid FROM creature WHERE id IN (8539,8598));
DELETE FROM game_event_creature WHERE guid IN(SELECT guid FROM creature WHERE id IN (8539,8598));
DELETE FROM game_event_creature_data WHERE guid IN(SELECT guid FROM creature WHERE id IN (8539,8598));
DELETE FROM creature_battleground WHERE guid IN(SELECT guid FROM creature WHERE id IN (8539,8598));
DELETE FROM creature_linking WHERE guid IN(SELECT guid FROM creature WHERE id IN (8539,8598));
DELETE FROM creature WHERE id IN (8539,8598);
INSERT INTO `creature` (`guid`, `id`, `map`, `spawnMask`, `phaseMask`, `position_x`, `position_y`, `position_z`, `orientation`, `spawntimesecsmin`, `spawntimesecsmax`, `spawndist`, `MovementType`) VALUES
(16982, 8539, 0, 1, 1, '3021.48999023437500000000', '-4952.02978515625000000000', '102.37400054931640000000', '1.82161998748779300000', 300, 300, 0, 0),
(17539, 8539, 0, 1, 1, '3019.37988281250000000000', '-4949.81005859375000000000', '102.36399841308594000000', '1.09933996200561520000', 300, 300, 0, 0),
(17625, 8539, 0, 1, 1, '3014.82006835937500000000', '-4915.39013671875000000000', '102.68299865722656000000', '3.66300010681152340000', 300, 300, 5, 1),
(17694, 8539, 0, 1, 1, '3036.84008789062500000000', '-4914.10009765625000000000', '102.49299621582031000000', '2.99845004081726070000', 300, 300, 5, 1),
(17719, 8539, 0, 1, 1, '2535.59008789062500000000', '-3768.37011718750000000000', '178.14300537109375000000', '4.65412998199462900000', 300, 300, 5, 1),
(17808, 8539, 0, 1, 1, '2648.13989257812500000000', '-5405.00976562500000000000', '160.28799438476562000000', '5.22498989105224600000', 300, 300, 10, 1),
(17948, 8539, 0, 1, 1, '2247.45996093750000000000', '-3525.35009765625000000000', '139.52900695800780000000', '5.35159015655517600000', 300, 300, 5, 1);
INSERT INTO `creature` (`guid`, `id`, `map`, `spawnMask`, `phaseMask`, `position_x`, `position_y`, `position_z`, `orientation`, `spawntimesecsmin`, `spawntimesecsmax`, `spawndist`, `MovementType`) VALUES
(17952, 8598, 0, 1, 1, '2947.36010742187500000000', '-4713.27001953125000000000', '99.39669799804688000000', '5.81954002380371100000', 300, 300, 5, 1),
(18088, 8598, 0, 1, 1, '2812.67993164062500000000', '-4154.12011718750000000000', '91.73269653320312000000', '1.86825001239776610000', 300, 300, 10, 1),
(18185, 8598, 0, 1, 1, '3036.12011718750000000000', '-4515.49023437500000000000', '106.12699890136719000000', '2.62245011329650900000', 300, 300, 3, 1),
(18193, 8598, 0, 1, 1, '2948.31005859375000000000', '-4606.64990234375000000000', '77.05539703369140000000', '4.65277004241943400000', 300, 300, 10, 1),
(18199, 8598, 0, 1, 1, '2724.94995117187500000000', '-4609.68017578125000000000', '90.65519714355469000000', '6.05052995681762700000', 300, 300, 10, 1),
(18216, 8598, 0, 1, 1, '2951.29003906250000000000', '-4249.62011718750000000000', '93.28720092773438000000', '6.11484003067016600000', 300, 300, 10, 1),
(18243, 8598, 0, 1, 1, '3029.93994140625000000000', '-4047.73999023437500000000', '101.63300323486328000000', '2.51079010963439940000', 300, 300, 10, 1),
(18366, 8598, 0, 1, 1, '2850.64990234375000000000', '-4576.72998046875000000000', '102.11100006103516000000', '5.15879011154174800000', 300, 300, 5, 1),
(18398, 8598, 0, 1, 1, '2685.36010742187500000000', '-3530.78002929687500000000', '123.39600372314453000000', '3.87310004234313960000', 300, 300, 3, 1),
(18616, 8598, 0, 1, 1, '3131.89990234375000000000', '-2981.90991210937500000000', '125.18000030517578000000', '3.52677989006042500000', 300, 300, 10, 1),
(18619, 8598, 0, 1, 1, '2645.62011718750000000000', '-4911.10009765625000000000', '83.04489898681640000000', '5.62736988067626950000', 300, 300, 10, 1),
(18743, 8598, 0, 1, 1, '2956.50000000000000000000', '-4549.27001953125000000000', '77.37439727783203000000', '0.50558102130889890000', 300, 300, 10, 1),
(18829, 8598, 0, 1, 1, '3131.58007812500000000000', '-2944.64990234375000000000', '121.03800201416016000000', '1.13334000110626220000', 300, 300, 10, 1),
(18862, 8598, 0, 1, 1, '2880.98999023437500000000', '-4168.58984375000000000000', '95.99410247802734000000', '1.05648994445800780000', 300, 300, 10, 1),
(17875, 8598, 0, 1, 1, '2846.03002929687500000000', '-4061.91992187500000000000', '101.84300231933594000000', '4.63816022872924800000', 300, 300, 10, 1),
(18026, 8598, 0, 1, 1, '2831.01000976562500000000', '-3978.62988281250000000000', '102.85600280761719000000', '0.23243199288845062000', 300, 300, 10, 1),
(18061, 8598, 0, 1, 1, '2718.10009765625000000000', '-3391.75000000000000000000', '96.72180175781250000000', '0.22460199892520905000', 300, 300, 10, 1),
(18208, 8598, 0, 1, 1, '3163.13989257812500000000', '-2970.81005859375000000000', '126.10299682617188000000', '0.01792000047862529800', 300, 300, 10, 1),
(18256, 8598, 0, 1, 1, '2785.62988281250000000000', '-4221.00976562500000000000', '90.21420288085938000000', '1.18356001377105710000', 300, 300, 10, 1),
(18284, 8598, 0, 1, 1, '2795.58007812500000000000', '-4023.45996093750000000000', '99.44889831542969000000', '3.16504001617431640000', 300, 300, 10, 1),
(18335, 8598, 0, 1, 1, '2713.14990234375000000000', '-4876.47021484375000000000', '88.45539855957031000000', '4.63411998748779300000', 300, 300, 10, 1),
(18432, 8598, 0, 1, 1, '2805.79003906250000000000', '-4229.25000000000000000000', '89.68260192871094000000', '0.24474200606346130000', 300, 300, 10, 1),
(18440, 8598, 0, 1, 1, '2682.85009765625000000000', '-4917.16015625000000000000', '85.05139923095703000000', '2.92504000663757320000', 300, 300, 10, 1),
(18444, 8598, 0, 1, 1, '2877.34008789062500000000', '-4647.06982421875000000000', '86.35910034179688000000', '1.61871004104614260000', 300, 300, 10, 1),
(18510, 8598, 0, 1, 1, '2922.69995117187500000000', '-4781.81982421875000000000', '97.53929901123047000000', '2.21350002288818360000', 300, 300, 10, 1),
(18701, 8598, 0, 1, 1, '3048.31005859375000000000', '-4387.00000000000000000000', '104.83100128173828000000', '4.12627983093261700000', 300, 300, 10, 1),
(18755, 8598, 0, 1, 1, '2989.16992187500000000000', '-4183.97021484375000000000', '94.79740142822266000000', '1.14821004867553700000', 300, 300, 10, 1),
(10038, 8598, 0, 1, 1, '2820.47998046875000000000', '-4986.62011718750000000000', '100.93199920654297000000', '5.69517993927001950000', 300, 300, 10, 1),
(10073, 8598, 0, 1, 1, '2792.32006835937500000000', '-4192.91992187500000000000', '91.22209930419922000000', '0.15101499855518340000', 300, 300, 10, 1),
(10079, 8598, 0, 1, 1, '2754.28002929687500000000', '-3557.57006835937500000000', '103.63800048828125000000', '5.82390022277832000000', 300, 300, 10, 1),
(10081, 8598, 0, 1, 1, '3213.52001953125000000000', '-2958.26000976562500000000', '126.24299621582031000000', '5.71795988082885700000', 300, 300, 10, 1),
(10089, 8598, 0, 1, 1, '2777.16992187500000000000', '-4268.04003906250000000000', '90.36840057373047000000', '0.99253898859024050000', 300, 300, 5, 1),
(10097, 8598, 0, 1, 1, '3065.60009765625000000000', '-4361.91992187500000000000', '108.22200012207031000000', '0.32823801040649414000', 300, 300, 10, 1),
(10114, 8598, 0, 1, 1, '3250.43994140625000000000', '-4425.31005859375000000000', '109.81900024414062000000', '0.08112400025129318000', 300, 300, 10, 1),
(10115, 8598, 0, 1, 1, '3079.13989257812500000000', '-4637.29003906250000000000', '119.76000213623047000000', '4.58126020431518550000', 300, 300, 5, 1),
(10923, 8598, 0, 1, 1, '2903.81005859375000000000', '-4436.70996093750000000000', '92.42630004882812000000', '6.09639978408813500000', 300, 300, 10, 1),
(10936, 8598, 0, 1, 1, '2921.13989257812500000000', '-4743.68994140625000000000', '92.99700164794922000000', '4.11653995513916000000', 300, 300, 10, 1),
(10940, 8598, 0, 1, 1, '3066.33007812500000000000', '-4487.64013671875000000000', '112.66300201416016000000', '3.23348999023437500000', 300, 300, 10, 1),
(11418, 8598, 0, 1, 1, '3020.79003906250000000000', '-4600.43994140625000000000', '110.05000305175781000000', '4.49488019943237300000', 300, 300, 0, 0),
(19027, 8598, 0, 1, 1, '2731.87988281250000000000', '-4987.47998046875000000000', '90.78160095214844000000', '6.24762010574340800000', 300, 300, 5, 1),
(21870, 8598, 0, 1, 1, '2823.27001953125000000000', '-4660.47998046875000000000', '88.88339996337890000000', '1.85889005661010740000', 300, 300, 3, 1),
(21871, 8598, 0, 1, 1, '2753.91992187500000000000', '-5004.60986328125000000000', '90.78029632568360000000', '4.59385013580322300000', 300, 300, 5, 1),
(21888, 8598, 0, 1, 1, '2649.26000976562500000000', '-4720.56005859375000000000', '85.62789916992188000000', '4.19541978836059600000', 300, 300, 10, 1),
(21891, 8598, 0, 1, 1, '2987.60009765625000000000', '-4329.43994140625000000000', '80.70700073242188000000', '0.74188697338104250000', 300, 300, 10, 1),
(21897, 8598, 0, 1, 1, '2612.65991210937500000000', '-4879.85986328125000000000', '79.77359771728516000000', '2.26003003120422360000', 300, 300, 0, 0),
(23856, 8598, 0, 1, 1, '3011.42993164062500000000', '-4749.04980468750000000000', '94.18560028076172000000', '4.31246995925903300000', 300, 300, 10, 1),
(23961, 8598, 0, 1, 1, '2859.64990234375000000000', '-3904.61010742187500000000', '105.81300354003906000000', '3.50504994392395000000', 300, 300, 10, 1),
(24323, 8598, 0, 1, 1, '2812.70996093750000000000', '-4862.33007812500000000000', '96.27629852294922000000', '2.89401006698608400000', 300, 300, 5, 1),
(24483, 8598, 0, 1, 1, '2864.91992187500000000000', '-4848.75976562500000000000', '99.23249816894531000000', '0.26060199737548830000', 300, 300, 10, 1),
(24548, 8598, 0, 1, 1, '2797.81005859375000000000', '-3971.18994140625000000000', '100.41999816894531000000', '3.48218989372253400000', 300, 300, 10, 1),
(24561, 8598, 0, 1, 1, '3030.31005859375000000000', '-4202.47998046875000000000', '95.93969726562500000000', '5.81516981124877900000', 300, 300, 10, 1),
(24860, 8598, 0, 1, 1, '3008.72998046875000000000', '-4108.14013671875000000000', '96.59110260009766000000', '3.90629005432128900000', 300, 300, 10, 1),
(33882, 8598, 0, 1, 1, '2915.00000000000000000000', '-3111.76000976562500000000', '111.33999633789062000000', '2.50863003730773930000', 300, 300, 10, 1),
(38807, 8598, 0, 1, 1, '2748.46997070312500000000', '-3435.04003906250000000000', '96.06250000000000000000', '1.97948002815246580000', 300, 300, 10, 1),
(38967, 8598, 0, 1, 1, '3278.86010742187500000000', '-4428.35986328125000000000', '114.31300354003906000000', '1.95130002498626700000', 300, 300, 10, 1),
(41720, 8598, 0, 1, 1, '2520.91992187500000000000', '-4889.79003906250000000000', '77.99019622802734000000', '5.69155979156494100000', 300, 300, 10, 1),
(41749, 8598, 0, 1, 1, '2888.09008789062500000000', '-3069.75000000000000000000', '105.63400268554688000000', '1.75841999053955080000', 300, 300, 10, 1),
(42025, 8598, 0, 1, 1, '2851.23999023437500000000', '-3105.83007812500000000000', '104.79900360107422000000', '4.19809007644653300000', 300, 300, 10, 1),
(42464, 8598, 0, 1, 1, '2662.97998046875000000000', '-4678.62011718750000000000', '80.19090270996094000000', '5.68139982223510700000', 300, 300, 10, 1),
(44881, 8598, 0, 1, 1, '2848.62988281250000000000', '-3389.39990234375000000000', '96.26509857177734000000', '4.63621997833251950000', 300, 300, 10, 1),
(44894, 8598, 0, 1, 1, '2775.93994140625000000000', '-4094.97998046875000000000', '98.53009796142578000000', '4.12542009353637700000', 300, 300, 10, 1),
(44917, 8598, 0, 1, 1, '2611.90991210937500000000', '-4366.74023437500000000000', '79.31549835205078000000', '2.39969992637634280000', 300, 300, 5, 1),
(44925, 8598, 0, 1, 1, '2781.70996093750000000000', '-3925.91992187500000000000', '101.73999786376953000000', '1.33898997306823730000', 300, 300, 5, 1),
(44944, 8598, 0, 1, 1, '3169.47998046875000000000', '-4605.87011718750000000000', '105.27600097656250000000', '5.28631019592285200000', 300, 300, 10, 1),
(45337, 8598, 0, 1, 1, '2753.38989257812500000000', '-4128.72021484375000000000', '95.81020355224610000000', '4.65959978103637700000', 300, 300, 10, 1),
(45355, 8598, 0, 1, 1, '2687.34008789062500000000', '-4209.31982421875000000000', '89.36479949951172000000', '1.59715998172760000000', 300, 300, 5, 1),
(45360, 8598, 0, 1, 1, '2751.72998046875000000000', '-3530.90991210937500000000', '105.89099884033203000000', '1.69515001773834230000', 300, 300, 10, 1),
(45361, 8598, 0, 1, 1, '2725.87988281250000000000', '-4142.16015625000000000000', '92.54869842529297000000', '5.05515003204345700000', 300, 300, 10, 1),
(45384, 8598, 0, 1, 1, '3033.04003906250000000000', '-4320.52978515625000000000', '99.45520019531250000000', '0.47734498977661133000', 300, 300, 10, 1),
(45392, 8598, 0, 1, 1, '3107.22998046875000000000', '-2975.52001953125000000000', '123.21499633789062000000', '3.14130997657775900000', 300, 300, 10, 1),
(45394, 8598, 0, 1, 1, '2567.69995117187500000000', '-4599.89013671875000000000', '80.96499633789062000000', '5.94877004623413100000', 300, 300, 10, 1),
(45410, 8598, 0, 1, 1, '2561.76000976562500000000', '-4630.81005859375000000000', '79.54360198974610000000', '5.82172012329101600000', 300, 300, 10, 1);

INSERT INTO spell_script_target VALUES ('29869', '0', '181616', '0');

DELETE FROM spell_target_position WHERE id = 33558;
INSERT INTO `spell_target_position` (`id`, `target_map`, `target_position_x`, `target_position_y`, `target_position_z`) VALUES ('33558', '555', '-253.548', '-263.646', '17.0864');

UPDATE `creature_template` SET `Faction` = '1857' WHERE `Entry` =21976;
UPDATE `creature_template` SET `Faction` = '14' WHERE `Entry` =29;

UPDATE `creature_template` SET `NpcFlags` = '3', `GossipMenuId` = '692' WHERE `Entry` =7917;

DELETE FROM `dbscripts_on_quest_end` WHERE `id`=735;
INSERT INTO `dbscripts_on_quest_end` (`id`, `delay`, `command`, `datalong`, `datalong2`, `dataint`, `comments`) VALUES
(735, 100, 0, 0, 0, 919, 'The Star, the Hand and the Heart: Gerrig Bonegrip - Say Text'),
(735, 3000, 0, 0, 0, 920, 'The Star, the Hand and the Heart: Gerrig Bonegrip - Say Text'),
(735, 0, 29, 2, 0, 0, 'NpcFlag removed'),
(735, 4000, 29, 2, 1, 0, 'NpcFlag added');
UPDATE `quest_template` SET `CompleteScript`=735 WHERE `entry`=735;
UPDATE `creature_loot_template` SET `groupid` = 13, `ChanceOrQuestChance` = 10 WHERE `entry` =4363 AND `item` =4639;
UPDATE `creature_loot_template` SET `groupid` = 13, `ChanceOrQuestChance` = 10 WHERE `entry` =14230 AND `item` =4639;

UPDATE gameobject SET spawntimesecsmin = 10, spawntimesecsmax = 10 WHERE id IN (191502);
UPDATE creature SET position_x = 6035.0146, position_y = -750.43536, position_z = 369.83606, orientation = 1.501, spawndist = 0, MovementType = 2 WHERE id = 29644;
UPDATE creature_template SET movementtype = 2 WHERE Entry = 29644;
DELETE FROM creature_movement_template WHERE Entry = 29644;
INSERT INTO creature_movement_template (`Entry`, `Point`, `PositionX`, `PositionY`, `PositionZ`, `Orientation`, `WaitTime`, `ScriptId`) VALUES
(29644,1,6035.0146,-750.43536,369.83606,1.501,60000,0),
(29644,2,6041.9736,-751.16016,371.08704,100,0,0),
(29644,3,6044.92,-751.19995,371.65646,100,0,0),
(29644,4,6048.8506,-751.0001,372.4885,100,0,0),
(29644,5,6052.7773,-750.7988,373.31415,100,0,0),
(29644,6,6056.706,-750.6035,374.22858,100,0,0),
(29644,7,6060.207,-750.0676,375.04208,100,0,0),
(29644,8,6064.077,-749.11865,376.01065,100,0,0),
(29644,9,6067.8257,-748.1993,376.96213,100,0,0),
(29644,10,6071.2827,-747.14166,377.84573,100,0,0),
(29644,11,6080.2314,-745.9247,380.0413,2.009,5000,1001),
(29644,12,6085.7983,-741.2621,381.27078,100,0,0),
(29644,13,6089.438,-739.616,382.0154,100,0,0),
(29644,14,6092.856,-737.8551,382.6709,100,0,0),
(29644,15,6096.3916,-735.9897,383.30475,100,0,0),
(29644,16,6099.843,-734.16797,383.79605,100,0,0),
(29644,17,6103.375,-732.3047,384.56274,100,0,0),
(29644,18,6105.3594,-729.6194,384.68744,100,0,0),
(29644,19,6107.8926,-726.45276,384.9994,100,0,0),
(29644,20,6109.2637,-724.7374,385.13498,2.37364,2000,0),
(29644,21,6109.44,-727.4209,385.32095,2.41668,25000,2964401),
(29644,22,6108.9097,-731.1201,385.45618,100,0,0),
(29644,23,6105.64,-734.14264,385.04837,100,0,0),
(29644,24,6102.316,-736.3823,384.56226,100,0,0),
(29644,25,6099.0005,-738.6159,384.04016,100,0,0),
(29644,26,6095.6763,-740.85565,383.4771,100,0,0),
(29644,27,6092.452,-743.0215,382.81537,100,0,0),
(29644,28,6088.112,-744.7311,381.9082,100,0,0),
(29644,29,6084.32,-745.69446,381.0224,100,0,0),
(29644,30,6080.5576,-746.6504,380.15417,100,0,0),
(29644,31,6076.667,-747.6384,379.13483,100,0,0),
(29644,32,6072.854,-748.6071,378.1574,100,0,0),
(29644,33,6069.0693,-749.56836,377.23706,100,0,0),
(29644,34,6065.5703,-750.7795,376.24615,100,0,0),
(29644,35,6061.915,-752.10944,375.2711,100,0,0),
(29644,36,6058.1606,-753.47534,374.31323,100,0,0),
(29644,37,6039.856,-755.2907,370.56192,100,0,0),
(29644,38,6035.0146,-750.43536,369.83606,1.501,180000,0);
DELETE FROM dbscripts_on_creature_movement WHERE id IN (2964401);
INSERT INTO dbscripts_on_creature_movement (id, delay, command, datalong, datalong2, datalong3, buddy_entry, search_radius, data_flags, dataint, dataint2, dataint3, dataint4, x, y, z, o, comments) VALUES
(2964401,3000,1,25,0,0,0,0,0x04,0,0,0,0,0,0,0,0,''),
(2964401,13000,1,1,0,0,0,0,0x04,0,0,0,0,0,0,0,0,'');
DELETE FROM creature_template_addon WHERE entry = 29429;
INSERT INTO creature_template_addon (entry, mount, stand_state, sheath_state, pvp_flags, emote, moveflags, auras) VALUES (29429,0,1,1,0,0,0,NULL);
DELETE FROM dbscripts_on_relay WHERE id IN (20144);
INSERT INTO dbscripts_on_relay (id, delay, command, datalong, datalong2, datalong3, buddy_entry, search_radius, data_flags, dataint, dataint2, dataint3, dataint4, x, y, z, o, comments) VALUES
(20144,1,21,1,0,0,0,0,0x004,0,0,0,0,0,0,0,0,'Part of Janks 29429 EAI: active'),
(20144,10,28,0,0,0,0,0,0x004,0,0,0,0,0,0,0,0,'Part of Janks 29429 EAI: atand'),
(20144,2000,3,0,0,0,0,0,0,0,0,0,0,0,0,0,4.5303111,'Part of Janks 29429 EAI: face target'),
(20144,2100,0,0,0,0,0,0,0,30198,0,0,0,0,0,0,0,'Part of Janks 29429 EAI: say'),
(20144,7000,0,0,0,0,0,0,0,30199,0,0,0,0,0,0,0,'Part of Janks 29429 EAI: say'),
(20144,12000,0,0,0,0,0,0,0,30200,0,0,0,0,0,0,0,'Part of Janks 29429 EAI: say'),
(20144,17000,0,0,0,0,0,0,0,30201,0,0,0,0,0,0,0,'Part of Janks 29429 EAI: say'),
(20144,20000,28,1,0,0,0,0,0x004,0,0,0,0,0,0,0,0,'Part of Janks 29429 EAI: sit'),
(20144,20001,21,0,0,0,0,0,0x004,0,0,0,0,0,0,0,0,'Part of Janks 29429 EAI: unactive');
UPDATE creature_template SET unitFlags = 33554432 WHERE entry = 29397;
DELETE FROM creature_immunities WHERE Entry IN (29397,29429);
INSERT INTO creature_immunities (Entry, SetId, Type, Value) VALUES (29397,0,2,1), (29429,0,2,1);

UPDATE `npc_trainer` SET `reqlevel` = '0' WHERE `spell` IN (13820,34768,1710);
UPDATE `npc_trainer` SET `reqskill` = '0', `reqskillvalue` = '0', `reqlevel` = '0' WHERE `spell` =33950;

DELETE FROM dbscripts_on_relay WHERE id IN (9987);
INSERT INTO dbscripts_on_relay (id, delay, command, datalong, datalong2, datalong3, buddy_entry, search_radius, data_flags, dataint, dataint2, dataint3, dataint4, x, y, z, o, comments) VALUES
(9987,1,12,0,0,0,186287,10,7,0,0,0,0,0,0,0,0,'Part of Theramore Prisoner 23720 EAI: Close Object');

DELETE FROM `gameobject` WHERE `id`=152093;
INSERT INTO `gameobject` (`guid`, `id`, `map`, `position_x`, `position_y`, `position_z`, `orientation`, `rotation0`, `rotation1`, `rotation2`, `rotation3`, `spawntimesecsmin`, `spawntimesecsmax`) VALUES
(15815, 152093, 1, 2322.79, 1860.63, 364.55, 2.02458, 0, 0, 0.848048, 0.529919, 7200, 7200),
(8212, 152093, 1, 2352.42, 1847.13, 355.451, 0.820305, 0, 0, 0.398749, 0.91706, 7200, 7200),
(8213, 152093, 1, 2297.36, 1806.83, 344.156, 1.5708, 0, 0, 0.707107, 0.707107, 7200, 7200),
(8215, 152093, 1, 2330.86, 1784.49, 323.715, 2.74017, 0, 0, 0.979925, 0.199368, 7200, 7200),
(8214, 152093, 1, 2307.34, 1872, 336.765, -2.26893, 0, 0, 0.906308, -0.422618, 7200, 7200),
(5717, 152093, 1, 2265.5, 1843.64, 319.074, 0.977384, 0, 0, 0.469472, 0.882948, 7200, 7200),
(16789, 152093, 1, 2340.25, 1912.59, 349.837, 1.8326, 0, 0, 0.793353, 0.608761, 7200, 7200),
(67, 152093, 1, 2368.5, 1710.8, 340.883, 0.10472, 0, 0, 0.052336, 0.99863, 7200, 7200),
(98, 152093, 1, 2413.8, 1707.22, 343.246, 0.488692, 0, 0, 0.241922, 0.970296, 7200, 7200),
(133, 152093, 1, 2445.36, 1783.59, 344.973, -0.785398, 0, 0, 0.382683, -0.92388, 7200, 7200),
(246, 152093, 1, 2407.17, 1724.53, 343.86, 1.13446, 0, 0, 0.5373, 0.843391, 7200, 7200),
(305, 152093, 1, 2407.99, 1753.69, 340.147, 0.436332, 0, 0, 0.21644, 0.976296, 7200, 7200),
(310, 152093, 1, 2380.2, 1792.45, 322.965, 0.575959, 0, 0, 0.284015, 0.95882, 7200, 7200),
(344, 152093, 1, 2419.04, 1815.82, 352.505, 4.71239, 0, 0, 0.707107, -0.707107, 7200, 7200),
(355, 152093, 1, 2343.74, 1800.4, 326.569, 0.10472, 0, 0, 0.052336, 0.99863, 7200, 7200),
(371, 152093, 1, 2413.83, 1843.03, 373.255, -2.49582, 0, 0, 0.948324, -0.317305, 7200, 7200),
(396, 152093, 1, 2395.77, 1802.89, 356.125, -1.90241, 0, 0, 0.814116, -0.580703, 7200, 7200),
(427, 152093, 1, 2370.93, 1827.23, 360.477, 1.20428, 0, 0, 0.566406, 0.824126, 7200, 7200);

INSERT INTO `gameobject` (`guid`, `id`, `map`, `phaseMask`, `position_x`, `position_y`, `position_z`, `orientation`, `rotation0`, `rotation1`, `rotation2`, `rotation3`, `spawntimesecsmin`, `spawntimesecsmax`) VALUES 
(432, 179667, 1, 65535, -6615.31, 1650.84, 3.63024, 5.95157, 0, 0, -0.165047, 0.986286, 300, 300);
INSERT INTO `game_event_gameobject` (`guid`, `event`) VALUES (432, 75);

INSERT INTO `gameobject` (`guid`, `id`, `map`, `position_x`, `position_y`, `position_z`, `orientation`, `rotation0`, `rotation1`, `rotation2`, `rotation3`, `spawntimesecsmin`, `spawntimesecsmax`) VALUES
(439, 176213, 0, 1111.51, -2569.18, 59.2519, -1.48353, 0, 0, 0.67559, -0.737277, 7200, 7200);
INSERT INTO `spawn_group_spawn` (`Id`, `Guid`, `SlotId`, `Chance`) VALUES (19991, 439, -1, 0);

INSERT INTO `creature` (`guid`, `id`, `map`, `position_x`, `position_y`, `position_z`, `orientation`, `spawntimesecsmin`, `spawntimesecsmax`, `spawndist`, `MovementType`) VALUES
(45458, 12123, 0, 899.45300292968750000000, 1962.20996093750000000000, -1.00000000000000000000, 5.51700019836425800000, 300, 600, 0, 0),
(45822, 12123, 0, 1061.57995605468750000000, 2120.83007812500000000000, -1.00000000000000000000, 3.68099999427795400000, 300, 600, 0, 0),
(45829, 12123, 0, 1123.38000488281250000000, 2207.27001953125000000000, -1.00000000000000000000, 1.12000000476837160000, 300, 600, 0, 0),
(45872, 12123, 0, -11327.40039062500000000000, 2292.78002929687500000000, -48.16770172119140600000, 5.92080009460449200000, 300, 600, 0, 0),
(45895, 12123, 0, -9985.74023437500000000000, 2374.50000000000000000000, -49.23550033569336000000, 3.07987999916076660000, 300, 600, 0, 0),
(45929, 12123, 0, -9783.66992187500000000000, 2353.35009765625000000000, -49.30939865112305000000, 0.71951901912689210000, 300, 600, 0, 0),
(45975, 12123, 1, 1073.79003906250000000000, 2203.22998046875000000000, -27.77529907226562500000, 3.81474995613098140000, 300, 600, 0, 0),
(46019, 12123, 1, 3573.60009765625000000000, 1690.84997558593750000000, -69.00000000000000000000, 1.89300000667572020000, 300, 600, 0, 0),
(47495, 12123, 1, 3598.22998046875000000000, 1496.96997070312500000000, -59.00000000000000000000, 2.94700002670288100000, 300, 600, 0, 0),
(47499, 12123, 1, 4371.18994140625000000000, 1238.92004394531250000000, -52.00000000000000000000, 2.54800009727478030000, 300, 600, 0, 0),
(47501, 12123, 1, 4162.35986328125000000000, 1611.14001464843750000000, -57.70479965209961000000, 6.23635005950927700000, 300, 600, 0, 0),
(52506, 12123, 1, 4371.18994140625000000000, 1238.92004394531250000000, -52.00000000000000000000, 2.54800009727478030000, 300, 600, 0, 0);
SET @NPC := 45458;
UPDATE `creature` SET `spawndist`=0,`MovementType`=2,`position_x`=-734.25714,`position_y`=1922.974,`position_z`=-25.878798 WHERE `guid`=@NPC;
DELETE FROM `creature_movement` WHERE `id`=@NPC;
INSERT INTO `creature_movement` (`id`,`point`,`positionx`,`positiony`,`positionz`,`orientation`,`waittime`,`scriptid`) VALUES
(@NPC,1,-734.25714,1922.974,-25.878798,100,0,0),
(@NPC,2,-715.339,1929.5173,-26.697222,100,0,0),
(@NPC,3,-693.30255,1923.8412,-27.21435,100,0,0),
(@NPC,4,-680.6504,1918.8853,-28.579773,100,0,0),
(@NPC,5,-654.763,1917.6847,-29.551779,100,0,0),
(@NPC,6,-639.8963,1927.0719,-28.531168,100,0,0),
(@NPC,7,-617.32404,1934.6172,-26.569038,100,0,0),
(@NPC,8,-588.3292,1944.0837,-27.532883,100,0,0),
(@NPC,9,-571.13477,1950.8457,-26.935192,100,0,0),
(@NPC,10,-542.5573,1972.1945,-26.578905,100,0,0),
(@NPC,11,-506.2639,1970.6986,-26.502369,100,0,0),
(@NPC,12,-485.72113,1960.0192,-26.90592,100,0,0),
(@NPC,13,-466.64084,1961.1198,-28.28892,100,0,0),
(@NPC,14,-446.72678,1955.6875,-24.988396,100,0,0),
(@NPC,15,-428.7795,1979.7114,-27.090372,100,0,0),
(@NPC,16,-412.39648,1996.8242,-27.082487,100,0,0),
(@NPC,17,-387.93164,1998.4412,-27.08271,100,0,0),
(@NPC,18,-378.03104,2019.3624,-27.493328,100,0,0),
(@NPC,19,-365.36978,2040.1763,-27.063208,100,0,0),
(@NPC,20,-336.76215,2059.458,-20.211946,100,0,0),
(@NPC,21,-304.1517,2066.6487,-26.905931,100,0,0),
(@NPC,22,-279.07184,2068.715,-28.183018,100,0,0),
(@NPC,23,-254.47353,2063.9353,-30.632046,100,0,0),
(@NPC,24,-239.324,2061.7083,-28.187174,100,0,0),
(@NPC,25,-210.44716,2062.047,-26.921574,100,0,0),
(@NPC,26,-192.67795,2075.5178,-26.584137,100,0,0),
(@NPC,27,-170.97005,2090.0647,-26.390364,100,0,0),
(@NPC,28,-132.77692,2100.8242,-26.798065,100,0,0),
(@NPC,29,-108.29124,2100.8728,-26.819826,100,0,0),
(@NPC,30,-124.21409,2078.3564,-26.33663,100,0,0),
(@NPC,31,-134.27734,2051.3533,-23.05152,100,0,0),
(@NPC,32,-134.4426,2026.6548,-23.435081,100,0,0),
(@NPC,33,-108.46615,1996.7856,-24.515936,100,0,0),
(@NPC,34,-81.84386,1986.8429,-24.079107,100,0,0),
(@NPC,35,-55.894314,1982.2008,-26.61048,100,0,0),
(@NPC,36,-25.107857,2000.154,-28.962467,100,0,0),
(@NPC,37,-6.618924,2005.7648,-25.783165,100,0,0),
(@NPC,38,21.82411,2002.8019,-25.944729,100,0,0),
(@NPC,39,43.265625,2007.8076,-30.675196,100,0,0),
(@NPC,40,21.82411,2002.8019,-25.944729,100,0,0),
(@NPC,41,-6.618924,2005.7648,-25.783165,100,0,0),
(@NPC,42,-25.107857,2000.154,-28.962467,100,0,0),
(@NPC,43,-55.894314,1982.2008,-26.61048,100,0,0),
(@NPC,44,-81.84386,1986.8429,-24.079107,100,0,0),
(@NPC,45,-108.46615,1996.7856,-24.515936,100,0,0),
(@NPC,46,-134.4426,2026.6548,-23.435081,100,0,0),
(@NPC,47,-134.27734,2051.3533,-23.05152,100,0,0),
(@NPC,48,-124.21409,2078.3564,-26.33663,100,0,0),
(@NPC,49,-108.29124,2100.8728,-26.819826,100,0,0),
(@NPC,50,-132.77692,2100.8242,-26.798065,100,0,0),
(@NPC,51,-170.97005,2090.0647,-26.390364,100,0,0),
(@NPC,52,-192.67795,2075.5178,-26.584137,100,0,0),
(@NPC,53,-210.44716,2062.047,-26.921574,100,0,0),
(@NPC,54,-239.324,2061.7083,-28.187174,100,0,0),
(@NPC,55,-254.47353,2063.9353,-30.632046,100,0,0),
(@NPC,56,-279.07184,2068.715,-28.183018,100,0,0),
(@NPC,57,-304.1517,2066.6487,-26.905931,100,0,0),
(@NPC,58,-336.76215,2059.458,-20.211946,100,0,0),
(@NPC,59,-365.36978,2040.1763,-27.063208,100,0,0),
(@NPC,60,-378.03104,2019.3624,-27.493328,100,0,0),
(@NPC,61,-387.93164,1998.4412,-27.08271,100,0,0),
(@NPC,62,-412.39648,1996.8242,-27.082487,100,0,0),
(@NPC,63,-428.7795,1979.7114,-27.090372,100,0,0),
(@NPC,64,-446.72678,1955.6875,-24.988396,100,0,0),
(@NPC,65,-466.64084,1961.1198,-28.28892,100,0,0),
(@NPC,66,-485.72113,1960.0192,-26.90592,100,0,0),
(@NPC,67,-506.2639,1970.6986,-26.502369,100,0,0),
(@NPC,68,-542.5573,1972.1945,-26.578905,100,0,0),
(@NPC,69,-571.13477,1950.8457,-26.935192,100,0,0),
(@NPC,70,-588.3292,1944.0837,-27.532883,100,0,0),
(@NPC,71,-617.32404,1934.6172,-26.569038,100,0,0),
(@NPC,72,-639.8963,1927.0719,-28.531168,100,0,0),
(@NPC,73,-654.763,1917.6847,-29.551779,100,0,0),
(@NPC,74,-680.6504,1918.8853,-28.579773,100,0,0),
(@NPC,75,-693.30255,1923.8412,-27.21435,100,0,0),
(@NPC,76,-715.339,1929.5173,-26.697222,100,0,0);
SET @NPC := 45822;
UPDATE `creature` SET `spawndist`=0,`MovementType`=2,`position_x`=-10510.798,`position_y`=2374.7122,`position_z`=-48.453663 WHERE `guid`=@NPC;
DELETE FROM `creature_movement` WHERE `id`=@NPC;
INSERT INTO `creature_movement` (`id`,`point`,`positionx`,`positiony`,`positionz`,`orientation`,`waittime`,`scriptid`) VALUES
(@NPC,1,-10510.798,2374.7122,-48.453663,100,0,0),
(@NPC,2,-10481.732,2369.9707,-48.55732,100,0,0),
(@NPC,3,-10447.688,2366.3064,-49.23583,100,0,0),
(@NPC,4,-10425.143,2366.2314,-49.1588,100,0,0),
(@NPC,5,-10401.472,2365.9678,-48.888813,100,0,0),
(@NPC,6,-10384.112,2369.7717,-49.295868,100,0,0),
(@NPC,7,-10362.621,2362.6245,-49.323666,100,0,0),
(@NPC,8,-10354.451,2350.376,-48.873425,100,0,0),
(@NPC,9,-10332.153,2340.7646,-48.6536,100,0,0),
(@NPC,10,-10317.646,2330.986,-48.899227,100,0,0),
(@NPC,11,-10284.104,2320.889,-50.393032,100,0,0),
(@NPC,12,-10262.172,2315.8047,-50.160084,100,0,0),
(@NPC,13,-10229.623,2322.888,-49.511295,100,0,0),
(@NPC,14,-10203.697,2339.1934,-49.38879,100,0,0),
(@NPC,15,-10183.748,2326.009,-49.155113,100,0,0),
(@NPC,16,-10162.754,2327.3608,-49.3616,100,0,0),
(@NPC,17,-10140.345,2340.181,-49.323708,100,0,0),
(@NPC,18,-10128.322,2352.1255,-49.34224,100,0,0),
(@NPC,19,-10106.817,2360.9778,-49.325092,100,0,0),
(@NPC,20,-10080.911,2358.143,-49.323708,100,0,0),
(@NPC,21,-10053.521,2357.1958,-49.323704,100,0,0),
(@NPC,22,-10034.309,2366.3638,-49.323704,100,0,0),
(@NPC,23,-10012.894,2373.195,-49.32371,100,0,0),
(@NPC,24,-9985.744,2374.4998,-49.32371,100,0,0),
(@NPC,25,-9963.55,2373.1284,-49.409435,100,0,0),
(@NPC,26,-9941.316,2367.1946,-49.323715,100,0,0),
(@NPC,27,-9922.698,2357.6047,-49.32371,100,0,0),
(@NPC,28,-9941.316,2367.1946,-49.323715,100,0,0),
(@NPC,29,-9963.55,2373.1284,-49.409435,100,0,0),
(@NPC,30,-9985.744,2374.4998,-49.32371,100,0,0),
(@NPC,31,-10012.894,2373.195,-49.32371,100,0,0),
(@NPC,32,-10034.309,2366.3638,-49.323704,100,0,0),
(@NPC,33,-10053.521,2357.1958,-49.323704,100,0,0),
(@NPC,34,-10080.911,2358.143,-49.323708,100,0,0),
(@NPC,35,-10106.817,2360.9778,-49.325092,100,0,0),
(@NPC,36,-10128.322,2352.1255,-49.34224,100,0,0),
(@NPC,37,-10140.345,2340.181,-49.323708,100,0,0),
(@NPC,38,-10162.754,2327.3608,-49.3616,100,0,0),
(@NPC,39,-10183.748,2326.009,-49.155113,100,0,0),
(@NPC,40,-10203.697,2339.1934,-49.38879,100,0,0),
(@NPC,41,-10229.623,2322.888,-49.511295,100,0,0),
(@NPC,42,-10262.172,2315.8047,-50.160084,100,0,0),
(@NPC,43,-10284.104,2320.889,-50.393032,100,0,0),
(@NPC,44,-10317.646,2330.986,-48.899227,100,0,0),
(@NPC,45,-10332.153,2340.7646,-48.6536,100,0,0),
(@NPC,46,-10354.451,2350.376,-48.873425,100,0,0),
(@NPC,47,-10362.621,2362.6245,-49.323666,100,0,0),
(@NPC,48,-10384.112,2369.7717,-49.295868,100,0,0),
(@NPC,49,-10401.472,2365.9678,-48.888813,100,0,0),
(@NPC,50,-10425.143,2366.2314,-49.1588,100,0,0),
(@NPC,51,-10447.688,2366.3064,-49.23583,100,0,0),
(@NPC,52,-10481.732,2369.9707,-48.55732,100,0,0);
SET @NPC := 45829;
UPDATE `creature` SET `spawndist`=0,`MovementType`=2,`position_x`=-11745.13,`position_y`=2285.3813,`position_z`=-45.586575 WHERE `guid`=@NPC;
DELETE FROM `creature_movement` WHERE `id`=@NPC;
INSERT INTO `creature_movement` (`id`,`point`,`positionx`,`positiony`,`positionz`,`orientation`,`waittime`,`scriptid`) VALUES
(@NPC,1,-11745.13,2285.3813,-45.586575,100,0,0),
(@NPC,2,-11740.469,2262.3936,-44.559555,100,0,0),
(@NPC,3,-11729.947,2235.1572,-42.1893,100,0,0),
(@NPC,4,-11735.325,2214.6538,-42.274437,100,0,0),
(@NPC,5,-11735.702,2188.7253,-41.31621,100,0,0),
(@NPC,6,-11735.353,2162.327,-41.969227,100,0,0),
(@NPC,7,-11730.025,2143.6116,-46.34278,100,0,0),
(@NPC,8,-11724.099,2131.067,-47.22814,100,0,0),
(@NPC,9,-11726.118,2109.0798,-44.972507,100,0,0),
(@NPC,10,-11726.091,2090.1348,-45.659122,100,0,0),
(@NPC,11,-11721.773,2069.7517,-45.228306,100,0,0),
(@NPC,12,-11720.949,2051.2004,-45.97374,100,0,0),
(@NPC,13,-11725.311,2027.9653,-46.285694,100,0,0),
(@NPC,14,-11732.919,2007.0577,-46.65,100,0,0),
(@NPC,15,-11740.825,1979.7146,-48.055435,100,0,0),
(@NPC,16,-11743.106,1950.8209,-47.218697,100,0,0),
(@NPC,17,-11746.717,1929.1221,-48.649387,100,0,0),
(@NPC,18,-11731.872,1911.7684,-45.6039,100,0,0),
(@NPC,19,-11711.486,1882.7048,-39.820553,100,0,0),
(@NPC,20,-11705.884,1853.3385,-41.041737,100,0,0),
(@NPC,21,-11713.251,1825.6506,-42.980465,100,0,0),
(@NPC,22,-11729.974,1800.8964,-43.642673,100,0,0),
(@NPC,23,-11741.489,1793.2258,-43.941826,100,0,0),
(@NPC,24,-11762.642,1791.7864,-47.31677,100,0,0),
(@NPC,25,-11789.877,1790.4548,-48.727535,100,0,0),
(@NPC,26,-11762.642,1791.7864,-47.31677,100,0,0),
(@NPC,27,-11741.489,1793.2258,-43.941826,100,0,0),
(@NPC,28,-11729.974,1800.8964,-43.642673,100,0,0),
(@NPC,29,-11713.251,1825.6506,-42.980465,100,0,0),
(@NPC,30,-11705.884,1853.3385,-41.041737,100,0,0),
(@NPC,31,-11711.486,1882.7048,-39.820553,100,0,0),
(@NPC,32,-11731.872,1911.7684,-45.6039,100,0,0),
(@NPC,33,-11746.725,1929.0994,-48.66055,100,0,0),
(@NPC,34,-11743.106,1950.8209,-47.218697,100,0,0),
(@NPC,35,-11740.825,1979.7146,-48.055435,100,0,0),
(@NPC,36,-11732.919,2007.0577,-46.65,100,0,0),
(@NPC,37,-11725.311,2027.9653,-46.285694,100,0,0),
(@NPC,38,-11720.949,2051.2004,-45.97374,100,0,0),
(@NPC,39,-11721.773,2069.7517,-45.228306,100,0,0),
(@NPC,40,-11726.091,2090.1348,-45.659122,100,0,0),
(@NPC,41,-11726.118,2109.0798,-44.972507,100,0,0),
(@NPC,42,-11724.099,2131.067,-47.22814,100,0,0),
(@NPC,43,-11730.025,2143.6116,-46.34278,100,0,0),
(@NPC,44,-11735.353,2162.327,-41.969227,100,0,0),
(@NPC,45,-11735.702,2188.7253,-41.31621,100,0,0),
(@NPC,46,-11735.325,2214.6538,-42.274437,100,0,0),
(@NPC,47,-11729.947,2235.1572,-42.1893,100,0,0),
(@NPC,48,-11740.469,2262.3936,-44.559555,100,0,0);
SET @NPC := 45872;
UPDATE `creature` SET `spawndist`=0,`MovementType`=2,`position_x`=-9375.513,`position_y`=1770.1173,`position_z`=-49.32368 WHERE `guid`=@NPC;
DELETE FROM `creature_movement` WHERE `id`=@NPC;
INSERT INTO `creature_movement` (`id`,`point`,`positionx`,`positiony`,`positionz`,`orientation`,`waittime`,`scriptid`) VALUES
(@NPC,1,-9375.513,1770.1173,-49.32368,100,0,0),
(@NPC,2,-9394.925,1753.6793,-48.894604,100,0,0),
(@NPC,3,-9398.951,1726.9352,-49.33413,100,0,0),
(@NPC,4,-9402.122,1707.5145,-49.32367,100,0,0),
(@NPC,5,-9405.9375,1691.7931,-49.32371,100,0,0),
(@NPC,6,-9412.746,1662.4899,-49.328876,100,0,0),
(@NPC,7,-9409.348,1650.9661,-49.3374,100,0,0),
(@NPC,8,-9401.468,1632.137,-49.323677,100,0,0),
(@NPC,9,-9391.92,1609.7075,-49.323673,100,0,0),
(@NPC,10,-9386.701,1591.1215,-49.555515,100,0,0),
(@NPC,11,-9378.239,1565.8514,-49.26908,100,0,0),
(@NPC,12,-9360.417,1546.2266,-49.323692,100,0,0),
(@NPC,13,-9359.709,1520.5944,-49.323692,100,0,0),
(@NPC,14,-9372.765,1494.996,-49.32369,100,0,0),
(@NPC,15,-9377.916,1467.1539,-49.381474,100,0,0),
(@NPC,16,-9362.606,1446.8334,-49.73212,100,0,0),
(@NPC,17,-9345.151,1439.1428,-49.375423,100,0,0),
(@NPC,18,-9337.118,1416.2104,-49.323658,100,0,0),
(@NPC,19,-9324.2705,1394.9755,-49.32366,100,0,0),
(@NPC,20,-9306.561,1384.2079,-49.59035,100,0,0),
(@NPC,21,-9277.834,1360.9834,-49.165863,100,0,0),
(@NPC,22,-9267.099,1349.5934,-49.041294,100,0,0),
(@NPC,23,-9267.822,1312.8821,-49.32366,100,0,0),
(@NPC,24,-9255.698,1280.7006,-49.323986,100,0,0),
(@NPC,25,-9238.796,1266.7921,-49.223698,100,0,0),
(@NPC,26,-9214.504,1251.6842,-47.65036,100,0,0),
(@NPC,27,-9238.796,1266.7921,-49.223698,100,0,0),
(@NPC,28,-9255.698,1280.7006,-49.323986,100,0,0),
(@NPC,29,-9267.822,1312.8821,-49.32366,100,0,0),
(@NPC,30,-9267.099,1349.5934,-49.041294,100,0,0),
(@NPC,31,-9277.834,1360.9834,-49.165863,100,0,0),
(@NPC,32,-9306.561,1384.2079,-49.59035,100,0,0),
(@NPC,33,-9324.2705,1394.9755,-49.32366,100,0,0),
(@NPC,34,-9337.118,1416.2104,-49.323658,100,0,0),
(@NPC,35,-9345.151,1439.1428,-49.375423,100,0,0),
(@NPC,36,-9362.606,1446.8334,-49.73212,100,0,0),
(@NPC,37,-9377.916,1467.1539,-49.381474,100,0,0),
(@NPC,38,-9372.765,1494.996,-49.32369,100,0,0),
(@NPC,39,-9359.709,1520.5944,-49.323692,100,0,0),
(@NPC,40,-9360.417,1546.2266,-49.323692,100,0,0),
(@NPC,41,-9378.239,1565.8514,-49.26908,100,0,0),
(@NPC,42,-9386.701,1591.1215,-49.555515,100,0,0),
(@NPC,43,-9391.92,1609.7075,-49.323673,100,0,0),
(@NPC,44,-9401.468,1632.137,-49.323677,100,0,0),
(@NPC,45,-9409.348,1650.9661,-49.3374,100,0,0),
(@NPC,46,-9412.746,1662.4899,-49.328876,100,0,0),
(@NPC,47,-9405.9375,1691.7931,-49.32371,100,0,0),
(@NPC,48,-9402.122,1707.5145,-49.32367,100,0,0),
(@NPC,49,-9398.951,1726.9352,-49.33413,100,0,0),
(@NPC,50,-9394.925,1753.6793,-48.894604,100,0,0);
SET @NPC := 45895;
SET @POINT := 0;
UPDATE `creature` SET `spawndist`=0,`MovementType`=2,`position_x`=-11752.813,`position_y`=2352.357,`position_z`=-47.49553 WHERE `guid`=@NPC;
DELETE FROM `creature_movement` WHERE `id`=@NPC;
INSERT INTO `creature_movement` (`id`,`point`,`positionx`,`positiony`,`positionz`,`orientation`,`waittime`,`scriptid`) VALUES
(@NPC,(@POINT := @POINT + 1),-11752.813,2352.357,-47.49553,100,0,0),
(@NPC,(@POINT := @POINT + 1),-11741.18,2372.1904,-42.509243,100,0,0),
(@NPC,(@POINT := @POINT + 1),-11712.354,2372.3918,-37.838867,100,0,0),
(@NPC,(@POINT := @POINT + 1),-11676.435,2381.8782,-41.143055,100,0,0),
(@NPC,(@POINT := @POINT + 1),-11654.758,2383.6243,-43.545784,100,0,0),
(@NPC,(@POINT := @POINT + 1),-11631.615,2374.48,-45.945053,100,0,0),
(@NPC,(@POINT := @POINT + 1),-11613.955,2359.6597,-44.145893,100,0,0),
(@NPC,(@POINT := @POINT + 1),-11595.09,2341.0845,-41.458847,100,0,0),
(@NPC,(@POINT := @POINT + 1),-11583.426,2320.1772,-43.46651,100,0,0),
(@NPC,(@POINT := @POINT + 1),-11548.841,2316.046,-44.965923,100,0,0),
(@NPC,(@POINT := @POINT + 1),-11517.558,2306.6692,-48.09439,100,0,0),
(@NPC,(@POINT := @POINT + 1),-11481.359,2296.6116,-48.99771,100,0,0),
(@NPC,(@POINT := @POINT + 1),-11451.464,2287.8862,-49.28848,100,0,0),
(@NPC,(@POINT := @POINT + 1),-11425.843,2286.7102,-48.928795,100,0,0),
(@NPC,(@POINT := @POINT + 1),-11387.9,2293.8425,-49.295532,100,0,0),
(@NPC,(@POINT := @POINT + 1),-11355.107,2303.4363,-49.138966,100,0,0),
(@NPC,(@POINT := @POINT + 1),-11327.359,2292.7773,-48.242188,100,0,0),
(@NPC,(@POINT := @POINT + 1),-11309.462,2289.8171,-49.247505,100,0,0),
(@NPC,(@POINT := @POINT + 1),-11287.089,2293.7673,-49.340973,100,0,0),
(@NPC,(@POINT := @POINT + 1),-11273.583,2312.5305,-49.206337,100,0,0),
(@NPC,(@POINT := @POINT + 1),-11252.363,2325.634,-48.79274,100,0,0),
(@NPC,(@POINT := @POINT + 1),-11238.412,2334.23,-49.167526,100,0,0),
(@NPC,(@POINT := @POINT + 1),-11220.342,2359.4807,-51.20342,100,0,0),
(@NPC,(@POINT := @POINT + 1),-11201.285,2379.074,-48.081173,100,0,0),
(@NPC,(@POINT := @POINT + 1),-11199.73,2399.6523,-48.90241,100,0,0),
(@NPC,(@POINT := @POINT + 1),-11203.176,2418.0598,-46.27627,100,0,0),
(@NPC,(@POINT := @POINT + 1),-11203.514,2435.9744,-46.513535,100,0,0),
(@NPC,(@POINT := @POINT + 1),-11205.261,2447.361,-47.429497,100,0,0),
(@NPC,(@POINT := @POINT + 1),-11203.002,2461.4849,-47.55536,100,0,0),
(@NPC,(@POINT := @POINT + 1),-11201.566,2474.8865,-47.703506,100,0,0),
(@NPC,(@POINT := @POINT + 1),-11194.496,2485.011,-46.787968,100,0,0),
(@NPC,(@POINT := @POINT + 1),-11201.566,2474.8865,-47.703506,100,0,0),
(@NPC,(@POINT := @POINT + 1),-11203.002,2461.4849,-47.55536,100,0,0),
(@NPC,(@POINT := @POINT + 1),-11205.261,2447.361,-47.429497,100,0,0),
(@NPC,(@POINT := @POINT + 1),-11203.514,2435.9744,-46.513535,100,0,0),
(@NPC,(@POINT := @POINT + 1),-11203.176,2418.0598,-46.27627,100,0,0),
(@NPC,(@POINT := @POINT + 1),-11199.73,2399.6523,-48.90241,100,0,0),
(@NPC,(@POINT := @POINT + 1),-11201.285,2379.074,-48.081173,100,0,0),
(@NPC,(@POINT := @POINT + 1),-11220.342,2359.4807,-51.20342,100,0,0),
(@NPC,(@POINT := @POINT + 1),-11238.412,2334.23,-49.167526,100,0,0),
(@NPC,(@POINT := @POINT + 1),-11252.363,2325.634,-48.79274,100,0,0),
(@NPC,(@POINT := @POINT + 1),-11273.583,2312.5305,-49.206337,100,0,0),
(@NPC,(@POINT := @POINT + 1),-11287.089,2293.7673,-49.340973,100,0,0),
(@NPC,(@POINT := @POINT + 1),-11309.462,2289.8171,-49.247505,100,0,0),
(@NPC,(@POINT := @POINT + 1),-11327.359,2292.7773,-48.242188,100,0,0),
(@NPC,(@POINT := @POINT + 1),-11355.107,2303.4363,-49.138966,100,0,0),
(@NPC,(@POINT := @POINT + 1),-11387.9,2293.8425,-49.295532,100,0,0),
(@NPC,(@POINT := @POINT + 1),-11425.843,2286.7102,-48.928795,100,0,0),
(@NPC,(@POINT := @POINT + 1),-11451.464,2287.8862,-49.28848,100,0,0),
(@NPC,(@POINT := @POINT + 1),-11481.359,2296.6116,-48.99771,100,0,0),
(@NPC,(@POINT := @POINT + 1),-11517.558,2306.6692,-48.09439,100,0,0),
(@NPC,(@POINT := @POINT + 1),-11548.841,2316.046,-44.965923,100,0,0),
(@NPC,(@POINT := @POINT + 1),-11583.426,2320.1772,-43.46651,100,0,0),
(@NPC,(@POINT := @POINT + 1),-11595.09,2341.0845,-41.458847,100,0,0),
(@NPC,(@POINT := @POINT + 1),-11613.955,2359.6597,-44.145893,100,0,0),
(@NPC,(@POINT := @POINT + 1),-11631.615,2374.48,-45.945053,100,0,0),
(@NPC,(@POINT := @POINT + 1),-11654.758,2383.6243,-43.545784,100,0,0),
(@NPC,(@POINT := @POINT + 1),-11676.435,2381.8782,-41.143055,100,0,0),
(@NPC,(@POINT := @POINT + 1),-11712.354,2372.3918,-37.838867,100,0,0),
(@NPC,(@POINT := @POINT + 1),-11741.18,2372.1904,-42.509243,100,0,0);
SET @NPC := 45929;
SET @POINT := 0;
UPDATE `creature` SET `spawndist`=0,`MovementType`=2,`position_x`=-9371.898,`position_y`=2013.5358,`position_z`=-49.305412 WHERE `guid`=@NPC;
DELETE FROM `creature_movement` WHERE `id`=@NPC;
INSERT INTO `creature_movement` (`id`,`point`,`positionx`,`positiony`,`positionz`,`orientation`,`waittime`,`scriptid`) VALUES
(@NPC,(@POINT := @POINT + 1),-9371.898,2013.5358,-49.305412,100,0,0),
(@NPC,(@POINT := @POINT + 1),-9375.377,2035.5226,-49.323666,100,0,0),
(@NPC,(@POINT := @POINT + 1),-9384.778,2055.914,-49.323666,100,0,0),
(@NPC,(@POINT := @POINT + 1),-9402.778,2075.2322,-49.37955,100,0,0),
(@NPC,(@POINT := @POINT + 1),-9411.825,2091.8372,-48.556126,100,0,0),
(@NPC,(@POINT := @POINT + 1),-9424.404,2112.911,-47.310204,100,0,0),
(@NPC,(@POINT := @POINT + 1),-9437.791,2129.279,-49.94432,100,0,0),
(@NPC,(@POINT := @POINT + 1),-9444.8125,2144.3982,-48.484436,100,0,0),
(@NPC,(@POINT := @POINT + 1),-9452.669,2161.056,-49.32368,100,0,0),
(@NPC,(@POINT := @POINT + 1),-9472.646,2178.9392,-49.348824,100,0,0),
(@NPC,(@POINT := @POINT + 1),-9482.805,2191.8997,-49.48556,100,0,0),
(@NPC,(@POINT := @POINT + 1),-9498.311,2226.466,-49.403206,100,0,0),
(@NPC,(@POINT := @POINT + 1),-9525.6045,2235.9067,-48.431458,100,0,0),
(@NPC,(@POINT := @POINT + 1),-9551.479,2237.5076,-49.32701,100,0,0),
(@NPC,(@POINT := @POINT + 1),-9572.986,2241.144,-49.329895,100,0,0),
(@NPC,(@POINT := @POINT + 1),-9590.438,2253.1072,-49.3563,100,0,0),
(@NPC,(@POINT := @POINT + 1),-9600.091,2259.8015,-49.255234,100,0,0),
(@NPC,(@POINT := @POINT + 1),-9607.362,2278.7896,-48.30995,100,0,0),
(@NPC,(@POINT := @POINT + 1),-9614.007,2291.364,-48.77,100,0,0),
(@NPC,(@POINT := @POINT + 1),-9622.691,2295.1116,-47.872723,100,0,0),
(@NPC,(@POINT := @POINT + 1),-9640.452,2293.369,-49.08194,100,0,0),
(@NPC,(@POINT := @POINT + 1),-9656.1875,2285.2651,-51.250385,100,0,0),
(@NPC,(@POINT := @POINT + 1),-9674.827,2293.8315,-53.19163,100,0,0),
(@NPC,(@POINT := @POINT + 1),-9680.189,2298.5747,-52.238617,100,0,0),
(@NPC,(@POINT := @POINT + 1),-9696.556,2322.4382,-48.86149,100,0,0),
(@NPC,(@POINT := @POINT + 1),-9696.817,2335.953,-49.52276,100,0,0),
(@NPC,(@POINT := @POINT + 1),-9691.763,2356.2415,-50.153725,100,0,0),
(@NPC,(@POINT := @POINT + 1),-9702.932,2365.2146,-49.37622,100,0,0),
(@NPC,(@POINT := @POINT + 1),-9724.843,2372.7856,-49.323826,100,0,0),
(@NPC,(@POINT := @POINT + 1),-9746.457,2373.677,-49.323708,100,0,0),
(@NPC,(@POINT := @POINT + 1),-9769.08,2371.1128,-49.524952,100,0,0),
(@NPC,(@POINT := @POINT + 1),-9783.666,2353.3552,-49.324673,100,0,0),
(@NPC,(@POINT := @POINT + 1),-9804.024,2335.5168,-49.328007,100,0,0),
(@NPC,(@POINT := @POINT + 1),-9819.598,2329.8425,-49.347214,100,0,0),
(@NPC,(@POINT := @POINT + 1),-9843.26,2330.8484,-50.09211,100,0,0),
(@NPC,(@POINT := @POINT + 1),-9858.645,2327.5571,-50.219105,100,0,0),
(@NPC,(@POINT := @POINT + 1),-9881.009,2336.715,-49.81069,100,0,0),
(@NPC,(@POINT := @POINT + 1),-9858.645,2327.5571,-50.219105,100,0,0),
(@NPC,(@POINT := @POINT + 1),-9843.26,2330.8484,-50.09211,100,0,0),
(@NPC,(@POINT := @POINT + 1),-9819.598,2329.8425,-49.347214,100,0,0),
(@NPC,(@POINT := @POINT + 1),-9804.024,2335.5168,-49.328007,100,0,0),
(@NPC,(@POINT := @POINT + 1),-9783.666,2353.3552,-49.324673,100,0,0),
(@NPC,(@POINT := @POINT + 1),-9769.08,2371.1128,-49.524952,100,0,0),
(@NPC,(@POINT := @POINT + 1),-9746.457,2373.677,-49.323708,100,0,0),
(@NPC,(@POINT := @POINT + 1),-9724.843,2372.7856,-49.323826,100,0,0),
(@NPC,(@POINT := @POINT + 1),-9702.932,2365.2146,-49.37622,100,0,0),
(@NPC,(@POINT := @POINT + 1),-9691.763,2356.2415,-50.153725,100,0,0),
(@NPC,(@POINT := @POINT + 1),-9696.817,2335.953,-49.52276,100,0,0),
(@NPC,(@POINT := @POINT + 1),-9696.556,2322.4382,-48.86149,100,0,0),
(@NPC,(@POINT := @POINT + 1),-9680.189,2298.5747,-52.238617,100,0,0),
(@NPC,(@POINT := @POINT + 1),-9674.827,2293.8315,-53.19163,100,0,0),
(@NPC,(@POINT := @POINT + 1),-9656.1875,2285.2651,-51.250385,100,0,0),
(@NPC,(@POINT := @POINT + 1),-9640.452,2293.369,-49.08194,100,0,0),
(@NPC,(@POINT := @POINT + 1),-9622.691,2295.1116,-47.872723,100,0,0),
(@NPC,(@POINT := @POINT + 1),-9614.007,2291.364,-48.77,100,0,0),
(@NPC,(@POINT := @POINT + 1),-9607.362,2278.7896,-48.30995,100,0,0),
(@NPC,(@POINT := @POINT + 1),-9600.091,2259.8015,-49.255234,100,0,0),
(@NPC,(@POINT := @POINT + 1),-9590.438,2253.1072,-49.3563,100,0,0),
(@NPC,(@POINT := @POINT + 1),-9572.986,2241.144,-49.329895,100,0,0),
(@NPC,(@POINT := @POINT + 1),-9551.479,2237.5076,-49.32701,100,0,0),
(@NPC,(@POINT := @POINT + 1),-9525.6045,2235.9067,-48.431458,100,0,0),
(@NPC,(@POINT := @POINT + 1),-9498.311,2226.466,-49.403206,100,0,0),
(@NPC,(@POINT := @POINT + 1),-9482.805,2191.8997,-49.48556,100,0,0),
(@NPC,(@POINT := @POINT + 1),-9472.646,2178.9392,-49.348824,100,0,0),
(@NPC,(@POINT := @POINT + 1),-9452.669,2161.056,-49.32368,100,0,0),
(@NPC,(@POINT := @POINT + 1),-9444.8125,2144.3982,-48.484436,100,0,0),
(@NPC,(@POINT := @POINT + 1),-9437.791,2129.279,-49.94432,100,0,0),
(@NPC,(@POINT := @POINT + 1),-9424.404,2112.911,-47.310204,100,0,0),
(@NPC,(@POINT := @POINT + 1),-9411.825,2091.8372,-48.556126,100,0,0),
(@NPC,(@POINT := @POINT + 1),-9402.778,2075.2322,-49.37955,100,0,0),
(@NPC,(@POINT := @POINT + 1),-9384.778,2055.914,-49.323666,100,0,0),
(@NPC,(@POINT := @POINT + 1),-9375.377,2035.5226,-49.323666,100,0,0);
SET @NPC := 45975;
UPDATE `creature` SET `spawndist`=0,`MovementType`=2,`position_x`=7802.3784,`position_y`=125.48118,`position_z`=-49.297783 WHERE `guid`=@NPC;
DELETE FROM `creature_movement` WHERE `id`=@NPC;
INSERT INTO `creature_movement` (`id`,`point`,`positionx`,`positiony`,`positionz`,`orientation`,`waittime`,`scriptid`) VALUES
(@NPC,1,7802.3784,125.48118,-49.297783,100,0,0),
(@NPC,2,7793.797,107.88145,-48.920044,100,0,0),
(@NPC,3,7800.2163,86.378716,-46.983852,100,0,0),
(@NPC,4,7807.114,72.28744,-44.11554,100,0,0),
(@NPC,5,7814.981,51.6856,-43.500942,100,0,0),
(@NPC,6,7817.847,34.272842,-43.377926,100,0,0),
(@NPC,7,7843.153,17.219456,-40.983753,100,0,0),
(@NPC,8,7850.934,-3.857965,-41.169914,100,0,0),
(@NPC,9,7849.0254,-26.549643,-40.953804,100,0,0),
(@NPC,10,7858.3193,-40.989693,-40.953815,100,0,0),
(@NPC,11,7849.6504,-63.976616,-41.325504,100,0,0),
(@NPC,12,7845.8125,-91.24175,-40.85819,100,0,0),
(@NPC,13,7853.3906,-108.90831,-40.929794,100,0,0),
(@NPC,14,7869.635,-122.93045,-40.44369,100,0,0),
(@NPC,15,7873.152,-140.07173,-32.45444,100,0,0),
(@NPC,16,7890.205,-159.30078,-40.608833,100,0,0),
(@NPC,17,7906.2363,-159.67773,-43.400475,100,0,0),
(@NPC,18,7923.4097,-176.60791,-40.525986,100,0,0),
(@NPC,19,7935.3594,-191.12956,-39.549026,100,0,0),
(@NPC,20,7936.3594,-208.94147,-40.826736,100,0,0),
(@NPC,21,7926.6943,-220.24393,-40.081135,100,0,0),
(@NPC,22,7929.9697,-241.64893,-40.976784,100,0,0),
(@NPC,23,7938.5903,-257.16956,-39.970783,100,0,0),
(@NPC,24,7951.184,-269.71414,-39.180874,100,0,0),
(@NPC,25,7955.607,-288.0663,-40.069027,100,0,0),
(@NPC,26,7957.7485,-305.55008,-40.884876,100,0,0),
(@NPC,27,7955.3325,-326.8554,-40.936886,100,0,0),
(@NPC,28,7956.401,-349.5325,-40.052017,100,0,0),
(@NPC,29,7966.093,-364.91547,-40.450687,100,0,0),
(@NPC,30,7975.932,-381.7513,-39.98137,100,0,0),
(@NPC,31,7966.093,-364.91547,-40.450687,100,0,0),
(@NPC,32,7956.401,-349.5325,-40.052017,100,0,0),
(@NPC,33,7955.3325,-326.8554,-40.936886,100,0,0),
(@NPC,34,7957.7485,-305.55008,-40.884876,100,0,0),
(@NPC,35,7955.607,-288.0663,-40.069027,100,0,0),
(@NPC,36,7951.184,-269.71414,-39.180874,100,0,0),
(@NPC,37,7938.5903,-257.16956,-39.970783,100,0,0),
(@NPC,38,7929.9697,-241.64893,-40.976784,100,0,0),
(@NPC,39,7926.6943,-220.24393,-40.081135,100,0,0),
(@NPC,40,7936.3594,-208.94147,-40.826736,100,0,0),
(@NPC,41,7935.3594,-191.12956,-39.549026,100,0,0),
(@NPC,42,7923.4097,-176.60791,-40.525986,100,0,0),
(@NPC,43,7906.2363,-159.67773,-43.400475,100,0,0),
(@NPC,44,7890.2363,-159.30273,-40.54209,100,0,0),
(@NPC,45,7873.152,-140.07173,-32.45444,100,0,0),
(@NPC,46,7869.635,-122.93045,-40.44369,100,0,0),
(@NPC,47,7853.3906,-108.90831,-40.929794,100,0,0),
(@NPC,48,7845.8125,-91.24175,-40.85819,100,0,0),
(@NPC,49,7849.6504,-63.976616,-41.325504,100,0,0),
(@NPC,50,7858.3193,-40.989693,-40.953815,100,0,0),
(@NPC,51,7849.0254,-26.549643,-40.953804,100,0,0),
(@NPC,52,7850.934,-3.857965,-41.169914,100,0,0),
(@NPC,53,7843.153,17.219456,-40.983753,100,0,0),
(@NPC,54,7817.847,34.272842,-43.377926,100,0,0),
(@NPC,55,7814.981,51.6856,-43.500942,100,0,0),
(@NPC,56,7807.114,72.28744,-44.11554,100,0,0),
(@NPC,57,7800.2163,86.378716,-46.983852,100,0,0),
(@NPC,58,7793.797,107.88145,-48.920044,100,0,0);
SET @NPC := 46019;
UPDATE `creature` SET `spawndist`=0,`MovementType`=2,`position_x`=8134.8022,`position_y`=-836.6719,`position_z`=-40.134033 WHERE `guid`=@NPC;
DELETE FROM `creature_movement` WHERE `id`=@NPC;
INSERT INTO `creature_movement` (`id`,`point`,`positionx`,`positiony`,`positionz`,`orientation`,`waittime`,`scriptid`) VALUES
(@NPC,1,8134.8022,-836.6719,-40.134033,100,0,0),
(@NPC,2,8131.752,-822.4887,-41.271465,100,0,0),
(@NPC,3,8127.3228,-799.64496,-42.567482,100,0,0),
(@NPC,4,8128.6006,-783.05524,-41.422424,100,0,0),
(@NPC,5,8130.4453,-766.7687,-41.962513,100,0,0),
(@NPC,6,8126.114,-751.17004,-40.667347,100,0,0),
(@NPC,7,8115.6797,-741.43097,-38.73201,100,0,0),
(@NPC,8,8104.9517,-720.7225,-40.18502,100,0,0),
(@NPC,9,8095.6797,-707.89734,-40.878784,100,0,0),
(@NPC,10,8086.0244,-699.9971,-40.978767,100,0,0),
(@NPC,11,8074.375,-704.8757,-40.77322,100,0,0),
(@NPC,12,8060.973,-706.268,-42.791138,100,0,0),
(@NPC,13,8055.4697,-697.82587,-51.761295,100,0,0),
(@NPC,14,8049.752,-685.39606,-48.292946,100,0,0),
(@NPC,15,8035.441,-681.5139,-34.146626,100,0,0),
(@NPC,16,8013.2666,-685.1811,-30.335743,100,0,0),
(@NPC,17,7981.941,-679.64703,-21.15667,100,0,0),
(@NPC,18,7970.1797,-668.99445,-27.021477,100,0,0),
(@NPC,19,7965.924,-645.0463,-38.81103,100,0,0),
(@NPC,20,7955.257,-616.9217,-38.0613,100,0,0),
(@NPC,21,7935.818,-584.71747,-41.475227,100,0,0),
(@NPC,22,7926.5957,-557.783,-40.959846,100,0,0),
(@NPC,23,7927.624,-535.99945,-41.538754,100,0,0),
(@NPC,24,7937.7544,-503.65952,-40.956593,100,0,0),
(@NPC,25,7955.8013,-473.48514,-40.296925,100,0,0),
(@NPC,26,7971.3716,-447.4146,-39.693623,100,0,0),
(@NPC,27,7974,-423.58453,-40.04128,100,0,0),
(@NPC,28,7971.3716,-447.4146,-39.693623,100,0,0),
(@NPC,29,7955.8013,-473.48514,-40.296925,100,0,0),
(@NPC,30,7937.7544,-503.65952,-40.956593,100,0,0),
(@NPC,31,7927.624,-535.99945,-41.538754,100,0,0),
(@NPC,32,7926.5957,-557.783,-40.959846,100,0,0),
(@NPC,33,7935.818,-584.71747,-41.475227,100,0,0),
(@NPC,34,7955.257,-616.9217,-38.0613,100,0,0),
(@NPC,35,7965.924,-645.0463,-38.81103,100,0,0),
(@NPC,36,7970.1797,-668.99445,-27.021477,100,0,0),
(@NPC,37,7981.941,-679.64703,-21.15667,100,0,0),
(@NPC,38,8013.2666,-685.1811,-30.335743,100,0,0),
(@NPC,39,8035.441,-681.5139,-34.146626,100,0,0),
(@NPC,40,8049.752,-685.39606,-48.292946,100,0,0),
(@NPC,41,8055.4697,-697.82587,-51.761295,100,0,0),
(@NPC,42,8060.973,-706.268,-42.791138,100,0,0),
(@NPC,43,8074.375,-704.8757,-40.77322,100,0,0),
(@NPC,44,8086.0244,-699.9971,-40.978767,100,0,0),
(@NPC,45,8095.6797,-707.89734,-40.878784,100,0,0),
(@NPC,46,8104.9517,-720.7225,-40.18502,100,0,0),
(@NPC,47,8115.6797,-741.43097,-38.73201,100,0,0),
(@NPC,48,8126.114,-751.17004,-40.667347,100,0,0),
(@NPC,49,8130.4453,-766.7687,-41.962513,100,0,0),
(@NPC,50,8128.6006,-783.05524,-41.422424,100,0,0),
(@NPC,51,8127.3228,-799.64496,-42.567482,100,0,0),
(@NPC,52,8131.752,-822.4887,-41.271465,100,0,0);
SET @NPC := 47495;
UPDATE `creature` SET `spawndist`=0,`MovementType`=2,`position_x`=4844.766,`position_y`=1179.8939,`position_z`=-60.21441 WHERE `guid`=@NPC;
DELETE FROM `creature_movement` WHERE `id`=@NPC;
INSERT INTO `creature_movement` (`id`,`point`,`positionx`,`positiony`,`positionz`,`orientation`,`waittime`,`scriptid`) VALUES
(@NPC,1,4844.766,1179.8939,-60.21441,100,0,0),
(@NPC,2,4878.1675,1190.7233,-63.3942,100,0,0),
(@NPC,3,4923.4736,1193.145,-63.446198,100,0,0),
(@NPC,4,4954.0156,1193.5875,-55.98921,100,0,0),
(@NPC,5,4979.139,1212.6051,-62.253468,100,0,0),
(@NPC,6,5014.1694,1211.7435,-62.95014,100,0,0),
(@NPC,7,5046.6626,1213.9763,-58.00392,100,0,0),
(@NPC,8,5082.1216,1210.3367,-51.839745,100,0,0),
(@NPC,9,5119.3774,1183.9844,-47.65076,100,0,0),
(@NPC,10,5153.502,1183.6526,-47.890156,100,0,0),
(@NPC,11,5188.0547,1190.496,-49.312744,100,0,0),
(@NPC,12,5218.3315,1212.1556,-45.528652,100,0,0),
(@NPC,13,5251.109,1225.8187,-45.125008,100,0,0),
(@NPC,14,5280.9844,1238.9106,-48.15255,100,0,0),
(@NPC,15,5308.271,1248.2626,-48.598286,100,0,0),
(@NPC,16,5322.0347,1270.7565,-46.345604,100,0,0),
(@NPC,17,5341.369,1254.5459,-47.13588,100,0,0),
(@NPC,18,5356.452,1219.1627,-62.71325,100,0,0),
(@NPC,19,5360.5444,1187.2048,-63.110336,100,0,0),
(@NPC,20,5359.1006,1153.8225,-64.21479,100,0,0),
(@NPC,21,5384.2925,1138.5608,-64.37565,100,0,0),
(@NPC,22,5403.794,1138.2913,-68.5851,100,0,0),
(@NPC,23,5417.1763,1150.392,-74.3359,100,0,0),
(@NPC,24,5420.5527,1176.1631,-81.96785,100,0,0),
(@NPC,25,5414.007,1212.9615,-82.26464,100,0,0),
(@NPC,26,5412.2407,1247.7418,-94.123055,100,0,0),
(@NPC,27,5414.007,1212.9615,-82.26464,100,0,0),
(@NPC,28,5420.559,1176.2924,-82.057304,100,0,0),
(@NPC,29,5417.1763,1150.392,-74.3359,100,0,0),
(@NPC,30,5403.8164,1138.3154,-68.57826,100,0,0),
(@NPC,31,5384.2925,1138.5608,-64.37565,100,0,0),
(@NPC,32,5359.1006,1153.8225,-64.21479,100,0,0),
(@NPC,33,5360.5444,1187.2048,-63.110336,100,0,0),
(@NPC,34,5356.452,1219.1627,-62.71325,100,0,0),
(@NPC,35,5341.369,1254.5459,-47.13588,100,0,0),
(@NPC,36,5322.0347,1270.7565,-46.345604,100,0,0),
(@NPC,37,5308.271,1248.2626,-48.598286,100,0,0),
(@NPC,38,5280.9844,1238.9106,-48.15255,100,0,0),
(@NPC,39,5251.109,1225.8187,-45.125008,100,0,0),
(@NPC,40,5218.3315,1212.1556,-45.528652,100,0,0),
(@NPC,41,5188.0547,1190.496,-49.312744,100,0,0),
(@NPC,42,5153.502,1183.6526,-47.890156,100,0,0),
(@NPC,43,5119.3774,1183.9844,-47.65076,100,0,0),
(@NPC,44,5082.1216,1210.3367,-51.839745,100,0,0),
(@NPC,45,5046.6626,1213.9763,-58.00392,100,0,0),
(@NPC,46,5014.1694,1211.7435,-62.95014,100,0,0),
(@NPC,47,4979.139,1212.6051,-62.253468,100,0,0),
(@NPC,48,4954.0156,1193.5875,-55.98921,100,0,0),
(@NPC,49,4923.4736,1193.145,-63.446198,100,0,0),
(@NPC,50,4878.1675,1190.7233,-63.3942,100,0,0);
SET @NPC := 47499;
UPDATE `creature` SET `spawndist`=0,`MovementType`=2,`position_x`=7475.924,`position_y`=495.02505,`position_z`=-23.045904 WHERE `guid`=@NPC;
DELETE FROM `creature_movement` WHERE `id`=@NPC;
INSERT INTO `creature_movement` (`id`,`point`,`positionx`,`positiony`,`positionz`,`orientation`,`waittime`,`scriptid`) VALUES
(@NPC,1,7475.924,495.02505,-23.045904,100,0,0),
(@NPC,2,7481.47600,469.89224,-21.636456,100,0,0),
(@NPC,3,7484.2803,445.07156,-22.228525,100,0,0),
(@NPC,4,7500.9775,427.51535,-22.305315,100,0,0),
(@NPC,5,7517.291,422.05103,-22.497606,100,0,0),
(@NPC,6,7522.888,399.04742,-19.452967,100,0,0),
(@NPC,7,7524.514,384.858,-19.784554,100,0,0),
(@NPC,8,7534.7085,367.49893,-29.606258,100,0,0),
(@NPC,9,7550.0146,359.01068,-33.695774,100,0,0),
(@NPC,10,7573.264,356.996,-39.382313,100,0,0),
(@NPC,11,7607.297,374.31085,-48.98703,100,0,0),
(@NPC,12,7629.0547,384.37436,-49.989414,100,0,0),
(@NPC,13,7643.0635,399.05215,-47.412872,100,0,0),
(@NPC,14,7654.5947,419.1046,-48.86504,100,0,0),
(@NPC,15,7646.1494,385.53488,-48.298214,100,0,0),
(@NPC,16,7645.026,355.37326,-47.043583,100,0,0),
(@NPC,17,7650.7256,330.9955,-48.713154,100,0,0),
(@NPC,18,7635.6606,307.5624,-48.708332,100,0,0),
(@NPC,19,7629.2734,281.23532,-47.9159,100,0,0),
(@NPC,20,7619.3203,257.25946,-45.777184,100,0,0),
(@NPC,21,7637.4556,221.18527,-48.45704,100,0,0),
(@NPC,22,7658.8804,209.7599,-47.962177,100,0,0),
(@NPC,23,7673.5166,205.37483,-48.813007,100,0,0),
(@NPC,24,7697.837,205.38113,-49.171253,100,0,0),
(@NPC,25,7717.548,202.46638,-49.055412,100,0,0),
(@NPC,26,7743.096,205.84529,-49.36609,100,0,0),
(@NPC,27,7763.231,192.04352,-49.154133,100,0,0),
(@NPC,28,7778.837,176.4327,-49.10277,100,0,0),
(@NPC,29,7792.593,153.18994,-49.9042,100,0,0),
(@NPC,30,7804.158,133.97627,-49.323685,100,0,0),
(@NPC,31,7792.593,153.18994,-49.9042,100,0,0),
(@NPC,32,7778.837,176.4327,-49.10277,100,0,0),
(@NPC,33,7763.231,192.04352,-49.154133,100,0,0),
(@NPC,34,7743.096,205.84529,-49.36609,100,0,0),
(@NPC,35,7717.548,202.46638,-49.055412,100,0,0),
(@NPC,36,7697.837,205.38113,-49.171253,100,0,0),
(@NPC,37,7673.5166,205.37483,-48.813007,100,0,0),
(@NPC,38,7658.8804,209.7599,-47.962177,100,0,0),
(@NPC,39,7637.4556,221.18527,-48.45704,100,0,0),
(@NPC,40,7619.3203,257.25946,-45.777184,100,0,0),
(@NPC,41,7629.2734,281.23532,-47.9159,100,0,0),
(@NPC,42,7635.6606,307.5624,-48.708332,100,0,0),
(@NPC,43,7650.7256,330.9955,-48.713154,100,0,0),
(@NPC,44,7645.026,355.37326,-47.043583,100,0,0),
(@NPC,45,7646.1494,385.53488,-48.298214,100,0,0),
(@NPC,46,7654.5947,419.1046,-48.86504,100,0,0),
(@NPC,47,7643.1396,399.16016,-47.333004,100,0,0),
(@NPC,48,7629.0547,384.37436,-49.989414,100,0,0),
(@NPC,49,7607.297,374.31085,-48.98703,100,0,0),
(@NPC,50,7573.264,356.996,-39.382313,100,0,0),
(@NPC,51,7550.0146,359.01068,-33.695774,100,0,0),
(@NPC,52,7534.7085,367.49893,-29.606258,100,0,0),
(@NPC,53,7524.5723,384.7246,-19.756264,100,0,0),
(@NPC,54,7522.888,399.04742,-19.452967,100,0,0),
(@NPC,55,7517.291,422.05103,-22.497606,100,0,0),
(@NPC,56,7500.9775,427.51535,-22.305315,100,0,0),
(@NPC,57,7484.2803,445.07156,-22.228525,100,0,0),
(@NPC,58,7481.47600,469.89224,-21.636456,100,0,0);
SET @NPC := 47501;
UPDATE `creature` SET `spawndist`=0,`MovementType`=2,`position_x`=3322.0764,`position_y`=2088.7107,`position_z`=-38.87998 WHERE `guid`=@NPC;
DELETE FROM `creature_movement` WHERE `id`=@NPC;
INSERT INTO `creature_movement` (`id`,`point`,`positionx`,`positiony`,`positionz`,`orientation`,`waittime`,`scriptid`) VALUES
(@NPC,1,3322.0764,2088.7107,-38.87998,100,0,0),
(@NPC,2,3358.8555,2089.5007,-56.81653,100,0,0),
(@NPC,3,3384.9739,2074.0237,-68.89569,100,0,0),
(@NPC,4,3415.4062,2051.1382,-77.16165,100,0,0),
(@NPC,5,3420.3826,2007.8577,-76.39381,100,0,0),
(@NPC,6,3439.876,1986.0673,-79.97044,100,0,0),
(@NPC,7,3449.6396,1961.8756,-79.05991,100,0,0),
(@NPC,8,3470.3733,1941.6947,-80.82774,100,0,0),
(@NPC,9,3476.7073,1914.1367,-81.38842,100,0,0),
(@NPC,10,3456.3037,1885.8507,-87.035645,100,0,0),
(@NPC,11,3457.2488,1846.4208,-84.92592,100,0,0),
(@NPC,12,3472.419,1836.859,-85.05566,100,0,0),
(@NPC,13,3491.9565,1811.8726,-85.21457,100,0,0),
(@NPC,14,3517.9172,1786.4347,-83.80014,100,0,0),
(@NPC,15,3540.8877,1780.0696,-73.92102,100,0,0),
(@NPC,16,3561.9856,1761.4338,-67.40245,100,0,0),
(@NPC,17,3572.3618,1738.899,-66.877655,100,0,0),
(@NPC,18,3568.943,1716.987,-70.551346,100,0,0),
(@NPC,19,3572.6697,1693.6663,-69.30922,100,0,0),
(@NPC,20,3580.3726,1670.5475,-63.873455,100,0,0),
(@NPC,21,3585.6506,1643.8645,-61.815445,100,0,0),
(@NPC,22,3579.4617,1619.8783,-58.222313,100,0,0),
(@NPC,23,3585.6506,1643.8645,-61.815445,100,0,0),
(@NPC,24,3580.3726,1670.5475,-63.873455,100,0,0),
(@NPC,25,3572.6697,1693.6663,-69.30922,100,0,0),
(@NPC,26,3568.943,1716.987,-70.551346,100,0,0),
(@NPC,27,3572.3618,1738.899,-66.877655,100,0,0),
(@NPC,28,3561.9856,1761.4338,-67.40245,100,0,0),
(@NPC,29,3540.8877,1780.0696,-73.92102,100,0,0),
(@NPC,30,3517.9172,1786.4347,-83.80014,100,0,0),
(@NPC,31,3491.9565,1811.8726,-85.21457,100,0,0),
(@NPC,32,3472.419,1836.859,-85.05566,100,0,0),
(@NPC,33,3457.2488,1846.4208,-84.92592,100,0,0),
(@NPC,34,3456.3037,1885.8507,-87.035645,100,0,0),
(@NPC,35,3476.7073,1914.1367,-81.38842,100,0,0),
(@NPC,36,3470.3733,1941.6947,-80.82774,100,0,0),
(@NPC,37,3449.6396,1961.8756,-79.05991,100,0,0),
(@NPC,38,3439.876,1986.0673,-79.97044,100,0,0),
(@NPC,39,3420.3826,2007.8577,-76.39381,100,0,0),
(@NPC,40,3415.4062,2051.1382,-77.16165,100,0,0),
(@NPC,41,3384.9739,2074.0237,-68.89569,100,0,0),
(@NPC,42,3358.8555,2089.5007,-56.81653,100,0,0);
SET @NPC := 52506;
SET @POINT := 0;
UPDATE `creature` SET `spawndist`=0,`MovementType`=2,`position_x`=4990.233,`position_y`=1242.3502,`position_z`=-61.272816 WHERE `guid`=@NPC;
DELETE FROM `creature_movement` WHERE `id`=@NPC;
INSERT INTO `creature_movement` (`id`,`point`,`positionx`,`positiony`,`positionz`,`orientation`,`waittime`,`scriptid`) VALUES
(@NPC,(@POINT := @POINT + 1),4990.233,1242.3502,-61.272816,100,0,0),
(@NPC,(@POINT := @POINT + 1),4973.304,1215.7788,-62.752735,100,0,0),
(@NPC,(@POINT := @POINT + 1),4947.672,1213.3817,-62.97615,100,0,0),
(@NPC,(@POINT := @POINT + 1),4915.491,1220.188,-66.09483,100,0,0),
(@NPC,(@POINT := @POINT + 1),4881.0054,1213.3038,-64.01714,100,0,0),
(@NPC,(@POINT := @POINT + 1),4857.3604,1210.8374,-65.6438,100,0,0),
(@NPC,(@POINT := @POINT + 1),4820.3726,1211.2302,-66.1777,100,0,0),
(@NPC,(@POINT := @POINT + 1),4783.0723,1214.3611,-61.915638,100,0,0),
(@NPC,(@POINT := @POINT + 1),4752.3306,1217.6476,-58.247967,100,0,0),
(@NPC,(@POINT := @POINT + 1),4718.26,1224.3757,-61.6434,100,0,0),
(@NPC,(@POINT := @POINT + 1),4679.651,1221.0186,-60.6784,100,0,0),
(@NPC,(@POINT := @POINT + 1),4652.674,1217.5391,-60.48184,100,0,0),
(@NPC,(@POINT := @POINT + 1),4621.009,1214.5497,-58.020313,100,0,0),
(@NPC,(@POINT := @POINT + 1),4583.845,1216.2848,-49.861416,100,0,0),
(@NPC,(@POINT := @POINT + 1),4554.987,1194.1178,-48.995712,100,0,0),
(@NPC,(@POINT := @POINT + 1),4516.9487,1190.6204,-46.565353,100,0,0),
(@NPC,(@POINT := @POINT + 1),4486.794,1178.634,-49.273468,100,0,0),
(@NPC,(@POINT := @POINT + 1),4461.6196,1181.6326,-47.86865,100,0,0),
(@NPC,(@POINT := @POINT + 1),4429.9834,1188.6886,-52.164867,100,0,0),
(@NPC,(@POINT := @POINT + 1),4411.4575,1204.2649,-51.943455,100,0,0),
(@NPC,(@POINT := @POINT + 1),4389.239,1219.4993,-51.844406,100,0,0),
(@NPC,(@POINT := @POINT + 1),4378.6304,1233.902,-51.844494,100,0,0),
(@NPC,(@POINT := @POINT + 1),4360.158,1246.3639,-51.84447,100,0,0),
(@NPC,(@POINT := @POINT + 1),4350.1562,1266.0303,-51.844494,100,0,0),
(@NPC,(@POINT := @POINT + 1),4360.158,1246.3639,-51.84447,100,0,0),
(@NPC,(@POINT := @POINT + 1),4378.6304,1233.902,-51.844494,100,0,0),
(@NPC,(@POINT := @POINT + 1),4389.239,1219.4993,-51.844406,100,0,0),
(@NPC,(@POINT := @POINT + 1),4411.4575,1204.2649,-51.943455,100,0,0),
(@NPC,(@POINT := @POINT + 1),4429.9834,1188.6886,-52.164867,100,0,0),
(@NPC,(@POINT := @POINT + 1),4461.6196,1181.6326,-47.86865,100,0,0),
(@NPC,(@POINT := @POINT + 1),4486.794,1178.634,-49.273468,100,0,0),
(@NPC,(@POINT := @POINT + 1),4516.9487,1190.6204,-46.565353,100,0,0),
(@NPC,(@POINT := @POINT + 1),4554.987,1194.1178,-48.995712,100,0,0),
(@NPC,(@POINT := @POINT + 1),4583.845,1216.2848,-49.861416,100,0,0),
(@NPC,(@POINT := @POINT + 1),4621.009,1214.5497,-58.020313,100,0,0),
(@NPC,(@POINT := @POINT + 1),4652.674,1217.5391,-60.48184,100,0,0),
(@NPC,(@POINT := @POINT + 1),4679.651,1221.0186,-60.6784,100,0,0),
(@NPC,(@POINT := @POINT + 1),4718.26,1224.3757,-61.6434,100,0,0),
(@NPC,(@POINT := @POINT + 1),4752.3306,1217.6476,-58.247967,100,0,0),
(@NPC,(@POINT := @POINT + 1),4783.0723,1214.3611,-61.915638,100,0,0),
(@NPC,(@POINT := @POINT + 1),4820.3726,1211.2302,-66.1777,100,0,0),
(@NPC,(@POINT := @POINT + 1),4857.3604,1210.8374,-65.6438,100,0,0),
(@NPC,(@POINT := @POINT + 1),4881.0054,1213.3038,-64.01714,100,0,0),
(@NPC,(@POINT := @POINT + 1),4915.491,1220.188,-66.09483,100,0,0),
(@NPC,(@POINT := @POINT + 1),4947.672,1213.3817,-62.97615,100,0,0),
(@NPC,(@POINT := @POINT + 1),4973.304,1215.7788,-62.752735,100,0,0);

INSERT INTO `gameobject` (`guid`, `id`, `map`, `position_x`, `position_y`, `position_z`, `orientation`, `rotation0`, `rotation1`, `rotation2`, `rotation3`, `spawntimesecsmin`, `spawntimesecsmax`) VALUES
(552, 178195, 1, 2955.89, -2817.05, 212.767, -3.00197, 0, 0, 0.997564, -0.0697565, 180, 180);
INSERT INTO `gameobject` (`guid`, `id`, `map`, `position_x`, `position_y`, `position_z`, `orientation`, `rotation0`, `rotation1`, `rotation2`, `rotation3`, `spawntimesecsmin`, `spawntimesecsmax`) VALUES
(658, 177726, 0, 2925.03, -1536.47, 146.065, -1.01229, 0, 0, 0.48481, -0.87462, 180, 180);
INSERT INTO `gameobject` (`guid`, `id`, `map`, `position_x`, `position_y`, `position_z`, `orientation`, `rotation0`, `rotation1`, `rotation2`, `rotation3`, `spawntimesecsmin`, `spawntimesecsmax`) VALUES
(657, 178144, 1, 3378.26, -708.838, 168.771, -2.77507, 0, 0, 0.983255, -0.182235, 180, 180);
INSERT INTO `gameobject` (`guid`, `id`, `map`, `position_x`, `position_y`, `position_z`, `orientation`, `rotation0`, `rotation1`, `rotation2`, `rotation3`, `spawntimesecsmin`, `spawntimesecsmax`) VALUES
(659, 175384, 1, -4869.81, -904.845, -4.81499, 0.593412, 0, 0, 0.292372, 0.956305, 180, 180);
UPDATE `gameobject` SET `position_x`=235.175, `position_y`=-2127.88, `position_z`=118.753, `orientation`=1.43117, `rotation0`=0, `rotation1`=0, `rotation2`=0.999048, `rotation3`=-0.0436194 WHERE `guid`=71665;
DELETE FROM `gameobject` WHERE `guid` IN (66334,18917,18918,48630);
INSERT INTO `gameobject` (`guid`, `id`, `map`, `position_x`, `position_y`, `position_z`, `orientation`, `rotation0`, `rotation1`, `rotation2`, `rotation3`, `spawntimesecsmin`, `spawntimesecsmax`) VALUES
(771, 0, 1, 4239.02, 828.636, -5.75034, -0.453786, 0, 0, 0.224951, -0.97437, 120, 300); 
INSERT INTO `gameobject_spawn_entry` (`guid`, `entry`) VALUES (771, 178184),(771, 178185),(771, 178186);

UPDATE `creature_template` SET `minlevel`=61, `maxlevel`=61 WHERE `entry` IN (347,2804,15007);

DELETE FROM dbscripts_on_relay WHERE id IN (20489);
INSERT INTO dbscripts_on_relay (id, delay, command, datalong, datalong2, datalong3, buddy_entry, search_radius, data_flags, dataint, dataint2, dataint3, dataint4, x, y, z, o, comments) VALUES
(20489,1,15,54627,0,0,0,0,0,0,0,0,0,0,0,0,0,'Part of Ironwool Mammoth 29402 EAI: cast 54627'),
(20489,2,15,54627,0,0,0,0,0,0,0,0,0,0,0,0,0,'Part of Ironwool Mammoth 29402 EAI: cast 54627'),
(20489,3,15,54627,0,0,0,0,0,0,0,0,0,0,0,0,0,'Part of Ironwool Mammoth 29402 EAI: cast 54627'),
(20489,4,15,54628,0,0,0,0,0,0,0,0,0,0,0,0,0,'Part of Ironwool Mammoth 29402 EAI: cast 54628'),
(20489,5,15,54628,0,0,0,0,0,0,0,0,0,0,0,0,0,'Part of Ironwool Mammoth 29402 EAI: cast 54628'),
(20489,6,15,54628,0,0,0,0,0,0,0,0,0,0,0,0,0,'Part of Ironwool Mammoth 29402 EAI: cast 54628'),
(20489,7,15,54628,0,0,0,0,0,0,0,0,0,0,0,0,0,'Part of Ironwool Mammoth 29402 EAI: cast 54628'),
(20489,8,15,54623,0,0,0,0,0,0,0,0,0,0,0,0,0,'Part of Ironwool Mammoth 29402 EAI: cast 54623'),
(20489,9,15,54623,0,0,0,0,0,0,0,0,0,0,0,0,0,'Part of Ironwool Mammoth 29402 EAI: cast 54623'),
(20489,10,15,54581,0,0,0,0,0,0,0,0,0,0,0,0,0,'Part of Ironwool Mammoth 29402 EAI: cast 54581'),
(20489,11,15,57444,0,0,0,0,0,0,0,0,0,0,0,0,0,'Part of Ironwool Mammoth 29402 EAI: cast 54581');

UPDATE creature_template SET StaticFlags1 = 0x80000000 WHERE Entry IN (24849);

DELETE FROM `spell_script_target` WHERE `entry` = 54530;
INSERT INTO `spell_script_target` (`entry`, `type`, `targetEntry`, `inverseEffectMask`) VALUES (54530, 1, 29466, 5);
DELETE FROM creature_addon WHERE guid IN(SELECT guid FROM creature WHERE id IN (29466));
DELETE FROM creature_movement WHERE id IN(SELECT guid FROM creature WHERE id IN (29466));
DELETE FROM game_event_creature WHERE guid IN(SELECT guid FROM creature WHERE id IN (29466));
DELETE FROM game_event_creature_data WHERE guid IN(SELECT guid FROM creature WHERE id IN (29466));
DELETE FROM creature_battleground WHERE guid IN(SELECT guid FROM creature WHERE id IN (29466));
DELETE FROM creature_linking WHERE guid IN(SELECT guid FROM creature WHERE id IN (29466));
DELETE FROM creature WHERE id IN (29466);
INSERT INTO `creature` (`guid`, `id`, `map`, `spawnMask`, `phaseMask`, `position_x`, `position_y`, `position_z`, `orientation`, `spawntimesecsmin`, `spawntimesecsmax`, `spawndist`, `MovementType`) VALUES
(104911, 29466, 571, 1, 5, '6729.33007812500000000000', '-988.56701660156250000000', '768.77398681640620000000', '5.13126993179321300000', 180, 180, 0, 0),
(104912, 29466, 571, 1, 5, '6769.72021484375000000000', '-1111.64001464843750000000', '776.46997070312500000000', '4.60766983032226600000', 180, 180, 0, 0),
(104913, 29466, 571, 1, 5, '6812.06005859375000000000', '-1050.30004882812500000000', '769.05401611328120000000', '3.87462997436523440000', 180, 180, 0, 0),
(104914, 29466, 571, 1, 5, '6811.56982421875000000000', '-1075.94995117187500000000', '768.93701171875000000000', '3.29867005348205570000', 180, 180, 0, 0),
(104915, 29466, 571, 1, 5, '6716.75976562500000000000', '-1122.93994140625000000000', '769.07501220703120000000', '1.15191996097564700000', 180, 180, 0, 0),
(104916, 29466, 571, 1, 5, '6846.93994140625000000000', '-1102.88000488281250000000', '805.05603027343750000000', '0.76794499158859250000', 180, 180, 0, 0),
(104917, 29466, 571, 1, 5, '6913.85009765625000000000', '-1056.04003906250000000000', '808.04699707031250000000', '3.10668992996215800000', 180, 180, 0, 0),
(104918, 29466, 571, 1, 5, '6748.79980468750000000000', '-950.91998291015620000000', '772.41302490234380000000', '5.81195020675659200000', 180, 180, 0, 0),
(104919, 29466, 571, 1, 5, '6867.12988281250000000000', '-1120.17004394531250000000', '804.92498779296880000000', '1.34389996528625490000', 180, 180, 0, 0),
(104920, 29466, 571, 1, 5, '6673.24023437500000000000', '-1128.90002441406250000000', '762.74902343750000000000', '6.26572990417480500000', 180, 180, 0, 0);
DELETE FROM dbscripts_on_relay WHERE id IN (20452,20453,20481,20482,20483,20484,20485,20486,20487,20488);
INSERT INTO dbscripts_on_relay (id, delay, command, datalong, datalong2, datalong3, buddy_entry, search_radius, data_flags, dataint, dataint2, dataint3, dataint4, x, y, z, o, comments) VALUES
(20452,1,1,4,0,0,0,0,0x004,0,0,0,0,0,0,0,0,'Part of Goblin Prisoner 29466 EAI: emote'),
(20452,100,0,0,0,0,0,0,0,30139,30140,30141,0,0,0,0,0,'Part of Goblin Prisoner 29466 EAI: random say'),
(20452,1000,25,1,0,0,0,0,0x004,0,0,0,0,0,0,0,0,'Part of Goblin Prisoner 29466 EAI: RUN ON'),
(20452,5000,3,0,0,0,0,0,0x004,0,0,0,0,6734.01,-998.246,769.064,5.2,'Part of Goblin Prisoner 29466 EAI: move'),
(20452,7500,18,0,0,0,0,0,0x004,0,0,0,0,0,0,0,0,'Part of Goblin Prisoner 29466 EAI: despawn'),
(20453,1,1,4,0,0,0,0,0x004,0,0,0,0,0,0,0,0,'Part of Goblin Prisoner 29466 EAI: emote'),
(20453,100,0,0,0,0,0,0,0,30139,30140,30141,0,0,0,0,0,'Part of Goblin Prisoner 29466 EAI: random say'),
(20453,1000,25,1,0,0,0,0,0x004,0,0,0,0,0,0,0,0,'Part of Goblin Prisoner 29466 EAI: RUN ON'),
(20453,5000,3,0,0,0,0,0,0x004,0,0,0,0,6766.42,-1121.39,775.882,4.2,'Part of Goblin Prisoner 29466 EAI: move'),
(20453,7500,18,0,0,0,0,0,0x004,0,0,0,0,0,0,0,0,'Part of Goblin Prisoner 29466 EAI: despawn'),
(20481,1,1,4,0,0,0,0,0x004,0,0,0,0,0,0,0,0,'Part of Goblin Prisoner 29466 EAI: emote'),
(20481,100,0,0,0,0,0,0,0,30139,30140,30141,0,0,0,0,0,'Part of Goblin Prisoner 29466 EAI: random say'),
(20481,1000,25,1,0,0,0,0,0x004,0,0,0,0,0,0,0,0,'Part of Goblin Prisoner 29466 EAI: RUN ON'),
(20481,5000,3,0,0,0,0,0,0x004,0,0,0,0,6803.1465,-1058.3334,769.5679,3.8,'Part of Goblin Prisoner 29466 EAI: move'),
(20481,7500,18,0,0,0,0,0,0x004,0,0,0,0,0,0,0,0,'Part of Goblin Prisoner 29466 EAI: despawn'),
(20482,1,1,4,0,0,0,0,0x004,0,0,0,0,0,0,0,0,'Part of Goblin Prisoner 29466 EAI: emote'),
(20482,100,0,0,0,0,0,0,0,30139,30140,30141,0,0,0,0,0,'Part of Goblin Prisoner 29466 EAI: random say'),
(20482,1000,25,1,0,0,0,0,0x004,0,0,0,0,0,0,0,0,'Part of Goblin Prisoner 29466 EAI: RUN ON'),
(20482,5000,3,0,0,0,0,0,0x004,0,0,0,0,6799,-1074.08,769.964,2.94,'Part of Goblin Prisoner 29466 EAI: move'),
(20482,7500,18,0,0,0,0,0,0x004,0,0,0,0,0,0,0,0,'Part of Goblin Prisoner 29466 EAI: despawn'),
(20483,1,1,4,0,0,0,0,0x04,0,0,0,0,0,0,0,0,'Part of Goblin Prisoner 29466 EAI: emote'),
(20483,100,0,0,0,0,0,0,0,30139,30140,30141,0,0,0,0,0,'Part of Goblin Prisoner 29466 EAI: random say'),
(20483,1000,25,1,0,0,0,0,0x04,0,0,0,0,0,0,0,0,'Part of Goblin Prisoner 29466 EAI: RUN ON'),
(20483,5000,3,0,0,0,0,0,0x04,0,0,0,0,6721.6455,-1111.9796,769.09406,1.18,'Part of Goblin Prisoner 29466 EAI: move'),
(20483,7500,18,0,0,0,0,0,0x04,0,0,0,0,0,0,0,0,'Part of Goblin Prisoner 29466 EAI: despawn'),
(20484,1,1,4,0,0,0,0,0x004,0,0,0,0,0,0,0,0,'Part of Goblin Prisoner 29466 EAI: emote'),
(20484,100,0,0,0,0,0,0,0,30139,30140,30141,0,0,0,0,0,'Part of Goblin Prisoner 29466 EAI: random say'),
(20484,1000,25,1,0,0,0,0,0x004,0,0,0,0,0,0,0,0,'Part of Goblin Prisoner 29466 EAI: RUN ON'),
(20484,5000,3,0,0,0,0,0,0x004,0,0,0,0,6856.75,-1094.65,803.458,0.68,'Part of Goblin Prisoner 29466 EAI: move'),
(20484,7500,18,0,0,0,0,0,0x004,0,0,0,0,0,0,0,0,'Part of Goblin Prisoner 29466 EAI: despawn'),
(20485,1,1,4,0,0,0,0,0x004,0,0,0,0,0,0,0,0,'Part of Goblin Prisoner 29466 EAI: emote'),
(20485,100,0,0,0,0,0,0,0,30139,30140,30141,0,0,0,0,0,'Part of Goblin Prisoner 29466 EAI: random say'),
(20485,1000,25,1,0,0,0,0,0x004,0,0,0,0,0,0,0,0,'Part of Goblin Prisoner 29466 EAI: RUN ON'),
(20485,5000,3,0,0,0,0,0,0x004,0,0,0,0,6902.11,-1055.88,807.584,3.11,'Part of Goblin Prisoner 29466 EAI: move'),
(20485,7500,18,0,0,0,0,0,0x004,0,0,0,0,0,0,0,0,'Part of Goblin Prisoner 29466 EAI: despawn'),
(20486,1,1,4,0,0,0,0,0x004,0,0,0,0,0,0,0,0,'Part of Goblin Prisoner 29466 EAI: emote'),
(20486,100,0,0,0,0,0,0,0,30139,30140,30141,0,0,0,0,0,'Part of Goblin Prisoner 29466 EAI: random say'),
(20486,1000,25,1,0,0,0,0,0x004,0,0,0,0,0,0,0,0,'Part of Goblin Prisoner 29466 EAI: RUN ON'),
(20486,5000,3,0,0,0,0,0,0x004,0,0,0,0,6756.91,-954.716,771.285,5.83,'Part of Goblin Prisoner 29466 EAI: move'),
(20486,7500,18,0,0,0,0,0,0x004,0,0,0,0,0,0,0,0,'Part of Goblin Prisoner 29466 EAI: despawn'),
(20487,1,1,4,0,0,0,0,0x004,0,0,0,0,0,0,0,0,'Part of Goblin Prisoner 29466 EAI: emote'),
(20487,100,0,0,0,0,0,0,0,30139,30140,30141,0,0,0,0,0,'Part of Goblin Prisoner 29466 EAI: random say'),
(20487,1000,25,1,0,0,0,0,0x004,0,0,0,0,0,0,0,0,'Part of Goblin Prisoner 29466 EAI: RUN ON'),
(20487,5000,3,0,0,0,0,0,0x004,0,0,0,0,6871.43,-1109.53,804.322,1.14,'Part of Goblin Prisoner 29466 EAI: move'),
(20487,7500,18,0,0,0,0,0,0x004,0,0,0,0,0,0,0,0,'Part of Goblin Prisoner 29466 EAI: despawn'),
(20488,1,1,4,0,0,0,0,0x004,0,0,0,0,0,0,0,0,'Part of Goblin Prisoner 29466 EAI: emote'),
(20488,100,0,0,0,0,0,0,0,30139,30140,30141,0,0,0,0,0,'Part of Goblin Prisoner 29466 EAI: random say'),
(20488,1000,25,1,0,0,0,0,0x004,0,0,0,0,0,0,0,0,'Part of Goblin Prisoner 29466 EAI: RUN ON'),
(20488,5000,3,0,0,0,0,0,0x004,0,0,0,0,6685.2373,-1129.1075,763.03046,6.16,'Part of Goblin Prisoner 29466 EAI: move'),
(20488,7500,18,0,0,0,0,0,0x004,0,0,0,0,0,0,0,0,'Part of Goblin Prisoner 29466 EAI: despawn');

DELETE FROM creature_addon WHERE guid IN(SELECT guid FROM creature WHERE id IN (29323,29331));
DELETE FROM creature_movement WHERE id IN(SELECT guid FROM creature WHERE id IN (29323,29331));
DELETE FROM game_event_creature WHERE guid IN(SELECT guid FROM creature WHERE id IN (29323,29331));
DELETE FROM game_event_creature_data WHERE guid IN(SELECT guid FROM creature WHERE id IN (29323,29331));
DELETE FROM creature_battleground WHERE guid IN(SELECT guid FROM creature WHERE id IN (29323,29331));
DELETE FROM creature_linking WHERE guid IN(SELECT guid FROM creature WHERE id IN (29323,29331));
DELETE FROM creature WHERE id IN (29323,29331);
INSERT INTO `creature` (`guid`, `id`, `map`, `spawnMask`, `phaseMask`, `position_x`, `position_y`, `position_z`, `orientation`, `spawntimesecsmin`, `spawntimesecsmax`, `spawndist`, `MovementType`) VALUES
(105558, 29323, 571, 1, 1, '6586.65770000000000000000', '-1058.81800000000000000000', '748.92030000000000000000', '3.15904593467712402300', 300, 300, 0, 0),
(105559, 29323, 571, 1, 1, '6598.85900000000000000000', '-1112.84270000000000000000', '748.92194000000000000000', '3.33357882499694824200', 300, 300, 0, 0),
(105560, 29323, 571, 1, 1, '6611.48930000000000000000', '-1084.43300000000000000000', '762.25990000000000000000', '0.85521131753921508700', 300, 300, 0, 0),
(105549, 29323, 571, 1, 1, '6625.16300000000000000000', '-1086.36230000000000000000', '748.68524000000000000000', '2.56563401222229003900', 300, 300, 0, 0),
(105561, 29323, 571, 1, 5, '6666.08984375000000000000', '-980.17901611328120000000', '765.54998779296880000000', '5.49778985977172850000', 300, 300, 0, 0),
(105562, 29323, 571, 1, 5, '6670.08007812500000000000', '-1141.25000000000000000000', '762.24902343750000000000', '0.82030498981475830000', 300, 300, 0, 0),
(105563, 29323, 571, 1, 5, '6694.00976562500000000000', '-1021.96997070312500000000', '769.29699707031250000000', '5.63741016387939450000', 300, 300, 0, 0),
(105564, 29323, 571, 1, 5, '6712.83007812500000000000', '-999.58801269531250000000', '768.84301757812500000000', '5.28835010528564450000', 300, 300, 0, 0),
(105565, 29323, 571, 1, 5, '6719.91015625000000000000', '-1151.28002929687500000000', '769.74200439453120000000', '0.89011800289154050000', 300, 300, 0, 0),
(105550, 29323, 571, 1, 5, '6737.52978515625000000000', '-1041.25000000000000000000', '768.96899414062500000000', '5.14871978759765600000', 300, 300, 0, 0),
(105566, 29323, 571, 1, 5, '6738.77978515625000000000', '-1133.15002441406250000000', '767.69201660156250000000', '1.44861996173858640000', 300, 300, 0, 0),
(105567, 29323, 571, 1, 5, '6749.41992187500000000000', '-991.96197509765620000000', '768.25201416015620000000', '4.10152006149292000000', 300, 300, 0, 0),
(105552, 29323, 571, 1, 5, '6758.33007812500000000000', '-1110.34997558593750000000', '777.18200683593750000000', '5.81195020675659200000', 300, 300, 0, 0),
(105568, 29323, 571, 1, 5, '6763.58007812500000000000', '-1000.58001708984380000000', '767.84399414062500000000', '4.10152006149292000000', 300, 300, 0, 0),
(105553, 29323, 571, 1, 5, '6765.29003906250000000000', '-1042.07995605468750000000', '768.92199707031250000000', '3.33358001708984380000', 300, 300, 0, 0),
(105569, 29323, 571, 1, 5, '6769.18017578125000000000', '-1121.46997070312500000000', '775.95800781250000000000', '1.62316000461578370000', 300, 300, 0, 0),
(105556, 29323, 571, 1, 5, '6804.95560000000000000000', '-1162.50550000000000000000', '810.84357000000000000000', '3.64977931976318359300', 300, 300, 0, 4),
(105554, 29323, 571, 1, 5, '6809.27001953125000000000', '-1063.20996093750000000000', '769.11602783203120000000', '2.86233997344970700000', 300, 300, 0, 0),
(105551, 29323, 571, 1, 5, '6852.06540000000000000000', '-1072.62650000000000000000', '803.51790000000000000000', '1.65806281566619873000', 300, 300, 0, 0),
(105570, 29323, 571, 1, 1, '6889.79250000000000000000', '-1141.84010000000000000000', '802.61725000000000000000', '1.58824956417083740200', 300, 300, 0, 0),
(105571, 29323, 571, 1, 5, '6911.43994140625000000000', '-1137.69995117187500000000', '802.41302490234380000000', '1.76277995109558100000', 300, 300, 0, 0),
(105557, 29323, 571, 1, 5, '6929.72900000000000000000', '-1038.42790000000000000000', '812.06335000000000000000', '1.55502998828887940000', 300, 300, 0, 2),
(105555, 29323, 571, 1, 5, '6967.93994140625000000000', '-1036.20996093750000000000', '804.93200683593750000000', '4.04916000366210900000', 300, 300, 0, 0);
DELETE FROM creature_addon WHERE guid IN (105549,105550,105551,105552,105553,105554,105555);
INSERT INTO creature_addon (guid,mount,stand_state,sheath_state,pvp_flags,emote,moveflags,auras) VALUES
(105549,0,1,1,0,0,0,NULL),(105550,0,1,1,0,0,0,NULL),(105551,0,1,1,0,0,0,NULL),(105552,0,1,1,0,0,0,NULL),(105553,0,1,1,0,0,0,NULL),(105554,0,1,1,0,0,0,NULL),(105555,0,1,1,0,0,0,NULL);
DELETE FROM creature_movement WHERE Id IN (105556,105557);
INSERT INTO creature_movement (id, point, positionx, positiony, positionz, orientation, waittime, scriptid) VALUES
(105556,1,6804.9556,-1162.5055,810.84357,3.649779319763183593,3000,0),
(105556,2,6823.1157,-1152.2579,802.7228,100,0,0),
(105556,3,6825.4243,-1137.9246,795.23456,100,0,0),
(105556,4,6849.5835,-1122.1614,799.68964,100,0,0),
(105556,5,6859.529,-1108.6832,802.23096,100,0,0),
(105556,6,6869.339,-1099.1399,802.86615,100,0,0),
(105556,7,6888.484,-1113.3961,802.3711,100,0,0),
(105556,8,6899.414,-1132.4132,801.4018,100,1000,0),
(105557,1,6929.729,-1038.4279,812.06335,100,0,0),
(105557,2,6921.97,-1037.3843,813.75244,100,0,0),
(105557,3,6899.672,-1034.5485,804.96234,100,0,0),
(105557,4,6887.367,-1040.1311,803.7539,100,0,0),
(105557,5,6879.5806,-1055.6447,802.04956,100,0,0),
(105557,6,6881.1104,-1067.6945,802.79645,100,0,0),
(105557,7,6891.5854,-1073.0365,804.7515,100,0,0),
(105557,8,6904.7734,-1076.2661,808.1406,100,0,0),
(105557,9,6914.88,-1077.3912,813.49036,100,0,0),
(105557,10,6931.68,-1078.5941,810.7017,100,0,0),
(105557,11,6941.82,-1079.3419,809.39355,100,0,0),
(105557,12,6953.187,-1080.281,804.95807,100,0,0),
(105557,13,6963.346,-1080.4204,804.95807,100,0,0),
(105557,14,6967.1943,-1070.248,804.958,100,0,0),
(105557,15,6967.463,-1053.2526,804.94556,100,0,0),
(105557,16,6968.795,-1039.2911,805.0049,100,0,0),
(105557,17,6953.841,-1041.9977,805.61346,100,0,0),
(105557,18,6939.0015,-1039.9683,810.6408,100,0,0);
INSERT INTO `creature` (`guid`, `id`, `map`, `spawnMask`, `phaseMask`, `position_x`, `position_y`, `position_z`, `orientation`, `spawntimesecsmin`, `spawntimesecsmax`, `spawndist`, `MovementType`) VALUES
(105524, 29331, 571, 1, 1, '6583.16650000000000000000', '-1081.61290000000000000000', '748.69257000000000000000', '3.17868947982788085900', 300, 300, 0, 4),
(105525, 29331, 571, 1, 5, '6855.25976562500000000000', '-1044.14001464843750000000', '802.79699707031250000000', '4.86947011947631800000', 300, 300, 0, 0),
(105526, 29331, 571, 1, 5, '6757.20700000000000000000', '-997.87430000000000000000', '767.38464000000000000000', '1.39152002334594730000', 300, 300, 0, 4),
(105527, 29331, 571, 1, 5, '6659.87988281250000000000', '-1074.17004394531250000000', '758.59301757812500000000', '4.78219985961914100000', 300, 300, 0, 0);
DELETE FROM creature_addon WHERE guid IN (105527,105525);
INSERT INTO creature_addon (guid,mount,stand_state,sheath_state,pvp_flags,emote,moveflags,auras) VALUES (105527,0,0,1,0,69,0,NULL),(105525,0,0,1,0,69,0,NULL);
DELETE FROM creature_movement WHERE Id IN (105524,105526);
INSERT INTO creature_movement (id, point, positionx, positiony, positionz, orientation, waittime, scriptid) VALUES
(105524,1,6583.1665,-1081.6129,748.69257,3.178689479827880859,2000,0),
(105524,2,6593.2554,-1081.2382,748.6142,100,0,0),
(105524,3,6612.6914,-1076.5461,748.60516,100,0,0),
(105524,4,6640.4614,-1071.4421,758.60516,100,0,0),
(105524,5,6659.976,-1069.092,758.6403,100,0,0),
(105524,6,6694.8535,-1062.148,763.6724,100,0,0),
(105524,7,6707.086,-1057.2428,764.65643,100,0,0),
(105524,8,6711.944,-1053.2301,765.0686,100,1000,0),
(105526,1,6757.207,-997.8743,767.38464,100,1000,0),
(105526,2,6753.6025,-1010.367,766.27405,100,0,0),
(105526,3,6759.507,-1018.0378,766.27075,100,0,0),
(105526,4,6774.866,-1027.486,766.27026,100,0,0),
(105526,5,6779.2056,-1033.9508,766.26495,100,0,0),
(105526,6,6781.5454,-1056.3263,766.4684,100,0,0),
(105526,7,6779.319,-1068.6154,766.37585,100,0,0),
(105526,8,6775.4688,-1081.9861,766.31104,100,0,0),
(105526,9,6793.831,-1107.7891,773.04553,100,0,0),
(105526,10,6812.2637,-1124.683,786.2573,100,0,0),
(105526,11,6824.564,-1140.9011,796.6583,100,0,0),
(105526,12,6819.6987,-1158.8815,805.8233,100,0,0),
(105526,13,6802.754,-1164.9629,811.40515,100,1000,0);

INSERT INTO `gameobject` (`guid`, `id`, `map`, `spawnMask`, `phaseMask`, `position_x`, `position_y`, `position_z`, `orientation`, `rotation0`, `rotation1`, `rotation2`, `rotation3`, `spawntimesecsmin`, `spawntimesecsmax`) VALUES
(1400, 186717, 0, 1, 1, '-5644.70996093750000000000', '-477.01699829101560000000', '396.74798583984375000000', '-1.67551004886627200000', '0.00000000000000000000', '0.00000000000000000000', '-0.74314397573471070000', '0.66913098096847530000', 180, 180),
(1401, 186717, 0, 1, 1, '-5337.04003906250000000000', '-542.34698486328120000000', '393.65798950195310000000', '1.39626002311706540000', '0.00000000000000000000', '0.00000000000000000000', '0.64278697967529300000', '0.76604497432708740000', 180, 180),
(1403, 186717, 530, 1, 1, '-3971.10009765625000000000', '-11878.20019531250000000000', '0.49623000621795654000', '2.89723992347717300000', '0.00000000000000000000', '0.00000000000000000000', '0.99254602193832400000', '0.12187299877405167000', 180, 180),
(1405, 186717, 530, 1, 1, '-4041.93994140625000000000', '-11803.79980468750000000000', '8.85179042816162100000', '2.32129001617431640000', '0.00000000000000000000', '0.00000000000000000000', '0.91706001758575440000', '0.39874801039695740000', 180, 180),
(1406, 186717, 530, 1, 1, '-4067.14990234375000000000', '-12017.40039062500000000000', '-0.90006500482559200000', '-2.11185002326965330000', '0.00000000000000000000', '0.00000000000000000000', '-0.87035602331161500000', '0.49242299795150757000', 180, 180),
(1408, 186717, 530, 1, 1, '-3906.71997070312500000000', '-11941.40039062500000000000', '-2.97271990776062000000', '-0.12217299640178680000', '0.00000000000000000000', '0.00000000000000000000', '-0.06104850023984909000', '0.99813497066497800000', 180, 180),
(1409, 186717, 530, 1, 1, '-3815.32006835937500000000', '-11689.79980468750000000000', '-106.64499664306640000000', '-0.75049102306365970000', '0.00000000000000000000', '0.00000000000000000000', '-0.36650100350379944000', '0.93041801452636720000', 180, 180),
(1410, 186717, 530, 1, 1, '-3983.02001953125000000000', '-11861.09960937500000000000', '0.33320999145507810000', '-1.98967003822326660000', '0.00000000000000000000', '0.00000000000000000000', '-0.83866900205612180000', '0.54464101791381840000', 180, 180),
(1411, 186717, 530, 1, 1, '-3991.87988281250000000000', '-11886.00000000000000000000', '0.20081500709056854000', '-2.89723992347717300000', '0.00000000000000000000', '0.00000000000000000000', '-0.99254602193832400000', '0.12187299877405167000', 180, 180),
(1412, 186717, 1, 1, 1, '9968.13964843750000000000', '2192.94995117187500000000', '1328.84997558593750000000', '1.37881004810333250000', '0.00000000000000000000', '0.00000000000000000000', '0.63607800006866460000', '0.77162498235702510000', 180, 180),
(1413, 186717, 1, 1, 1, '9945.37988281250000000000', '2272.34008789062500000000', '1341.39001464843750000000', '0.94247698783874510000', '0.00000000000000000000', '0.00000000000000000000', '0.45399001240730286000', '0.89100700616836550000', 180, 180),
(1414, 186717, 1, 1, 1, '9958.71972656250000000000', '2272.69995117187500000000', '1341.39001464843750000000', '2.07694005966186520000', '0.00000000000000000000', '0.00000000000000000000', '0.86162900924682620000', '0.50753897428512570000', 180, 180),
(1415, 186717, 1, 1, 1, '9980.20996093750000000000', '2209.33007812500000000000', '1328.78002929687500000000', '-2.86232995986938480000', '0.00000000000000000000', '0.00000000000000000000', '-0.99026697874069210000', '0.13917799293994904000', 180, 180),
(1417, 186717, 1, 1, 1, '9959.91992187500000000000', '2254.62988281250000000000', '1335.33996582031250000000', '-2.87979006767272950000', '0.00000000000000000000', '0.00000000000000000000', '-0.99144500494003300000', '0.13052800297737122000', 180, 180),
(1418, 186717, 1, 1, 1, '9965.51953125000000000000', '2220.72998046875000000000', '1329.78002929687500000000', '-2.53071999549865720000', '0.00000000000000000000', '0.00000000000000000000', '-0.95371598005294800000', '0.30070900917053220000', 180, 180),
(1419, 186717, 1, 1, 1, '9958.24023437500000000000', '2178.28002929687500000000', '1327.51000976562500000000', '-1.83258998394012450000', '0.00000000000000000000', '0.00000000000000000000', '-0.79335200786590580000', '0.60876399278640750000', 180, 180);
DELETE FROM `game_event_gameobject` WHERE `guid` IN (1400,1401,1403,1405,1406,1408,1409,1410,1411,1412,1413,1414,1415,1417,1418,1419) AND `event`=26;
INSERT INTO `game_event_gameobject` (`event`, `guid`) SELECT 26, gameobject.guid FROM `gameobject` WHERE gameobject.guid IN (1400,1401,1403,1405,1406,1408,1409,1410,1411,1412,1413,1414,1415,1417,1418,1419);
INSERT INTO `gameobject` (`guid`, `id`, `map`, `spawnMask`, `phaseMask`, `position_x`, `position_y`, `position_z`, `orientation`, `rotation0`, `rotation1`, `rotation2`, `rotation3`, `spawntimesecsmin`, `spawntimesecsmax`) VALUES
(1016, 186717, 0, 1, 1, -5209.84, -459.363, 386.537, 2.56563, 0, 0, 0.958819, 0.284016, 180, 180),
(1019, 186717, 0, 1, 1, -5226.54, -479.026, 386.534, 2.23402, 0, 0, 0.898793, 0.438373, 180, 180),
(1026, 186717, 0, 1, 1, -5233.38, -482.264, 386.337, 1.91986, 0, 0, 0.819152, 0.573577, 180, 180),
(1027, 186717, 0, 1, 1, -5206.92, -452.243, 386.808, 3.01941, 0, 0, 0.998135, 0.0610518, 180, 180);
DELETE FROM `game_event_gameobject` WHERE `guid` IN (1016,1019,1026,1027) AND `event`=26;
INSERT INTO `game_event_gameobject` (`event`, `guid`) SELECT 26, gameobject.guid FROM `gameobject` WHERE gameobject.guid IN (1016,1019,1026,1027);

UPDATE creature_template SET UnitFlags = 0, Detection = 10, Pursuit = 0 WHERE entry = 29475;

UPDATE gameobject SET phaseMask = 1+2 WHERE guid = 52586;
INSERT INTO creature (guid, id, map, spawnMask, phaseMask, position_x, position_y, position_z, orientation, spawntimesecsmin, spawntimesecsmax, spawndist, MovementType) VALUES
(45436,29402,571,1,2,6185.97,-1546.5,407.7929,1.309,300,300,7,1),
(45875,29402,571,1,2,6241.79,-1525.5699,416.928,5.56078,300,300,7,1),
(45939,29402,571,1,2,6268.5898,-1462.989,425.535,1.69269,300,300,7,1);
DELETE FROM creature_addon WHERE guid IN(SELECT guid FROM creature WHERE id IN (29553));
DELETE FROM creature_movement WHERE id IN(SELECT guid FROM creature WHERE id IN (29553));
DELETE FROM game_event_creature WHERE guid IN(SELECT guid FROM creature WHERE id IN (29553));
DELETE FROM game_event_creature_data WHERE guid IN(SELECT guid FROM creature WHERE id IN (29553));
DELETE FROM creature_battleground WHERE guid IN(SELECT guid FROM creature WHERE id IN (29553));
DELETE FROM creature_linking WHERE guid IN(SELECT guid FROM creature WHERE id IN (29553));
DELETE FROM creature WHERE id IN (29553);
INSERT INTO `creature` (`guid`, `id`, `map`, `spawnMask`, `phaseMask`, `position_x`, `position_y`, `position_z`, `orientation`, `spawntimesecsmin`, `spawntimesecsmax`, `spawndist`, `MovementType`) VALUES
(91042, 29553, 571, 1, 2, '6429.06250000000000000000', '-1736.24830000000000000000', '479.35280000000000000000', '0.85521000000000000000', 600, 600, 0, 0),
(91044, 29553, 571, 1, 2, '6480.64700000000000000000', '-1717.40110000000000000000', '434.57297000000000000000', '2.00712800000000000000', 600, 600, 0, 0),
(91046, 29553, 571, 1, 2, '6340.30760000000000000000', '-1568.62270000000000000000', '425.54510000000000000000', '2.67035000000000000000', 600, 600, 0, 0),
(91048, 29553, 571, 1, 2, '6416.00830000000000000000', '-1646.50620000000000000000', '420.40817000000000000000', '3.64773800000000000000', 600, 600, 0, 2),
(92633, 29553, 571, 1, 2, '6503.10400000000000000000', '-1677.39160000000000000000', '432.95078000000000000000', '3.56047000000000000000', 600, 600, 0, 0),
(99744, 29553, 571, 1, 2, '6544.34000000000000000000', '-1675.45360000000000000000', '452.67438000000000000000', '3.63028000000000000000', 600, 600, 0, 0),
(99745, 29553, 571, 1, 2, '6479.16260000000000000000', '-1642.69890000000000000000', '465.37430000000000000000', '1.53588900000000000000', 600, 600, 0, 2),
(99746, 29553, 571, 1, 2, '6525.37840000000000000000', '-1732.87100000000000000000', '436.68793000000000000000', '0.00000000000000000000', 600, 600, 0, 4),
(113118, 29553, 571, 1, 2, '6381.16800000000000000000', '-1648.48360000000000000000', '420.09222000000000000000', '1.16937000000000000000', 600, 600, 0, 2),
(113119, 29553, 571, 1, 2, '6327.00200000000000000000', '-1595.25510000000000000000', '426.23584000000000000000', '2.58300000000000000000', 600, 600, 0, 0);
INSERT INTO creature_movement (`id`, `Point`, `PositionX`, `PositionY`, `PositionZ`, `Orientation`, `WaitTime`, `ScriptId`) VALUES
(113118,1,6381.168,-1648.4836,420.09222,1.16937,12000,0),
(113118,2,6391.35,-1636.2599,418.84433,100,0,0),
(113118,3,6407.4517,-1619.2946,419.4151,100,0,0),
(113118,4,6424.8657,-1613.9282,422.07385,100,0,0),
(113118,5,6424.8657,-1613.9282,422.07385,3.228859,13000,0),
(113118,6,6410.433,-1613.4407,421.45953,100,0,0),
(113118,7,6398.467,-1625.4421,418.50284,100,0,0),
(113118,8,6381.168,-1648.4836,420.09222,100,0,0),
(99745,1,6479.1626,-1642.6989,465.3743,1.535889,11000,0),
(99745,2,6476.884,-1645,465.32507,100,0,0),
(99745,3,6456.115,-1661.1779,468.7859,100,0,0),
(99745,4,6446.307,-1676.7568,470.76825,100,0,0),
(99745,5,6434.0137,-1674.118,470.98685,100,11000,0),
(99745,6,6452.03,-1666.2972,469.67935,100,0,0),
(99745,7,6467.475,-1655.0768,466.50238,100,0,0),
(99745,8,6475.7666,-1651.5393,465.63083,100,0,0),
(99745,9,6479.1626,-1642.6989,465.3743,100,0,0),
(91048,1,6416.0083,-1646.5062,420.40817,3.647738,18000,0),
(91048,2,6429.8677,-1640.23,419.0299,100,0,0),
(91048,3,6459.069,-1637.0057,423.54245,100,0,0),
(91048,4,6486.7446,-1637.0325,428.41742,100,0,0),
(91048,5,6502.8696,-1622.1284,427.72147,100,0,0),
(91048,6,6502.8696,-1622.1284,427.72147,3.94444,11000,0),
(91048,7,6491.085,-1633.7384,428.41132,100,0,0),
(91048,8,6462.9175,-1636.7076,424.90927,100,0,0),
(91048,9,6446.1313,-1641.8655,418.72052,100,0,0),
(91048,10,6425.219,-1639.195,419.14062,100,0,0),
(91048,11,6416.0083,-1646.5062,420.40817,100,0,0),
(99746,1,6525.3784,-1732.871,436.68793,100,1000,0),
(99746,2,6512.951,-1741.664,435.9907,100,0,0),
(99746,3,6494.622,-1749.1736,435.54706,100,0,0),
(99746,4,6478.243,-1747.9951,435.12442,100,0,0),
(99746,5,6461.981,-1738.845,434.7754,100,0,0),
(99746,6,6446.336,-1720.4426,435.41138,100,1000,0);
INSERT INTO creature (guid, id, map, spawnMask, phaseMask, position_x, position_y, position_z, orientation, spawntimesecsmin, spawntimesecsmax, spawndist, MovementType) VALUES
(47599,29554,571,1,2,6297.12011,-1425.5999,426.1679,2.2863,300,300,0,0),
(47600,29554,571,1,2,6289.9717,-1599.2523,425.88257,4.57276,300,300,0,0),
(52507,29554,571,1,2,6273.5146,-1604.3503,424.53247,5.550147,300,300,0,0),
(54463,29554,571,1,2,6428.219,-1705.4536,434.1284,0.48869,300,300,0,0),
(54468,29554,571,1,2,6278.49023,-1425.38,425.55499,1.0297,300,300,0,0),
(54481,29554,571,1,2,6297.2597,-1406.9899,425.5759,3.6651,300,300,0,0),
(54489,29554,571,1,2,6292.4087,-1374.1494,425.35034,1.796,300,300,0,2),
(54493,29554,571,1,2,6293.24023,-1367.45996,425.360,3.455,300,300,0,0);
DELETE FROM creature_spawn_data WHERE guid IN(47599,47600,52507,91050,91051,75227,91047,54468,54481,54493);
INSERT INTO creature_spawn_data(Guid,Id) VALUES (47600,80),(52507,80),(91050,80),(91051,80),(75227,80),(91047,80),(47599,80),(54468,80),(54481,80),(54493,80);
UPDATE creature SET position_x = 6421.423, position_y = -1717.4196, position_z = 432.18518, orientation = 0, spawndist = 0, MovementType = 4 WHERE guid = 99747;
DELETE FROM creature_movement WHERE id IN (99747,54489);
INSERT INTO creature_movement (`id`, `Point`, `PositionX`, `PositionY`, `PositionZ`, `Orientation`, `WaitTime`, `ScriptId`) VALUES
(99747,1,6421.423,-1717.4196,432.18518,100,1000,0),
(99747,2,6432.0703,-1707.455,434.24442,100,0,0),
(99747,3,6442.7446,-1688.5979,435.78708,100,0,0),
(99747,4,6457.5356,-1683.6208,435.41132,100,0,0),
(99747,5,6473.1304,-1690.2207,432.071,100,0,0),
(99747,6,6484.248,-1694.5758,431.61447,100,1000,0),
(54489,1,6292.4087,-1374.1494,425.35034,100,10000,0),
(54489,2,6292.485,-1391.9673,425.38745,100,0,0),
(54489,3,6284.8022,-1401.1826,425.82092,100,0,0),
(54489,4,6273.712,-1410.401,425.28894,100,0,0),
(54489,5,6272.301,-1424.4998,425.3662,100,0,0),
(54489,6,6283.4004,-1431.8845,426.31485,100,0,0),
(54489,7,6297.0825,-1430.0002,426.6161,100,0,0),
(54489,8,6303.1187,-1419.5105,426.3042,100,0,0),
(54489,9,6300.9453,-1409.2196,425.79654,100,0,0),
(54489,10,6295.247,-1402.3287,425.27213,100,0,0),
(54489,11,6292.485,-1391.9673,425.38745,100,0,0);
UPDATE creature SET position_x = 6471.0273, position_y = -1753.738, position_z = 432.73804, orientation = 1.18682, spawndist = 0, MovementType = 0 WHERE guid = 91049;
UPDATE creature SET position_x = 6514.1733, position_y = -1749.587, position_z = 436.20166, orientation = 5.8643064, spawndist = 0, MovementType = 0 WHERE guid = 118083;
UPDATE creature SET position_x = 6519.5625, position_y = -1747.1263, position_z = 436.25183, orientation = 4.41568, spawndist = 0, MovementType = 0 WHERE guid = 75226;
UPDATE creature SET position_x = 6541.6245, position_y = -1654.4752, position_z = 453.66162, orientation = 5.969026, spawndist = 0, MovementType = 0 WHERE guid = 91050;
UPDATE creature SET position_x = 6483.0615, position_y = -1634.2147, position_z = 464.79443, orientation = 2.373647, spawndist = 0, MovementType = 0 WHERE guid = 91051;
UPDATE creature SET position_x = 6475.382, position_y = -1631.874, position_z = 464.8164, orientation = 0.2792526, spawndist = 0, MovementType = 0 WHERE guid = 75227;
UPDATE creature SET position_x = 6425.828, position_y = -1670.4092, position_z = 471.51862, orientation = 2.25147, spawndist = 0, MovementType = 0 WHERE guid = 91047;
UPDATE creature SET position_x = 6518.887, position_y = -1646.072, position_z = 426.10498, orientation = 5.11381, spawndist = 0, MovementType = 0 WHERE guid = 99748;
UPDATE creature SET position_x = 6434.242, position_y = -1737.5137, position_z = 432.21686, orientation = 5.46288, spawndist = 0, MovementType = 0 WHERE guid = 91057;
UPDATE creature SET position_x = 6441.1904, position_y = -1758.5399, position_z = 432.21686, orientation = 3.2637, spawndist = 0, MovementType = 0 WHERE guid = 91045;
UPDATE creature SET position_x = 6459.8833, position_y = -1762.2482, position_z = 432.21683, orientation = 0.92502, spawndist = 0, MovementType = 0 WHERE guid = 91043;
DELETE FROM `creature` WHERE `guid` = 91056;
UPDATE creature SET position_x = 6326.1567, position_y = -1749.0746, position_z = 458.30524, orientation = 3.24631, spawndist = 0, MovementType = 4 WHERE id = 29432;
DELETE FROM `creature_movement` WHERE `Id` = 75228;
UPDATE creature_template SET movementtype = 2 WHERE Entry = 29432;
DELETE FROM creature_movement_template WHERE Entry = 29432;
INSERT INTO creature_movement_template (`Entry`, `Point`, `PositionX`, `PositionY`, `PositionZ`, `Orientation`, `WaitTime`, `ScriptId`) VALUES
(29432,1,6326.1567,-1749.0746,458.30524,3.24631,180000,0),
(29432,2,6326.1567,-1749.0746,458.30524,100,0,0),
(29432,3,6321.47021,-1738.6899,457.08401,100,0,0),
(29432,4,6320.986,-1727.9723,455.98883,100,0,0),
(29432,5,6320.9316,-1715.145,455.52435,100,0,0),
(29432,6,6320.9316,-1715.145,455.52435,0.2,60000,0);
UPDATE creature SET phaseMask = 1+2 WHERE id = 29546;
UPDATE creature SET phaseMask = 1+2 WHERE id = 29483;
DELETE FROM creature_addon WHERE guid IN (54505,54529,54539);
DELETE FROM creature_movement WHERE id IN (54505,54529,54539);
DELETE FROM game_event_creature WHERE guid IN (54505,54529,54539);
DELETE FROM game_event_creature_data WHERE guid IN (54505,54529,54539);
DELETE FROM creature_battleground WHERE guid IN (54505,54529,54539);
DELETE FROM creature_linking WHERE guid IN (54505,54529,54539);
DELETE FROM creature WHERE guid IN (54505,54529,54539);
INSERT INTO creature (guid, id, map, spawnMask, phaseMask,  position_x ,position_y, position_z, orientation, spawntimesecsmin, spawntimesecsmax, spawndist, MovementType) VALUES
(54505,29555,571,1,2,6318.07,-1760.49,457.22003,0.771660,120,180,0,0),
(54529,29555,571,1,2,6318.07,-1760.49,457.22003,0.771660,120,180,0,0),
(54539,29555,571,1,2,6318.07,-1760.49,457.22003,0.771660,120,180,0,0);
DELETE FROM creature_template_addon WHERE entry = 29555;
INSERT INTO creature_template_addon (entry, mount, stand_state, sheath_state, pvp_flags, emote, moveflags, auras) VALUES (29555,0,0,1,0,0,0,57462);
DELETE FROM `spawn_group` WHERE id =33007;
INSERT INTO `spawn_group` (`Id`, `Name`, `Type`, `MaxCount`, `WorldState`, `Flags`) VALUES (33007, 'Storm Peaks - Garm\'s Rise Phase 2 - Goblin Sapper 29555 x3 - Patrol 1', 0, 0, 0, 0);
DELETE FROM `spawn_group_spawn` WHERE id = 33007;
INSERT INTO `spawn_group_spawn` (`Id`, `Guid`, `SlotId`) VALUES (33007, 54505, 0),(33007, 54529, 1),(33007, 54539, 2);
DELETE FROM creature_spawn_data WHERE guid IN (54505,54529,54539);
INSERT INTO creature_spawn_data(Guid,Id) VALUES (54505,1),(54529,1),(54539,1);
DELETE FROM `spawn_group_formation` WHERE id = 33007;
INSERT INTO `spawn_group_formation` (`Id`, `FormationType`, `FormationSpread`, `FormationOptions`, `PathId`, `MovementType`, `Comment`) VALUES
(33007, 3, 2, 0, 33007, 2, 'Storm Peaks - Garm\'s Rise Phase 2 - Goblin Sapper 29555 x3 - Patrol 1');
DELETE FROM `waypoint_path_name` WHERE PathId = 33007;
INSERT INTO `waypoint_path_name` (`PathId`, `Name`) VALUES (33007,'Storm Peaks - Garm\'s Rise Phase 2 - Goblin Sapper 29555 x3 - Patrol 1');
DELETE FROM `waypoint_path` WHERE PathId = 33007;
INSERT INTO `waypoint_path` (`PathId`, `Point`, `PositionX`, `PositionY`,`PositionZ`, `Orientation`, `WaitTime`, `ScriptId`) VALUES
(33007,1,6318.07,-1760.49,457.22003,0.771660,2000,0),
(33007,2,6316.526,-1737.9498,456.67862,100,0,0),
(33007,3,6317.8945,-1715.3488,455.6283,100,0,0),
(33007,4,6310.9683,-1688.7084,455.29626,100,0,0),
(33007,5,6299.8135,-1659.837,449.9582,100,0,0),
(33007,6,6293.4287,-1636.1139,440.9803,100,100,2955501),
(33007,7,6307.18,-1603.19,426.494,100,0,0),
(33007,8,6346.1587,-1590.0626,428.1323,100,0,0),
(33007,9,6381.7954,-1618.082,418.5552,100,0,0),
(33007,10,6405.8125,-1636.0768,418.72214,100,0,0),
(33007,11,6439.4463,-1635.1715,418.6145,100,0,0),
(33007,12,6476.907,-1639.3251,427.49173,100,0,0),
(33007,13,6464.0303,-1656.0717,433.1907,100,0,0),
(33007,14,6451.28,-1669.36,435.994,100,0,0),
(33007,15,6441.28,-1692.28,435.566,100,0,0),
(33007,16,6434.21,-1705.83,434.956,100,0,0),
(33007,17,6423.76,-1715.23,432.391,100,0,0),
(33007,18,6408,-1736.34,432.131,100,5000,2955502);
DELETE FROM dbscripts_on_creature_movement WHERE id IN (2955501,2955502);
INSERT INTO dbscripts_on_creature_movement (id,delay,priority,command,datalong,datalong2,datalong3,buddy_entry,search_radius,data_flags,dataint,dataint2,dataint3,dataint4,datafloat,x,y,z,o,speed,condition_id,comments) VALUES
(2955501,0,0,20,15,0,0,0,0,0x004,0,0,0,0,5,6307.18,-1603.19,426.494,100,19,0,'jump'),
(2955502,1000,0,18,0,0,0,33007,33007,0x100|0x200|0x001,0,0,0,0,0,0,0,0,0,0,0,'despawn group');
DELETE FROM creature_addon WHERE guid IN (54543,54544,54548);
DELETE FROM creature_movement WHERE id IN (54543,54544,54548);
DELETE FROM game_event_creature WHERE guid IN (54543,54544,54548);
DELETE FROM game_event_creature_data WHERE guid IN (54543,54544,54548);
DELETE FROM creature_battleground WHERE guid IN (54543,54544,54548);
DELETE FROM creature_linking WHERE guid IN (54543,54544,54548);
DELETE FROM creature WHERE guid IN (54543,54544,54548);
INSERT INTO creature (guid, id, map, spawnMask, phaseMask,  position_x ,position_y, position_z, orientation, spawntimesecsmin, spawntimesecsmax, spawndist, MovementType) VALUES
(54543,29555,571,1,2,6311.2026,-1719.9783,456.1765,1.64063,120,180,0,0),
(54544,29555,571,1,2,6311.2026,-1719.9783,456.1765,1.64063,120,180,0,0),
(54548,29555,571,1,2,6311.2026,-1719.9783,456.1765,1.64063,120,180,0,0);
DELETE FROM `spawn_group` WHERE id =33008;
INSERT INTO `spawn_group` (`Id`, `Name`, `Type`, `MaxCount`, `WorldState`, `Flags`) VALUES (33008, 'Storm Peaks - Garm\'s Rise Phase 2 - Goblin Sapper 29555 x3 - Patrol 2', 0, 0, 0, 0);
DELETE FROM `spawn_group_spawn` WHERE id = 33008;
INSERT INTO `spawn_group_spawn` (`Id`, `Guid`, `SlotId`) VALUES (33008, 54543, 0),(33008, 54544, 1),(33008, 54548, 2);
DELETE FROM creature_spawn_data WHERE guid IN (54543,54544,54548);
INSERT INTO creature_spawn_data(Guid,Id) VALUES (54543,1),(54544,1),(54548,1);
DELETE FROM `spawn_group_formation` WHERE id = 33008;
INSERT INTO `spawn_group_formation` (`Id`, `FormationType`, `FormationSpread`, `FormationOptions`, `PathId`, `MovementType`, `Comment`) VALUES
(33008, 3, 2, 0, 33008, 2, 'Storm Peaks - Garm\'s Rise Phase 2 - Goblin Sapper 29555 x3 - Patrol 2');
DELETE FROM `waypoint_path_name` WHERE PathId = 33008;
INSERT INTO `waypoint_path_name` (`PathId`, `Name`) VALUES (33008,'Storm Peaks - Garm\'s Rise Phase 2 - Goblin Sapper 29555 x3 - Patrol 2');
DELETE FROM `waypoint_path` WHERE PathId = 33008;
INSERT INTO `waypoint_path` (`PathId`, `Point`, `PositionX`, `PositionY`,`PositionZ`, `Orientation`, `WaitTime`, `ScriptId`) VALUES
(33008,1,6311.2026,-1719.9783,456.1765,1.64063,2000,0),
(33008,2,6301.128,-1684.758,454.61987,100,0,0),
(33008,3,6289.407,-1645.1007,441.2068,100,0,0),
(33008,4,6291.9077,-1633.6527,439.8108,100,0,0),
(33008,5,6296.611,-1609.0116,426.0891,100,0,0),
(33008,6,6324.723,-1583.9806,425.35373,100,0,0),
(33008,7,6349.82,-1586.76,428.133,100,0,0),
(33008,8,6378.22,-1607.1,419.856,100,0,0),
(33008,9,6410.46,-1626.75,418.537,100,0,0),
(33008,10,6444.11,-1632.65,418.539,100,0,0),
(33008,11,6469.51,-1639.62,426.57,100,0,0),
(33008,12,6467.2,-1653.03,431.129,100,0,0),
(33008,13,6453.66,-1668,435.901,100,0,0),
(33008,14,6442.21,-1689.43,435.637,100,0,0),
(33008,15,6441.75,-1711.73,435.232,100,0,0),
(33008,16,6451.23,-1727.47,435.333,100,0,0),
(33008,17,6464.67,-1745.66,433.565,100,0,0),
(33008,18,6461.8,-1766.8,432.135,100,5000,2955502);
UPDATE `creature` SET `position_x` = '6330.58984375000000000000',`position_y` = '-1703.85998535156250000000',`position_z` = '455.71499633789060000000',`orientation` = '3.10668992996215800000' WHERE `guid` = 131545;
UPDATE `creature` SET `position_x` = '6330.68017578125000000000',`position_y` = '-1713.26000976562500000000',`position_z` = '455.71499633789060000000',`orientation` = '3.10668992996215800000' WHERE `guid` = 131546;
UPDATE `creature` SET `position_x` = '6327.85009765625000000000',`position_y` = '-1711.02001953125000000000',`position_z` = '455.58999633789060000000',`orientation` = '3.10668992996215800000' WHERE `guid` = 131547;
UPDATE `creature` SET `position_x` = '6330.79003906250000000000',`position_y` = '-1721.97998046875000000000',`position_z` = '456.46499633789060000000',`orientation` = '3.10668992996215800000' WHERE `guid` = 131548;
UPDATE `creature` SET `position_x` = '6327.87011718750000000000',`position_y` = '-1715.47998046875000000000',`position_z` = '455.58999633789060000000',`orientation` = '3.10668992996215800000' WHERE `guid` = 131549;
UPDATE `creature` SET `position_x` = '6330.47021484375000000000',`position_y` = '-1708.90002441406250000000',`position_z` = '455.83999633789060000000',`orientation` = '3.10668992996215800000' WHERE `guid` = 131550;
UPDATE `creature` SET `position_x` = '6330.47021484375000000000',`position_y` = '-1717.48999023437500000000',`position_z` = '455.96499633789060000000',`orientation` = '3.10668992996215800000' WHERE `guid` = 131551;
UPDATE `creature` SET `position_x` = '6328.02978515625000000000',`position_y` = '-1719.89001464843750000000',`position_z` = '455.83999633789060000000',`orientation` = '3.10668992996215800000' WHERE `guid` = 131552;
UPDATE `creature` SET `position_x` = '6327.54980468750000000000',`position_y` = '-1706.28002929687500000000',`position_z` = '455.58999633789060000000',`orientation` = '3.10668992996215800000' WHERE `guid` = 131553;

UPDATE creature_template_addon SET auras = NULL WHERE Entry = 29434;
DELETE FROM dbscripts_on_relay WHERE id IN (20006);
INSERT INTO dbscripts_on_relay (id, delay, command, datalong, datalong2, datalong3, buddy_entry, search_radius, data_flags, dataint, dataint2, dataint3, dataint4, x, y, z, o, comments) VALUES
(20006,1,15,51329,0,0,0,0,0,0,0,0,0,0,0,0,0,'cast 51329');
DELETE FROM creature_spawn_data_template WHERE entry = 20083;
INSERT INTO creature_spawn_data_template (Entry, NpcFlags, UnitFlags, Faction, ModelId, EquipmentId, CurHealth, CurMana, SpawnFlags, RelayId, StringId, Name) VALUES (20083,-1,-1,0,0,-1,0,0,0,20006,0,'-RelayId 20083');
DELETE FROM creature_spawn_data WHERE guid IN (105017,105018,111574);
INSERT INTO creature_spawn_data(Guid,Id) VALUES (105017,20083),(105018,20083),(111574,20083);

DELETE FROM `creature` WHERE `guid` = 75229;
DELETE FROM dbscripts_on_event WHERE id IN (19455);
INSERT INTO dbscripts_on_event (id, delay, command, datalong, datalong2, datalong3, buddy_entry, search_radius, data_flags, dataint, dataint2, dataint3, dataint4, x, y, z, o, comments) VALUES
(19455,1,31,29626,50,0,0,0,0x008,0,0,0,0,0,0,0,0,'search for 29626 - terminate if alive'),
(19455,2000,10,29626,300000,0,0,0,0x008,0,0,0,0,6447.5728,-1728.7552,480.7186,5.77704,'summon 29626');
UPDATE creature_template SET Faction = 16, EquipmentTemplateId = 4242, MovementType = 2 WHERE entry = 29626;
DELETE FROM creature_movement_template WHERE Entry = 29626;
INSERT INTO creature_movement_template (`Entry`, `Point`, `PositionX`, `PositionY`, `PositionZ`, `Orientation`, `WaitTime`, `ScriptId`) VALUES
(29626,1,6470.204,-1743.3411,486.80005,100,0,0),
(29626,2,6488.025,-1747.5215,488.09357,100,0,0),
(29626,3,6503.44,-1748.83,490.644,6.09453,1000,3);
DELETE FROM dbscripts_on_spell WHERE id IN (55693);
INSERT INTO dbscripts_on_spell (id, delay, command, datalong, datalong2, datalong3, buddy_entry, search_radius, data_flags, dataint, dataint2, dataint3, dataint4, x, y, z, o, comments) VALUES
(55693,1,14,55486,0,0,0,0,0,0,0,0,0,0,0,0,0,'remove aura');

REPLACE INTO `creature_spawn_entry` (`guid`, `entry`) SELECT `guid`, 5469 FROM `creature` WHERE `id` IN (5469);
REPLACE INTO `creature_spawn_entry` (`guid`, `entry`) SELECT `guid`, 5470 FROM `creature` WHERE `id` IN (5469);
UPDATE `creature` SET `id` = 0 WHERE `id` IN (5469);

UPDATE `creature_template_addon` SET `auras` = '17327' WHERE `entry` =14306;
UPDATE `quest_template` SET `RequiredSkillValue` = 30 WHERE `entry`= 1579;

UPDATE `questgiver_greeting` SET `Text` = ' Greetings, $n.' WHERE `Entry` =26245 AND `Type` =0;

UPDATE `creature_template` SET `SkinningLootId` = '0' WHERE `Entry` =5347;
DELETE FROM `skinning_loot_template` WHERE `entry` = 5347;

DELETE FROM creature_addon WHERE guid IN(SELECT guid FROM creature WHERE id IN (4396,4397));
DELETE FROM creature_movement WHERE id IN(SELECT guid FROM creature WHERE id IN (4396,4397));
DELETE FROM game_event_creature WHERE guid IN(SELECT guid FROM creature WHERE id IN (4396,4397));
DELETE FROM game_event_creature_data WHERE guid IN(SELECT guid FROM creature WHERE id IN (4396,4397));
DELETE FROM creature_battleground WHERE guid IN(SELECT guid FROM creature WHERE id IN (4396,4397));
DELETE FROM creature_linking WHERE guid IN(SELECT guid FROM creature WHERE id IN (4396,4397));
DELETE FROM creature WHERE id IN (4396,4397);
INSERT INTO `creature` (`guid`, `id`, `map`, `spawnMask`, `phaseMask`, `position_x`, `position_y`, `position_z`, `orientation`, `spawntimesecsmin`, `spawntimesecsmax`, `spawndist`, `MovementType`) VALUES
(27521, 4397, 1, 1, 1, '-2583.58007812500000000000', '-4250.02978515625000000000', '-15.01599979400634800000', '3.71820998191833500000', 300, 300, 10, 1),
(27545, 4397, 1, 1, 1, '-2229.13989257812500000000', '-4257.64990234375000000000', '-2.75096011161804200000', '4.47013998031616200000', 300, 300, 10, 1),
(27575, 4397, 1, 1, 1, '-2350.68994140625000000000', '-3918.57006835937500000000', '-10.49310016632080000000', '1.36135005950927730000', 300, 300, 5, 1),
(27693, 4397, 1, 1, 1, '-2347.97998046875000000000', '-4352.45996093750000000000', '-9.77159023284912100000', '6.05243015289306600000', 300, 300, 10, 1),
(27796, 4397, 1, 1, 1, '-2219.35009765625000000000', '-4282.37011718750000000000', '-1.43956005573272700000', '5.37317991256713900000', 300, 300, 10, 1),
(27838, 4397, 1, 1, 1, '-2256.25000000000000000000', '-4014.98999023437500000000', '-3.75096988677978500000', '3.30449008941650400000', 300, 300, 10, 1),
(27841, 4397, 1, 1, 1, '-2284.86010742187500000000', '-4366.16015625000000000000', '-2.28357005119323730000', '2.33410000801086430000', 300, 300, 10, 1),
(27921, 4397, 1, 1, 1, '-3016.43994140625000000000', '-4445.97998046875000000000', '-8.99090957641601600000', '1.69226002693176270000', 300, 300, 5, 1),
(28022, 4397, 1, 1, 1, '-3103.45996093750000000000', '-4432.14013671875000000000', '-11.64599990844726600000', '5.43159008026123050000', 300, 300, 5, 1),
(28037, 4397, 1, 1, 1, '-3089.07006835937500000000', '-4346.27001953125000000000', '0.07921700179576874000', '4.77615976333618200000', 300, 300, 5, 1),
(28103, 4397, 1, 1, 1, '-2735.72998046875000000000', '-4351.64990234375000000000', '-15.56359958648681600000', '2.61759996414184570000', 300, 300, 10, 1),
(28119, 4397, 1, 1, 1, '-2336.94995117187500000000', '-4137.20996093750000000000', '6.25018978118896500000', '2.77779006958007800000', 300, 300, 10, 1),
(28209, 4397, 1, 1, 1, '-3082.21997070312500000000', '-4289.35009765625000000000', '-10.46059989929199200000', '5.47370004653930700000', 300, 300, 5, 1),
(28231, 4397, 1, 1, 1, '-3035.87011718750000000000', '-4250.79980468750000000000', '-11.22459983825683600000', '1.06386005878448490000', 300, 300, 5, 1),
(28244, 4397, 1, 1, 1, '-2306.12011718750000000000', '-3993.46997070312500000000', '-5.77331018447876000000', '5.32905006408691400000', 300, 300, 10, 1),
(28307, 4397, 1, 1, 1, '-2270.36010742187500000000', '-4079.07006835937500000000', '-1.63274002075195310000', '0.29604700207710266000', 300, 300, 10, 1),
(28309, 4397, 1, 1, 1, '-2301.14990234375000000000', '-4223.16015625000000000000', '-0.95972102880477900000', '3.55826997756958000000', 300, 300, 10, 1),
(28482, 4397, 1, 1, 1, '-3020.84008789062500000000', '-4221.62011718750000000000', '-1.40882003307342530000', '1.81036996841430660000', 300, 300, 5, 1),
(28536, 4397, 1, 1, 1, '-2689.53002929687500000000', '-4354.99023437500000000000', '-4.46757984161376950000', '2.01777005195617680000', 300, 300, 10, 1),
(28645, 4397, 1, 1, 1, '-2589.67993164062500000000', '-3904.41992187500000000000', '-6.61262989044189450000', '2.95493006706237800000', 300, 300, 10, 1),
(28884, 4397, 1, 1, 1, '-2542.60009765625000000000', '-3873.36010742187500000000', '-18.93120002746582000000', '3.36004996299743650000', 300, 300, 10, 1),
(28931, 4397, 1, 1, 1, '-2495.73999023437500000000', '-3864.21997070312500000000', '-4.23470020294189450000', '5.24007987976074200000', 300, 300, 10, 1),
(29212, 4397, 1, 1, 1, '-2355.96997070312500000000', '-3953.89990234375000000000', '-7.05755996704101600000', '4.45338010787963900000', 300, 300, 10, 1),
(29302, 4397, 1, 1, 1, '-2431.33007812500000000000', '-3823.39990234375000000000', '-2.85297989845275900000', '0.71350002288818360000', 300, 300, 10, 1),
(29438, 4397, 1, 1, 1, '-2616.03002929687500000000', '-4297.74023437500000000000', '0.52637302875518800000', '6.01916980743408200000', 300, 300, 10, 1),
(29580, 4397, 1, 1, 1, '-2386.14990234375000000000', '-4241.20019531250000000000', '-7.77776002883911100000', '4.72245979309082000000', 300, 300, 10, 1),
(29614, 4397, 1, 1, 1, '-2420.32006835937500000000', '-4182.31005859375000000000', '-2.66915988922119140000', '5.47555017471313500000', 300, 300, 10, 1),
(29680, 4397, 1, 1, 1, '-2352.36010742187500000000', '-4237.45996093750000000000', '-1.65652000904083250000', '4.52482986450195300000', 300, 300, 10, 1),
(29690, 4397, 1, 1, 1, '-2299.93994140625000000000', '-4183.81005859375000000000', '-11.56820011138916000000', '0.02891599945724010500', 300, 300, 10, 1),
(29850, 4397, 1, 1, 1, '-2298.66992187500000000000', '-4173.81005859375000000000', '-6.40215015411376950000', '5.58312988281250000000', 300, 300, 10, 1),
(29915, 4397, 1, 1, 1, '-2472.23999023437500000000', '-3845.67993164062500000000', '0.14824199676513672000', '3.49053001403808600000', 300, 300, 10, 1),
(29946, 4397, 1, 1, 1, '-2485.43994140625000000000', '-3826.87011718750000000000', '3.50751996040344240000', '3.87585997581481930000', 300, 300, 10, 1),
(30074, 4397, 1, 1, 1, '-2741.82006835937500000000', '-4313.89013671875000000000', '-1.09315001964569100000', '2.21468997001647950000', 300, 300, 10, 1),
(30125, 4397, 1, 1, 1, '-2826.00000000000000000000', '-4203.77978515625000000000', '3.74610996246337900000', '2.05190992355346700000', 300, 300, 10, 1),
(30158, 4397, 1, 1, 1, '-2760.18994140625000000000', '-4239.89013671875000000000', '-3.52308011054992680000', '1.35642004013061520000', 300, 300, 10, 1),
(30167, 4397, 1, 1, 1, '-2611.71997070312500000000', '-4144.60009765625000000000', '-3.58852005004882800000', '0.54594999551773070000', 300, 300, 10, 1),
(30251, 4397, 1, 1, 1, '-2685.87988281250000000000', '-4136.02978515625000000000', '1.91364002227783200000', '1.37224996089935300000', 300, 300, 10, 1),
(30263, 4397, 1, 1, 1, '-2548.80004882812500000000', '-4106.47998046875000000000', '-1.64918005466461180000', '5.44902992248535200000', 300, 300, 10, 1),
(32586, 4397, 1, 1, 1, '-2574.19995117187500000000', '-4108.00976562500000000000', '-2.03114008903503400000', '4.46939992904663100000', 300, 300, 10, 1),
(32597, 4397, 1, 1, 1, '-3421.50000000000000000000', '-4373.35986328125000000000', '1.53496003150939940000', '5.02974987030029300000', 300, 300, 10, 1),
(32616, 4397, 1, 1, 1, '-3509.95996093750000000000', '-4388.95996093750000000000', '-3.77503991127014160000', '1.18230998516082760000', 300, 300, 10, 1),
(32634, 4397, 1, 1, 1, '-3462.64990234375000000000', '-4376.41015625000000000000', '0.64256197214126590000', '2.15193009376525900000', 300, 300, 10, 1),
(32635, 4397, 1, 1, 1, '-3369.65991210937500000000', '-4310.66015625000000000000', '0.67915099859237670000', '0.61033201217651370000', 300, 300, 10, 1),
(32680, 4397, 1, 1, 1, '-3283.42993164062500000000', '-4285.41015625000000000000', '1.81793999671936040000', '1.55127000808715820000', 300, 300, 10, 1),
(32831, 4397, 1, 1, 1, '-3346.66992187500000000000', '-4293.95996093750000000000', '0.90440100431442260000', '5.05949020385742200000', 300, 300, 10, 1),
(32947, 4397, 1, 1, 1, '-3087.64990234375000000000', '-4214.54980468750000000000', '0.75863897800445560000', '2.84157991409301760000', 300, 300, 10, 1);

UPDATE `creature_template` SET `MinLevel` = 70, `MaxLevel` = 70, `Faction`= 58 WHERE `entry` = 27936;

UPDATE `creature_template` SET `CharmedSpellList`='2491805', `MechanicImmuneMask` = `MechanicImmuneMask`&~1 WHERE `entry`='24918';
UPDATE `creature_template` SET `CharmedSpellList`='1693705', `MechanicImmuneMask` = `MechanicImmuneMask`&~1 WHERE `entry`='16937';
UPDATE `creature_template` SET `CharmedSpellList`='1693805', `MechanicImmuneMask` = `MechanicImmuneMask`&~1 WHERE `entry`='16938';
UPDATE `creature_template` SET `CharmedSpellList`='1708405', `MechanicImmuneMask` = `MechanicImmuneMask`&~1 WHERE `entry`='17084';
UPDATE `creature_template` SET `CharmedSpellList`='1696605', `MechanicImmuneMask` = `MechanicImmuneMask`&~1 WHERE `entry`='16966';
UPDATE `creature_template` SET `CharmedSpellList`='1696705', `MechanicImmuneMask` = `MechanicImmuneMask`&~1 WHERE `entry`='16967';
UPDATE `creature_template` SET `CharmedSpellList`='1692805', `MechanicImmuneMask` = `MechanicImmuneMask`&~1 WHERE `entry`='16928';
UPDATE `creature_template` SET `CharmedSpellList`='1705705', `MechanicImmuneMask` = `MechanicImmuneMask`&~1 WHERE `entry`='17057';
UPDATE `creature_template` SET `CharmedSpellList`='1692705', `MechanicImmuneMask` = `MechanicImmuneMask`&~1 WHERE `entry`='16927';
UPDATE `creature_template` SET `CharmedSpellList`='1692905', `MechanicImmuneMask` = `MechanicImmuneMask`&~1 WHERE `entry`='16929';
UPDATE `creature_template` SET `CharmedSpellList`='1926305', `MechanicImmuneMask` = `MechanicImmuneMask`&~1 WHERE `entry`='19263';
UPDATE `creature_template` SET `CharmedSpellList`='1696405', `MechanicImmuneMask` = `MechanicImmuneMask`&~1 WHERE `entry`='16964';
UPDATE `creature_template` SET `CharmedSpellList`='1687305', `MechanicImmuneMask` = `MechanicImmuneMask`&~1 WHERE `entry`='16873';
UPDATE `creature_template` SET `CharmedSpellList`='1944205', `MechanicImmuneMask` = `MechanicImmuneMask`&~1 WHERE `entry`='19442';
UPDATE `creature_template` SET `CharmedSpellList`='1942405', `MechanicImmuneMask` = `MechanicImmuneMask`&~1 WHERE `entry`='19424';
UPDATE `creature_template` SET `CharmedSpellList`='1687105', `MechanicImmuneMask` = `MechanicImmuneMask`&~1 WHERE `entry`='16871';
UPDATE `creature_template` SET `CharmedSpellList`='1945705', `MechanicImmuneMask` = `MechanicImmuneMask`&~1 WHERE `entry`='19457';
UPDATE `creature_template` SET `CharmedSpellList`='1942205', `MechanicImmuneMask` = `MechanicImmuneMask`&~1 WHERE `entry`='19422';
UPDATE `creature_template` SET `CharmedSpellList`='1690705', `MechanicImmuneMask` = `MechanicImmuneMask`&~1 WHERE `entry`='16907';
UPDATE `creature_template` SET `CharmedSpellList`='1687605', `MechanicImmuneMask` = `MechanicImmuneMask`&~1 WHERE `entry`='16876';
UPDATE `creature_template` SET `CharmedSpellList`='1692505', `MechanicImmuneMask` = `MechanicImmuneMask`&~1 WHERE `entry`='16925';
UPDATE `creature_template` SET `CharmedSpellList`='1895205', `MechanicImmuneMask` = `MechanicImmuneMask`&~1 WHERE `entry`='18952';
UPDATE `creature_template` SET `CharmedSpellList`='1970105', `MechanicImmuneMask` = `MechanicImmuneMask`&~1 WHERE `entry`='19701';
UPDATE `creature_template` SET `CharmedSpellList`='1941005', `MechanicImmuneMask` = `MechanicImmuneMask`&~1 WHERE `entry`='19410';
UPDATE `creature_template` SET `CharmedSpellList`='1687005', `MechanicImmuneMask` = `MechanicImmuneMask`&~1 WHERE `entry`='16870';
UPDATE `creature_template` SET `CharmedSpellList`='1941105', `MechanicImmuneMask` = `MechanicImmuneMask`&~1 WHERE `entry`='19411';
UPDATE `creature_template` SET `CharmedSpellList`='1686705', `MechanicImmuneMask` = `MechanicImmuneMask`&~1 WHERE `entry`='16867';
UPDATE `creature_template` SET `CharmedSpellList`='1687805', `MechanicImmuneMask` = `MechanicImmuneMask`&~1 WHERE `entry`='16878';
UPDATE `creature_template` SET `CharmedSpellList`='1941305', `MechanicImmuneMask` = `MechanicImmuneMask`&~1 WHERE `entry`='19413';
UPDATE `creature_template` SET `CharmedSpellList`='1941505', `MechanicImmuneMask` = `MechanicImmuneMask`&~1 WHERE `entry`='19415';
UPDATE `creature_template` SET `CharmedSpellList`='1941405', `MechanicImmuneMask` = `MechanicImmuneMask`&~1 WHERE `entry`='19414';
UPDATE `creature_template_addon` SET `auras` = '36725 36727' WHERE `entry` = 21365;
DELETE FROM creature_template_spells WHERE `entry` IN (24918,16937,16938,17084,16966,16967,16928,17057,16927,16929,19263,16964,16873,19442,19424,16871,19457,19422,16907,16876,16925,18952,19701,19410,16870,19411,16867,16878,19413,19415,19414);
DELETE FROM creature_cooldowns WHERE `entry` IN (24918,16937,16938,17084,16966,16967,16928,17057,16927,16929,19263,16964,16873,19442,19424,16871,19457,19422,16907,16876,16925,18952,19701,19410,16870,19411,16867,16878,19413,19415,19414);
DELETE FROM `creature_spell_list_entry` WHERE `Id` IN (2491805,1693705,1693805,1708405,1696605,1696705,1692805,1705705,1692705,1692905,1926305,1696405,1687305,1944205,1942405,1687105,1945705,1942205,1690705,1687605,1692505,1895205,1970105,1941005,1687005,1941105,1686705,1687805,1941305,1941505,1941405);
DELETE FROM `creature_spell_list` WHERE `Id` IN (2491805,1693705,1693805,1708405,1696605,1696705,1692805,1705705,1692705,1692905,1926305,1696405,1687305,1944205,1942405,1687105,1945705,1942205,1690705,1687605,1692505,1895205,1970105,1941005,1687005,1941105,1686705,1687805,1941305,1941505,1941405);
INSERT INTO `creature_spell_list_entry` (`Id`, `Name`, `ChanceSupportAction`, `ChanceRangedAttack`) VALUES
(2491805, 'TBC - Felblood Initiate', 0, 0),
(1693705, 'TBC - Dreghood Geomancer', 0, 0),
(1693805, 'TBC - Dreghood Brute', 0, 0),
(1708405, 'TBC - Avruu', 0, 0),
(1696605, 'TBC - Haal''eshi Windwalker', 0, 0),
(1696705, 'TBC - Haal''eshi Talonguard', 0, 0),
(1692805, 'TBC - Stonescythe Ambusher', 0, 0),
(1705705, 'TBC - Blacktalon the Savage', 0, 0),
(1692705, 'TBC - Stonescythe Whelp', 0, 0),
(1692905, 'TBC - Stonescythe Alpha', 0, 0),
(1926305, 'TBC - Warboss Nekrogg', 0, 0),
(1696405, 'TBC - Warlord Morkh', 0, 0),
(1687305, 'TBC - Bleeding Hollow Dark Shaman', 0, 0),
(1944205, 'TBC - Worg Master Kruush', 0, 0),
(1942405, 'TBC - Bleeding Hollow Tormentor', 0, 0),
(1687105, 'TBC - Bleeding Hollow Grunt', 0, 0),
(1945705, 'TBC - Grillok "Darkeye"', 0, 0),
(1942205, 'TBC - Bleeding Hollow Necrolyte', 0, 0),
(1690705, 'TBC - Bleeding Hollow Peon', 0, 0),
(1687605, 'TBC - Bonechewer Mutant', 0, 0),
(1692505, 'TBC - Bonechewer Raider', 0, 0),
(1895205, 'TBC - Bonechewer Scavenger', 0, 0),
(1970105, 'TBC - Bonechewer Evoker', 0, 0),
(1941005, 'TBC - Shattered Hand Neophyte', 0, 0),
(1687005, 'TBC - Shattered Hand Captain', 0, 0),
(1941105, 'TBC - Shattered Hand Warlock', 0, 0),
(1686705, 'TBC - Shattered Hand Grunt', 0, 0),
(1687805, 'TBC - Shattered Hand Berserker', 0, 0),
(1941305, 'TBC - Shattered Hand Mage', 0, 0),
(1941505, 'TBC - Shattered Hand Acolyte', 0, 0),
(1941405, 'TBC - Shattered Hand Guard', 0, 0);
INSERT INTO `creature_spell_list` (`Id`, `Position`, `SpellId`, `Flags`, `CombatCondition`, `TargetId`, `ScriptId`, `Availability`, `Probability`, `InitialMin`, `InitialMax`, `RepeatMin`, `RepeatMax`, `Comments`) VALUES
(2491805, 3, 35871, 0, -1, 0, 0, 100, 1, 0, 0, 19000, 19000, 'Felblood Initiate - Spellbreaker'),
(2491805, 0, 2, 0, -1, 0, 0, 100, 1, 0, 0, 0, 0, 'Felblood Initiate - Attack'),
(1693705, 4, 32734, 0, -1, 0, 0, 100, 1, 0, 0, 20000, 20000, 'Dreghood Geomancer - Earth Shield'),
(1693705, 3, 34083, 0, -1, 0, 0, 100, 1, 0, 0, 6000, 6557, 'Dreghood Geomancer - Fireball'),
(1693705, 0, 2, 0, -1, 0, 0, 100, 1, 0, 0, 0, 0, 'Dreghood Geomancer - Attack'),
(1693805, 3, 31553, 0, -1, 0, 0, 100, 1, 0, 0, 10000, 10000, 'Dreghood Brute - Hamstring'),
(1693805, 0, 2, 0, -1, 0, 0, 100, 1, 0, 0, 0, 0, 'Dreghood Brute - Attack'),
(1708405, 4, 34112, 0, -1, 0, 0, 100, 1, 0, 0, 25000, 25000, 'Avruu - Judgement of Darkness'),
(1708405, 3, 16588, 0, -1, 0, 0, 100, 1, 0, 0, 25000, 25000, 'Avruu - Dark Mending'),
(1708405, 0, 2, 0, -1, 0, 0, 100, 1, 0, 0, 0, 0, 'Avruu - Attack'),
(1696605, 4, 32717, 0, -1, 0, 0, 100, 1, 0, 0, 16000, 16000, 'Haal''eshi Windwalker - Hurricane'),
(1696605, 3, 9532, 0, -1, 0, 0, 100, 1, 0, 0, 0, 0, 'Haal''eshi Windwalker - Lightning Bolt'),
(1696605, 0, 2, 0, -1, 0, 0, 100, 1, 0, 0, 0, 0, 'Haal''eshi Windwalker - Attack'),
(1696705, 4, 32720, 0, -1, 0, 0, 100, 1, 0, 0, 12000, 12000, 'Haal''eshi Talonguard - Sprint'),
(1696705, 0, 2, 0, -1, 0, 0, 100, 1, 0, 0, 0, 0, 'Haal''eshi Talonguard - Attack'),
(1692805, 0, 2, 0, -1, 0, 0, 100, 1, 0, 0, 0, 0, 'Stonescythe Ambusher - Attack'),
(1705705, 0, 2, 0, -1, 0, 0, 100, 1, 0, 0, 0, 0, 'Blacktalon the Savage - Attack'),
(1692705, 0, 2, 0, -1, 0, 0, 100, 1, 0, 0, 0, 0, 'Stonescythe Whelp - Attack'),
(1692905, 4, 33911, 0, -1, 0, 0, 100, 1, 0, 0, 10000, 10000, 'Stonescythe Alpha - Tear Armor'),
(1692905, 0, 2, 0, -1, 0, 0, 100, 1, 0, 0, 0, 0, 'Stonescythe Alpha - Attack'),
(1926305, 5, 34113, 0, -1, 0, 0, 100, 1, 0, 0, 8000, 8000, 'Warboss Nekrogg - Bonechewer Bite'),
(1926305, 0, 2, 0, -1, 0, 0, 100, 1, 0, 0, 0, 0, 'Warboss Nekrogg - Attack'),
(1696405, 4, 11978, 0, -1, 0, 0, 100, 1, 0, 0, 16000, 16000, 'Warlord Morkh - Kick'),
(1696405, 3, 34080, 0, -1, 0, 0, 100, 1, 0, 0, 20000, 20000, 'Warlord Morkh - Riposte Stance'),
(1696405, 0, 2, 0, -1, 0, 0, 100, 1, 0, 0, 0, 0, 'Warlord Morkh - Attack'),
(1687305, 6, 6742, 0, -1, 0, 0, 100, 1, 0, 0, 60000, 60000, 'Bleeding Hollow Dark Shaman - Bloodlust'),
(1687305, 5, 12550, 0, -1, 0, 0, 100, 1, 0, 0, 30000, 30000, 'Bleeding Hollow Dark Shaman - Lightning Shield'),
(1687305, 0, 2, 0, -1, 0, 0, 100, 1, 0, 0, 0, 0, 'Bleeding Hollow Dark Shaman - Attack'),
(1944205, 3, 30478, 0, -1, 0, 0, 100, 1, 0, 0, 20000, 20000, 'Worg Master Kruush - Hemorrhage'),
(1944205, 0, 2, 0, -1, 0, 0, 100, 1, 0, 0, 0, 0, 'Worg Master Kruush - Attack'),
(1942405, 3, 33976, 0, -1, 0, 0, 100, 1, 0, 0, 0, 0, 'Bleeding Hollow Tormentor - Mend Pet'),
(1942405, 0, 2, 0, -1, 0, 0, 100, 1, 0, 0, 0, 0, 'Bleeding Hollow Tormentor - Attack'),
(1687105, 3, 11976, 0, -1, 0, 0, 100, 1, 0, 0, 8000, 8000, 'Bleeding Hollow Grunt - Strike'),
(1687105, 0, 2, 0, -1, 0, 0, 100, 1, 0, 0, 0, 0, 'Bleeding Hollow Grunt - Attack'),
(1945705, 4, 12058, 0, -1, 0, 0, 100, 1, 0, 0, 8000, 8000, 'Grillok "Darkeye" - Chain Lightning'),
(1945705, 3, 12550, 0, -1, 0, 0, 100, 1, 0, 0, 30000, 30000, 'Grillok "Darkeye" - Lightning Shield'),
(1945705, 0, 2, 0, -1, 0, 0, 100, 1, 0, 0, 0, 0, 'Grillok "Darkeye" - Attack'),
(1942205, 6, 34073, 0, -1, 0, 0, 100, 1, 0, 0, 45000, 45000, 'Bleeding Hollow Necrolyte - Curse of the Bleeding Hollow'),
(1942205, 5, 34019, 0, -1, 0, 0, 100, 1, 0, 0, 60000, 60000, 'Bleeding Hollow Necrolyte - Raise Dead'),
(1942205, 3, 9053, 0, -1, 0, 0, 100, 1, 0, 0, 0, 0, 'Bleeding Hollow Necrolyte - Fireball'),
(1942205, 0, 2, 0, -1, 0, 0, 100, 1, 0, 0, 0, 0, 'Bleeding Hollow Necrolyte - Attack'),
(1690705, 0, 2, 0, -1, 0, 0, 100, 1, 0, 0, 0, 0, 'Bleeding Hollow Peon - Attack'),
(1687605, 3, 34113, 0, -1, 0, 0, 100, 1, 0, 0, 30000, 30000, 'Bonechewer Mutant - Bonechewer Bite'),
(1687605, 0, 2, 0, -1, 0, 0, 100, 1, 0, 0, 0, 0, 'Bonechewer Mutant - Attack'),
(1692505, 0, 2, 0, -1, 0, 0, 100, 1, 0, 0, 0, 0, 'Bonechewer Raider - Attack'),
(1895205, 4, 34113, 0, -1, 0, 0, 100, 1, 0, 0, 60000, 60000, 'Bonechewer Scavenger - Bonechewer Bite'),
(1895205, 3, 13398, 0, -1, 0, 0, 100, 1, 0, 0, 30000, 30000, 'Bonechewer Scavenger - Throw Wrench'),
(1895205, 0, 2, 0, -1, 0, 0, 100, 1, 0, 0, 0, 0, 'Bonechewer Scavenger - Attack'),
(1970105, 3, 9053, 0, -1, 0, 0, 100, 1, 0, 0, 0, 0, 'Bonechewer Evoker - Fireball'),
(1970105, 0, 2, 0, -1, 0, 0, 100, 1, 0, 0, 0, 0, 'Bonechewer Evoker - Attack'),
(1941005, 5, 6742, 0, -1, 0, 0, 100, 1, 0, 0, 30000, 30000, 'Shattered Hand Neophyte - Bloodlust'),
(1941005, 4, 11639, 0, -1, 0, 0, 100, 1, 0, 0, 15000, 15000, 'Shattered Hand Neophyte - Shadow Word: Pain'),
(1941005, 3, 11640, 0, -1, 0, 0, 100, 1, 0, 0, 15000, 15000, 'Shattered Hand Neophyte - Renew'),
(1941005, 0, 2, 0, -1, 0, 0, 100, 1, 0, 0, 0, 0, 'Shattered Hand Neophyte - Attack'),
(1687005, 3, 15496, 0, -1, 0, 0, 100, 1, 0, 0, 8000, 8000, 'Shattered Hand Captain - Cleave'),
(1687005, 0, 2, 0, -1, 0, 0, 100, 1, 0, 0, 0, 0, 'Shattered Hand Captain - Attack'),
(1941105, 5, 13787, 0, -1, 0, 0, 100, 1, 0, 0, 30000, 30000, 'Shattered Hand Warlock - Demon Armor'),
(1941105, 4, 11962, 0, -1, 0, 0, 100, 1, 0, 0, 15000, 15000, 'Shattered Hand Warlock - Immolate'),
(1941105, 3, 9613, 0, -1, 0, 0, 100, 1, 0, 0, 0, 0, 'Shattered Hand Warlock - Shadow Bolt'),
(1941105, 0, 2, 0, -1, 0, 0, 100, 1, 0, 0, 0, 0, 'Shattered Hand Warlock - Attack'),
(1686705, 4, 11978, 0, -1, 0, 0, 100, 1, 0, 0, 15000, 15000, 'Shattered Hand Grunt - Kick'),
(1686705, 3, 11976, 0, -1, 0, 0, 100, 1, 0, 0, 15000, 15000, 'Shattered Hand Grunt - Strike'),
(1686705, 0, 2, 0, -1, 0, 0, 100, 1, 0, 0, 0, 0, 'Shattered Hand Grunt - Attack'),
(1687805, 4, 35570, 0, -1, 0, 0, 100, 1, 0, 0, 15000, 15000, 'Shattered Hand Berserker - Charge'),
(1687805, 0, 2, 0, -1, 0, 0, 100, 1, 0, 0, 0, 0, 'Shattered Hand Berserker - Attack'),
(1941305, 4, 11831, 0, -1, 0, 0, 100, 1, 0, 0, 15000, 15000, 'Shattered Hand Mage - Frost Nova'),
(1941305, 3, 14034, 0, -1, 0, 0, 100, 1, 0, 0, 0, 0, 'Shattered Hand Mage - Fireball'),
(1941305, 0, 2, 0, -1, 0, 0, 100, 1, 0, 0, 0, 0, 'Shattered Hand Mage - Attack'),
(1941505, 5, 13864, 0, -1, 0, 0, 100, 1, 0, 0, 60000, 60000, 'Shattered Hand Acolyte - Power Word: Fortitude'),
(1941505, 4, 16568, 0, -1, 0, 0, 100, 1, 0, 0, 5000, 5000, 'Shattered Hand Acolyte - Mind Flay'),
(1941505, 3, 11642, 0, -1, 0, 0, 100, 1, 0, 0, 16000, 16000, 'Shattered Hand Acolyte - Heal'),
(1941505, 0, 2, 0, -1, 0, 0, 100, 1, 0, 0, 0, 0, 'Shattered Hand Acolyte - Attack'),
(1941405, 4, 33960, 0, -1, 0, 0, 100, 1, 0, 0, 15000, 15000, 'Shattered Hand Guard - Counterstrike'),
(1941405, 3, 11976, 0, -1, 0, 0, 100, 1, 0, 0, 15000, 15000, 'Shattered Hand Guard - Strike'),
(1941405, 0, 2, 0, -1, 0, 0, 100, 1, 0, 0, 0, 0, 'Shattered Hand Guard - Attack');
DELETE FROM `spell_script_target` WHERE `entry` = 34076;
INSERT INTO `spell_script_target` (`entry`, `type`, `targetEntry`, `inverseEffectMask`) VALUES (34076, 1, 19458, 0), (34076, 1, 19459, 0);
UPDATE `creature` SET `position_x` = -1050.32,  `position_y` = 2000.24,  `position_z` = 67.3604,  `orientation` = 5.79449 WHERE `guid` = 58995 AND `id` = 19458;
UPDATE `creature` SET `position_x` = -1054,  `position_y` = 1996,  `position_z` = 67.5833,  `orientation` = 2.61799 WHERE `guid` = 59002 AND `id` = 19459;
UPDATE `creature_template_addon` SET `auras` = '19483' WHERE `entry` = 20160;
UPDATE `creature_template_addon` SET `auras` = '19483' WHERE `entry` = 23044;
INSERT INTO `creature` (`guid`, `id`, `map`, `spawnMask`, `position_x`, `position_y`, `position_z`, `orientation`, `spawntimesecsmin`, `spawntimesecsmax`, `spawndist`, `MovementType`) VALUES
(54549, 17058, 530, 1, '-618.79602050781250000000', '4781.77978515625000000000', '40.62950134277344000000', '3.42085003852844240000', 300, 300, 2, 1),
(54550, 17058, 530, 1, '-495.82598876953125000000', '4770.00976562500000000000', '28.03260040283203000000', '0.52114301919937130000', 300, 300, 2, 1),
(54577, 16938, 530, 1, '-622.02600097656250000000', '4786.60009765625000000000', '39.55730056762695000000', '3.17650008201599100000', 300, 300, 0, 0),
(54578, 16938, 530, 1, '-621.14202880859380000000', '4777.87011718750000000000', '40.76390075683594000000', '2.84489011764526370000', 300, 300, 0, 0);
DELETE FROM `creature_linking` WHERE `master_guid` IN (54549,54550);
INSERT INTO `creature_linking` (`guid`, `master_guid`, `flag`) VALUES (54577, 54549, 3),(54578, 54549, 3),(60150, 54550, 3),(60152, 54550, 3),(60153, 54550, 3);
UPDATE `creature_template` SET `CorpseDecay` = 3 WHERE `entry` = 19419;
UPDATE `creature_template` SET `CorpseDecay` = 3 WHERE `entry` = 19420;
DELETE FROM `dbscripts_on_event` WHERE `id` = 14379 AND `command` = 31;
INSERT INTO `dbscripts_on_event` (`id`, `delay`, `priority`, `command`, `datalong`, `datalong2`, `datalong3`, `buddy_entry`, `search_radius`, `data_flags`, `dataint`, `dataint2`, `dataint3`, `dataint4`, `datafloat`, `x`, `y`, `z`, `o`, `speed`, `condition_id`, `comments`) VALUES
(14379, 1000, 0, 31, 22374, 100, 0, 0, 0, 8, 0, 0, 0, 0, 0, -248.426, 3032.92, -65.5993, 1.309, 0, 0, 'check for 22374 - terminate if alive');
UPDATE `creature_template` SET `SchoolImmuneMask` = 4, `MechanicImmuneMask` = `MechanicImmuneMask`|(16+8388608) WHERE `entry` = 19261;
UPDATE `creature_template` SET `ExtraFlags` = `ExtraFlags`&~1024 WHERE `entry` = 18950;
UPDATE `creature_template` SET `ExtraFlags` = `ExtraFlags`|1048576, `CorpseDecay` = 10 WHERE `entry` IN (18948,18949,18950,18965,18966,18969,18970,18971,18972,18986);

DELETE FROM dbscripts_on_gossip WHERE id IN (991701,991700);
INSERT INTO dbscripts_on_gossip (id, delay, command, datalong, datalong2, datalong3, buddy_entry, search_radius, data_flags, dataint, dataint2, dataint3, dataint4, x, y, z, o, comments) VALUES
(991701,0,15,58061,0,0,0,0,0,0,0,0,0,0,0,0,0,'cast 58061 on Player'),
(991700,0,15,58062,0,0,0,0,0,0,0,0,0,0,0,0,0,'cast 58062 on Player');
DELETE FROM spell_target_position WHERE Id IN(56859,56899);
INSERT INTO spell_target_position VALUES
(56859,571,6147.5205,-1069.0864,402.67035,100),
(56899,571,6147.5205,-1069.0864,402.67035,100);
UPDATE creature_template SET UnitFlags = 512, StaticFlags2 = 1024, InhabitType = 3, MovementTemplateId = 144, VehicleTemplateId = 240, MovementType = 0 WHERE entry = 30477;
DELETE FROM creature_movement_template WHERE Entry = 30477;
INSERT INTO creature_movement_template (`Entry`, `Point`, `PositionX`, `PositionY`, `PositionZ`, `Orientation`, `WaitTime`, `ScriptId`) VALUES
(30477,1,6147.5205,-1069.0864,402.67035,100,0,0),
(30477,2,6148.49,-1069.33,402.67035,100,0,0),
(30477,3,6164.999,-1064.5122,422.1189,100,0,0),
(30477,4,6204.096,-998.4872,457.5628,100,0,0),
(30477,5,6289.5728,-952.1809,504.6187,100,0,0),
(30477,6,6307.7876,-872.7999,541.7296,100,0,0),
(30477,7,6370.5815,-821.95074,653.868,100,0,0),
(30477,8,6413.268,-660.4708,808.39526,100,0,0),
(30477,9,6554.8135,-550.3772,1018.1122,100,0,0),
(30477,10,6633.2646,-419.31586,1173.9137,100,0,0),
(30477,11,6760.5034,-364.46646,1277.7195,100,0,0),
(30477,12,6807.88,-427.51944,1399.109,100,0,0),
(30477,13,6808.07,-471.4465,1419.2474,100,0,0),
(30477,14,6775.634,-529.2309,1394.3866,100,0,0),
(30477,15,6720.6445,-535.55286,1328.0541,100,0,0),
(30477,16,6660.3096,-486.86514,1238.5532,100,0,0),
(30477,17,6658.9365,-417.84094,1186.1096,100,0,0),
(30477,18,6680.4897,-329.30872,1098.6091,100,0,0),
(30477,19,6683.783,-220.34538,972.72034,100,0,0),
(30477,20,6663.772,-192.12614,962.2485,100,100,3048701),
(30477,21,6654.82,-180.16895,958.13165,100,0,0),
(30477,22,6631.4673,-171.33052,966.46326,100,0,0),
(30477,23,6598.2227,-162.36642,984.2227,100,0,0),
(30477,24,6566.6704,-155.20769,992.0551,100,0,0),
(30477,25,6529.6514,-154.93631,992.0551,100,0,0),
(30477,26,6454.4165,-152.13107,962.305,100,100,1);
UPDATE creature_template SET UnitFlags = 512, StaticFlags2 = 1024, InhabitType = 3, MovementTemplateId = 144, VehicleTemplateId = 240, MovementType = 0 WHERE entry = 30487;
DELETE FROM creature_movement_template WHERE Entry = 30487;
INSERT INTO creature_movement_template (`Entry`, `Point`, `PositionX`, `PositionY`, `PositionZ`, `Orientation`, `WaitTime`, `ScriptId`) VALUES
(30487,1,6169.229,-1069.619,420.69446,100,0,0),
(30487,2,6232.725,-1031.5977,505.7779,100,0,0),
(30487,3,6339.224,-1035.0797,575.3331,100,0,0),
(30487,4,6431.492,-987.6745,694.8887,100,0,0),
(30487,5,6632.437,-925.97394,896.1384,100,0,0),
(30487,6,6822.084,-755.521,1171.1941,100,0,0),
(30487,7,7090.693,-619.48737,1455.6394,100,0,0),
(30487,8,7260.7495,-282.75003,1513.3616,100,0,0),
(30487,9,7552.5024,-334.65088,1657.6676,100,0,0),
(30487,10,7692.3013,-509.42502,1536.5002,100,0,0),
(30487,11,7799.192,-636.3267,1252.2778,100,0,0),
(30487,12,7841.5547,-726.5501,1193.9164,100,0,0),
(30487,13,7844.731,-775.36127,1185.8333,100,100,3048701),
(30487,14,7842.4487,-815.5735,1186.3956,100,0,0),
(30487,15,7838.703,-859.95715,1173.1735,100,0,0),
(30487,16,7865.014,-911.2181,1163.9792,100,0,0),
(30487,17,7856.225,-951.6568,1151.5625,100,100,1);
DELETE FROM dbscripts_on_creature_movement WHERE id IN (3048701);
INSERT INTO dbscripts_on_creature_movement (id, delay, priority, command, datalong, datalong2, datalong3, buddy_entry, search_radius, data_flags, dataint, dataint2, dataint3, dataint4, x, y, z, o, comments) VALUES
(3048701,0,1,14,46598,0,0,0,0,0x004,0,0,0,0,0,0,0,0,''),
(3048701,0,2,15,42895,0,0,0,0,0,0,0,0,0,0,0,0,0,'');

UPDATE `creature_template` SET `SkinningLootId` = '0' WHERE `Entry` =14344;
UPDATE `creature_template` SET `SkinningLootId` = '0' WHERE `Entry` =14476;
DELETE FROM `skinning_loot_template` WHERE `entry` = 14344;
DELETE FROM `skinning_loot_template` WHERE `entry` = 14476;
UPDATE `quest_template` SET `OfferRewardText` = 'So you have put together a deck of Beasts. Your gesture of returning it to us will create a tie between you and the Darkmoon that will not soon be forgotten. Allow me to present you with one of the greater darkmoon cards as a small token of our appreciation.' WHERE `entry` = 7907;
INSERT INTO `creature` (`guid`, `id`, `map`, `position_x`, `position_y`, `position_z`, `orientation`, `spawntimesecsmin`, `spawntimesecsmax`, `spawndist`, `MovementType`) VALUES
(9929, 11884, 1, -6342.67, -660.912, -179.83, 3.59357, 300, 300, 15, 1);
UPDATE `creature` SET `MovementType` = 2 WHERE `guid` = 9991;
DELETE FROM dbscripts_on_creature_movement WHERE id = 148401;
INSERT INTO `dbscripts_on_creature_movement` (`id`, `delay`, `priority`, `command`, `datalong`, `datalong2`, `datalong3`, `data_flags`, `dataint`, `dataint2`, `dataint3`, `dataint4`, `x`, `y`, `z`, `o`, `condition_id`, `comments`) VALUES
(148401, 1, 0, 0, 0, 0, 0, 0, 394, 395, 396, 0, 0, 0, 0, 0, 0, 'Derina Rumdnul - Talk');
DELETE FROM creature_movement_template WHERE Entry = 1484;
INSERT INTO creature_movement_template (`Entry`, `Point`, `PositionX`, `PositionY`, `PositionZ`, `Orientation`, `WaitTime`, `ScriptId`) VALUES
(1484, 1, -3743.43, -886.878, 11.0101, 100, 360000, 0),
(1484, 2, -3742.26, -876.78, 9.90981, 100, 0, 0),
(1484, 3, -3741.16, -871.94, 9.90022, 100, 8000, 148401);

INSERT INTO `questgiver_greeting` (`Entry`, `Type`, `Text`, `EmoteId`, `EmoteDelay`) VALUES (18891, 0, ' Greetings, $n.', 0, 0);
INSERT INTO `questgiver_greeting` (`Entry`, `Type`, `Text`, `EmoteId`, `EmoteDelay`) VALUES (7583, 0, ' Greetings, $n.', 0, 0);
INSERT INTO `questgiver_greeting` (`Entry`, `Type`, `Text`, `EmoteId`, `EmoteDelay`) VALUES (32799, 0, ' Greetings, $n.', 0, 0);

-- 14094_01_mangos_achievement_scripting.sql
ALTER TABLE achievement_criteria_requirement ADD COLUMN ScriptName char(64) DEFAULT NULL;
UPDATE achievement_criteria_requirement SET type=27 WHERE type=11;

DELETE FROM achievement_criteria_requirement WHERE criteria_id=6800;
INSERT INTO achievement_criteria_requirement VALUES
('6800', '6', '3057', '0', NULL),
('6800', '11', '0', '0', 'criterion_sickly_gazelle');

-- implement diff vs TC

INSERT INTO worldstate_name VALUES
(4010,'WoW 4th anniversary'),
(4425,'WoW 5th anniversary');

INSERT INTO achievement_criteria_requirement(criteria_id,type,value1) VALUES
(9058,26,4010),
(12562,26,4425);

-- also has an item level req despite not being in text
DELETE FROM achievement_criteria_requirement WHERE criteria_id IN(4768,4769,4770,4771,4772,4773,4774,4775,4776,4777,4778,4779,4780,4781,4782,4783,4784,4785,4786,6140,6141,6142) AND type=27;
UPDATE achievement_criteria_requirement SET value1=213 WHERE criteria_id IN(4768,4769,4770,4771,4772,4773,4774,4775,4776,4777,4778,4779,4780,4781,4782,4783,4784,4785,4786,6140,6141,6142) AND type=19;

UPDATE creature SET position_x = 6672.174, position_y = -195.8767, position_z = 952.1977, orientation = 5.427974, spawndist = 0, MovementType = 0 WHERE id = 29996;
UPDATE `creature` SET `phaseMask` = '1' WHERE `guid` =98594;
DELETE FROM creature_addon WHERE guid IN(SELECT guid FROM creature WHERE id IN (30013));
DELETE FROM creature_movement WHERE id IN(SELECT guid FROM creature WHERE id IN (30013));
DELETE FROM game_event_creature WHERE guid IN(SELECT guid FROM creature WHERE id IN (30013));
DELETE FROM game_event_creature_data WHERE guid IN(SELECT guid FROM creature WHERE id IN (30013));
DELETE FROM creature_battleground WHERE guid IN(SELECT guid FROM creature WHERE id IN (30013));
DELETE FROM creature_linking WHERE guid IN(SELECT guid FROM creature WHERE id IN (30013));
DELETE FROM creature WHERE id IN (30013);
INSERT INTO `creature` (`guid`, `id`, `map`, `spawnMask`, `phaseMask`, `position_x`, `position_y`, `position_z`, `orientation`, `spawntimesecsmin`, `spawntimesecsmax`, `spawndist`, `MovementType`) VALUES
(68000, 30013, 571, 1, 1, '6599.46300000000000000000', '-285.60940000000000000000', '984.09180000000000000000', '0.55850540000000000000', 300, 300, 0, 0),
(68003, 30013, 571, 1, 1, '6580.96300000000000000000', '-341.59580000000000000000', '1025.59000000000000000000', '0.00000000000000000000', 300, 300, 0, 3),
(68002, 30013, 571, 1, 1, '6558.54400000000000000000', '-152.02570000000000000000', '1054.93300000000000000000', '0.00000000000000000000', 300, 300, 0, 3),
(68001, 30013, 571, 1, 1, '6630.09800000000000000000', '-152.59615000000000000000', '999.09650000000000000000', '0.00000000000000000000', 300, 300, 0, 3);
DELETE FROM vehicle_accessory WHERE vehicle_entry IN (29730,30013);
INSERT INTO vehicle_accessory (vehicle_entry, seat, accessory_entry, RideSpellId, comment) VALUES (30013,0,29730,43671,'Frostborn Stormrider 29730 on Stormcrest Eagle 30013');
DELETE FROM creature_movement WHERE id IN (68001,68002,68003);
INSERT INTO creature_movement (`id`, `Point`, `PositionX`, `PositionY`, `PositionZ`, `Orientation`, `WaitTime`, `ScriptId`) VALUES
(68001,1,6630.098,-152.59615,999.0965,100,0,0),
(68001,2,6663.148,-136.39362,999.0965,100,0,0),
(68001,3,6705.553,-94.23096,999.0965,100,0,0),
(68001,4,6728.8955,43.04465,999.0965,100,0,0),
(68001,5,6628.838,175.64328,999.0965,100,0,0),
(68001,6,6520.2456,148.97638,999.0965,100,0,0),
(68001,7,6386.1724,-22.666178,999.0965,100,0,0),
(68001,8,6253.4634,-195.81392,999.0965,100,0,0),
(68001,9,6330.9097,-276.6109,999.0965,100,0,0),
(68001,10,6537.496,-198.99007,999.0965,100,0,0),
(68002,1,6558.544,-152.0257,1054.933,100,0,0),
(68002,2,6609.241,-127.7897,1055.322,100,0,0),
(68002,3,6701.458,-107.1807,1059.877,100,0,0),
(68002,4,6774.843,-197.2011,1078.129,100,0,0),
(68002,5,6777.308,-292.3615,1095.376,100,0,0),
(68002,6,6703.971,-329.4862,1100.933,100,0,0),
(68002,7,6606.578,-326.3456,1091.265,100,0,0),
(68002,8,6552.779,-289.719,1077.712,100,0,0),
(68002,9,6536.85,-189.0296,1059.237,100,0,0),
(68003,1,6580.963,-341.5958,1025.59,100,0,0),
(68003,2,6595.587,-274.2542,1025.59,100,0,0),
(68003,3,6603.651,-214.6846,1025.59,100,0,0),
(68003,4,6598.268,-139.6636,1025.59,100,0,0),
(68003,5,6583.247,-70.264,1025.59,100,0,0),
(68003,6,6517.861,-27.37788,1025.59,100,0,0),
(68003,7,6334.042,-80.26796,1025.59,100,0,0),
(68003,8,6302.791,-214.7384,1025.59,100,0,0),
(68003,9,6306.531,-372.1047,1025.59,100,0,0),
(68003,10,6347.108,-523.2972,1025.59,100,0,0),
(68003,11,6469.087,-575.7284,1025.59,100,0,0),
(68003,12,6543.881,-476.6713,1025.59,100,0,0);
DELETE FROM creature_spawn_data WHERE guid IN (68001,68002,68003);
INSERT INTO creature_spawn_data(Guid,Id) VALUES (68001,1),(68002,1),(68003,1);
UPDATE `creature_template_addon` SET `stand_state` = '7', `auras` = NULL WHERE `entry` =29996;

UPDATE creature_template SET Faction = 7 WHERE entry = 3503;

UPDATE game_event SET schedule_type = 11 WHERE entry = 12;

UPDATE creature_template SET MovementType = 4 WHERE entry = 29518;
UPDATE creature SET position_x = 7044.623, position_y = -1310.1295, position_z = 818.9523, spawndist = 0, MovementType = 4 WHERE id = 29518;
DELETE FROM creature_movement WHERE Id IN (75231);
DELETE FROM creature_movement_template WHERE Entry = 29518;
INSERT INTO creature_movement_template (`Entry`, `Point`, `PositionX`, `PositionY`, `PositionZ`, `Orientation`, `WaitTime`, `ScriptId`) VALUES
(29518,1,7044.623,-1310.1295,818.9523,100,1000,0),
(29518,2,7028.9956,-1310.782,819.1079,100,0,0),
(29518,3,7009.517,-1307.7488,818.95807,100,0,0),
(29518,4,7000.687,-1300.8732,819.0505,100,0,0),
(29518,5,6976.3975,-1296.6864,819.95807,100,0,0),
(29518,6,6928.029,-1297.9684,817.95654,100,0,0),
(29518,7,6901.138,-1297.0376,817.80945,100,0,0),
(29518,8,6870.644,-1294.8513,819.44116,100,0,0),
(29518,9,6855.9814,-1296.7399,818.8237,100,0,0),
(29518,10,6850.035,-1305.7087,819.45526,100,0,0),
(29518,11,6845.619,-1319.0796,819.37067,100,0,0),
(29518,12,6839.951,-1328.457,819.27277,100,0,0),
(29518,13,6827.561,-1335.6827,819.24084,100,0,0),
(29518,14,6820.0713,-1345.9069,819.3055,100,0,0),
(29518,15,6820.5366,-1359.4637,819.3935,100,0,0),
(29518,16,6833.3394,-1372.6869,819.3758,100,0,0),
(29518,17,6819.827,-1360.6775,819.20575,100,0,0),
(29518,18,6818.8477,-1344.2748,819.34106,100,0,0),
(29518,19,6827.0923,-1333.9236,819.4425,100,0,0),
(29518,20,6839.8716,-1328.0422,819.3108,100,0,0),
(29518,21,6845.336,-1316.5093,819.4544,100,0,0),
(29518,22,6848.792,-1306.6178,819.47095,100,0,0),
(29518,23,6854.1797,-1296.5005,818.68744,100,0,0),
(29518,24,6871.438,-1293.6317,819.3052,100,0,0),
(29518,25,6878.518,-1289.6031,818.6354,100,0,0),
(29518,26,6878.065,-1260.7762,812.1301,100,0,0),
(29518,27,6872.179,-1250.6821,810.27234,100,0,0),
(29518,28,6849.527,-1241.5924,805.6513,100,1000,0);
DELETE FROM creature_addon WHERE guid IN(SELECT guid FROM creature WHERE id IN (29426));
DELETE FROM creature_movement WHERE id IN(SELECT guid FROM creature WHERE id IN (29426));
DELETE FROM game_event_creature WHERE guid IN(SELECT guid FROM creature WHERE id IN (29426));
DELETE FROM game_event_creature_data WHERE guid IN(SELECT guid FROM creature WHERE id IN (29426));
DELETE FROM creature_battleground WHERE guid IN(SELECT guid FROM creature WHERE id IN (29426));
DELETE FROM creature_linking WHERE guid IN(SELECT guid FROM creature WHERE id IN (29426));
DELETE FROM creature WHERE id IN (29426);
REPLACE INTO `creature` (`guid`, `id`, `map`, `spawnMask`, `phaseMask`, `position_x`, `position_y`, `position_z`, `orientation`, `spawntimesecsmin`, `spawntimesecsmax`, `spawndist`, `MovementType`) VALUES
(105044, 29426, 571, 1, 5, '6925.29980468750000000000', '-1396.19995117187500000000', '830.53002929687500000000', '1.60622000694274900000', 300, 300, 0, 0),
(105045, 29426, 571, 1, 5, '6919.62988281250000000000', '-1396.40002441406250000000', '830.82501220703120000000', '1.55909001827240000000', 300, 300, 0, 0),
(105043, 29426, 571, 1, 5, '6942.96200000000000000000', '-1411.05400000000000000000', '831.87550000000000000000', '1.63765001296997070000', 300, 300, 0, 4),
(105015, 29426, 571, 1, 5, '6927.47500000000000000000', '-1298.78140000000000000000', '818.04974000000000000000', '0.00000000000000000000', 300, 300, 0, 4);
DELETE FROM creature_movement WHERE id IN (105015,105043);
INSERT INTO creature_movement (`id`, `Point`, `PositionX`, `PositionY`, `PositionZ`, `Orientation`, `WaitTime`, `ScriptId`) VALUES
(105015,1,6927.475,-1298.7814,818.04974,100,500,0),
(105015,2,6927.4453,-1289.6091,817.98224,100,0,0),
(105015,3,6927.7993,-1282.6649,819.0114,100,0,0),
(105015,4,6927.6045,-1280.7441,818.9811,100,0,0),
(105015,5,6927.2524,-1276.4983,819.64575,100,0,0),
(105015,6,6924.8223,-1260.1216,814.5049,100,0,0),
(105015,7,6922.432,-1242.5299,808.68713,100,0,0),
(105015,8,6914.1157,-1205.789,807.88837,100,0,0),
(105015,9,6910.586,-1191.941,807.3954,100,500,0),
(105043,1,6942.962,-1411.054,831.8755,100,500,0),
(105043,2,6941.464,-1394.984,830.308,100,0,0),
(105043,3,6934.338,-1357.13,831.1438,100,0,0),
(105043,4,6945.7075,-1351.746,830.6703,100,0,0),
(105043,5,6962.8325,-1347.5685,830.9526,100,0,0),
(105043,6,6961.904,-1330.6327,827.8259,100,0,0),
(105043,7,6959.357,-1299.4338,818.93445,100,0,0),
(105043,8,6968.429,-1296.8789,819.95807,100,0,0),
(105043,9,6988.6367,-1299.1588,819.2488,100,0,0),
(105043,10,7000.4907,-1301.4852,819.17267,100,0,0),
(105043,11,7012.0024,-1307.4344,819.09607,100,0,0),
(105043,12,7025.885,-1309.12,819.3154,100,500,0);
UPDATE creature_template SET unitFlags2 = 2048 WHERE entry IN (30147,29426,30146);

DELETE FROM `dbscript_random_templates` WHERE `id` = 20387;
INSERT INTO `dbscript_random_templates` (`id`, `type`, `target_id`, `chance`, `comments`) VALUES
(20387,1,21237,0,'Part of Exhausted Vrykul 30146 EAI - Quest - Random Script 1'),
(20387,1,21238,0,'Part of Exhausted Vrykul 30146 EAI - Quest - Random Script 2');
DELETE FROM dbscripts_on_relay WHERE id BETWEEN 21237 AND 21238;
INSERT INTO dbscripts_on_relay (id, delay, command, datalong, datalong2, datalong3, buddy_entry, search_radius, data_flags, dataint, dataint2, dataint3, dataint4, x, y, z, o, comments) VALUES
(21237,0,0,0,0,0,0,0,0,30793,30794,30795,0,0,0,0,0,'random say'),
(21238,0,35,5,0,0,0,0,0x004,0,0,0,0,0,0,0,0,'send event 5'),
(21238,1,0,0,0,0,0,0,0,30796,30797,30798,0,0,0,0,0,'random say'),
(21238,2,48,256,1,0,0,0,0x004,0,0,0,0,0,0,0,0,'add unitflags'),
(21238,3,1,34,0,0,0,0,0x004,0,0,0,0,0,0,0,0,'emote'),
(21238,4,28,0,0,0,0,0,0x004,0,0,0,0,0,0,0,0,'stand'),
(21238,4000,1,233,0,0,0,0,0x004,0,0,0,0,0,0,0,0,'emote'),
(21238,10000,18,0,0,0,0,0,0x004,0,0,0,0,0,0,0,0,'despawn self');

UPDATE creature_template SET StaticFlags2 = 0x00000400 WHERE Entry IN (28851);
DELETE FROM dbscripts_on_relay WHERE id IN (20155);
INSERT INTO dbscripts_on_relay (id, delay, command, datalong, datalong2, datalong3, buddy_entry, search_radius, data_flags, dataint, dataint2, dataint3, dataint4, x, y, z, o, comments) VALUES
(20155,0,20,1,10,0,0,0,0x04,1,0,0,0,0,0,0,0,'Part of Enraged Mammoth 28851 EAI: Set RandomMovement + RUN');

UPDATE creature_template SET UnitFlags = 512 WHERE entry = 26291;

UPDATE creature_template SET DisplayIdProbability1 = 50, DisplayIdProbability2 = 50 WHERE entry = 29427;

UPDATE quest_template SET ReqSpellCast2 = 0 WHERE entry IN (10564,10598);
UPDATE creature SET spawntimesecsmin = 45, spawntimesecsmax = 45 WHERE id = 21512;
DELETE FROM dbscripts_on_event WHERE id IN (13874);
INSERT INTO dbscripts_on_event (id, delay, command, datalong, datalong2, datalong3, buddy_entry, search_radius, data_flags, dataint, dataint2, dataint3, dataint4, x, y, z, o, comments) VALUES
(13874,1,31,21512,20,0,0,0,0,0,0,0,0,0,0,0,0,'search for 21512'),
(13874,100,15,37134,32,0,21512,10,1,0,0,0,0,0,0,0,0,'force buddy to cast 37134'),
(13874,1000,8,21512,0,0,0,0,0x004,0,0,0,0,0,0,0,0,'kill credit'),
(13874,1100,18,0,0,0,21512,20,7,0,0,0,0,0,0,0,0,'desp buddy');

DELETE FROM dbscripts_on_creature_movement WHERE id = 2130202 AND delay IN (5000,6000);

# 14095_01_mangos_dbscript_breaking_change.sql
-- move datalong2 to joint speed field
UPDATE dbscripts_on_event SET speed=datalong2/100, datalong2=0 WHERE datalong2>0 AND command=3;
UPDATE `dbscripts_on_creature_death` SET speed=datalong2/100, datalong2=0 WHERE datalong2>0 AND command=3;
UPDATE `dbscripts_on_creature_movement` SET speed=datalong2/100, datalong2=0 WHERE datalong2>0 AND command=3;
UPDATE `dbscripts_on_go_template_use` SET speed=datalong2/100, datalong2=0 WHERE datalong2>0 AND command=3;
UPDATE `dbscripts_on_go_use` SET speed=datalong2/100, datalong2=0 WHERE datalong2>0 AND command=3;
UPDATE `dbscripts_on_gossip` SET speed=datalong2/100, datalong2=0 WHERE datalong2>0 AND command=3;
UPDATE `dbscripts_on_quest_end` SET speed=datalong2/100, datalong2=0 WHERE datalong2>0 AND command=3;
UPDATE `dbscripts_on_quest_start` SET speed=datalong2/100, datalong2=0 WHERE datalong2>0 AND command=3;
UPDATE `dbscripts_on_relay` SET speed=datalong2/100, datalong2=0 WHERE datalong2>0 AND command=3;
UPDATE `dbscripts_on_spell` SET speed=datalong2/100, datalong2=0 WHERE datalong2>0 AND command=3;

DELETE FROM dbscripts_on_quest_end WHERE id = 2939;
INSERT INTO `dbscripts_on_quest_end` (`id`, `delay`, `priority`, `command`, `datalong`, `datalong2`, `datalong3`, `buddy_entry`, `search_radius`, `data_flags`, `dataint`, `dataint2`, `dataint3`, `dataint4`, `x`, `y`, `z`, `o`, `comments`) VALUES
(2939, 0, 0, 21, 1, 0, 0, 0, 0, 0, 0, 0, 0, 0, 0, 0, 0, 0, 'Daryn Lightwind - Set Activeobject'),
(2939, 0, 1, 36, 0, 0, 0, 142958, 30, 1025, 0, 0, 0, 0, 0, 0, 0, 0, 'Daryn Lightwind - Face Feralas: A History Object'),
(2939, 0, 2, 1, 25, 0, 0, 0, 0, 0, 0, 0, 0, 0, 0, 0, 0, 0, 'Daryn Lightwind - Emote OneShotPoint'),
(2939, 0, 3, 0, 0, 0, 0, 0, 0, 0, 4042, 0, 0, 0, 0, 0, 0, 0, 'Daryn Lightwind - Say Text'),
(2939, 0, 4, 0, 0, 0, 0, 0, 0, 0, 4043, 0, 0, 0, 0, 0, 0, 0, 'Daryn Lightwind - Say Emoted Text'),
(2939, 3000, 0, 36, 1, 0, 0, 0, 0, 0, 0, 0, 0, 0, 0, 0, 0, 0, 'Daryn Lightwind - Reset Facing'),
(2939, 3000, 0, 21, 0, 0, 0, 0, 0, 0, 0, 0, 0, 0, 0, 0, 0, 0, 'Daryn Lightwind - Remove Activeobject');

DELETE FROM dbscripts_on_quest_end WHERE id = 2943;
INSERT INTO `dbscripts_on_quest_end` (`id`, `delay`, `priority`, `command`, `datalong`, `datalong2`, `datalong3`, `buddy_entry`, `search_radius`, `data_flags`, `dataint`, `dataint2`, `dataint3`, `dataint4`, `x`, `y`, `z`, `o`, `comments`) VALUES
(2943, 0, 0, 21, 1, 0, 0, 0, 0, 0, 0, 0, 0, 0, 0, 0, 0, 0, 'Troyas Moonbreeze - Set Activeobject'),
(2943, 0, 1, 3, 0, 0, 0, 0, 0, 0, 0, 0, 0, 0, -4476.618, 3230.472, 13.844942, 0, 'Troyas Moonbreeze - Move Point'),
(2943, 0, 2, 29, 2, 0, 0, 0, 0, 0, 0, 0, 0, 0, 0, 0, 0, 0, 'Troyas Moonbreeze - Remove NpcFlags'),
(2943, 0, 3, 0, 0, 0, 0, 0, 0, 0, 4039, 0, 0, 0, 0, 0, 0, 0, 'Troyas Moonbreeze - Say Text'),
(2943, 3000, 0, 3, 0, 0, 0, 0, 0, 0, 0, 0, 0, 0, 0, 0, 0, 5.235987, 'Troyas Moonbreeze - Change Orientation'),
(2943, 3000, 1, 0, 0, 0, 0, 0, 0, 0, 4040, 0, 0, 0, 0, 0, 0, 0, 'Troyas Moonbreeze - Say Text'),
(2943, 6000, 0, 0, 0, 0, 0, 0, 0, 0, 4041, 0, 0, 0, 0, 0, 0, 0, 'Troyas Moonbreeze - Say Text'),
(2943, 9000, 0, 3, 0, 0, 0, 0, 0, 0, 1, 0, 0, 0, 0, 0, 0, 0, 'Troyas Moonbreeze - Move to SpawnPosition'),
(2943, 11000, 0, 29, 2, 1, 0, 0, 0, 0, 0, 0, 0, 0, 0, 0, 0, 0, 'Troyas Moonbreeze - Add NpcFlags'),
(2943, 11000, 1, 21, 0, 0, 0, 0, 0, 0, 0, 0, 0, 0, 0, 0, 0, 0, 'Troyas Moonbreeze - Remove Activeobject');
UPDATE creature SET position_x = -4474.757, position_y = 3233.0852, position_z = 13.812845, orientation = 0.994837 WHERE guid = 26554 AND id = 7764;

DELETE FROM dbscripts_on_quest_end WHERE id = 5158;
INSERT INTO `dbscripts_on_quest_end` (`id`, `delay`, `priority`, `command`, `datalong`, `datalong2`, `datalong3`, `buddy_entry`, `search_radius`, `data_flags`, `dataint`, `dataint2`, `dataint3`, `dataint4`, `x`, `y`, `z`, `o`, `comments`) VALUES
(5158, 0, 0, 21, 1, 0, 0, 0, 0, 0, 0, 0, 0, 0, 0, 0, 0, 0, 'Islen Waterseer - Set Activeobject'),
(5158, 0, 1, 20, 3, 0, 0, 0, 0, 0, 0, 0, 0, 0, 0, 0, 0, 0, 'Islen Waterseer - Start Waypoints'),
(5158, 0, 2, 29, 3, 0, 0, 0, 0, 0, 0, 0, 0, 0, 0, 0, 0, 0, 'Islen Waterseer - Remove NpcFlags');
DELETE FROM creature_movement_template WHERE Entry = 5901;
INSERT INTO creature_movement_template (Entry, Point, PositionX, PositionY, PositionZ, Orientation, WaitTime, ScriptId) VALUES
(5901, 1, -1342.7025, -4054.716, 3.77029, 100, 0, 0),
(5901, 2, -1344.1324, -4065.494, -0.67480236, 100, 29000, 590101),
(5901, 3, -1342.6777, -4054.6719, 3.7845263, 100, 0, 0),
(5901, 4, -1343.9987, -4047.967, 5.8027434, 100, 0, 0),
(5901, 5, -1345.1189, -4047.6067, 5.9310274, 4.345870, 1000, 590102);
DELETE FROM dbscripts_on_creature_movement WHERE id BETWEEN 590101 AND 590103;
INSERT INTO `dbscripts_on_creature_movement` (`id`, `delay`, `priority`, `command`, `datalong`, `datalong2`, `datalong3`, `buddy_entry`, `search_radius`, `data_flags`, `dataint`, `dataint2`, `dataint3`, `dataint4`, `x`, `y`, `z`, `o`, `comments`) VALUES
(590101, 1000, 0, 28, 8, 0, 0, 0, 0, 0, 0, 0, 0, 0, 0, 0, 0, 0, 'Islen Waterseer - State Kneel'),
(590101, 1000, 1, 0, 0, 0, 0, 0, 0, 0, 6586, 0, 0, 0, 0, 0, 0, 0, 'Islen Waterseer - Say Text'),
(590101, 5000, 0, 9, 931, 10, 0, 0, 0, 0, 0, 0, 0, 0, 0, 0, 0, 0, 'Islen Waterseer - Respawn Water Manifestation Effect Object'),
(590101, 11000, 0, 10, 11256, 15000, 0, 0, 0, 0, 0, 0, 0, 0, -1344.7212, -4071.927, -0.8289547, 1.50098, 'Islen Waterseer - Spawn Manifestation of Water'),
(590101, 16000, 0, 0, 0, 0, 0, 11256, 20, 7, 6607, 0, 0, 0, 0, 0, 0, 0, 'Manifestation of Water - Say Text'),
(590101, 19000, 0, 15, 18113, 0, 0, 11256, 20, 7, 0, 0, 0, 0, 0, 0, 0, 0, 'Manifestation of Water - Cast Spell'),
(590101, 25000, 1, 0, 0, 0, 0, 0, 0, 0, 6599, 0, 0, 0, 0, 0, 0, 0, 'Islen Waterseer - Say Text'),
(590101, 28000, 0, 28, 0, 0, 0, 0, 0, 0, 0, 0, 0, 0, 0, 0, 0, 0, 'Islen Waterseer - State Stand'),
(590102, 0, 0, 29, 3, 1, 0, 0, 0, 0, 0, 0, 0, 0, 0, 0, 0, 0, 'Islen Waterseer - Add NpcFlags'),
(590102, 0, 1, 20, 0, 0, 0, 0, 0, 0, 0, 0, 0, 0, 0, 0, 0, 0, 'Islen Waterseer - Idle'),
(590102, 0, 2, 21, 0, 0, 0, 0, 0, 0, 0, 0, 0, 0, 0, 0, 0, 0, 'Islen Waterseer - Remove Activeobject');
UPDATE creature SET position_x = -1345.1189, position_y = -4047.6067, position_z = 5.8841805, orientation = 4.345870018005371093 WHERE guid = 32712 AND id = 5901;
DELETE FROM `gameobject` WHERE `guid` = 931;
INSERT INTO `gameobject` (`guid`, `id`, `map`, `spawnMask`, `position_x`, `position_y`, `position_z`, `orientation`, `rotation0`, `rotation1`, `rotation2`, `rotation3`, `spawntimesecsmin`, `spawntimesecsmax`) VALUES
(931, 106528, 1, 1, -1344.8529052734375, -4072.302978515625, -0.92216300964355468, 4.468043327331542968, 0, 0, -0.7880105972290039, 0.615661680698394775, -10, -10);

DELETE FROM `creature_template_spells` WHERE `entry` = 26723;
DELETE FROM `creature_template_spells` WHERE `entry` = 30540;
UPDATE creature_template SET SpellList = 2672301 WHERE entry=26723;
UPDATE creature_template SET SpellList = 3054001 WHERE entry=30540;
DELETE FROM creature_spell_list_entry WHERE Id IN(2672301,3054001);
INSERT INTO creature_spell_list_entry(Id, Name, ChanceSupportAction, ChanceRangedAttack) VALUES
(2672301, 'Nexus - Keristrasza', 0, 0),
(3054001, 'Nexus - Keristrasza HC', 0, 0);
DELETE FROM creature_spell_list WHERE Id IN(2672301);
INSERT INTO creature_spell_list(Id, Position, SpellId, Flags, CombatCondition, TargetId, ScriptId, Availability, Probability, InitialMin, InitialMax, RepeatMin, RepeatMax, Comments) VALUES
('2672301', '0', '50155', '0', '-1', '0', '0', '100', '1','10000','10000','10000','10000', 'Keristrasza - Tail Sweep'),
('2672301', '1', '48096', '0', '-1', '0', '0', '100', '1','15000','15000','15000','15000', 'Keristrasza - Crystalfire Breath'),
('2672301', '2', '50997', '0', '-1', '101', '0', '100', '1','18000','18000','25000','25000', 'Keristrasza - Crystal Chains'),
('2672301', '3', '8599', '0', '1201', '0', '0', '100', '1','0','0','120000','120000', 'Keristrasza - Enrage below 25%');
DELETE FROM creature_spell_list WHERE Id IN(3054001);
INSERT INTO creature_spell_list(Id, Position, SpellId, Flags, CombatCondition, TargetId, ScriptId, Availability, Probability, InitialMin, InitialMax, RepeatMin, RepeatMax, Comments) VALUES
('3054001', '0', '50155', '0', '-1', '0', '0', '100', '1','10000','10000','10000','10000', 'Keristrasza HC - Tail Sweep'),
('3054001', '1', '57091', '0', '-1', '0', '0', '100', '1','15000','15000','15000','15000', 'Keristrasza HC - Crystalfire Breath'),
('3054001', '2', '48179', '0', '-1', '0', '0', '100', '1','18000','18000','25000','25000', 'Keristrasza HC - Crystallize'),
('3054001', '3', '8599', '0', '1201', '0', '0', '100', '1','0','0','120000','120000', 'Keristrasza HC - Enrage below 25%');
DELETE FROM `creature_template_spells` WHERE `entry` = 26763;
DELETE FROM `creature_template_spells` WHERE `entry` = 30829;
UPDATE `creature_template` SET `SpellList`=2676301 WHERE `entry` IN (26763);
UPDATE `creature_template` SET `SpellList`=3052901 WHERE `entry` IN (30529);
DELETE FROM `creature_spell_list` WHERE `Id` IN (2676301);
INSERT INTO `creature_spell_list` (Id, Position, SpellId, Flags, CombatCondition, TargetId, ScriptId, Availability, Probability, InitialMin, InitialMax, RepeatMin, RepeatMax, Comments) VALUES
(2676301, 0, 47751, 0, -1, 100, 0, 100, 1, 3000, 3000, 8000, 10000, 'Anomalus - Spark');
DELETE FROM `creature_spell_list` WHERE `Id` IN (3052901);
INSERT INTO `creature_spell_list` (Id, Position, SpellId, Flags, CombatCondition, TargetId, ScriptId, Availability, Probability, InitialMin, InitialMax, RepeatMin, RepeatMax, Comments) VALUES
(3052901, 0, 57062, 0, -1, 100, 0, 100, 1, 10000, 10000, 8000, 10000, 'Anomalus - Spark');
DELETE FROM `creature_spell_list_entry` WHERE `Id` IN (2676301,3052901);
INSERT INTO `creature_spell_list_entry` VALUES
(2676301, 'Nexus - Anomalus', 0, 0),
(3052901, 'Nexus - Anomalus HC', 0, 0);
DELETE FROM `creature_template_spells` WHERE `entry` = 26731;
DELETE FROM `creature_template_spells` WHERE `entry` = 30510;
UPDATE `creature_template` SET `SpellList`=2673101 WHERE `entry` IN (26731);
UPDATE `creature_template` SET `SpellList`=3051001 WHERE `entry` IN (30510);
DELETE FROM `creature_spell_list` WHERE `Id` IN (2673101);
INSERT INTO `creature_spell_list` (Id, Position, SpellId, Flags, CombatCondition, TargetId, ScriptId, Availability, Probability, InitialMin, InitialMax, RepeatMin, RepeatMax, Comments) VALUES
(2673101, 0, 47773, 0, -1, 1, 0, 100, 1, 1000, 1000, 2000, 2000, 'Grand Magus Telestra - Firebomb'),
(2673101, 1, 47772, 0, -1, 0, 0, 100, 1, 15000, 15000, 10000, 15000, 'Grand Magus Telestra - Ice Nova'),
(2673101, 2, 47756, 0, -1, 0, 0, 100, 1, 10000, 10000, 10000, 15000, 'Grand Magus Telestra - Gravity Well');
DELETE FROM `creature_spell_list` WHERE `Id` IN (3051001);
INSERT INTO `creature_spell_list` (Id, Position, SpellId, Flags, CombatCondition, TargetId, ScriptId, Availability, Probability, InitialMin, InitialMax, RepeatMin, RepeatMax, Comments) VALUES
(3051001, 0, 56934, 0, -1, 1, 0, 100, 1, 1000, 1000, 2000, 2000, 'Grand Magus Telestra HC - Firebomb'),
(3051001, 1, 56935, 0, -1, 0, 0, 100, 1, 15000, 15000, 10000, 15000, 'Grand Magus Telestra HC - Ice Nova'),
(3051001, 2, 47756, 0, -1, 0, 0, 100, 1, 10000, 10000, 10000, 15000, 'Grand Magus Telestra HC - Gravity Well');
DELETE FROM `creature_spell_list_entry` WHERE `Id` IN (2673101,3051001);
INSERT INTO `creature_spell_list_entry` VALUES
(2673101, 'Nexus - Grand Magus Telestra', 0, 0),
(3051001, 'Nexus - Grand Magus Telestra HC', 0, 0);
DELETE FROM `creature_template_spells` WHERE `entry` = 26794;
DELETE FROM `creature_template_spells` WHERE `entry` = 30532;
UPDATE `creature_template` SET `SpellList`=2679401 WHERE `entry` IN (26794);
UPDATE `creature_template` SET `SpellList`=3053201 WHERE `entry` IN (30532);
DELETE FROM `creature_spell_list` WHERE `Id` IN (2679401);
INSERT INTO `creature_spell_list` (Id, Position, SpellId, Flags, CombatCondition, TargetId, ScriptId, Availability, Probability, InitialMin, InitialMax, RepeatMin, RepeatMax, Comments) VALUES
(2679401, 0, 48016, 0, -1, 0, 0, 100, 1, 10000, 10000, 10000, 10000, 'Ormorok the Tree-Shaper - Trample'),
(2679401, 1, 47981, 0, -1, 0, 0, 100, 1, 25000, 25000, 30000, 30000, 'Ormorok the Tree-Shaper - Spell Reflection'),
(2679401, 2, 47958, 0, -1, 0, 0, 100, 1, 10000, 15000, 30000, 30000, 'Ormorok the Tree-Shaper - Crystal Spikes'),
(2679401, 3, 48017, 0, 1201, 0, 0, 100, 1, 0, 0, 360000, 360000, 'Ormorok the Tree-Shaper - Frenzy below 25%');
DELETE FROM `creature_spell_list` WHERE `Id` IN (3053201);
INSERT INTO `creature_spell_list` (Id, Position, SpellId, Flags, CombatCondition, TargetId, ScriptId, Availability, Probability, InitialMin, InitialMax, RepeatMin, RepeatMax, Comments) VALUES
(3053201, 0, 57066, 0, -1, 0, 0, 100, 1, 10000, 10000, 10000, 10000, 'Ormorok the Tree-Shaper HC - Trample'),
(3053201, 1, 47981, 0, -1, 0, 0, 100, 1, 25000, 25000, 30000, 30000, 'Ormorok the Tree-Shaper HC - Spell Reflection'),
(3053201, 2, 57082, 0, -1, 0, 0, 100, 1, 10000, 15000, 30000, 30000, 'Ormorok the Tree-Shaper HC - Crystal Spikes 1'),
(3053201, 3, 57083, 0, -1, 0, 0, 100, 1, 10000, 15000, 30000, 30000, 'Ormorok the Tree-Shaper HC - Crystal Spikes 2'),
(3053201, 4, 61564, 0, -1, 0, 0, 100, 101, 12000, 12000, 15000, 20000, 'Ormorok the Tree-Shaper HC - Summon Crystalline Tangler'),
(3053201, 5, 57086, 0, 1201, 0, 0, 100, 1, 0, 0, 360000, 360000, 'Ormorok the Tree-Shaper HC - Frenzy below 25%');
DELETE FROM `creature_spell_list_entry` WHERE `Id` IN (2679401,3053201);
INSERT INTO `creature_spell_list_entry` VALUES
(2679401, 'Nexus - Ormorok the Tree-Shaper', 0, 0),
(3053201, 'Nexus - Ormorok the Tree-Shaper HC', 0, 0);

UPDATE creature_template SET ExtraFlags=ExtraFlags|32 WHERE entry IN (795,796);
UPDATE creature_template SET ExtraFlags=ExtraFlags|32 WHERE entry IN (797);
UPDATE creature SET position_x = -9425.55, position_y = 129.192, position_z = 59.7319, spawndist = 0, MovementType = 4 WHERE guid = 5189;
DELETE FROM creature_movement WHERE id = 5189;
DELETE FROM creature_movement_template WHERE Entry = 797;
INSERT INTO creature_movement_template (`Entry`, `Point`, `PositionX`, `PositionY`, `PositionZ`, `Orientation`, `WaitTime`, `ScriptId`) VALUES
(797,1,-9425.55,129.192,59.7319,100,5000,79701),
(797,2,-9425.55,129.192,59.7319,100,1,5),
(797,3,-9435.16,135.157,58.4082,100,0,0),
(797,4,-9444.9,135.829,58.4839,100,0,0),
(797,5,-9457.16,126.087,59.1066,100,0,0),
(797,6,-9465.78,113.601,57.9173,100,0,0),
(797,7,-9460.58,94.2335,58.354,100,1,5),
(797,8,-9460.58,94.2335,58.354,100,5000,79702);
DELETE FROM dbscripts_on_creature_movement WHERE id BETWEEN 79701 AND 79702;
INSERT INTO dbscripts_on_creature_movement (id, delay, command, datalong, datalong2, datalong3, buddy_entry, search_radius, data_flags, dataint, dataint2, dataint3, dataint4, x, y, z, o, comments) VALUES
(79701,1,20,1,5,55000,0,0,12,0,0,0,0,0,0,0,0,'Change Movement To 1 - Random 5yards (55secs TEMP) (around current location)'),
(79702,1,20,1,2,55000,0,0,12,0,0,0,0,0,0,0,0,'Change Movement To 1 - Random 2yards (55secs TEMP) (around current location)');

INSERT INTO creature (guid, id, map, spawnMask, phaseMask,  position_x ,position_y, position_z, orientation, spawntimesecsmin, spawntimesecsmax, spawndist, MovementType) VALUES
(113008,26293,571,1,1,4672.657,393.8198,112.2072,0,300,300,0,4);
UPDATE creature SET position_x = 4551.98, position_y = 215.4912, position_z = 95.74336, spawndist = 0, MovementType = 2 WHERE guid = 141320;
UPDATE creature SET position_x = 4753.813, position_y = 234.1614, position_z = 126.0414, spawndist = 0, MovementType = 2 WHERE guid = 113880;
UPDATE creature SET position_x = 4825.67, position_y = 324.5453, position_z = 160.1038, spawndist = 0, MovementType = 2 WHERE guid = 113879;
UPDATE creature SET position_x = 4681.139, position_y = 300.6354, position_z = 113.3539, spawndist = 0, MovementType = 2 WHERE guid = 141321;
UPDATE creature SET position_x = 4686.325, position_y = 338.1416, position_z = 116.9954, spawndist = 0, MovementType = 2 WHERE guid = 113883;
UPDATE creature SET position_x = 4640.673, position_y = 328.539, position_z = 105.2835, spawndist = 0, MovementType = 2 WHERE guid = 113884;
UPDATE creature SET position_x = 4779.098, position_y = 297.2358, position_z = 137.2824, spawndist = 0, MovementType = 2 WHERE guid = 113882;
UPDATE creature SET position_x = 5058.429, position_y = 206.3277, position_z = 249.7782, spawndist = 0, MovementType = 4 WHERE guid = 141319;
UPDATE creature SET position_x = 5055.045, position_y = 139.6142, position_z = 276.8205, spawndist = 0, MovementType = 4 WHERE guid = 113885;
DELETE FROM creature_movement WHERE id IN (141320,113880,113879,141321,113883,113884,113882,141319,113008,113885);
INSERT INTO creature_movement (`id`, `Point`, `PositionX`, `PositionY`, `PositionZ`, `Orientation`, `WaitTime`, `ScriptId`) VALUES
(113008,1,4672.657,393.8198,112.2072,100,500,0),
(113008,2,4707.695,396.9076,119.9605,100,0,0),
(113008,3,4739.726,432.9391,130.256,100,0,0),
(113008,4,4730.956,477.8813,124.8587,100,0,0),
(113008,5,4677.77,444.6309,114.4135,100,0,0),
(113008,6,4640.598,432.901,105.5852,100,500,0),
(141320,1,4551.98,215.4912,95.74336,100,0,0),
(141320,2,4564.006,228.91,95.49336,100,0,0),
(141320,3,4564.006,228.91,95.49336,1.500983,9000,2629301),
(141320,4,4573.006,220.0332,96.72356,100,0,0),
(141320,5,4573.171,220.2546,97.20419,100,0,0),
(141320,6,4589.067,228.786,96.47356,100,0,0),
(141320,7,4615.465,261.0309,94.82931,100,0,0),
(141320,8,4636.027,301.9741,102.4085,100,0,0),
(141320,9,4603.763,290.1123,93.9283,100,0,0),
(141320,10,4574.47,274.9004,93.24241,100,0,0),
(141320,11,4552.107,260.2597,91.77345,5.637414,9000,2629301),
(141320,12,4534.746,253.0895,91.27345,100,0,0),
(141320,13,4502.472,234.7762,86.74639,100,0,0),
(141320,14,4501.733,212.5776,89.34038,100,0,0),
(141320,15,4526.968,201.9344,93.21538,100,0,0),
(113880,1,4753.813,234.1614,126.0414,100,0,0),
(113880,2,4771.302,210.2443,131.0062,100,0,0),
(113880,3,4802.921,228.155,143.312,100,0,0),
(113880,4,4809.422,248.1289,147.3849,100,0,0),
(113880,5,4779.721,270.1699,137.1574,100,0,0),
(113879,1,4825.67,324.5453,160.1038,100,0,0),
(113879,2,4851.781,303.4244,166.6624,100,0,0),
(113879,3,4856.436,264.5413,165.5944,100,0,0),
(113879,4,4827.652,246.9235,153.1806,100,0,0),
(113879,5,4803.962,238.6995,144.6349,100,0,0),
(113879,6,4802.288,268.3306,142.4454,100,0,0),
(113879,7,4808.596,302.4093,147.4788,100,0,0),
(141321,1,4681.139,300.6354,113.3539,100,0,0),
(141321,2,4665.576,283.5841,110.158,100,0,0),
(141321,3,4686.585,266.3725,113.4216,100,0,0),
(141321,4,4709.606,265.855,117.6157,100,0,0),
(141321,5,4734.266,275.6094,123.8196,100,0,0),
(141321,6,4719.605,302.1789,122.1742,100,0,0),
(113883,1,4686.325,338.1416,116.9954,100,0,0),
(113883,2,4700.168,367.0156,118.5855,100,0,0),
(113883,3,4731.135,364.8878,126.2894,100,0,0),
(113883,4,4743.483,343.251,129.0478,100,0,0),
(113883,5,4713.793,315.9503,120.7992,100,0,0),
(113884,1,4640.673,328.539,105.2835,100,0,0),
(113884,2,4609.159,351.7017,100.6553,100,0,0),
(113884,3,4634.438,365.8136,104.5118,100,0,0),
(113884,4,4665.654,366.5009,111.6368,100,0,0),
(113884,5,4670.336,327.8531,112.1039,100,0,0),
(113882,1,4779.098,297.2358,137.2824,100,0,0),
(113882,2,4760.896,311.8137,133.0404,100,0,0),
(113882,3,4759.921,339.2756,134.6728,100,0,0),
(113882,4,4772.551,371.2912,143.0261,100,0,0),
(113882,5,4792.757,362.1816,148.8787,100,0,0),
(113882,6,4800.978,333.6336,149.4259,100,0,0),
(113882,7,4797.58,301.9738,143.6316,100,0,0),
(141319,1,5058.429,206.3277,249.7782,100,500,0),
(141319,2,5029.033,213.1479,231.4316,100,0,0),
(141319,3,5004.937,184.9382,222.3331,100,0,0),
(141319,4,4976.969,156.3438,208.5263,100,0,0),
(141319,5,4986.922,125.3837,226.118,100,0,0),
(141319,6,4970.494,94.65679,225.8947,100,500,0),
(113885,1,5055.045,139.6142,276.8205,100,500,0),
(113885,2,5081.063,147.6691,282.5188,100,0,0),
(113885,3,5068.632,175.3769,265.6738,100,0,0),
(113885,4,5069.962,201.2773,256.3029,100,0,0),
(113885,5,5074.871,247.0161,245.2171,100,0,0),
(113885,6,5090.377,235.034,254.2602,100,0,0),
(113885,7,5100.774,225.5985,260.8587,100,0,0),
(113885,8,5114.256,215.3546,268.6538,100,0,0),
(113885,9,5127.932,199.872,278.5071,100,500,0);
DELETE FROM dbscripts_on_creature_movement WHERE id IN (2629301);
INSERT INTO dbscripts_on_creature_movement (id, delay, command, datalong, datalong2, datalong3, buddy_entry, search_radius, data_flags, dataint, dataint2, dataint3, dataint4, x, y, z, o, comments) VALUES
(2629301,1,1,27,0,0,0,0,0x004,0,0,0,0,0,0,0,0,'emote'),
(2629301,2000,1,35,0,0,0,0,0x004,0,0,0,0,0,0,0,0,'emote'),
(2629301,6000,1,35,0,0,0,0,0x004,0,0,0,0,0,0,0,0,'emote');

UPDATE npc_vendor SET Slot = 1 WHERE entry IN (30006) AND item = 41752;
UPDATE npc_vendor SET Slot = 2 WHERE entry IN (30006) AND item = 43601;
UPDATE npc_vendor SET Slot = 3 WHERE entry IN (30006) AND item = 43600;
UPDATE npc_vendor SET Slot = 4 WHERE entry IN (30006) AND item = 41754;
UPDATE npc_vendor SET Slot = 5 WHERE entry IN (30006) AND item = 41746;
DELETE FROM `npc_vendor` WHERE `entry` = 30006 AND `item` = 41750;
DELETE FROM creature_addon WHERE guid IN(SELECT guid FROM creature WHERE id = 29366);
DELETE FROM creature_template_addon WHERE entry IN (29366);
INSERT INTO creature_template_addon (entry, mount, stand_state, sheath_state, pvp_flags, emote, moveflags, auras) VALUES (29366,0,0,1,0,333,0,NULL);
DELETE FROM dbscripts_on_relay WHERE id = 21239;
INSERT INTO dbscripts_on_relay (id, delay, command, datalong, datalong2, datalong3, buddy_entry, search_radius, data_flags, dataint, dataint2, dataint3, dataint4, x, y, z, o, comments) VALUES
(21239,0,31,29366,10,0,0,0,0,0,0,0,0,0,0,0,0,'Part of Brunnhildar Challenger 29366 EAI: search for other 29366'),
(21239,100,15,54350,10,0,29366,7,1,42880,0,0,0,0,0,0,0,'Part of Brunnhildar Challenger 29366 EAI: cast 54350 or 42880');
UPDATE creature_template SET Faction = 190, EquipmentTemplateId = 853, MovementType = 0 WHERE entry = 29352;
UPDATE creature SET position_x = 6988.93, position_y = -1772.276, position_z = 821.2866, orientation = 0.6632251, spawndist = 0, MovementType = 0 WHERE id = 29352;
REPLACE INTO creature (guid, id, map, spawnMask, phaseMask,  position_x ,position_y, position_z, orientation, spawntimesecsmin, spawntimesecsmax, spawndist, MovementType) VALUES
(104539,24921,571,1,1,6978.066,-1758.641,843.5354,5.77704,300,300,0,0),
(104537,24921,571,1,1,6965.647,-1771.673,847.8055,4.206244,300,300,0,0),
(104535,24921,571,1,1,6975.437,-1758.712,857.4982,3.438299,300,300,0,0),
(104533,24921,571,1,1,6974.799,-1757.917,830.0308,2.86234,300,300,0,0),
(104531,24921,571,1,1,6968.664,-1777.927,823.5007,1.256637,300,300,0,0),
(104530,24921,571,1,1,6980.637,-1792.216,823.8326,4.852015,300,300,0,0),
(104542,24921,571,1,1,6957.292,-1783.241,827.5192,0.7504916,300,300,0,0),
(104541,24921,571,1,1,6965.891,-1793.281,827.8773,4.869469,300,300,0,0),
(104540,24921,571,1,1,6974.529,-1802.879,827.0444,0.6806784,300,300,0,0),
(104538,24921,571,1,1,6995.144,-1790.065,843.1974,3.543018,300,300,0,0),
(104536,24921,571,1,1,6981.651,-1800.913,845.5903,1.22173,300,300,0,0),
(104532,24921,571,1,1,6995.818,-1791.559,857.4828,5.585053,300,300,0,0),
(104534,24921,571,1,1,6995.823,-1793.111,829.9551,5.427974,300,300,0,0);
DELETE FROM creature_addon WHERE guid IN (85741,85742,86611);
DELETE FROM creature_movement WHERE Id IN (85741,85742,86611);
DELETE FROM game_event_creature WHERE guid IN (85741,85742,86611);
DELETE FROM game_event_creature_data WHERE guid IN (85741,85742,86611);
DELETE FROM creature_battleground WHERE guid IN (85741,85742,86611);
DELETE FROM creature_linking WHERE guid IN (85741,85742,86611) OR master_guid IN (85741,85742,86611);
DELETE FROM creature WHERE guid IN (85741,85742,86611);
UPDATE creature SET position_x = 6950.735352, position_y = -1672.326660, position_z = 810.819763 WHERE guid = 85739;
UPDATE creature SET spawntimesecsmin = 30, spawntimesecsmax = 30, spawndist = 10, MovementType = 1 WHERE id = 30174;
UPDATE creature_template SET Faction = 2128, UnitFlags = 33555200 WHERE entry = 30175;
UPDATE creature_template SET Faction = 2128, UnitFlags = 0 WHERE entry = 30174;

REPLACE INTO `creature` (`guid`, `id`, `map`, `spawnMask`, `phaseMask`, `position_x`, `position_y`, `position_z`, `orientation`, `spawntimesecsmin`, `spawntimesecsmax`, `spawndist`, `MovementType`) VALUES
(104462, 29549, 571, 1, 1, '6851.25976562500000000000', '-1667.46997070312500000000', '822.69500732421880000000', '5.77704000473022500000', 300, 300, 0, 0),
(104463, 29549, 571, 1, 1, '6856.22021484375000000000', '-1659.57995605468750000000', '822.34301757812500000000', '5.95157003402710000000', 300, 300, 0, 0),
(104464, 29549, 571, 1, 1, '6834.97998046875000000000', '-1684.06005859375000000000', '822.17498779296880000000', '5.86430978775024400000', 300, 300, 0, 0),
(104058, 29549, 571, 1, 1, '6841.85009765625000000000', '-1678.05004882812500000000', '823.34698486328120000000', '5.49778985977172850000', 300, 300, 0, 0),
(104089, 29549, 571, 1, 1, '6818.22998046875000000000', '-1689.68994140625000000000', '821.33398437500000000000', '5.44542980194091800000', 300, 300, 0, 0);

UPDATE `gossip_menu` SET `entry` = '5769' WHERE `entry` =5766 AND `text_id` =6951;
UPDATE `gossip_menu_option` SET `action_menu_id` = '5769' WHERE `menu_id` =5765 AND `id` =0;
UPDATE `gossip_menu_option` SET `menu_id` = '5769' WHERE `menu_id` =5766 AND `id` =0;
UPDATE `gossip_menu_option` SET `action_menu_id` = '5768' WHERE `menu_id` =5769 AND `id` =0;
REPLACE INTO `gossip_menu_option` (`menu_id`, `id`, `option_icon`, `option_text`, `option_broadcast_text`, `option_id`, `npc_option_npcflag`, `action_menu_id`, `action_poi_id`, `action_script_id`, `box_coded`, `box_money`, `box_text`, `box_broadcast_text`, `condition_id`) VALUES
(5768, 0, 0, 'What would happen if the Fruit of Fertility - or the Felvine - was allowed to be fully corrupted?', 9542, 1, 1, 5767, 0, 0, 0, 0, NULL, 0, 0),
(5767, 0, 0, 'What would you have me do, Rabine?', 9544, 1, 1, -1, 0, 576700, 0, 0, NULL, 0, 0);
UPDATE `gossip_menu` SET `text_id` = '6953' WHERE `entry` =5767 AND `text_id` =6952 AND `script_id` =0;
UPDATE `gossip_menu` SET `text_id` = '6952' WHERE `entry` =5768 AND `text_id` =6953 AND `script_id` =0;
DELETE FROM dbscripts_on_gossip WHERE id = 576700;
INSERT INTO `dbscripts_on_gossip` (`id`, `delay`, `priority`, `command`, `datalong`, `datalong2`, `datalong3`, `buddy_entry`, `search_radius`, `data_flags`, `dataint`, `dataint2`, `dataint3`, `dataint4`, `datafloat`, `x`, `y`, `z`, `o`, `speed`, `condition_id`, `comments`) VALUES
(576700, 1000, 0, 0, 0, 0, 0, 0, 0, 0, 9545, 0, 0, 0, 0, 0, 0, 0, 0, 0, 0, 'Rabine Saturna - Say Text');

DELETE FROM dbscripts_on_go_template_use WHERE id IN (191840);
INSERT INTO dbscripts_on_go_template_use (id, delay, command, datalong, datalong2, datalong3, buddy_entry, search_radius, data_flags, dataint, dataint2, dataint3, dataint4, x, y, z, o, comments) VALUES
(191840,0,40,0,0,0,0,0,0,0,0,0,0,0,0,0,0,'despawn object');

INSERT INTO `conditions` (`condition_entry`, `type`, `value1`, `value2`, `value3`, `value4`, `flags`) VALUES (472, 5, 749, 4, 0, 0, 0);
INSERT INTO `conditions` (`condition_entry`, `type`, `value1`, `value2`, `value3`, `value4`, `flags`) VALUES (473, 5, 749, 5, 0, 0, 0);
INSERT INTO `gossip_menu` (`entry`, `text_id`, `script_id`, `condition_id`) VALUES (5109, 6162, 0, 472);
INSERT INTO `gossip_menu` (`entry`, `text_id`, `script_id`, `condition_id`) VALUES (5109, 6163, 0, 473);

UPDATE creature SET spawntimesecsmin = 60, spawntimesecsmax = 60 WHERE id IN (30154);
UPDATE creature_template SET ExtraFlags = 1048576 WHERE entry = 30154;
UPDATE gossip_menu_option SET action_menu_id = 0 WHERE menu_id = 9874;
DELETE FROM dbscripts_on_gossip WHERE id IN (987400);
INSERT INTO dbscripts_on_gossip (id, delay, command, datalong, datalong2, datalong3, buddy_entry, search_radius, data_flags, dataint, dataint2, dataint3, dataint4, x, y, z, o, comments) VALUES
(987400,0,15,55716,0,0,0,0,0,0,0,0,0,0,0,0,0,'Cast 55716'),
(987400,52,0,0,0,0,0,0,0,30807,0,0,0,0,0,0,0,'Say'),
(987400,75,29,1,0,0,0,0,0x004,0,0,0,0,0,0,0,0,'remove NpcFlag'),
(987400,76,22,14,0x01|0x02,0,0,0,0x004,0,0,0,0,0,0,0,0,'temp Faction'),
(987400,80,26,0,0,0,0,0,0,0,0,0,0,0,0,0,0,'attack Player');
DELETE FROM dbscripts_on_creature_death WHERE id IN (30154);
INSERT INTO dbscripts_on_creature_death (id, delay, command, datalong, datalong2, datalong3, buddy_entry, search_radius, data_flags, dataint, dataint2, dataint3, dataint4, x, y, z, o, comments) VALUES
(30154,1,35,5,100,0,0,0,0,0,0,0,0,0,0,0,0,'send event 5');
UPDATE creature SET spawntimesecsmin = 60, spawntimesecsmax = 60 WHERE id IN (29525);
DELETE FROM creature_movement_template WHERE Entry = 29525;
INSERT INTO creature_movement_template (`Entry`, `Point`, `PositionX`, `PositionY`, `PositionZ`, `Orientation`, `WaitTime`, `ScriptId`) VALUES
(29525,1,6892.559,-1592.5862,820.8477,100,7000,2952501),
(29525,2,6879.4707,-1576.7057,821.87714,100,0,0),
(29525,3,6859.151,-1561.3475,821.2998,100,0,0),
(29525,4,6837.5625,-1544.6599,819.18066,100,1000,1);
DELETE FROM dbscripts_on_creature_movement WHERE id IN (2952501);
INSERT INTO dbscripts_on_creature_movement (id, delay, command, datalong, datalong2, datalong3, buddy_entry, search_radius, data_flags, dataint, dataint2, dataint3, dataint4, x, y, z, o, comments) VALUES
(2952501,1,1,4,0,0,0,0,0x004,0,0,0,0,0,0,0,0,'emote'),
(2952501,100,25,1,0,0,0,0,0x004,0,0,0,0,0,0,0,0,'Run On'),
(2952501,4000,0,0,0,0,0,0,0,30803,0,0,0,0,0,0,0,'say');

UPDATE creature SET spawntimesecsmin = 60, spawntimesecsmax = 60 WHERE id IN (30012);
UPDATE creature_template SET ExtraFlags = 1048576 WHERE entry = 30012;
UPDATE gossip_menu_option SET action_menu_id = 0 WHERE menu_id = 9865;
DELETE FROM dbscripts_on_gossip WHERE id IN (986500);
INSERT INTO dbscripts_on_gossip (id, delay, command, datalong, datalong2, datalong3, buddy_entry, search_radius, data_flags, dataint, dataint2, dataint3, dataint4, x, y, z, o, comments) VALUES
(986500,0,15,55716,0,0,0,0,0,0,0,0,0,0,0,0,0,'Cast 55716'),
(986500,52,0,0,0,0,0,0,0,30808,30809,30810,30811,0,0,0,0,'Random Say'),
(986500,75,29,1,0,0,0,0,0x004,0,0,0,0,0,0,0,0,'remove NpcFlag'),
(986500,76,22,14,0x01|0x02,0,0,0,0x004,0,0,0,0,0,0,0,0,'temp Faction'),
(986500,80,26,0,0,0,0,0,0,0,0,0,0,0,0,0,0,'attack Player');
DELETE FROM dbscripts_on_relay WHERE id IN (21240);
INSERT INTO dbscripts_on_relay (id, delay, command, datalong, datalong2, datalong3, buddy_entry, search_radius, data_flags, dataint, dataint2, dataint3, dataint4, x, y, z, o, comments) VALUES
(21240,0,29,1,1,0,0,0,0x004,0,0,0,0,0,0,0,0,'Set NpcFlags = 1');
UPDATE creature SET phaseMask = 5 WHERE id = 30012;

DELETE FROM `gameobject` WHERE `id` IN (177669, 177670, 177671);
INSERT INTO `gameobject` (`guid`, `id`, `map`, `position_x`, `position_y`, `position_z`, `orientation`, `rotation0`, `rotation1`, `rotation2`, `rotation3`, `spawntimesecsmin`, `spawntimesecsmax`) VALUES 
(99954, 177669, 0, 3091.68, -3867.72, 142.11, 1.90241, 0, 0, 0.814116, 0.580703, -180, -180),
(99955, 177670, 0, 3118.58, -3886.65, 138.364, 4.2237, 0, 0, -0.857167, 0.515038, -180, -180),
(99956, 177671, 0, 3133.35, -3872.26, 161.275, 3.56047, 0, 0, -0.978148, 0.207912, -180, -180),
(99957, 177669, 0, 3119.05, -3857.19, 165.627, 4.90438, 0, 0, -0.636078, 0.771625, -180, -180),
(99958, 177670, 0, 3103.11, -3872.83, 138.363, 1.98967, 0, 0, 0.83867, 0.54464, -180, -180),
(99959, 177671, 0, 3111.18, -3870.99, 152.691, 4.41568, 0, 0, -0.803857, 0.594823, -180, -180),
(99960, 177670, 0, 3113.72, -3852.81, 138.364, 0.139624, 0, 0, 0.0697556, 0.997564, -180, -180),
(99961, 177669, 0, 3127.08, -3880.09, 166.313, 4.64258, 0, 0, -0.731354, 0.681998, -180, -180),
(99962, 177670, 0, 3112.65, -3873.08, 163.543, 3.4034, 0, 0, -0.991445, 0.130528, -180, -180),
(99963, 177671, 0, 3121.56, -3845.08, 138.364, 6.14356, 0, 0, -0.0697556, 0.997564, -180, -180),
(99964, 177670, 0, 2816.53, -3774.73, 125.424, 3.78737, 0, 0, -0.948323, 0.317306, -180, -180),
(99965, 177671, 0, 2803.39, -3750.83, 150.657, 4.81711, 0, 0, -0.66913, 0.743145, -180, -180),
(99966, 177669, 0, 2797.07, -3756.1, 146.486, 4.88692, 0, 0, -0.642787, 0.766045, -180, -180),
(99967, 177670, 0, 2796.34, -3778.98, 125.424, 3.12412, 0, 0, 0.999962, 0.00873464, -180, -180),
(99968, 177671, 0, 2823.36, -3754.3, 130.373, 0.506145, 0, 0, 0.25038, 0.968148, -180, -180),
(99969, 177670, 0, 2814.97, -3755.91, 146.494, 0.942477, 0, 0, 0.45399, 0.891007, -180, -180),
(99970, 177669, 0, 2790.2, -3772.12, 125.424, 1.37881, 0, 0, 0.636078, 0.771625, -180, -180),
(99971, 177670, 0, 2779.1, -3769.18, 133.583, 5.91667, 0, 0, -0.182235, 0.983255, -180, -180),
(99972, 177671, 0, 2779.57, -3773.03, 125.424, 3.03684, 0, 0, 0.998629, 0.0523532, -180, -180),
(99973, 177669, 0, 2821.02, -3767.79, 126.122, 5.60251, 0, 0, -0.333807, 0.942641, -180, -180),
(99974, 177669, 0, 3292.82, -3675.85, 165.162, 3.35105, 0, 0, -0.994521, 0.104536, -180, -180),
(99975, 177670, 0, 3290.02, -3652.11, 192.079, 0.191985, 0, 0, 0.0958452, 0.995396, -180, -180),
(99976, 177671, 0, 3265.39, -3639.19, 170.059, 0.209439, 0, 0, 0.104528, 0.994522, -180, -180),
(99977, 177669, 0, 3287.85, -3640.42, 195.397, 0.715585, 0, 0, 0.350207, 0.936672, -180, -180),
(99978, 177670, 0, 3282.7, -3676.78, 153.539, 2.82743, 0, 0, 0.987688, 0.156436, -180, -180),
(99979, 177671, 0, 3285.12, -3672.72, 165.542, 1.39626, 0, 0, 0.642787, 0.766045, -180, -180),
(99980, 177670, 0, 3292.67, -3667.09, 181.697, 3.49067, 0, 0, -0.984807, 0.173652, -180, -180),
(99981, 177669, 0, 3272.65, -3663.09, 170.495, 2.68781, 0, 0, 0.97437, 0.224951, -180, -180),
(99982, 177670, 0, 3276.24, -3673.22, 172.374, 4.83456, 0, 0, -0.66262, 0.748956, -180, -180),
(99983, 177671, 0, 3294.22, -3652.75, 225.385, 3.33359, 0, 0, -0.995396, 0.0958512, -180, -180),
(99984, 177669, 0, 3176.61, -3476.86, 176.948, 4.08407, 0, 0, -0.891006, 0.453991, -180, -180),
(99985, 177670, 0, 3186.29, -3471.16, 188.102, 4.20625, 0, 0, -0.861629, 0.507539, -180, -180),
(99986, 177671, 0, 3166.15, -3469.6, 167.395, 0.296705, 0, 0, 0.147809, 0.989016, -180, -180),
(99987, 177669, 0, 3186, -3453.13, 186.468, 5.81195, 0, 0, -0.233445, 0.97237, -180, -180),
(99988, 177670, 0, 3167.99, -3486.61, 167.396, 0.296705, 0, 0, 0.147809, 0.989016, -180, -180),
(99989, 177671, 0, 3190.83, -3457.39, 189.258, 2.63544, 0, 0, 0.968147, 0.250381, -180, -180),
(99990, 177670, 0, 3164.25, -3449.4, 169.784, 4.34587, 0, 0, -0.824126, 0.566406, -180, -180),
(99991, 177669, 0, 3193.17, -3478.93, 167.395, 5.16618, 0, 0, -0.529919, 0.848048, -180, -180),
(99992, 177670, 0, 3170.16, -3468.82, 175.793, 1.74533, 0, 0, 0.766044, 0.642789, -180, -180),
(99993, 177671, 0, 3174.19, -3443.14, 167.395, 5.89921, 0, 0, -0.190808, 0.981627, -180, -180),
(99994, 177669, 0, 3189.52, -3318.71, 190.234, 5.65487, 0, 0, -0.309016, 0.951057, -180, -180),
(99995, 177670, 0, 3161.49, -3299.35, 165.161, 2.77507, 0, 0, 0.983254, 0.182238, -180, -180),
(99996, 177671, 0, 3163.98, -3296.08, 165.161, 0.401425, 0, 0, 0.199368, 0.979925, -180, -180),
(99997, 177670, 0, 3184.14, -3329.16, 183.744, 5.65487, 0, 0, -0.309016, 0.951057, -180, -180),
(99998, 177669, 0, 3164.01, -3340.87, 165.161, 1.67551, 0, 0, 0.743144, 0.669131, -180, -180),
(99999, 177670, 0, 3159.63, -3313.99, 165.161, 0.279252, 0, 0, 0.139173, 0.990268, -180, -180),
(100000, 177671, 0, 3175.83, -3340.91, 165.161, 1.3439, 0, 0, 0.622514, 0.782609, -180, -180),
(100001, 177669, 0, 3162.49, -3325.19, 165.161, 0.0174525, 0, 0, 0.00872612, 0.999962, -180, -180),
(100002, 177670, 0, 3165.36, -3308.71, 174.548, 1.13446, 0, 0, 0.537299, 0.843392, -180, -180),
(100003, 177671, 0, 3179.02, -3313.52, 189.259, 2.19911, 0, 0, 0.891006, 0.453991, -180, -180),
(100004, 177669, 0, 3010.52, -3437.65, 196.405, 1.98967, 0, 0, 0.83867, 0.54464, -180, -180),
(100005, 177670, 0, 3027.19, -3456.36, 154.389, 3.49067, 0, 0, -0.984807, 0.173652, -180, -180),
(100006, 177671, 0, 3014.54, -3431.19, 226.297, 4.31097, 0, 0, -0.833885, 0.551938, -180, -180),
(100007, 177669, 0, 3016.2, -3459.41, 171.35, 5.09636, 0, 0, -0.559193, 0.829038, -180, -180),
(100008, 177670, 0, 3004.38, -3466.35, 165.798, 1.43117, 0, 0, 0.656058, 0.75471, -180, -180),
(100009, 177671, 0, 3000.21, -3435.53, 196.536, 3.35105, 0, 0, -0.994521, 0.104536, -180, -180),
(100010, 177670, 0, 3005.87, -3445.04, 191.677, 2.96704, 0, 0, 0.996194, 0.087165, -180, -180),
(100011, 177669, 0, 2984.74, -3452.45, 170.912, 2.04204, 0, 0, 0.85264, 0.522499, -180, -180),
(100012, 177670, 0, 3000.63, -3457.54, 154.401, 3.10665, 0, 0, 0.999847, 0.0174693, -180, -180),
(100013, 177671, 0, 3026.23, -3454.13, 170.912, 2.14675, 0, 0, 0.878817, 0.47716, -180, -180),
(100014, 177669, 0, 2861.53, -3224.66, 152.042, 2.86234, 0, 0, 0.990268, 0.139175, -180, -180),
(100015, 177670, 0, 2862.17, -3236.17, 158.296, 2.47837, 0, 0, 0.945518, 0.325568, -180, -180),
(100016, 177671, 0, 2855.67, -3211.72, 138.963, 3.194, 0, 0, -0.999657, 0.0262016, -180, -180),
(100017, 177669, 0, 2873.78, -3239.24, 143.623, 0.767944, 0, 0, 0.374606, 0.927184, -180, -180),
(100018, 177670, 0, 2884.44, -3237.57, 134.187, 4.01426, 0, 0, -0.906307, 0.422619, -180, -180),
(100019, 177671, 0, 2846.68, -3232.52, 152.483, 3.97935, 0, 0, -0.913545, 0.406738, -180, -180),
(100020, 177670, 0, 2882.18, -3224.65, 142.176, 2.3911, 0, 0, 0.930417, 0.366502, -180, -180),
(100021, 177669, 0, 2861.7, -3239.81, 155.107, 4.15388, 0, 0, -0.874619, 0.48481, -180, -180),
(100022, 177670, 0, 2871.11, -3231.73, 143.74, 4.60767, 0, 0, -0.743144, 0.669131, -180, -180),
(100023, 177671, 0, 2860.95, -3245.75, 142.392, 0.890117, 0, 0, 0.430511, 0.902586, -180, -180),
(100024, 177670, 0, 3236.63, -3087.24, 183.912, 0.279252, 0, 0, 0.139173, 0.990268, -180, -180),
(100025, 177669, 0, 3238.88, -3103.21, 184.533, 3.3685, 0, 0, -0.993571, 0.113208, -180, -180),
(100026, 177670, 0, 3220.86, -3089.26, 168.905, 2.09439, 0, 0, 0.866025, 0.500001, -180, -180),
(100027, 177671, 0, 3218.95, -3097.26, 171.276, 0.157079, 0, 0, 0.0784588, 0.996917, -180, -180),
(100028, 177669, 0, 3239.17, -3087.38, 186.353, 6.03884, 0, 0, -0.121869, 0.992546, -180, -180),
(100029, 177670, 0, 3217.76, -3098.61, 170.9, 5.00909, 0, 0, -0.594823, 0.803857, -180, -180),
(100030, 177671, 0, 3243.33, -3095.95, 181.775, 2.51327, 0, 0, 0.951056, 0.309017, -180, -180),
(100031, 177669, 0, 3226.67, -3085.05, 171.56, 4.92183, 0, 0, -0.62932, 0.777146, -180, -180),
(100032, 177670, 0, 3220.2, -3096.96, 173.28, 5.37562, 0, 0, -0.438371, 0.898794, -180, -180),
(100033, 177671, 0, 3220.62, -3105.57, 163.417, 0.296705, 0, 0, 0.147809, 0.989016, -180, -180);
REPLACE INTO `gameobject_addon` (`guid`, `animprogress`, `state`) SELECT `guid`, 100, 1 FROM `gameobject` WHERE `id` IN (177669, 177670, 177671);

UPDATE `creature` SET `position_x` = '7261.41015625000000000000',`position_y` = '134.26899719238280000000',`position_z` = '784.70300292968750000000',`orientation` = '0.36651900410652160000',`spawntimesecsmin` = 300,`spawntimesecsmax` = 300 WHERE `guid` = 98838;
DELETE FROM creature_addon WHERE guid IN(SELECT guid FROM creature WHERE id IN (29570));
DELETE FROM creature_movement WHERE id IN(SELECT guid FROM creature WHERE id IN (29570));
DELETE FROM game_event_creature WHERE guid IN(SELECT guid FROM creature WHERE id IN (29570));
DELETE FROM game_event_creature_data WHERE guid IN(SELECT guid FROM creature WHERE id IN (29570));
DELETE FROM creature_battleground WHERE guid IN(SELECT guid FROM creature WHERE id IN (29570));
DELETE FROM creature_linking WHERE guid IN(SELECT guid FROM creature WHERE id IN (29570));
DELETE FROM creature WHERE id IN (29570);
INSERT INTO `creature` (`guid`, `id`, `map`, `spawnMask`, `phaseMask`, `position_x`, `position_y`, `position_z`, `orientation`, `spawntimesecsmin`, `spawntimesecsmax`, `spawndist`, `MovementType`) VALUES
(85686, 29570, 571, 1, 5, '7319.28000000000000000000', '299.41748000000000000000', '779.45795000000000000000', '0.00000000000000000000', 300, 300, 0, 3),
(85687, 29570, 571, 1, 5, '7349.01460000000000000000', '230.17073000000000000000', '793.38060000000000000000', '0.00000000000000000000', 300, 300, 0, 3),
(85688, 29570, 571, 1, 5, '7273.90200000000000000000', '27.79920800000000000000', '782.16680000000000000000', '4.88692000000000000000', 300, 300, 0, 0),
(85689, 29570, 571, 1, 5, '7391.52100000000000000000', '164.95015000000000000000', '787.21740000000000000000', '0.00000000000000000000', 300, 300, 0, 3),
(85690, 29570, 571, 1, 5, '7284.52600000000000000000', '-6.59440100000000000000', '775.03560000000000000000', '0.00000000000000000000', 300, 300, 0, 3),
(85691, 29570, 571, 1, 5, '7342.88300000000000000000', '139.77430000000000000000', '805.79680000000000000000', '0.43633200000000000000', 300, 300, 0, 0),
(85692, 29570, 571, 1, 5, '7333.27440000000000000000', '159.57292000000000000000', '805.14905000000000000000', '0.55850000000000000000', 300, 300, 0, 0),
(85693, 29570, 571, 1, 5, '7371.04700000000000000000', '210.44109000000000000000', '786.04663000000000000000', '0.00000000000000000000', 300, 300, 0, 3),
(85694, 29570, 571, 1, 5, '7302.83984375000000000000', '-133.24499511718750000000', '795.64801025390620000000', '0.54105198383331300000', 300, 300, 0, 0),
(85695, 29570, 571, 1, 5, '7390.97021484375000000000', '-11.08329963684082000000', '800.92498779296880000000', '2.93214988708496100000', 300, 300, 0, 0),
(85696, 29570, 571, 1, 5, '7355.12700000000000000000', '164.62923000000000000000', '823.53613000000000000000', '0.00000000000000000000', 300, 300, 0, 3),
(85697, 29570, 571, 1, 5, '7224.52001953125000000000', '-27.87000083923340000000', '794.53497314453120000000', '0.31415900588035583000', 300, 300, 0, 0),
(85698, 29570, 571, 1, 5, '7344.01760000000000000000', '202.20316000000000000000', '785.83856000000000000000', '0.00000000000000000000', 300, 300, 0, 3),
(98445, 29570, 571, 1, 5, '7434.60400000000000000000', '297.88538000000000000000', '784.17420000000000000000', '0.00000000000000000000', 300, 300, 0, 3),
(98446, 29570, 571, 1, 5, '7389.00000000000000000000', '-43.54859924316406000000', '800.70697021484380000000', '2.86233997344970700000', 300, 300, 0, 0),
(98447, 29570, 571, 1, 5, '7325.22998046875000000000', '176.47000122070312000000', '804.04602050781250000000', '0.36651900410652160000', 300, 300, 0, 0),
(98448, 29570, 571, 1, 5, '7292.66060000000000000000', '30.08854100000000000000', '782.26350000000000000000', '4.78220000000000000000', 300, 300, 0, 0),
(98449, 29570, 571, 1, 5, '7201.38400000000000000000', '-65.36122000000000000000', '810.12146000000000000000', '0.00000000000000000000', 300, 300, 0, 3),
(98450, 29570, 571, 1, 5, '7335.61300000000000000000', '-22.73318100000000000000', '787.75720000000000000000', '0.00000000000000000000', 300, 300, 0, 3),
(98451, 29570, 571, 1, 5, '7356.54000000000000000000', '-95.89507000000000000000', '791.31300000000000000000', '0.00000000000000000000', 300, 300, 0, 3),
(98452, 29570, 571, 1, 5, '7313.15530000000000000000', '91.67771000000000000000', '95.23800000000000000000', '0.00000000000000000000', 300, 300, 0, 3),
(98453, 29570, 571, 1, 5, '7294.58840000000000000000', '-113.84896000000000000000', '795.43080000000000000000', '0.38397000000000000000', 300, 300, 0, 0),
(98454, 29570, 571, 1, 5, '7314.53120000000000000000', '195.23264000000000000000', '803.08093000000000000000', '6.23080000000000000000', 300, 300, 0, 0),
(85668, 29570, 571, 1, 5, '7380.93850000000000000000', '-50.60384000000000000000', '797.56840000000000000000', '0.00000000000000000000', 300, 300, 0, 3),
(85667, 29570, 571, 1, 5, '7349.21530000000000000000', '61.03054400000000000000', '797.87290000000000000000', '0.00000000000000000000', 300, 300, 0, 3),
(85666, 29570, 571, 1, 5, '7218.11400000000000000000', '-9.09868700000000000000', '797.02203000000000000000', '0.31415900000000000000', 300, 300, 0, 0),
(85665, 29570, 571, 1, 5, '7184.68600000000000000000', '-73.74132000000000000000', '786.03150000000000000000', '3.71755000000000000000', 300, 300, 0, 0),
(85664, 29570, 571, 1, 5, '7204.78800000000000000000', '-114.21702000000000000000', '784.91480000000000000000', '3.59537000000000000000', 300, 300, 0, 0);
INSERT INTO creature_movement (`id`, `Point`, `PositionX`, `PositionY`, `PositionZ`, `Orientation`, `WaitTime`, `ScriptId`) VALUES
(85668,1,7380.9385,-50.60384,797.5684,100,0,0),
(85668,2,7386.243,-41.75304,796.5966,100,0,0),
(85668,3,7385.5957,-13.044705,796.5966,100,0,0),
(85668,4,7371.6606,12.34516,796.5966,100,0,0),
(85668,5,7349.2744,12.468859,789.0134,100,0,0),
(85668,6,7324.9844,3.95714,776.0135,100,0,0),
(85668,7,7315.283,-30.070095,775.84686,100,0,0),
(85668,8,7333.5757,-53.485027,790.3747,100,0,0),
(85668,9,7359.3896,-61.829643,796.3469,100,0,0),
(85668,10,7381.127,-32.405056,807.1524,100,0,0),
(85668,11,7373.712,-6.716037,813.0961,100,0,0),
(85668,12,7350.436,-1.761936,813.0961,100,0,0),
(85668,13,7334.307,-31.001411,822.846,100,0,0),
(85668,14,7360.9756,-76.6684,822.846,100,0,0),
(85668,15,7331.1,-99.610245,822.846,100,0,0),
(85668,16,7305.3525,-80.76454,822.846,100,0,0),
(85668,17,7314.193,-41.504448,822.846,100,0,0),
(85668,18,7359.0503,-53.078125,822.846,100,0,0),
(85668,19,7385.2646,-79.220924,822.846,100,0,0),
(85668,20,7379.9497,-106.70508,822.846,100,0,0),
(85668,21,7356.725,-100.02583,822.846,100,0,0),
(85668,22,7358.723,-67.905815,809.2349,100,0,0),
(98451,1,7356.54,-95.89507,791.313,100,0,0),
(98451,2,7368.9478,-103.51411,791.313,100,0,0),
(98451,3,7380.9585,-97.5433,791.313,100,0,0),
(98451,4,7383.6304,-63.31304,791.313,100,0,0),
(98451,5,7363.8413,-35.528973,791.313,100,0,0),
(98451,6,7322.904,-28.591688,791.313,100,0,0),
(98451,7,7302.086,-74.8546,791.313,100,0,0),
(98451,8,7276.4243,-106.95931,791.313,100,0,0),
(98451,9,7228.264,-117.36144,791.313,100,0,0),
(98451,10,7200.783,-90.05045,791.313,100,0,0),
(98451,11,7231.5635,-61.223957,791.313,100,0,0),
(98451,12,7283.6313,-16.152235,791.313,100,0,0),
(98451,13,7347.1206,14.717122,791.313,100,0,0),
(98451,14,7367.1895,16.364367,791.313,100,0,0),
(98451,15,7431.903,38.072376,791.313,100,0,0),
(98451,16,7461.6685,78.71224,791.313,100,0,0),
(98451,17,7430.183,104.37153,791.313,100,0,0),
(98451,18,7369.087,55.567165,791.313,100,0,0),
(98451,19,7354.809,-2.606011,791.313,100,0,0),
(98451,20,7345.288,-63.82216,791.313,100,0,0),
(98452,1,7313.1553,91.67771,795.238,100,0,0),
(98452,2,7302.843,65.81239,790.7658,100,0,0),
(98452,3,7306.1494,48.483562,788.54376,100,0,0),
(98452,4,7313.069,23.268826,788.54376,100,0,0),
(98452,5,7323.9844,-39.585342,795.016,100,0,0),
(98452,6,7307.963,-59.304253,799.4049,100,0,0),
(98452,7,7276.359,-44.181206,800.29346,100,0,0),
(98452,8,7301.153,15.643066,800.29346,100,0,0),
(98452,9,7342.203,81.10862,800.29346,100,0,0),
(98452,10,7331.7803,99.60379,800.29346,100,0,0),
(85667,1,7349.2153,61.030544,797.8729,100,0,0),
(85667,2,7307.8584,26.758736,787.7056,100,0,0),
(85667,3,7280.5625,-13.453288,787.7056,100,0,0),
(85667,4,7264.031,-55.004288,787.7056,100,0,0),
(85667,5,7310.0713,-90.48264,796.5944,100,0,0),
(85667,6,7350.1416,-86.6352,796.5944,100,0,0),
(85667,7,7377.146,-49.316948,803.8444,100,0,0),
(85667,8,7382.222,-15.796387,803.8444,100,0,0),
(85667,9,7385.7207,23.401802,803.8444,100,0,0),
(85667,10,7345.8066,71.13656,814.17773,100,0,0),
(85667,11,7335.4775,122.16653,814.17773,100,0,0),
(85667,12,7358.258,142.77765,814.17773,100,0,0),
(85667,13,7397.932,135.82704,814.17773,100,0,0),
(85667,14,7413.388,94.45668,814.17773,100,0,0),
(85689,1,7391.521,164.95015,787.2174,100,0,0),
(85689,2,7382.2524,155.39963,785.8564,100,0,0),
(85689,3,7353.4004,112.87891,780.10645,100,0,0),
(85689,4,7341.818,75.9885,780.523,100,0,0),
(85689,5,7346.7554,40.90788,780.523,100,0,0),
(85689,6,7357.874,3.349609,787.2174,100,0,0),
(85689,7,7358.693,-39.169704,787.2174,100,0,0),
(85689,8,7336.0103,-62.284615,787.2174,100,0,0),
(85689,9,7304.5767,-63.250217,787.2174,100,0,0),
(85689,10,7267.3145,-40.927193,787.2174,100,0,0),
(85689,11,7265.827,-5.817275,787.2174,100,0,0),
(85689,12,7296.8584,12.092014,787.2174,100,0,0),
(85689,13,7346.7354,42.38086,787.2174,100,0,0),
(85689,14,7382.987,70.01378,787.2174,100,0,0),
(85689,15,7414.132,94.69531,787.2174,100,0,0),
(85689,16,7439.6875,137.03766,787.2174,100,0,0),
(85689,17,7418.974,171.74274,787.2174,100,0,0),
(85690,1,7284.526,-6.594401,775.0356,100,0,0),
(85690,2,7294.9834,11.279297,774.6519,100,0,0),
(85690,3,7299.8916,21.820095,775.2906,100,0,0),
(85690,4,7308.1094,42.398003,775.2906,100,0,0),
(85690,5,7330.5913,50.55013,775.2906,100,0,0),
(85690,6,7341.01,44.438694,775.2906,100,0,0),
(85690,7,7388.08,40.51237,775.2906,100,0,0),
(85690,8,7408.7915,53.156143,775.2906,100,0,0),
(85690,9,7421.983,84.92036,775.2906,100,0,0),
(85690,10,7433.0034,124.78765,775.2906,100,0,0),
(85690,11,7430.9004,144.09126,775.2906,100,0,0),
(85690,12,7412.5024,159.8794,775.2906,100,0,0),
(85690,13,7389.4907,171.84538,775.2906,100,0,0),
(85690,14,7371.4375,186.77766,776.7906,100,0,0),
(85690,15,7369.377,210.50021,790.0367,100,0,0),
(85690,16,7394.5225,233.24121,790.0367,100,0,0),
(85690,17,7444.0537,224.59175,790.0367,100,0,0),
(85690,18,7448.597,187.4669,790.0367,100,0,0),
(85690,19,7415.444,181.90631,790.0367,100,0,0),
(85690,20,7383.585,145.39703,790.0367,100,0,0),
(85690,21,7384.855,96.65733,790.0367,100,0,0),
(85690,22,7379.6353,14.951823,790.0367,100,0,0),
(85690,23,7375.6997,-17.064127,790.0367,100,0,0),
(85690,24,7356.009,-78.25955,790.0367,100,0,0),
(85690,25,7312.672,-107.54004,790.0367,100,0,0),
(85690,26,7279.553,-89.45084,790.0367,100,0,0),
(85690,27,7266.975,-45.43316,779.5649,100,0,0),
(98449,1,7201.384,-65.36122,810.12146,100,0,0),
(98449,2,7222.151,-58.78071,810.12146,100,0,0),
(98449,3,7240.0903,-38.74273,810.12146,100,0,0),
(98449,4,7224.211,0.795247,810.12146,100,0,0),
(98449,5,7198.788,-3.978407,810.12146,100,0,0),
(98449,6,7171.662,-19.450521,810.12146,100,0,0),
(98449,7,7171.7476,-47.870876,810.12146,100,0,0),
(98450,1,7335.613,-22.733181,787.7572,100,0,0),
(98450,2,7364.494,-19.731989,785.4238,100,0,0),
(98450,3,7376.875,-33.31923,785.4238,100,0,0),
(98450,4,7376.6206,-57.707355,787.28467,100,0,0),
(98450,5,7374.606,-79.81901,787.7572,100,0,0),
(98450,6,7355.1665,-106.50152,787.7572,100,0,0),
(98450,7,7335.71,-108.82476,787.7572,100,0,0),
(98450,8,7307.532,-97.95377,787.7572,100,0,0),
(98450,9,7271.778,-87.53331,787.7572,100,0,0),
(98450,10,7239.9365,-63.498806,787.7572,100,0,0),
(98450,11,7200.6177,-61.535915,787.7572,100,0,0),
(98450,12,7169.846,-87.663734,787.7572,100,0,0),
(98450,13,7180.72,-113.86839,787.7572,100,0,0),
(98450,14,7205.065,-128.72212,787.7572,100,0,0),
(98450,15,7243.889,-115.67448,787.7572,100,0,0),
(98450,16,7275.346,-79.4094,787.7572,100,0,0),
(98450,17,7308.1978,-38.37587,787.7572,100,0,0),
(85693,1,7371.047,210.44109,786.04663,100,0,0),
(85693,2,7375.1006,234.891,788.3526,100,0,0),
(85693,3,7379.6743,273.20285,788.3526,100,0,0),
(85693,4,7414.9243,298.58557,788.3526,100,0,0),
(85693,5,7461.048,295.2858,788.3526,100,0,0),
(85693,6,7482.413,278.6504,788.3526,100,0,0),
(85693,7,7493.4785,236.09933,788.3526,100,0,0),
(85693,8,7496.8403,202.97049,788.2415,100,0,0),
(85693,9,7479.5435,157.04405,788.2415,100,0,0),
(85693,10,7466.8594,133.91873,788.2415,100,0,0),
(85693,11,7432.0444,137.27138,788.2415,100,0,0),
(85693,12,7416.691,157.42334,788.2415,100,0,0),
(85693,13,7376.8135,182.21669,788.2415,100,0,0),
(85696,1,7355.127,164.62923,823.53613,100,0,0),
(85696,2,7311.8013,203.28494,816.70276,100,0,0),
(85696,3,7281.991,211.96533,814.67523,100,0,0),
(85696,4,7253.7466,191.79742,814.67523,100,0,0),
(85696,5,7229.9917,159.4898,822.00854,100,0,0),
(85696,6,7228.678,125.96484,835.9528,100,0,0),
(85696,7,7259.358,91.81315,835.9528,100,0,0),
(85696,8,7310.7397,82.96702,835.9528,100,0,0),
(85696,9,7348.71,127.01313,835.9528,100,0,0),
(85687,1,7349.0146,230.17073,793.3806,100,0,0),
(85687,2,7338.6353,198.38742,791.5475,100,0,0),
(85687,3,7345.021,179.44646,791.5475,100,0,0),
(85687,4,7362.9653,143.0243,793.3806,100,0,0),
(85687,5,7375.375,127.90408,793.3806,100,0,0),
(85687,6,7399.9956,116.3061,793.3806,100,0,0),
(85687,7,7448.2446,112.66298,793.3806,100,0,0),
(85687,8,7467.874,150.71756,793.3806,100,0,0),
(85687,9,7437.828,186.88075,793.3806,100,0,0),
(85687,10,7365.9175,213.3011,793.3806,100,0,0),
(85687,11,7295.1226,217.04851,793.3806,100,0,0),
(85687,12,7244.763,228.27962,793.3806,100,0,0),
(85687,13,7244.607,264.1653,793.3806,100,0,0),
(85687,14,7318.8438,315.73987,798.9357,100,0,0),
(85687,15,7361.7007,305.773,793.3806,100,0,0),
(85687,16,7372.655,268.09348,793.3806,100,0,0),
(98445,1,7434.604,297.88538,784.1742,100,0,0),
(98445,2,7431.193,277.27728,783.1464,100,0,0),
(98445,3,7418.3853,236.72662,783.1464,100,0,0),
(98445,4,7387.665,208.61057,783.1464,100,0,0),
(98445,5,7365.0957,245.39062,787.42413,100,0,0),
(98445,6,7376.3696,268.28174,787.42413,100,0,0),
(98445,7,7415.993,299.57748,787.42413,100,0,0),
(98445,8,7451.499,297.16098,787.42413,100,0,0),
(98445,9,7463.644,218.69684,787.42413,100,0,0),
(98445,10,7456.368,177.70964,787.42413,100,0,0),
(98445,11,7425.758,168.4248,787.42413,100,0,0),
(98445,12,7406.093,190.02887,787.42413,100,0,0),
(98445,13,7408.3013,220.79611,787.42413,100,0,0),
(98445,14,7414.012,264.17035,787.42413,100,0,0),
(98445,15,7406.972,290.95465,787.42413,100,0,0),
(98445,16,7407.4253,313.09146,787.42413,100,0,0),
(98445,17,7427.272,318.63385,787.42413,100,0,0),
(98445,18,7437.9585,311.60672,787.42413,100,0,0),
(85698,1,7344.0176,202.20316,785.83856,100,0,0),
(85698,2,7357.329,190.82077,785.83856,100,0,0),
(85698,3,7383.566,158.73524,785.83856,100,0,0),
(85698,4,7397.732,130.9802,785.83856,100,0,0),
(85698,5,7422.718,117.82078,785.83856,100,0,0),
(85698,6,7446.1743,104.50936,785.83856,100,0,0),
(85698,7,7463.144,117.16295,785.83856,100,0,0),
(85698,8,7462.941,146.24477,785.83856,100,0,0),
(85698,9,7420.1997,207.70538,785.83856,100,0,0),
(85698,10,7363.655,238.02132,785.83856,100,0,0),
(85698,11,7352.3804,242.56961,785.83856,100,0,0),
(85698,12,7332.869,234.74031,785.83856,100,0,0),
(85698,13,7328.2656,217.14174,785.83856,100,0,0),
(85686,1,7319.28,299.41748,779.45795,100,0,0),
(85686,2,7308.1396,280.29895,779.9856,100,0,0),
(85686,3,7307.7925,254.4713,780.1523,100,0,0),
(85686,4,7322.7803,232.74425,784.3189,100,0,0),
(85686,5,7357.461,235.33405,783.87445,100,0,0),
(85686,6,7378.2163,248.61838,782.541,100,0,0),
(85686,7,7378.474,260.81662,781.7074,100,0,0),
(85686,8,7383.3926,283.08035,782.3745,100,0,0),
(85686,9,7400.598,288.28055,783.12445,100,0,0),
(85686,10,7428.026,282.03928,783.7077,100,0,0),
(85686,11,7436.9443,260.1732,781.7907,100,0,0),
(85686,12,7419.8906,233.96013,780.98553,100,0,0),
(85686,13,7378.9688,234.02876,779.45795,100,0,0),
(85686,14,7376.066,273.53116,780.2633,100,0,0),
(85686,15,7365.327,285.39008,778.8189,100,0,0),
(85686,16,7336.619,299.9522,778.2074,100,0,0);
DELETE FROM creature_addon WHERE guid IN(SELECT guid FROM creature WHERE id IN (29569));
DELETE FROM creature_movement WHERE id IN(SELECT guid FROM creature WHERE id IN (29569));
DELETE FROM game_event_creature WHERE guid IN(SELECT guid FROM creature WHERE id IN (29569));
DELETE FROM game_event_creature_data WHERE guid IN(SELECT guid FROM creature WHERE id IN (29569));
DELETE FROM creature_battleground WHERE guid IN(SELECT guid FROM creature WHERE id IN (29569));
DELETE FROM creature_linking WHERE guid IN(SELECT guid FROM creature WHERE id IN (29569));
DELETE FROM creature WHERE id IN (29569);
INSERT INTO `creature` (`guid`, `id`, `map`, `spawnMask`, `phaseMask`, `position_x`, `position_y`, `position_z`, `orientation`, `spawntimesecsmin`, `spawntimesecsmax`, `spawndist`, `MovementType`) VALUES
(105576, 29569, 571, 1, 1, '7274.58640000000000000000', '162.51584000000000000000', '784.76110000000000000000', '0.00000000000000000000', 300, 300, 0, 4),
(105577, 29569, 571, 1, 1, '7217.36230000000000000000', '-9.03667500000000000000', '774.35210000000000000000', '0.31415900000000000000', 300, 300, 0, 0),
(105578, 29569, 571, 1, 1, '7299.66015625000000000000', '-134.32299804687500000000', '772.39898681640620000000', '0.31415900588035583000', 300, 300, 0, 0),
(105579, 29569, 571, 1, 1, '7290.74023437500000000000', '-113.93699645996094000000', '770.16400146484380000000', '0.01745299994945526000', 300, 300, 0, 0),
(105580, 29569, 571, 1, 1, '7280.20996093750000000000', '-131.25000000000000000000', '771.40899658203120000000', '1.57079994678497310000', 300, 300, 0, 0),
(105581, 29569, 571, 1, 1, '7356.89060000000000000000', '269.77432000000000000000', '771.29236000000000000000', '5.32325000000000000000', 300, 300, 0, 0),
(105582, 29569, 571, 1, 1, '7349.22200000000000000000', '258.44700000000000000000', '771.29000000000000000000', '5.75958000000000000000', 300, 300, 0, 0),
(105583, 29569, 571, 1, 1, '7389.04003906250000000000', '-36.21689987182617000000', '781.51599121093750000000', '2.79253005981445300000', 300, 300, 0, 0),
(105584, 29569, 571, 1, 1, '7302.35250000000000000000', '-122.36372000000000000000', '768.32965000000000000000', '3.70000000000000000000', 300, 300, 0, 4),
(105586, 29569, 571, 1, 1, '7391.16992187500000000000', '-17.39430046081543000000', '781.59497070312500000000', '2.96706008911132800000', 300, 300, 0, 0),
(105585, 29569, 571, 1, 1, '7230.37900000000000000000', '-16.93164000000000000000', '770.88960000000000000000', '0.00000000000000000000', 300, 300, 0, 4),
(105587, 29569, 571, 1, 1, '7360.07800000000000000000', '51.80935300000000000000', '767.68365000000000000000', '0.00000000000000000000', 300, 300, 0, 4),
(105588, 29569, 571, 1, 1, '7341.52978515625000000000', '162.66900634765625000000', '786.23699951171880000000', '0.29670599102973940000', 300, 300, 0, 0),
(105589, 29569, 571, 1, 1, '7332.39990234375000000000', '179.83399963378906000000', '786.26501464843750000000', '0.54105198383331300000', 300, 300, 0, 0),
(105590, 29569, 571, 1, 1, '7293.03120000000000000000', '29.01389000000000000000', '769.54360000000000000000', '4.62500000000000000000', 300, 300, 0, 0),
(105591, 29569, 571, 1, 1, '7275.65670000000000000000', '24.95084600000000000000', '769.17053000000000000000', '4.95670000000000000000', 300, 300, 0, 0),
(105592, 29569, 571, 1, 1, '7227.71970000000000000000', '-28.87445800000000000000', '771.16077000000000000000', '0.43633000000000000000', 300, 300, 0, 0),
(105594, 29569, 571, 1, 1, '7356.44780000000000000000', '71.10330000000000000000', '768.55560000000000000000', '0.43633000000000000000', 300, 300, 0, 2),
(105593, 29569, 571, 1, 1, '7400.72100000000000000000', '156.88264000000000000000', '769.73670000000000000000', '0.19198000000000000000', 300, 300, 0, 0),
(105595, 29569, 571, 1, 1, '7350.02200000000000000000', '143.80305000000000000000', '785.38495000000000000000', '0.34900000000000000000', 300, 300, 0, 0),
(105596, 29569, 571, 1, 1, '7394.99660000000000000000', '178.59029000000000000000', '770.30850000000000000000', '0.05235980000000000000', 300, 300, 0, 0),
(105404, 29569, 571, 1, 1, '7320.79930000000000000000', '199.44113000000000000000', '785.15594000000000000000', '0.41887900000000000000', 300, 300, 0, 0);
INSERT INTO creature_movement (`id`, `Point`, `PositionX`, `PositionY`, `PositionZ`, `Orientation`, `WaitTime`, `ScriptId`) VALUES
(105587,1,7360.078,51.809353,767.68365,100,500,0),
(105587,2,7370.011,51.059246,768.3503,100,0,0),
(105587,3,7382.3447,58.629993,767.7423,100,0,0),
(105587,4,7390.0728,69.07357,767.68835,100,0,0),
(105587,5,7394.0884,82.82704,767.97797,100,0,0),
(105587,6,7388.269,103.33051,767.70544,100,0,0),
(105587,7,7375.4287,112.07389,768.26953,100,0,0),
(105587,8,7364.153,110.48915,768.1499,100,0,0),
(105587,9,7346.0435,96.44575,767.7054,100,0,0),
(105587,10,7337.9185,82.97374,767.71356,100,0,0),
(105587,11,7338.2646,67.10037,767.77014,100,500,0),
(105594,1,7356.4478,71.1033,768.5556,100,0,0),
(105594,2,7367.099,66.249245,767.7206,100,0,0),
(105594,3,7376.6963,69.91146,768.04297,100,0,0),
(105594,4,7381.2734,78.9528,767.91455,100,0,0),
(105594,5,7381.4644,87.94097,767.6864,100,0,0),
(105594,6,7375.3813,95.13097,768.0454,100,0,0),
(105594,7,7367.493,98.90397,767.7389,100,0,0),
(105594,8,7356.6025,94.24381,767.7085,100,0,0),
(105594,9,7351.507,82.63499,768.8734,100,0,0),
(105576,1,7274.5864,162.51584,784.7611,100,500,0),
(105576,2,7296.6626,174.00119,790.41235,100,0,0),
(105576,3,7312.3267,182.4037,793.1579,100,0,0),
(105576,4,7327.0728,189.23145,786.9499,100,0,0),
(105576,5,7337.1235,193.60341,783.16046,100,0,0),
(105576,6,7359.6895,192.29883,777.0943,100,0,0),
(105576,7,7371.463,181.6289,773.57947,100,0,0),
(105576,8,7381.9263,163.8367,772.48645,100,0,0),
(105576,9,7383.2056,134.11307,770.1252,100,500,0),
(105584,1,7302.3525,-122.36372,768.32965,100,500,0),
(105584,2,7308.837,-110.60829,766.7654,100,0,0),
(105584,3,7309.276,-94.77268,766.4727,100,0,0),
(105584,4,7303.3394,-75.29829,766.59064,100,0,0),
(105584,5,7289.8774,-57.292645,766.5881,100,0,0),
(105584,6,7278.2354,-53.791126,766.5892,100,0,0),
(105584,7,7266.165,-48.681206,766.58923,100,0,0),
(105584,8,7245.985,-56.88444,766.69836,100,0,0),
(105584,9,7221.1226,-77.760414,768.8989,100,0,0),
(105584,10,7206.383,-89.11089,769.2798,100,500,0),
(105585,1,7230.379,-16.93164,770.8896,100,500,0),
(105585,2,7254.3555,-18.197592,767.8751,100,0,0),
(105585,3,7277.1597,-16.80024,766.6023,100,0,0),
(105585,4,7291.7656,-10.891927,766.58374,100,0,0),
(105585,5,7305.4478,-12.569879,766.5839,100,0,0),
(105585,6,7324.093,-31.92513,766.6483,100,0,0),
(105585,7,7349.9556,-34.587456,772.00195,100,0,0),
(105585,8,7370.5,-32.968643,776.6255,100,0,0),
(105585,9,7386.6216,-28.008463,780.06396,100,0,0),
(105585,10,7399.0825,-28.391169,784.68646,100,0,0),
(105585,11,7421.258,-28.51736,781.0248,100,500,0);
UPDATE creature SET position_x = 7462.6216, position_y = 199.23091, position_z = 768.7309, orientation = 2.91469, spawndist = 0, MovementType = 0 WHERE guid = 105499;

# 14096_01_mangos_closing_text.sql
ALTER TABLE `gameobject_template` CHANGE `castBarCaption` `OpeningText` varchar(100) NOT NULL DEFAULT '';
ALTER TABLE `gameobject_template` CHANGE `unk1` `ClosingText` varchar(100) NOT NULL DEFAULT '';

ALTER TABLE `locales_gameobject` CHANGE `name_loc1` `name_loc1` varchar(100);
ALTER TABLE `locales_gameobject` CHANGE `name_loc2` `name_loc2` varchar(100);
ALTER TABLE `locales_gameobject` CHANGE `name_loc3` `name_loc3` varchar(100);
ALTER TABLE `locales_gameobject` CHANGE `name_loc4` `name_loc4` varchar(100);
ALTER TABLE `locales_gameobject` CHANGE `name_loc5` `name_loc5` varchar(100);
ALTER TABLE `locales_gameobject` CHANGE `name_loc6` `name_loc6` varchar(100);
ALTER TABLE `locales_gameobject` CHANGE `name_loc7` `name_loc7` varchar(100);
ALTER TABLE `locales_gameobject` CHANGE `name_loc8` `name_loc8` varchar(100);

ALTER TABLE `locales_gameobject` CHANGE `castbarcaption_loc1` `opening_text_loc1` varchar(100);
ALTER TABLE `locales_gameobject` CHANGE `castbarcaption_loc2` `opening_text_loc2` varchar(100);
ALTER TABLE `locales_gameobject` CHANGE `castbarcaption_loc3` `opening_text_loc3` varchar(100);
ALTER TABLE `locales_gameobject` CHANGE `castbarcaption_loc4` `opening_text_loc4` varchar(100);
ALTER TABLE `locales_gameobject` CHANGE `castbarcaption_loc5` `opening_text_loc5` varchar(100);
ALTER TABLE `locales_gameobject` CHANGE `castbarcaption_loc6` `opening_text_loc6` varchar(100);
ALTER TABLE `locales_gameobject` CHANGE `castbarcaption_loc7` `opening_text_loc7` varchar(100);
ALTER TABLE `locales_gameobject` CHANGE `castbarcaption_loc8` `opening_text_loc8` varchar(100);

ALTER TABLE `locales_gameobject` ADD COLUMN `closing_text_loc1` varchar(100);
ALTER TABLE `locales_gameobject` ADD COLUMN `closing_text_loc2` varchar(100);
ALTER TABLE `locales_gameobject` ADD COLUMN `closing_text_loc3` varchar(100);
ALTER TABLE `locales_gameobject` ADD COLUMN `closing_text_loc4` varchar(100);
ALTER TABLE `locales_gameobject` ADD COLUMN `closing_text_loc5` varchar(100);
ALTER TABLE `locales_gameobject` ADD COLUMN `closing_text_loc6` varchar(100);
ALTER TABLE `locales_gameobject` ADD COLUMN `closing_text_loc7` varchar(100);
ALTER TABLE `locales_gameobject` ADD COLUMN `closing_text_loc8` varchar(100);

UPDATE creature_template SET UnitFlags = 0, StaticFlags1 = 0, StaticFlags2 = 0x00000400, StaticFlags3 = 0 WHERE Entry IN (30066);
UPDATE creature_template SET StaticFlags1 = 0x80000000 WHERE Entry IN (30096);
DELETE FROM dbscripts_on_spell WHERE id IN (55896);
DELETE FROM spell_script_target WHERE entry IN (55934);
INSERT INTO spell_script_target (`entry`, `type`, `targetEntry`, `inverseEffectMask`) VALUES (55934, 1, 30096, 0);

UPDATE creature_template SET StaticFlags1=StaticFlags1|256 WHERE entry=30066;

INSERT INTO `dbscripts_on_spell` (`id`, `delay`, `priority`, `command`, `datalong`, `datalong2`, `datalong3`, `buddy_entry`, `search_radius`, `data_flags`, `dataint`, `dataint2`, `dataint3`, `dataint4`, `datafloat`, `x`, `y`, `z`, `o`, `speed`, `condition_id`, `comments`) VALUES
(19250, 10, 1, 9, 0, 60, 0, 177669, 100, 0, 0, 0, 0, 0, 0, 0, 0, 0, 0, 0, 0, 'Scourge Structure - Spawn gobject'),
(19250, 10, 2, 9, 0, 60, 0, 177670, 100, 0, 0, 0, 0, 0, 0, 0, 0, 0, 0, 0, 0, 'Scourge Structure - Spawn gobject'),
(19250, 10, 3, 9, 0, 60, 0, 177671, 100, 0, 0, 0, 0, 0, 0, 0, 0, 0, 0, 0, 0, 'Scourge Structure - Spawn gobject');

INSERT INTO `creature` (`guid`, `id`, `map`, `spawnMask`, `position_x`, `position_y`, `position_z`, `orientation`, `spawntimesecsmin`, `spawntimesecsmax`, `spawndist`, `MovementType`) VALUES
(26785, 8539, 0, 1, 2347.89990234375000000000, -3628.00000000000000000000, 176.27799987792970000000, 5.72800016403198200000, 600, 600, 4, 1),
(29583, 8539, 0, 1, 2381.20996093750000000000, -3684.00000000000000000000, 178.70899963378906000000, 1.77499997615814200000, 600, 600, 4, 1),
(33062, 8539, 0, 1, 2410.39990234375000000000, -3628.00000000000000000000, 178.75799560546875000000, 3.11899995803833000000, 600, 600, 4, 1),
(33294, 8539, 0, 1, 2420.10009765625000000000, -3671.00000000000000000000, 178.35600280761720000000, 6.13800001144409200000, 600, 600, 6, 1),
(33315, 8539, 0, 1, 2455.64990234375000000000, -3741.00000000000000000000, 177.88999938964844000000, 1.88100004196167000000, 600, 600, 4, 1),
(33324, 8539, 0, 1, 2527.11010742187500000000, -3696.00000000000000000000, 180.10499572753906000000, 0.87699997425079350000, 600, 600, 6, 1),
(33411, 8539, 0, 1, 2531.25000000000000000000, -3722.00000000000000000000, 178.97799682617188000000, 1.78299999237060550000, 600, 600, 4, 1),
(33459, 8539, 0, 1, 2619.79003906250000000000, -5222.00000000000000000000, 96.80400085449219000000, 5.40000009536743200000, 600, 600, 4, 1),
(47498, 8539, 0, 1, 2094.39990234375000000000, -3479.00000000000000000000, 115.14399719238281000000, 6.05000019073486300000, 600, 600, 4, 1),
(51785, 8539, 0, 1, 2695.00000000000000000000, -5332.00000000000000000000, 157.70799255371094000000, 0.29300001263618470000, 600, 600, 4, 1),
(51786, 8539, 0, 1, 2698.34008789062500000000, -5548.00000000000000000000, 157.50700378417970000000, 5.05700016021728500000, 600, 600, 4, 1),
(51787, 8539, 0, 1, 2735.05004882812500000000, -5416.00000000000000000000, 159.17599487304688000000, 4.45499992370605500000, 600, 600, 4, 1),
(51788, 8539, 0, 1, 2818.43994140625000000000, -5456.00000000000000000000, 158.03799438476562000000, 6.02199983596801800000, 600, 600, 4, 1),
(51790, 8539, 0, 1, 2924.57006835937500000000, -4725.00000000000000000000, 91.42700195312500000000, 4.94999980926513700000, 600, 600, 4, 1),
(51791, 8539, 0, 1, 3003.67993164062500000000, -4835.00000000000000000000, 100.00499725341797000000, 6.14499998092651400000, 600, 600, 4, 1),
(51793, 8539, 0, 1, 3063.29003906250000000000, -4892.00000000000000000000, 104.07599639892578000000, 0.73299998044967650000, 600, 600, 4, 1);
UPDATE `creature` SET `position_x` = '2044.30004882812500000000',`position_y` = '-4428.91015625000000000000',`position_z` = '74.21019744873047000000',`orientation` = '1.41978001594543460000',`spawndist` = 5,`MovementType` = 1 WHERE `guid` = 17610;
UPDATE `creature` SET `position_x` = '1926.00000000000000000000',`position_y` = '-4510.70019531250000000000',`position_z` = '80.03140258789062000000',`orientation` = '1.98540997505187990000',`spawndist` = 10,`MovementType` = 1 WHERE `guid` = 17686;
UPDATE `creature` SET `spawntimesecsmin` = '300', `spawntimesecsmax` = '600' WHERE `id` IN (8539,8538);
INSERT INTO creature(guid, id, map, spawnMask, position_x, position_y, position_z, orientation, spawntimesecsmin, spawntimesecsmax, spawndist, MovementType) VALUES
('51800', '950', '0', '1', -10854.220703125, -3687.711181640625, 21.61942481994628906, 3.667437076568603515, '300', '300', '3', '1');
INSERT INTO spawn_group_spawn(Id, Guid) VALUES (19895,51800);
UPDATE creature SET position_x=3827.2466,position_y=-6153.9487,position_z=4.4292116, `MovementType` = 2 WHERE id IN(6140);
SET @MOVID=6140;
DELETE FROM creature_movement_template WHERE entry=6140;
INSERT INTO creature_movement_template (Entry, PathId, Point, PositionX, PositionY, PositionZ, Orientation, WaitTime, ScriptId, Comment) VALUES
(@MOVID + 0, 0,'3', '3841.0278', '-6185.0063', '-8.165095', '100', '0', '0', NULL),
(@MOVID + 0, 0,'4', '3837.5837', '-6208.6777', '-8.0341625', '100', '0', '0', NULL),
(@MOVID + 0, 0,'5', '3833.837', '-6249.346', '-7.2614055', '100', '0', '0', NULL),
(@MOVID + 0, 0,'6', '3829.563', '-6273.549', '-6.468588', '100', '0', '0', NULL),
(@MOVID + 0, 0,'7', '3868.048', '-6295.635', '-2.628403', '100', '0', '0', NULL),
(@MOVID + 0, 0,'8', '3894.5994', '-6294.7393', '-9.899904', '100', '0', '0', NULL),
(@MOVID + 0, 0,'9', '3920.2566', '-6306.414', '-9.816838', '100', '0', '0', NULL),
(@MOVID + 0, 0,'10', '3955.3628', '-6332.567', '-5.335135', '100', '0', '0', NULL),
(@MOVID + 0, 0,'11', '3962.375', '-6306.614', '3.6352105', '100', '0', '0', NULL),
(@MOVID + 0, 0,'12', '3958.7612', '-6285.643', '2.7850103', '3.474393606185913085', '330000', '0', NULL),
(@MOVID + 0, 0,'13', '3951.8855', '-6241.193', '2.1634376', '100', '0', '0', NULL),
(@MOVID + 0, 0,'14', '3949.2908', '-6212.016', '-7.545566', '100', '0', '0', NULL),
(@MOVID + 0, 0,'15', '3938.3047', '-6190.6553', '-6.687067', '100', '0', '0', NULL),
(@MOVID + 0, 0,'16', '3912.5361', '-6194.6323', '-6.975324', '100', '0', '0', NULL),
(@MOVID + 0, 0,'17', '3888.4722', '-6194.814', '-8.058463', '100', '0', '0', NULL),
(@MOVID + 0, 0,'18', '3859.0122', '-6218.7153', '-6.925562', '100', '0', '0', NULL),
(@MOVID + 0, 0,'19', '3832.774', '-6243.731', '-8.045622', '100', '0', '0', NULL),
(@MOVID + 0, 0,'20', '3809.3198', '-6268.4375', '-9.707987', '100', '0', '0', NULL),
(@MOVID + 0, 0,'21', '3772.0635', '-6289.276', '-16.582283', '100', '0', '0', NULL),
(@MOVID + 0, 0,'22', '3743.2751', '-6292.3613', '-14.139801', '100', '0', '0', NULL),
(@MOVID + 0, 0,'23', '3718.1658', '-6253.3657', '-22.6708', '100', '0', '0', NULL),
(@MOVID + 0, 0,'24', '3683.2588', '-6226.0254', '-14.956896', '100', '0', '0', NULL),
(@MOVID + 0, 0,'25', '3671.976', '-6186.252', '-24.02077', '100', '0', '0', NULL),
(@MOVID + 0, 0,'26', '3656.033', '-6156.3154', '-9.564301', '100', '0', '0', NULL),
(@MOVID + 0, 0,'27', '3689.6233', '-6149.465', '-9.015587', '100', '0', '0', NULL),
(@MOVID + 0, 0,'28', '3737.2466', '-6137.5596', '-8.875702', '100', '0', '0', NULL),
(@MOVID + 0, 0,'29', '3775.2063', '-6118.3496', '-12.086461', '100', '0', '0', NULL),
(@MOVID + 0, 0,'30', '3812.3215', '-6129.111', '-4.065238', '100', '0', '0', NULL),
(@MOVID + 0, 0,'31', '3827.2466', '-6153.9487', '4.4292116', '100', '205000', '0', NULL);
UPDATE dbscripts_on_event SET x=-11234.208,y=-2841.7568,z=158.03362,o=1.727875947952270507 WHERE Id IN(3301) AND command=10;
UPDATE creature_template SET UnitFlags=64 WHERE entry IN(7664);

UPDATE creature SET phaseMask = 1 WHERE guid IN (104477,104475,105575);
DELETE FROM `creature` WHERE `guid` = 104476;
DELETE FROM `creature` WHERE `guid` = 104473;
DELETE FROM `creature` WHERE `guid` = 104474;
INSERT INTO `creature` (`guid`, `id`, `map`, `spawnMask`, `phaseMask`, `position_x`, `position_y`, `position_z`, `orientation`, `spawntimesecsmin`, `spawntimesecsmax`, `spawndist`, `MovementType`) VALUES
(104473, 29571, 571, 1, 1, '7275.04003906250000000000', '-2358.11010742187500000000', '750.23101806640620000000', '5.93412017822265600000', 180, 180, 0, 0);
UPDATE `creature` SET `spawntimesecsmin` = '180', `spawntimesecsmax` = '180' WHERE `guid` =105575;
UPDATE creature_template SET StaticFlags1 = 0x80000000 WHERE Entry IN (29460);
UPDATE creature_template SET StaticFlags1 = 256, StaticFlags2 = 2099200 WHERE Entry IN (29458);
UPDATE creature_template_addon SET auras = 54558 WHERE entry = 29458;
UPDATE creature SET spawntimesecsmin = 30, spawntimesecsmax = 45 WHERE id = 29460;
DELETE FROM vehicle_accessory WHERE vehicle_entry IN (29460);
INSERT INTO vehicle_accessory (vehicle_entry, seat, accessory_entry, RideSpellId, comment) VALUES (29460,0,29458,NULL,'Brunnhildar Drakerider 29458 on Frigid Proto-Drake 29460');
DELETE FROM creature_addon WHERE guid IN(SELECT guid FROM creature WHERE id IN (29460));
DELETE FROM creature_movement WHERE id IN(SELECT guid FROM creature WHERE id IN (29460));
DELETE FROM game_event_creature WHERE guid IN(SELECT guid FROM creature WHERE id IN (29460));
DELETE FROM game_event_creature_data WHERE guid IN(SELECT guid FROM creature WHERE id IN (29460));
DELETE FROM creature_battleground WHERE guid IN(SELECT guid FROM creature WHERE id IN (29460));
DELETE FROM creature_linking WHERE guid IN(SELECT guid FROM creature WHERE id IN (29460));
DELETE FROM creature WHERE id IN (29460);
INSERT INTO `creature` (`guid`, `id`, `map`, `spawnMask`, `phaseMask`, `position_x`, `position_y`, `position_z`, `orientation`, `spawntimesecsmin`, `spawntimesecsmax`, `spawndist`, `MovementType`) VALUES
(104927, 29460, 571, 1, 3, '6986.09500000000000000000', '-2025.80380000000000000000', '868.27900000000000000000', '0.00000000000000000000', 45, 90, 0, 2),
(104928, 29460, 571, 1, 3, '7456.60200000000000000000', '-2214.77700000000000000000', '890.85626000000000000000', '0.00000000000000000000', 45, 90, 0, 2),
(104929, 29460, 571, 1, 3, '6974.45070000000000000000', '-1880.00920000000000000000', '902.53010000000000000000', '0.00000000000000000000', 45, 90, 0, 2),
(104930, 29460, 571, 1, 3, '6986.09500000000000000000', '-2025.80380000000000000000', '868.27900000000000000000', '0.00000000000000000000', 45, 90, 0, 2),
(104931, 29460, 571, 1, 3, '7456.60200000000000000000', '-2214.77700000000000000000', '890.85626000000000000000', '0.00000000000000000000', 45, 90, 0, 2),
(104932, 29460, 571, 1, 3, '6986.09500000000000000000', '-2025.80380000000000000000', '868.27900000000000000000', '0.00000000000000000000', 45, 90, 0, 2);
INSERT INTO creature_movement (`id`, `Point`, `PositionX`, `PositionY`, `PositionZ`, `Orientation`, `WaitTime`, `ScriptId`) VALUES
(104931,1,7456.602,-2214.777,890.85626,100,0,0),
(104931,2,7448.317,-2218.9175,887.08606,100,0,0),
(104931,3,7442.7056,-2221.7217,884.5326,100,0,0),
(104931,4,7423.1,-2255.6055,869.4773,100,0,0),
(104931,5,7387.5806,-2271.3367,845.72736,100,0,0),
(104931,6,7355.2075,-2273.8484,826.616,100,0,0),
(104931,7,7316.3716,-2260.3218,799.11755,100,100,2946001),
(104929,1,6974.4507,-1880.0092,902.5301,100,0,0),
(104929,2,6980.756,-1884.4021,896.13104,100,0,0),
(104929,3,6984.261,-1886.8444,892.5734,100,0,0),
(104929,4,7016.5234,-1912.1476,883.7122,100,0,0),
(104929,5,7048.7134,-1940.8147,870.74023,100,0,0),
(104929,6,7077.089,-1986.5309,858.6016,100,0,0),
(104929,7,7096.233,-2042.0684,846.76794,100,0,0),
(104929,8,7108.6646,-2086.571,829.6014,100,0,0),
(104929,9,7122.6753,-2136.273,811.2135,100,100,2946002),
(104930,1,6986.095,-2025.8038,868.279,100,0,0),
(104930,2,6988.1587,-2035.9559,865.4588,100,0,0),
(104930,3,6990.222,-2046.108,862.6386,100,0,0),
(104930,4,7033.2915,-2088.5396,839.2513,100,0,0),
(104930,5,7079.111,-2110.056,814.2511,100,0,0),
(104930,6,7109.827,-2124.058,793.97363,100,100,2946003),
(104927,1,6986.095,-2025.8038,868.279,100,0,0),
(104927,2,6988.1587,-2035.9559,865.4588,100,0,0),
(104927,3,6990.222,-2046.108,862.6386,100,0,0),
(104927,4,7033.2915,-2088.5396,839.2513,100,0,0),
(104927,5,7079.111,-2110.056,814.2511,100,0,0),
(104927,6,7109.827,-2124.058,793.97363,100,100,2946004),
(104928,1,7456.602,-2214.777,890.85626,100,0,0),
(104928,2,7448.317,-2218.9175,887.08606,100,0,0),
(104928,3,7442.7056,-2221.7217,884.5326,100,0,0),
(104928,4,7423.1,-2255.6055,869.4773,100,0,0),
(104928,5,7387.5806,-2271.3367,845.72736,100,0,0),
(104928,6,7355.2075,-2273.8484,826.616,100,0,0),
(104928,7,7316.3716,-2260.3218,799.11755,100,100,2946005),
(104932,1,6986.095,-2025.8038,868.279,100,0,0),
(104932,2,6988.1587,-2035.9559,865.4588,100,0,0),
(104932,3,6990.222,-2046.108,862.6386,100,0,0),
(104932,4,7033.2915,-2088.5396,839.2513,100,0,0),
(104932,5,7079.111,-2110.056,814.2511,100,0,0),
(104932,6,7109.827,-2124.058,793.97363,100,100,2946006);
DELETE FROM creature_spawn_data WHERE guid BETWEEN 104927 AND 104932;
INSERT INTO creature_spawn_data (`guid`, `id`) VALUES (104931,20056),(104929,20056),(104930,20056),(104927,20056),(104928,20056),(104932,20056);
DELETE FROM dbscripts_on_creature_movement WHERE id BETWEEN 2946001 AND 2946006;
INSERT INTO dbscripts_on_creature_movement (id, delay, command, datalong, datalong2, datalong3, buddy_entry, search_radius, data_flags, dataint, dataint2, dataint3, dataint4, x, y, z, o, comments) VALUES
(2946001,1,20,3,1,0x08,0,0,0x004,0,0,0,0,0,0,0,0,'set Path 1'),
(2946002,1,20,3,2,0x08,0,0,0x004,0,0,0,0,0,0,0,0,'set Path 2'),
(2946003,1,20,3,3,0x08,0,0,0x004,0,0,0,0,0,0,0,0,'set Path 3'),
(2946004,1,20,3,4,0x08,0,0,0x004,0,0,0,0,0,0,0,0,'set Path 4'),
(2946005,1,20,3,5,0x08,0,0,0x004,0,0,0,0,0,0,0,0,'set Path 5'),
(2946006,1,20,3,6,0x08,0,0,0x004,0,0,0,0,0,0,0,0,'set Path 6');
DELETE FROM creature_movement_template WHERE Entry = 29460;
INSERT INTO creature_movement_template (`Entry`, `Pathid`, `Point`, `PositionX`, `PositionY`, `PositionZ`, `Orientation`, `WaitTime`, `ScriptId`) VALUES
(29460,1,1,7291.6406,-2255.923,784.8691,100,0,0),
(29460,1,2,7266.8223,-2240.5325,784.8691,100,0,0),
(29460,1,3,7219.457,-2208.8572,784.8691,100,0,0),
(29460,1,4,7174.9434,-2191.3748,784.8691,100,0,0),
(29460,1,5,7133.043,-2141.9175,784.8691,100,0,0),
(29460,1,6,7137.018,-2100.955,784.8691,100,0,0),
(29460,1,7,7122.492,-2056.076,784.8691,100,0,0),
(29460,1,8,7085.9575,-2040.5999,784.8691,100,0,0),
(29460,1,9,7039.558,-2073.6724,784.8691,100,0,0),
(29460,1,10,7003.966,-2128.2974,784.8691,100,0,0),
(29460,1,11,6999.256,-2187.2505,796.258,100,0,0),
(29460,1,12,7039.518,-2217.9934,821.81335,100,0,0),
(29460,1,13,7094.0166,-2232.629,801.3971,100,0,0),
(29460,1,14,7172.1216,-2229.0925,786.64746,100,0,0),
(29460,1,15,7259.6304,-2278.3347,785.17505,100,0,0),
(29460,1,16,7285.2163,-2352.9922,785.17505,100,0,0),
(29460,1,17,7287.5894,-2437.441,790.6749,100,0,0),
(29460,1,18,7312.046,-2494.312,790.48065,100,0,0),
(29460,1,19,7370.012,-2508.54,788.314,100,0,0),
(29460,1,20,7431.5566,-2478.089,805.2856,100,0,0),
(29460,1,21,7462.0513,-2434.1086,815.0081,100,0,0),
(29460,1,22,7463.1743,-2387.318,814.28595,100,0,0),
(29460,1,23,7411.588,-2326.5696,811.1748,100,0,0),
(29460,1,24,7357.461,-2299.6514,810.78546,100,0,0),
(29460,1,25,7302.7524,-2258.1484,788.369,100,0,0),
(29460,2,1,7148.0728,-2168.3647,801.18134,100,0,0),
(29460,2,2,7179.1753,-2226.0854,785.2094,100,0,0),
(29460,2,3,7223.947,-2286.0132,782.9871,100,0,0),
(29460,2,4,7299.682,-2304.8464,784.23737,100,0,0),
(29460,2,5,7379.366,-2316.9255,796.4037,100,0,0),
(29460,2,6,7415.913,-2373.976,798.6256,100,0,0),
(29460,2,7,7412.5454,-2436.6301,796.90356,100,0,0),
(29460,2,8,7357.3213,-2469.256,801.18134,100,0,0),
(29460,2,9,7324.4976,-2460.21,801.18134,100,0,0),
(29460,2,10,7299.5815,-2416.601,796.1536,100,0,0),
(29460,2,11,7311.903,-2374.7524,787.5981,100,0,0),
(29460,2,12,7312.2275,-2301.7183,778.1539,100,0,0),
(29460,2,13,7277.3604,-2261.8984,778.1539,100,0,0),
(29460,2,14,7223.409,-2240.6528,778.1539,100,0,0),
(29460,2,15,7146.6377,-2228.1953,778.1539,100,0,0),
(29460,2,16,7063.5938,-2217.2231,802.70026,100,0,0),
(29460,2,17,7018.7847,-2211.4897,814.2276,100,0,0),
(29460,2,18,6971.9346,-2170.0579,834.7831,100,0,0),
(29460,2,19,6970.7456,-2108.8408,872.61597,100,0,0),
(29460,2,20,6991.211,-2071.0034,882.1439,100,0,0),
(29460,2,21,7035.7534,-2048.3452,872.08813,100,0,0),
(29460,2,22,7091.613,-2053.9526,852.9218,100,0,0),
(29460,2,23,7120.5293,-2096.4233,830.61694,100,0,0),
(29460,2,24,7139.6626,-2146.6387,806.17285,100,0,0),
(29460,3,1,7138.4697,-2166.7563,798.66003,100,0,0),
(29460,3,2,7137.982,-2206.6653,805.71484,100,0,0),
(29460,3,3,7161.205,-2258.269,804.6854,100,0,0),
(29460,3,4,7192.2085,-2308.6885,803.24133,100,0,0),
(29460,3,5,7234.7446,-2344.972,803.0753,100,0,0),
(29460,3,6,7274.7544,-2385.471,791.2989,100,0,0),
(29460,3,7,7279.2437,-2432.0977,788.5766,100,0,0),
(29460,3,8,7287.0728,-2487.0454,787.2991,100,0,0),
(29460,3,9,7313.0903,-2514.4636,787.2991,100,0,0),
(29460,3,10,7371.7935,-2525.9922,787.2991,100,0,0),
(29460,3,11,7408.3506,-2485.411,787.2991,100,0,0),
(29460,3,12,7420.5254,-2414.9749,787.2991,100,0,0),
(29460,3,13,7408.521,-2337.3105,787.2991,100,0,0),
(29460,3,14,7349.138,-2289.9104,787.2991,100,0,0),
(29460,3,15,7279.763,-2277.351,787.2991,100,0,0),
(29460,3,16,7206.9165,-2239.9873,787.2991,100,0,0),
(29460,3,17,7179.5845,-2203.606,787.2991,100,0,0),
(29460,3,18,7160.147,-2169.823,787.2991,100,0,0),
(29460,3,19,7134.891,-2128.4597,787.2991,100,0,0),
(29460,3,20,7122.6733,-2069.5972,787.2991,100,0,0),
(29460,3,21,7104.5835,-2041.3529,787.2991,100,0,0),
(29460,3,22,7060.1763,-2045.7985,787.2991,100,0,0),
(29460,3,23,7021.3345,-2089.535,787.2991,100,0,0),
(29460,3,24,7021.6826,-2123.5156,787.2991,100,0,0),
(29460,3,25,7055.5117,-2136.2097,787.2991,100,0,0),
(29460,3,26,7096.39,-2139.1238,787.2991,100,0,0),
(29460,3,27,7118.5825,-2150.8147,787.2991,100,0,0),
(29460,4,1,7139.6626,-2146.6387,806.17285,100,0,0),
(29460,4,2,7119.0386,-2128.2327,806.786,100,0,0),
(29460,4,3,7129.032,-2143.7727,806.786,100,0,0),
(29460,4,4,7131.5063,-2163.489,806.786,100,0,0),
(29460,4,5,7125.905,-2198.75,806.786,100,0,0),
(29460,4,6,7133.987,-2234.4277,806.786,100,0,0),
(29460,4,7,7170.914,-2282.005,806.786,100,0,0),
(29460,4,8,7236.9634,-2311.6553,806.786,100,0,0),
(29460,4,9,7279.5737,-2311.321,806.786,100,0,0),
(29460,4,10,7320.6963,-2339.429,806.786,100,0,0),
(29460,4,11,7334.366,-2379.1594,806.786,100,0,0),
(29460,4,12,7321.908,-2419.6387,819.0636,100,0,0),
(29460,4,13,7294.6963,-2461.332,841.8126,100,0,0),
(29460,4,14,7277.7285,-2494.8433,861.17365,100,0,0),
(29460,4,15,7245.1943,-2587.3645,911.97943,100,0,0),
(29460,4,16,7235.221,-2664.447,911.9794,100,0,0),
(29460,4,17,7267.375,-2723.9812,911.9794,100,0,0),
(29460,4,18,7364.385,-2762.505,956.4234,100,0,0),
(29460,4,19,7439.5376,-2775.0972,990.1998,100,0,0),
(29460,4,20,7538.2075,-2706.5115,1012.0882,100,0,0),
(29460,4,21,7575.6504,-2563.2153,985.2554,100,0,0),
(29460,4,22,7521.3203,-2414.2493,933.5882,100,0,0),
(29460,4,23,7438.2144,-2348.5657,884.2285,100,0,0),
(29460,4,24,7349.768,-2296.6467,830.81177,100,0,0),
(29460,4,25,7288.613,-2264.1924,802.2007,100,0,0),
(29460,4,26,7231.5005,-2246.9106,802.2007,100,0,0),
(29460,4,27,7160.201,-2264.7278,829.4783,100,0,0),
(29460,4,28,7110.6284,-2294.3535,859.3112,100,0,0),
(29460,4,29,7061.597,-2313.2495,865.61664,100,0,0),
(29460,4,30,7008.405,-2309.7935,865.61664,100,0,0),
(29460,4,31,6977.473,-2277.7427,865.61664,100,0,0),
(29460,4,32,6976.358,-2204.4019,846.9778,100,0,0),
(29460,4,33,7022.0635,-2141.9998,828.7004,100,0,0),
(29460,4,34,7070.0615,-2121.3694,822.228,100,0,0),
(29460,4,35,7112.1816,-2126.4841,809.0059,100,0,0),
(29460,5,1,7315.552,-2259.249,785.5405,100,0,0),
(29460,5,2,7302.752,-2258.1484,788.369,100,0,0),
(29460,5,3,7289.952,-2257.0479,791.1975,100,0,0),
(29460,5,4,7258.658,-2235.2942,791.1975,100,0,0),
(29460,5,5,7210.9062,-2223.9875,791.1975,100,0,0),
(29460,5,6,7167.373,-2232.4001,791.1975,100,0,0),
(29460,5,7,7124.2695,-2224.0813,791.1975,100,0,0),
(29460,5,8,7086.96,-2192.1807,791.1975,100,0,0),
(29460,5,9,7087.704,-2145.9578,791.1975,100,0,0),
(29460,5,10,7127.0693,-2118.0942,791.1975,100,0,0),
(29460,5,11,7164.6743,-2135.4636,793.89185,100,0,0),
(29460,5,12,7182.3643,-2192.9778,791.1975,100,0,0),
(29460,5,13,7182.774,-2277.7327,805.3915,100,0,0),
(29460,5,14,7229.8423,-2333.4707,805.3915,100,0,0),
(29460,5,15,7308.383,-2345.623,805.3915,100,0,0),
(29460,5,16,7376.758,-2335.7463,805.3915,100,0,0),
(29460,5,17,7427.3516,-2382.8052,805.3915,100,0,0),
(29460,5,18,7432.1685,-2464.9338,805.3915,100,0,0),
(29460,5,19,7370.238,-2513.5676,805.3915,100,0,0),
(29460,5,20,7321.4517,-2503.3774,805.3915,100,0,0),
(29460,5,21,7291.4453,-2456.1477,800.0583,100,0,0),
(29460,5,22,7306.158,-2414.508,794.08606,100,0,0),
(29460,5,23,7331.817,-2357.9111,790.94714,100,0,0),
(29460,5,24,7331.193,-2296.7913,790.94714,100,0,0),
(29460,5,25,7305.3813,-2260.717,790.94714,100,0,0),
(29460,6,1,7139.471,-2158.159,806.128,100,0,0),
(29460,6,2,7174.0957,-2197.9119,799.7397,100,0,0),
(29460,6,3,7207.944,-2233.231,799.7397,100,0,0),
(29460,6,4,7270.8745,-2270.1125,799.7397,100,0,0),
(29460,6,5,7326.9756,-2290.7122,799.7397,100,0,0),
(29460,6,6,7398.3535,-2307.7585,858.07214,100,0,0),
(29460,6,7,7492.9688,-2338.0188,913.3103,100,0,0),
(29460,6,8,7516.403,-2341.4236,929.4471,100,0,0),
(29460,6,9,7533.1304,-2350.4229,930.89276,100,0,0),
(29460,6,10,7542.375,-2369.7605,924.05963,100,0,0),
(29460,6,11,7540.7954,-2388.0422,900.4768,100,0,0),
(29460,6,12,7520.3716,-2426.2349,856.81104,100,0,0),
(29460,6,13,7490.5713,-2460.8413,825.395,100,0,0),
(29460,6,14,7433.9756,-2476.9233,806.39606,100,0,0),
(29460,6,15,7363.5054,-2480.1858,799.9239,100,0,0),
(29460,6,16,7322.222,-2455.095,799.9239,100,0,0),
(29460,6,17,7296.2173,-2406.5088,799.9239,100,0,0),
(29460,6,18,7250.124,-2348.1165,796.2858,100,0,0),
(29460,6,19,7199.4473,-2308.0977,791.8962,100,0,0),
(29460,6,20,7165.64,-2260.306,794.31415,100,0,0),
(29460,6,21,7126.3584,-2218.4077,792.22906,100,0,0),
(29460,6,22,7101.7563,-2200.4514,797.7845,100,0,0),
(29460,6,23,7071.807,-2185.5837,808.81213,100,0,0),
(29460,6,24,7043.7114,-2175.546,825.14545,100,0,0),
(29460,6,25,7016.5376,-2153.0095,825.14545,100,0,0),
(29460,6,26,7010.3794,-2118.062,825.14545,100,0,0),
(29460,6,27,7031.1104,-2081.3284,825.14545,100,0,0),
(29460,6,28,7067.8887,-2058.5808,825.14545,100,0,0),
(29460,6,29,7109.5835,-2060.5627,825.14545,100,0,0),
(29460,6,30,7129.145,-2089.2878,825.14545,100,0,0),
(29460,6,31,7133.573,-2119.7808,811.75653,100,0,0);
DELETE FROM spell_script_target WHERE entry IN (54548,54664,57809);
INSERT INTO spell_script_target (`entry`, `type`, `targetEntry`, `inverseEffectMask`) VALUES (57809, 1, 29460, 0),(54664, 1, 29558, 0),(54548, 1, 29558, 0);
DELETE FROM dbscripts_on_spell WHERE id = 54645;
INSERT INTO dbscripts_on_spell (id, delay, command, datalong, datalong2, datalong3, buddy_entry, search_radius, data_flags, dataint, dataint2, dataint3, dataint4, x, y, z, o, comments) VALUES
(54645,100,15,54664,0,0,0,0,0,54548,0,0,0,0,0,0,0,'');
UPDATE creature_template SET SpeedWalk = 7/2.5, SpeedRun = 12/7.0, StaticFlags1 = 0x80000000 WHERE entry IN (29351);
DELETE FROM creature_addon WHERE guid IN(SELECT guid FROM creature WHERE id IN (29351));
DELETE FROM creature_movement WHERE id IN(SELECT guid FROM creature WHERE id IN (29351));
DELETE FROM game_event_creature WHERE guid IN(SELECT guid FROM creature WHERE id IN (29351));
DELETE FROM game_event_creature_data WHERE guid IN(SELECT guid FROM creature WHERE id IN (29351));
DELETE FROM creature_battleground WHERE guid IN(SELECT guid FROM creature WHERE id IN (29351));
DELETE FROM creature_linking WHERE guid IN(SELECT guid FROM creature WHERE id IN (29351));
DELETE FROM creature WHERE id IN (29351);
INSERT INTO `creature` (`guid`, `id`, `map`, `spawnMask`, `phaseMask`, `position_x`, `position_y`, `position_z`, `orientation`, `spawntimesecsmin`, `spawntimesecsmax`, `spawndist`, `MovementType`) VALUES
(105425, 29351, 571, 1, 3, '7342.56005859375000000000', '-2464.90991210937500000000', '750.75598144531250000000', '3.67301988601684570000', 45, 90, 15, 1),
(105426, 29351, 571, 1, 3, '7242.68017578125000000000', '-2268.11010742187500000000', '756.62097167968750000000', '4.61253023147583000000', 45, 90, 15, 1),
(105427, 29351, 571, 1, 3, '7415.91992187500000000000', '-2482.46997070312500000000', '752.46002197265620000000', '2.39260005950927730000', 45, 90, 15, 1),
(105428, 29351, 571, 1, 3, '7299.37011718750000000000', '-2478.67993164062500000000', '752.69201660156250000000', '0.48111298680305480000', 45, 90, 15, 1),
(105429, 29351, 571, 1, 3, '7264.99023437500000000000', '-2355.77001953125000000000', '752.68499755859380000000', '3.71052002906799300000', 45, 90, 15, 1),
(105430, 29351, 571, 1, 3, '7311.85009765625000000000', '-2401.66992187500000000000', '751.66400146484380000000', '2.24278998374938960000', 45, 90, 15, 1),
(105431, 29351, 571, 1, 3, '7228.19677700000000000000', '-2323.11157200000000000000', '752.00659200000000000000', '3.99986004829406740000', 45, 90, 15, 1),
(105432, 29351, 571, 1, 3, '7397.14990234375000000000', '-2417.51000976562500000000', '749.66400146484380000000', '4.92816019058227500000', 45, 90, 15, 1),
(105433, 29351, 571, 1, 3, '7179.42187500000000000000', '-2275.03442400000000000000', '758.05096400000000000000', '5.55929994583129900000', 45, 90, 15, 1),
(105434, 29351, 571, 1, 3, '7379.20019531250000000000', '-2324.77001953125000000000', '755.11798095703120000000', '0.71691602468490600000', 45, 90, 15, 1),
(105435, 29351, 571, 1, 3, '7130.59375000000000000000', '-2194.62207000000000000000', '759.02008100000000000000', '2.05538988113403300000', 45, 90, 15, 1),
(105436, 29351, 571, 1, 3, '7183.36328100000000000000', '-2209.50195300000000000000', '759.41497800000000000000', '5.67524003982543950000', 45, 90, 15, 1);
DELETE FROM dbscripts_on_relay WHERE id IN (21241);
INSERT INTO dbscripts_on_relay (id, delay, command, datalong, datalong2, datalong3, buddy_entry, search_radius, data_flags, dataint, dataint2, dataint3, dataint4, x, y, z, o, comments) VALUES
(21241,0,31,29460,150,0,0,0,0,0,0,0,0,0,0,0,0,'Part of Niffelem Frost Giant 29351 EAI: search for 29460'),
(21241,1000,15,54539,0,0,0,0,0,0,0,0,0,0,0,0,0,'Part of Niffelem Frost Giant 29351 EAI: cast 54539');
INSERT INTO `creature` (`guid`, `id`, `map`, `spawnMask`, `phaseMask`, `position_x`, `position_y`, `position_z`, `orientation`, `spawntimesecsmin`, `spawntimesecsmax`, `spawndist`, `MovementType`) VALUES
(83894, 29558, 571, 1, 3, '7236.99023437500000000000', '-2658.58007812500000000000', '751.41101074218750000000', '5.63741016387939450000', 300, 300, 0, 0),
(83895, 29558, 571, 1, 3, '7232.45019531250000000000', '-2654.59008789062500000000', '752.86901855468750000000', '5.63741016387939450000', 300, 300, 0, 0),
(83896, 29558, 571, 1, 3, '7282.37988281250000000000', '-2531.53002929687500000000', '753.95697021484380000000', '3.25036001205444340000', 300, 300, 0, 0),
(83897, 29558, 571, 1, 3, '7288.41015625000000000000', '-2531.32006835937500000000', '755.41497802734380000000', '3.25036001205444340000', 300, 300, 0, 0),
(83898, 29558, 571, 1, 3, '7340.70996093750000000000', '-2466.00000000000000000000', '763.29998779296880000000', '3.67301988601684570000', 300, 300, 0, 0),
(83899, 29558, 571, 1, 3, '7340.77001953125000000000', '-2465.95996093750000000000', '760.39599609375000000000', '3.67301988601684570000', 300, 300, 0, 0),
(83900, 29558, 571, 1, 3, '7346.12988281250000000000', '-2469.55004882812500000000', '756.59197998046880000000', '3.67301988601684570000', 300, 300, 0, 0),
(83901, 29558, 571, 1, 3, '7340.24023437500000000000', '-2459.53002929687500000000', '756.62298583984380000000', '3.67301988601684570000', 300, 300, 0, 0),
(83902, 29558, 571, 1, 3, '7242.45996093750000000000', '-2270.23999023437500000000', '769.16497802734380000000', '4.61253023147583000000', 300, 300, 0, 0),
(83903, 29558, 571, 1, 3, '7242.47021484375000000000', '-2270.17993164062500000000', '766.26098632812500000000', '4.61253023147583000000', 300, 300, 0, 0),
(83904, 29558, 571, 1, 3, '7248.54003906250000000000', '-2267.96997070312500000000', '762.45697021484380000000', '4.61253023147583000000', 300, 300, 0, 0),
(83905, 29558, 571, 1, 3, '7236.97021484375000000000', '-2266.81005859375000000000', '762.48699951171880000000', '4.61253023147583000000', 300, 300, 0, 0),
(83906, 29558, 571, 1, 3, '7445.10009765625000000000', '-2487.32006835937500000000', '768.52099609375000000000', '6.11979007720947300000', 300, 300, 0, 0),
(83907, 29558, 571, 1, 3, '7445.04003906250000000000', '-2487.30004882812500000000', '765.61798095703120000000', '6.11979007720947300000', 300, 300, 0, 0),
(83908, 29558, 571, 1, 3, '7412.49023437500000000000', '-2487.22998046875000000000', '758.29602050781250000000', '2.39260005950927730000', 300, 300, 0, 0),
(83909, 29558, 571, 1, 3, '7441.31982421875000000000', '-2492.58007812500000000000', '761.84399414062500000000', '6.11979007720947300000', 300, 300, 0, 0),
(83910, 29558, 571, 1, 3, '7301.27001953125000000000', '-2477.68994140625000000000', '765.23602294921880000000', '0.48111298680305480000', 300, 300, 0, 0),
(83911, 29558, 571, 1, 3, '7301.20996093750000000000', '-2477.71997070312500000000', '762.33197021484380000000', '0.48111298680305480000', 300, 300, 0, 0),
(83912, 29558, 571, 1, 3, '7296.04003906250000000000', '-2473.86010742187500000000', '758.52801513671880000000', '0.48111298680305480000', 300, 300, 0, 0),
(83913, 29558, 571, 1, 3, '7301.41992187500000000000', '-2484.16992187500000000000', '758.55798339843750000000', '0.48111298680305480000', 300, 300, 0, 0),
(83914, 29558, 571, 1, 3, '7263.18017578125000000000', '-2356.92993164062500000000', '765.22900390625000000000', '3.71052002906799300000', 300, 300, 0, 0),
(83915, 29558, 571, 1, 3, '7263.24023437500000000000', '-2356.89990234375000000000', '762.32501220703120000000', '3.71052002906799300000', 300, 300, 0, 0),
(83916, 29558, 571, 1, 3, '7268.72998046875000000000', '-2360.28002929687500000000', '758.52099609375000000000', '3.71052002906799300000', 300, 300, 0, 0),
(83917, 29558, 571, 1, 3, '7262.47021484375000000000', '-2350.48999023437500000000', '758.55200195312500000000', '3.71052002906799300000', 300, 300, 0, 0),
(83918, 29558, 571, 1, 3, '7336.54980468750000000000', '-2642.13989257812500000000', '750.54699707031250000000', '5.44738006591796900000', 300, 300, 0, 0),
(83919, 29558, 571, 1, 3, '7332.83984375000000000000', '-2637.37011718750000000000', '752.00500488281250000000', '5.44738006591796900000', 300, 300, 0, 0),
(83920, 29558, 571, 1, 3, '7436.29980468750000000000', '-2702.77001953125000000000', '810.56597900390620000000', '5.22141981124877900000', 300, 300, 0, 0),
(83921, 29558, 571, 1, 3, '7433.75000000000000000000', '-2697.29003906250000000000', '812.02398681640620000000', '5.22141981124877900000', 300, 300, 0, 0),
(83922, 29558, 571, 1, 3, '7310.50976562500000000000', '-2399.97998046875000000000', '764.20800781250000000000', '2.24278998374938960000', 300, 300, 0, 0),
(83923, 29558, 571, 1, 3, '7310.54980468750000000000', '-2400.04003906250000000000', '761.30499267578120000000', '2.24278998374938960000', 300, 300, 0, 0),
(83924, 29558, 571, 1, 3, '7307.75000000000000000000', '-2405.85009765625000000000', '757.50097656250000000000', '2.24278998374938960000', 300, 300, 0, 0),
(83925, 29558, 571, 1, 3, '7316.85009765625000000000', '-2398.61010742187500000000', '757.53100585937500000000', '2.24278998374938960000', 300, 300, 0, 0),
(83926, 29558, 571, 1, 3, '7209.95996093750000000000', '-2325.78002929687500000000', '766.10302734375000000000', '3.99986004829406740000', 300, 300, 0, 0),
(83927, 29558, 571, 1, 3, '7210.00976562500000000000', '-2325.72998046875000000000', '763.19897460937500000000', '3.99986004829406740000', 300, 300, 0, 0),
(83928, 29558, 571, 1, 3, '7216.24023437500000000000', '-2327.40991210937500000000', '759.39501953125000000000', '3.99986004829406740000', 300, 300, 0, 0),
(83929, 29558, 571, 1, 3, '7124.52978515625000000000', '-2172.16992187500000000000', '760.14801025390620000000', '3.35535001754760740000', 300, 300, 0, 0),
(83930, 29558, 571, 1, 3, '7312.91992187500000000000', '-2620.72998046875000000000', '817.54797363281250000000', '0.28964799642562866000', 300, 300, 0, 0),
(83931, 29558, 571, 1, 3, '7307.02001953125000000000', '-2622.02001953125000000000', '819.00598144531250000000', '0.28964799642562866000', 300, 300, 0, 0),
(83932, 29558, 571, 1, 3, '7235.49023437500000000000', '-2809.70996093750000000000', '780.40100097656250000000', '5.49841022491455100000', 300, 300, 0, 0),
(83933, 29558, 571, 1, 3, '7231.54980468750000000000', '-2805.13989257812500000000', '781.85900878906250000000', '5.49841022491455100000', 300, 300, 0, 0),
(83934, 29558, 571, 1, 3, '7397.60986328125000000000', '-2419.61010742187500000000', '762.20800781250000000000', '4.92816019058227500000', 300, 300, 0, 0),
(83935, 29558, 571, 1, 3, '7397.60009765625000000000', '-2419.54003906250000000000', '759.30401611328120000000', '4.92816019058227500000', 300, 300, 0, 0),
(83936, 29558, 571, 1, 3, '7379.41015625000000000000', '-2420.93994140625000000000', '754.72497558593750000000', '1.86785995960235600000', 300, 300, 0, 0),
(83937, 29558, 571, 1, 3, '7391.33007812500000000000', '-2418.05004882812500000000', '755.53002929687500000000', '4.92816019058227500000', 300, 300, 0, 0),
(83938, 29558, 571, 1, 3, '7326.75000000000000000000', '-2413.64990234375000000000', '752.19897460937500000000', '3.27878999710083000000', 300, 300, 0, 0),
(83939, 29558, 571, 1, 3, '7332.77978515625000000000', '-2413.27001953125000000000', '753.65698242187500000000', '3.27878999710083000000', 300, 300, 0, 0),
(83940, 29558, 571, 1, 3, '7172.00976562500000000000', '-2295.50000000000000000000', '771.16400146484380000000', '5.55929994583129900000', 300, 300, 0, 0),
(83941, 29558, 571, 1, 3, '7171.95996093750000000000', '-2295.45996093750000000000', '768.26098632812500000000', '5.55929994583129900000', 300, 300, 0, 0),
(83942, 29558, 571, 1, 3, '7173.70996093750000000000', '-2289.23999023437500000000', '764.45599365234380000000', '5.55929994583129900000', 300, 300, 0, 0),
(83943, 29558, 571, 1, 3, '7166.00976562500000000000', '-2297.94995117187500000000', '764.48699951171880000000', '5.55929994583129900000', 300, 300, 0, 0),
(83944, 29558, 571, 1, 3, '7380.81982421875000000000', '-2323.35009765625000000000', '767.66198730468750000000', '0.71691602468490600000', 300, 300, 0, 0),
(83945, 29558, 571, 1, 3, '7380.77001953125000000000', '-2323.39990234375000000000', '764.75799560546880000000', '0.71691602468490600000', 300, 300, 0, 0),
(83946, 29558, 571, 1, 3, '7374.83984375000000000000', '-2320.86010742187500000000', '760.95397949218750000000', '0.71691602468490600000', 300, 300, 0, 0),
(83947, 29558, 571, 1, 3, '7382.47998046875000000000', '-2329.62011718750000000000', '760.98400878906250000000', '0.71691602468490600000', 300, 300, 0, 0),
(83948, 29558, 571, 1, 3, '7381.41992187500000000000', '-2520.47998046875000000000', '752.61901855468750000000', '3.98639011383056640000', 300, 300, 0, 0),
(83949, 29558, 571, 1, 3, '7385.75976562500000000000', '-2516.28002929687500000000', '754.07702636718750000000', '3.98639011383056640000', 300, 300, 0, 0),
(83950, 29558, 571, 1, 3, '7117.43994140625000000000', '-2188.52001953125000000000', '771.44201660156250000000', '2.05538988113403300000', 300, 300, 0, 0),
(83951, 29558, 571, 1, 3, '7117.47021484375000000000', '-2188.58007812500000000000', '768.53802490234380000000', '2.05538988113403300000', 300, 300, 0, 0),
(83952, 29558, 571, 1, 3, '7113.62988281250000000000', '-2193.77001953125000000000', '764.73400878906250000000', '2.05538988113403300000', 300, 300, 0, 0),
(83953, 29558, 571, 1, 3, '7123.91015625000000000000', '-2188.36010742187500000000', '764.76397705078120000000', '2.05538988113403300000', 300, 300, 0, 0),
(83954, 29558, 571, 1, 3, '7263.08007812500000000000', '-2274.05004882812500000000', '758.01702880859380000000', '5.96544981002807600000', 300, 300, 0, 0),
(83955, 29558, 571, 1, 3, '7257.50000000000000000000', '-2271.73999023437500000000', '759.47497558593750000000', '5.96544981002807600000', 300, 300, 0, 0),
(83956, 29558, 571, 1, 3, '7203.93017578125000000000', '-2203.28002929687500000000', '773.53601074218750000000', '5.67524003982543950000', 300, 300, 0, 0),
(83957, 29558, 571, 1, 3, '7203.87988281250000000000', '-2203.23999023437500000000', '770.63201904296880000000', '5.67524003982543950000', 300, 300, 0, 0),
(83958, 29558, 571, 1, 3, '7204.89990234375000000000', '-2196.87011718750000000000', '766.82800292968750000000', '5.67524003982543950000', 300, 300, 0, 0),
(83959, 29558, 571, 1, 3, '7198.25976562500000000000', '-2206.40991210937500000000', '766.85900878906250000000', '5.67524003982543950000', 300, 300, 0, 0),
(83960, 29558, 571, 1, 3, '7401.72021484375000000000', '-2375.18994140625000000000', '754.98498535156250000000', '5.19667005538940400000', 300, 300, 0, 0),
(83961, 29558, 571, 1, 3, '7399.31005859375000000000', '-2369.64990234375000000000', '756.44299316406250000000', '5.19667005538940400000', 300, 300, 0, 0),
(83962, 29558, 571, 1, 3, '7317.43017578125000000000', '-2328.03002929687500000000', '754.88800048828120000000', '5.51160001754760700000', 300, 300, 0, 0),
(83963, 29558, 571, 1, 3, '7313.41992187500000000000', '-2323.50000000000000000000', '756.34600830078120000000', '5.51160001754760700000', 300, 300, 0, 0);
DELETE FROM creature_addon WHERE guid IN(SELECT guid FROM creature WHERE id IN (29358));
DELETE FROM creature_movement WHERE id IN(SELECT guid FROM creature WHERE id IN (29358));
DELETE FROM game_event_creature WHERE guid IN(SELECT guid FROM creature WHERE id IN (29358));
DELETE FROM game_event_creature_data WHERE guid IN(SELECT guid FROM creature WHERE id IN (29358));
DELETE FROM creature_battleground WHERE guid IN(SELECT guid FROM creature WHERE id IN (29358));
DELETE FROM creature_linking WHERE guid IN(SELECT guid FROM creature WHERE id IN (29358));
DELETE FROM creature WHERE id IN (29358);
INSERT INTO `creature` (`guid`, `id`, `map`, `spawnMask`, `phaseMask`, `position_x`, `position_y`, `position_z`, `orientation`, `spawntimesecsmin`, `spawntimesecsmax`, `spawndist`, `MovementType`) VALUES
(123755, 29358, 571, 1, 3, '7283.27246100000000000000', '-2289.90795900000000000000', '754.10162400000000000000', '5.63741016387939450000', 45, 90, 20, 1),
(125817, 29358, 571, 1, 3, '7252.88040000000000000000', '-2550.34570000000000000000', '754.96300000000000000000', '3.25036001205444340000', 45, 90, 0, 2),
(125818, 29358, 571, 1, 3, '7368.78000000000000000000', '-2655.30500000000000000000', '748.03150000000000000000', '5.44738006591796900000', 45, 90, 0, 2),
(125819, 29358, 571, 1, 3, '7416.69100000000000000000', '-2667.63870000000000000000', '809.12340000000000000000', '5.22141981124877900000', 45, 90, 0, 4),
(125820, 29358, 571, 1, 3, '7157.61718800000000000000', '-2185.28027300000000000000', '759.76550300000000000000', '0.28964799642562866000', 45, 90, 20, 1),
(125821, 29358, 571, 1, 3, '7261.88500000000000000000', '-2751.05660000000000000000', '748.89905000000000000000', '1.57070000000000000000', 45, 90, 0, 2),
(136777, 29358, 571, 1, 3, '7336.75927700000000000000', '-2412.02026400000000000000', '749.78808600000000000000', '3.27878999710083000000', 45, 90, 20, 1),
(136778, 29358, 571, 1, 3, '7406.89794900000000000000', '-2518.98779300000000000000', '748.96417200000000000000', '3.98639011383056640000', 45, 90, 20, 1),
(136779, 29358, 571, 1, 3, '7233.57230000000000000000', '-2656.00420000000000000000', '748.75160000000000000000', '5.63740000000000000000', 45, 90, 0, 0),
(136780, 29358, 571, 1, 3, '7396.67285200000000000000', '-2372.62255900000000000000', '751.70513900000000000000', '5.19667005538940400000', 45, 90, 20, 1),
(136781, 29358, 571, 1, 3, '7216.84423800000000000000', '-2233.49365200000000000000', '758.25177000000000000000', '5.51160001754760700000', 45, 90, 20, 1),
(107897, 29358, 571, 1, 3, '7353.79700000000000000000', '-2608.55100000000000000000', '815.13324000000000000000', '0.00000000000000000000', 45, 90, 0, 4);
INSERT INTO creature_movement (`id`, `Point`, `PositionX`, `PositionY`, `PositionZ`, `Orientation`, `WaitTime`, `ScriptId`) VALUES
(125818,1,7368.78,-2655.305,748.0315,4.171336,13000,0),
(125818,2,7328.6562,-2648.1711,746.9651,100,0,0),
(125818,3,7317.7173,-2612.7805,746.9651,100,0,0),
(125818,4,7341.4976,-2597.444,749.3368,3.2463,13000,0),
(125818,5,7326.975,-2631.5525,747.74475,100,0,0),
(125818,6,7346.908,-2653.5708,747.8399,100,0,0),
(125817,1,7252.8804,-2550.3457,754.963,5.358,15000,0),
(125817,2,7292.1553,-2568.032,750.2247,100,0,0),
(125817,3,7312.1797,-2554.1223,748.2537,100,0,0),
(125817,4,7313.454,-2528.01,749.2743,100,0,0),
(125817,5,7286.6387,-2531.0684,751.255,0.73303,15000,0),
(125817,6,7304.7856,-2523.4846,750.0574,100,0,0),
(125817,7,7318.8257,-2537.8872,748.9212,100,0,0),
(125817,8,7295.3228,-2569.594,749.8889,100,0,0),
(125819,1,7416.691,-2667.6387,809.1234,100,2000,0),
(125819,2,7440.8853,-2710.9915,808.2456,100,0,0),
(125819,3,7457.135,-2748.1223,798.17126,100,0,0),
(125819,4,7458.8223,-2784.0527,787.11865,100,2000,0),
(125821,1,7261.885,-2751.0566,748.89905,1.5707,18000,0),
(125821,2,7253.167,-2730.0586,746.9667,100,0,0),
(125821,3,7235.487,-2711.358,748.41376,100,0,0),
(125821,4,7202.864,-2711.5269,761.9552,100,0,0),
(125821,5,7177.577,-2716.2512,773.5724,100,0,0),
(125821,6,7170.178,-2744.8352,776.86475,100,0,0),
(125821,7,7200.0366,-2774.3022,776.8763,100,0,0),
(125821,8,7232.4673,-2806.6907,777.6217,100,0,0),
(125821,9,7274.8584,-2803.9377,776.8777,100,0,0),
(125821,10,7296.991,-2780.1582,776.0795,100,0,0),
(125821,11,7298.799,-2748.659,775.21014,100,100,2935801),
(125821,12,7304.38,-2728.39,746.965,100,0,0),
(125821,13,7294.433,-2728.772,747.4888,100,0,0),
(125821,14,7264.4863,-2745.6543,748.0126,100,0,0),
(107897,1,7353.797,-2608.551,815.13324,100,2000,0),
(107897,2,7306.5444,-2622.633,814.9302,100,0,0),
(107897,3,7257.3374,-2621.4956,815.0005,100,2000,0);
DELETE FROM dbscripts_on_creature_movement WHERE id = 2935801;
INSERT INTO dbscripts_on_creature_movement (id,delay,priority,command,datalong,datalong2,datalong3,buddy_entry,search_radius,data_flags,dataint,dataint2,dataint3,dataint4,datafloat,x,y,z,o,speed,condition_id,comments) VALUES
(2935801,0,0,20,15,0,0,0,0,0x04,0,0,0,0,6,7304.38,-2728.39,746.965,100,20,0,'jump');
DELETE FROM dbscripts_on_relay WHERE id IN (21242);
INSERT INTO dbscripts_on_relay (id, delay, command, datalong, datalong2, datalong3, buddy_entry, search_radius, data_flags, dataint, dataint2, dataint3, dataint4, x, y, z, o, comments) VALUES
(21242,0,20,1,20,0,0,0,0x04,1,0,0,0,0,0,0,0,'Part of Frostworg 29358 EAI: Set RandomMovement + RUN');
DELETE FROM creature_addon WHERE guid IN(SELECT guid FROM creature WHERE id IN (29500));
DELETE FROM creature_movement WHERE id IN(SELECT guid FROM creature WHERE id IN (29500));
DELETE FROM game_event_creature WHERE guid IN(SELECT guid FROM creature WHERE id IN (29500));
DELETE FROM game_event_creature_data WHERE guid IN(SELECT guid FROM creature WHERE id IN (29500));
DELETE FROM creature_battleground WHERE guid IN(SELECT guid FROM creature WHERE id IN (29500));
DELETE FROM creature_linking WHERE guid IN(SELECT guid FROM creature WHERE id IN (29500));
DELETE FROM creature WHERE id IN (29500);
INSERT INTO `creature` (`guid`, `id`, `map`, `spawnMask`, `phaseMask`, `position_x`, `position_y`, `position_z`, `orientation`, `spawntimesecsmin`, `spawntimesecsmax`, `spawndist`, `MovementType`) VALUES
(104583, 29500, 571, 1, 2, '7062.98930000000000000000', '-1934.16990000000000000000', '775.07730000000000000000', '5.07890000000000000000', 45, 90, 0, 2),
(104584, 29500, 571, 1, 2, '7079.90770000000000000000', '-1960.89540000000000000000', '770.49695000000000000000', '4.95670000000000000000', 45, 90, 0, 2),
(104585, 29500, 571, 1, 2, '7050.65700000000000000000', '-1978.81970000000000000000', '772.17020000000000000000', '5.55014000000000000000', 45, 90, 0, 2),
(104586, 29500, 571, 1, 2, '7066.98540000000000000000', '-1971.05530000000000000000', '768.01410000000000000000', '5.11381000000000000000', 45, 90, 0, 2),
(104587, 29500, 571, 1, 2, '7070.62500000000000000000', '-1948.32250000000000000000', '771.55400000000000000000', '4.92182800000000000000', 45, 90, 0, 2),
(104588, 29500, 571, 1, 2, '7092.24300000000000000000', '-1973.15150000000000000000', '770.07320000000000000000', '4.62512000000000000000', 45, 90, 0, 2),
(104589, 29500, 571, 1, 2, '7052.22950000000000000000', '-1966.47850000000000000000', '770.22530000000000000000', '5.30580000000000000000', 45, 90, 0, 2);
INSERT INTO creature_movement (`id`, `Point`, `PositionX`, `PositionY`, `PositionZ`, `Orientation`, `WaitTime`, `ScriptId`) VALUES
(104588,1,7092.243,-1973.1515,770.0732,4.62512,3000,5),
(104588,2,7076.0195,-2040.3778,763.51495,100,0,0),
(104588,3,7061.864,-2086.2217,757.6567,100,0,0),
(104588,4,7060.1235,-2135.7864,755.16907,100,0,0),
(104588,5,7089.114,-2174.9448,759.5703,100,0,0),
(104588,6,7133.647,-2196.7947,758.9623,100,0,0),
(104588,7,7182.2925,-2204.834,759.7449,100,0,0),
(104588,8,7227.909,-2224.037,759.0143,100,0,0),
(104588,9,7272.0356,-2244.4832,758.47754,100,0,0),
(104588,10,7284.8657,-2291.425,754.00525,100,0,0),
(104588,11,7281.772,-2339.5842,749.4351,100,0,0),
(104588,12,7232.415,-2341.8203,752.3883,100,0,0),
(104588,13,7196.796,-2308.3296,755.316,100,0,0),
(104588,14,7168.8125,-2268.4602,761.0071,100,0,0),
(104588,15,7134.4307,-2234.1794,757.998,100,0,0),
(104588,16,7122.2896,-2186.663,758.9293,100,0,0),
(104588,17,7121.9233,-2137.2153,759.53125,100,0,0),
(104588,18,7106.7334,-2090.6653,761.8626,100,0,0),
(104588,19,7111.934,-2042.6096,767.1991,100,0,0),
(104588,20,7086.2534,-2000.6198,768.3152,100,0,0),
(104588,21,7091.797,-1973.3301,769.99207,100,0,0),
(104587,1,7070.625,-1948.3225,771.554,4.921828,3000,5),
(104587,2,7081.5044,-1999.7389,767.0564,100,0,0),
(104587,3,7089.517,-2047.2439,765.46625,100,0,0),
(104587,4,7094.7217,-2096.8745,760.3954,100,0,0),
(104587,5,7109.1763,-2142.0217,758.9033,100,0,0),
(104587,6,7121.577,-2189.3843,758.86914,100,0,0),
(104587,7,7138.825,-2236.9463,758.2743,100,0,0),
(104587,8,7168.1724,-2275.9143,760.1121,100,0,0),
(104587,9,7199.429,-2312.8018,754.83527,100,0,0),
(104587,10,7248.3716,-2311.897,754.2996,100,0,0),
(104587,11,7270.965,-2268.756,755.627,100,0,0),
(104587,12,7240.8843,-2229.1594,758.4633,100,0,0),
(104587,13,7194.14,-2214.3333,759.516,100,0,0),
(104587,14,7158.6753,-2181.7708,759.6073,100,0,0),
(104587,15,7130.1416,-2140.1458,760.47656,100,0,0),
(104587,16,7120.7,-2094.1755,762.6373,100,0,0),
(104587,17,7131.2104,-2048.4631,772.2371,100,0,0),
(104587,18,7102.0576,-2008.1372,770.28894,100,0,0),
(104587,19,7084.7163,-1962.0634,770.89905,100,0,0),
(104586,1,7066.9854,-1971.0553,768.0141,5.11381,3000,5),
(104586,2,7089.2954,-2018.2969,766.709,100,0,0),
(104586,3,7099.3037,-2064.3418,763.7386,100,0,0),
(104586,4,7110.835,-2110.9355,760.4774,100,0,0),
(104586,5,7124.8584,-2157.8875,760.828,100,0,0),
(104586,6,7154.3584,-2196.507,760.12897,100,0,0),
(104586,7,7193.9995,-2227.5894,758.7168,100,0,0),
(104586,8,7236.5674,-2251.9966,756.42395,100,0,0),
(104586,9,7276.263,-2278.8235,755.1923,100,0,0),
(104586,10,7311.384,-2312.3948,752.13354,100,0,0),
(104586,11,7339.1284,-2353.7708,749.2747,100,0,0),
(104586,12,7368.7075,-2393.587,750.25183,100,0,0),
(104586,13,7413.8975,-2414.7551,750.42145,100,0,0),
(104586,14,7412.6533,-2463.7559,752.0881,100,0,0),
(104586,15,7380.182,-2499,748.3417,100,0,0),
(104586,16,7331.174,-2493.968,749.57275,100,0,0),
(104586,17,7307.192,-2450.5234,754.0283,100,0,0),
(104586,18,7318.6987,-2402.1436,750.33765,100,0,0),
(104586,19,7295.027,-2358.386,751.3986,100,0,0),
(104586,20,7268.7607,-2316.4668,752.85516,100,0,0),
(104586,21,7219.2236,-2322.843,751.88715,100,0,0),
(104586,22,7180.31,-2292.218,757.7162,100,0,0),
(104586,23,7164.2725,-2245.386,758.60846,100,0,0),
(104586,24,7122.467,-2218.0647,758.88184,100,0,0),
(104586,25,7095.862,-2177.7673,759.64185,100,0,0),
(104586,26,7071.171,-2135.3853,757.1367,100,0,0),
(104586,27,7049.1846,-2091.5312,755.8298,100,0,0),
(104586,28,7067.9478,-2047.2079,762.48785,100,0,0),
(104586,29,7079.362,-1999.0009,766.8873,100,0,0),
(104586,30,7068.137,-1975.6803,768.60986,100,0,0),
(104589,1,7052.2295,-1966.4785,770.2253,5.3058,3000,5),
(104589,2,7081.992,-2010.7717,766.3314,100,0,0),
(104589,3,7086.8857,-2057.8062,763.4928,100,0,0),
(104589,4,7079.0522,-2106.947,758.6984,100,0,0),
(104589,5,7089.264,-2153.5535,758.2847,100,0,0),
(104589,6,7111.4146,-2196.1936,759.18823,100,0,0),
(104589,7,7138.2847,-2234.699,758.20276,100,0,0),
(104589,8,7182.759,-2255.0576,757.33594,100,0,0),
(104589,9,7231.107,-2251.868,756.1881,100,0,0),
(104589,10,7279.738,-2238.9697,760.4718,100,0,0),
(104589,11,7301.631,-2241.0332,758.6667,100,0,0),
(104589,12,7329.9087,-2281.0793,756.81714,100,0,0),
(104589,13,7366.8994,-2310.492,755.2791,100,0,0),
(104589,14,7401.4785,-2323.6445,757.24365,100,0,0),
(104589,15,7406.7363,-2370.168,753.0251,100,0,0),
(104589,16,7375.647,-2407.8948,749.7799,100,0,0),
(104589,17,7328.799,-2413.532,749.27014,100,0,0),
(104589,18,7301.1504,-2371.6924,750.8188,100,0,0),
(104589,19,7276.873,-2328.6292,749.4351,100,0,0),
(104589,20,7258.873,-2284.0977,754.3811,100,0,0),
(104589,21,7217.4204,-2259.4836,755.9617,100,0,0),
(104589,22,7184.4253,-2222.765,759.79156,100,0,0),
(104589,23,7149.138,-2187.807,759.10834,100,0,0),
(104589,24,7112.127,-2154.213,759.3335,100,0,0),
(104589,25,7112.782,-2105.3064,761.2357,100,0,0),
(104589,26,7117.663,-2057.6223,767.3468,100,0,0),
(104589,27,7098.055,-2011.3273,769.2197,100,0,0),
(104589,28,7064.4604,-1975.1501,768.4451,100,0,0),
(104584,1,7079.9077,-1960.8954,770.49695,4.9567,3000,5),
(104584,2,7099.8496,-2030.8258,767.2804,100,0,0),
(104584,3,7117.395,-2066.1348,766.76825,100,0,0),
(104584,4,7120.8677,-2098.8813,762.2316,100,0,0),
(104584,5,7122.5737,-2141.5386,759.74365,100,0,0),
(104584,6,7146.7695,-2184.261,758.77136,100,0,0),
(104584,7,7188.4624,-2211.564,759.38135,100,0,0),
(104584,8,7220.852,-2231.9263,758.66626,100,0,0),
(104584,9,7258.5225,-2251.4814,756.65283,100,0,0),
(104584,10,7296.4263,-2280.3865,756.0678,100,0,0),
(104584,11,7337.243,-2298.7903,755.3126,100,0,0),
(104584,12,7382.757,-2312.4128,757.49634,100,0,0),
(104584,13,7417.5537,-2338.783,757.2124,100,0,0),
(104584,14,7411.6987,-2386.5437,752.8494,100,0,0),
(104584,15,7417.135,-2423.911,751.6824,100,0,0),
(104584,16,7421.561,-2458.5034,752.0406,100,0,0),
(104584,17,7395.849,-2500.8396,748.8899,100,0,0),
(104584,18,7346.0894,-2507.5352,749.0879,100,0,0),
(104584,19,7313.9062,-2470.1125,751.76624,100,0,0),
(104584,20,7302.7676,-2422.059,752.41187,100,0,0),
(104584,21,7302.079,-2374.2493,750.3086,100,0,0),
(104584,22,7277.6475,-2331.0754,749.4351,100,0,0),
(104584,23,7252.1494,-2288.3801,753.7625,100,0,0),
(104584,24,7207.684,-2273.9885,754.9001,100,0,0),
(104584,25,7163.0093,-2252.3774,759.09796,100,0,0),
(104584,26,7124.1064,-2221.6438,758.784,100,0,0),
(104584,27,7101.5674,-2178.6885,759.4591,100,0,0),
(104584,28,7067.3745,-2144.5872,757.1028,100,0,0),
(104584,29,7057.6484,-2096.6633,756.6531,100,0,0),
(104584,30,7076.8613,-2051.8337,763.4435,100,0,0),
(104584,31,7072.013,-2002.7863,766.5422,100,0,0),
(104584,32,7075.847,-1967.2118,768.62256,100,0,0),
(104583,1,7062.9893,-1934.1699,775.0773,5.07890,3000,5),
(104583,2,7076.0415,-1984.6693,767.42004,100,0,0),
(104583,3,7087.3228,-2031.2485,765.38794,100,0,0),
(104583,4,7089.502,-2079.836,760.5046,100,0,0),
(104583,5,7103.4355,-2124.8533,758.9762,100,0,0),
(104583,6,7119.6235,-2169.2922,759.8114,100,0,0),
(104583,7,7150.494,-2206.9592,758.7703,100,0,0),
(104583,8,7179.0337,-2243.047,758.09937,100,0,0),
(104583,9,7225.2783,-2260.3423,755.2108,100,0,0),
(104583,10,7272.8423,-2277.0527,755.1015,100,0,0),
(104583,11,7321.5703,-2282.7998,756.1308,100,0,0),
(104583,12,7359.586,-2312.0488,754.39154,100,0,0),
(104583,13,7353.4575,-2360.9668,749.79,100,0,0),
(104583,14,7306.151,-2369.6023,750.3278,100,0,0),
(104583,15,7264.401,-2342.4097,749.43506,100,0,0),
(104583,16,7219.354,-2323.257,751.90875,100,0,0),
(104583,17,7178.061,-2296.4553,758.5814,100,0,0),
(104583,18,7178.061,-2296.4553,758.5814,100,0,0),
(104583,19,7159.827,-2251.712,758.6706,100,0,0),
(104583,20,7122.691,-2220.8938,758.92523,100,0,0),
(104583,21,7103.2593,-2174.9905,759.00507,100,0,0),
(104583,22,7071.475,-2137.1575,757.2141,100,0,0),
(104583,23,7064.823,-2088.6367,757.6161,100,0,0),
(104583,24,7069.643,-2041.0192,762.777,100,0,0),
(104583,25,7088.989,-1996.6825,769.2724,100,0,0),
(104583,26,7072.3057,-1949.569,771.1222,100,0,0),
(104585,1,7050.657,-1978.8197,772.1702,5.55014,3000,5),
(104585,2,7084.817,-2019.9282,765.9197,100,0,0),
(104585,3,7074.5845,-2067.9893,760.1447,100,0,0),
(104585,4,7074.234,-2116.4236,757.17255,100,0,0),
(104585,5,7074.897,-2165.7249,759.89526,100,0,0),
(104585,6,7109.7515,-2198.053,759.2268,100,0,0),
(104585,7,7140.699,-2237.2214,758.493,100,0,0),
(104585,8,7173.4917,-2273.8047,759.6234,100,0,0),
(104585,9,7203.2437,-2311.4636,754.09827,100,0,0),
(104585,10,7241.2153,-2342.9675,751.3128,100,0,0),
(104585,11,7290.9087,-2351.2002,750.4919,100,0,0),
(104585,12,7336.315,-2337.675,750.8256,100,0,0),
(104585,13,7338.913,-2288.5283,757.3263,100,0,0),
(104585,14,7310.1353,-2248.6357,758.6346,100,0,0),
(104585,15,7262.3306,-2235.321,759.78235,100,0,0),
(104585,16,7243.8696,-2240.0835,756.98157,100,0,0),
(104585,17,7195.1387,-2228.9512,758.43835,100,0,0),
(104585,18,7162.2485,-2191.166,760.6802,100,0,0),
(104585,19,7133.065,-2153.08,760.8158,100,0,0),
(104585,20,7118.104,-2106.104,761.452,100,0,0),
(104585,21,7108.916,-2058.9473,765.8857,100,0,0),
(104585,22,7097.303,-2011.0898,769.1819,100,0,0),
(104585,23,7060.2603,-1978.9076,768.83636,100,0,0);
UPDATE creature_template SET StaticFlags1 = 0, StaticFlags2 = 2099200 WHERE entry IN (29498);
UPDATE creature_template SET StaticFlags1 = 2147483648, ExtraFlags=ExtraFlags|1048576|2048, Detection = 5, CallForHelp = 0 WHERE entry IN (29500);
UPDATE creature_template SET ExtraFlags=ExtraFlags|1048576|2048, Detection = 5, CallForHelp = 0 WHERE entry IN (29351,29358,29460);
UPDATE creature_template SET StaticFlags1 = 0x80000000 WHERE entry IN (29809);
UPDATE creature_template SET StaticFlags1 = 0x80000000 WHERE entry IN (29639);

UPDATE creature_template SET MinLevel = 1, MaxLevel = 1 WHERE entry IN (10955);

UPDATE creature SET position_x = 3353.966309, position_y = 3735.008545, position_z = 140.986359 WHERE guid = 5306836;
DELETE FROM dbscript_random_templates WHERE id = 20388;
INSERT INTO dbscript_random_templates (id, type, target_id, chance, comments) VALUES
(20388,1,30690,65,'Maxx A. Million Mk. II 19588 - Random Script 1'),
(20388,1,30691,35,'Maxx A. Million Mk. II 19588 - Random Script 2');
DELETE FROM dbscripts_on_relay WHERE id IN (30690,30691);
INSERT INTO dbscripts_on_relay (id, delay, command, datalong, datalong2, datalong3, buddy_entry, search_radius, data_flags, dataint, dataint2, dataint3, dataint4, x, y, z, o, comments) VALUES
(30690,0,20,1,7,0,0,0,0x04,1,0,0,0,0,0,0,0,'GENERIC - SET RandomMovement + RUN (dist 7)'),
(30691,0,20,1,7,0,0,0,0x04,0,0,0,0,0,0,0,0,'GENERIC - SET RandomMovement (dist 7)');

UPDATE creature_template SET SpeedWalk = 2.5/2.5, SpeedRun = 12/7.0, UnitFlags = 0, MovementType = 0 WHERE entry IN (29602);
DELETE FROM creature_movement_template WHERE Entry = 29602;
INSERT INTO creature_movement_template (`Entry`, `pathId`, `Point`, `PositionX`, `PositionY`, `PositionZ`, `Orientation`, `WaitTime`, `ScriptId`) VALUES
(29602,1,1,7065.3823,-1988.4989,768.7875,100,0,0),
(29602,1,2,7079.6978,-2033.1096,764.22363,100,0,0),
(29602,1,3,7068.746,-2081.6372,758.46783,100,0,0),
(29602,1,4,7065.993,-2130.804,756.0072,100,0,0),
(29602,1,5,7088.311,-2173.4739,759.40454,100,0,0),
(29602,1,6,7124.069,-2207.86,758.34875,100,0,0),
(29602,1,7,7152.243,-2248.376,759.6332,100,0,0),
(29602,1,8,7196.3516,-2265.1384,756.818,100,0,0),
(29602,1,9,7234.0127,-2297.4749,752.40814,100,0,0),
(29602,1,10,7255.4043,-2341.076,751.73083,100,0,0),
(29602,1,11,7297.8813,-2368.0906,751.5218,100,0,0),
(29602,1,12,7304.3057,-2416.3677,752.8529,100,0,0),
(29602,1,13,7320.8213,-2463.647,750.73145,100,0,0),
(29602,1,14,7362.9956,-2490.5044,749.8022,100,0,0),
(29602,1,15,7409.4863,-2475.0657,751.87994,100,0,0),
(29602,1,16,7422.454,-2427.5562,752.46826,100,0,0),
(29602,1,17,7407.2866,-2380.3416,753.04663,100,0,0),
(29602,1,18,7407.848,-2331.121,757.12366,100,0,0),
(29602,1,19,7366.268,-2303.2979,756.10443,100,0,0),
(29602,1,20,7318.561,-2301.5312,754.4625,100,0,0),
(29602,1,21,7280.9966,-2270.3918,756.3627,100,0,0),
(29602,1,22,7237.944,-2246.7197,756.31384,100,0,0),
(29602,1,23,7193.8286,-2231.046,757.79626,100,0,0),
(29602,1,24,7159.3477,-2195.3066,760.58264,100,0,0),
(29602,1,25,7122.389,-2164.836,760.4839,100,0,0),
(29602,1,26,7112.4834,-2116.8887,759.7804,100,0,0),
(29602,1,27,7116.9863,-2071.1887,766.2056,100,0,0),
(29602,1,28,7117.6025,-2040.7129,767.7893,100,0,0),
(29602,1,29,7107.0435,-2011.1892,770.1438,100,0,0),
(29602,1,30,7103.9424,-1985.653,771.0793,100,2000,2960201),
(29602,1,31,7079.7,-1966.68,769.305,100,0,0),
(29602,1,32,7087.928,-1931.9026,773.7549,100,1000,1),
(29602,2,1,7065.6743,-1965.0627,768.2723,100,0,0),
(29602,2,2,7081.877,-2012.001,766.2703,100,0,0),
(29602,2,3,7104.026,-2056.361,765.3251,100,0,0),
(29602,2,4,7104.528,-2105.842,760.5574,100,0,0),
(29602,2,5,7116.417,-2153.743,759.8203,100,0,0),
(29602,2,6,7147.767,-2190.783,759.2725,100,0,0),
(29602,2,7,7189.606,-2217.285,759.492,100,0,0),
(29602,2,8,7231.661,-2238.2708,757.5222,100,0,0),
(29602,2,9,7272.987,-2260.4424,756.3333,100,0,0),
(29602,2,10,7310.389,-2289.4739,754.8302,100,0,0),
(29602,2,11,7355.282,-2303.5774,755.80695,100,0,0),
(29602,2,12,7401.5444,-2318.8916,757.876,100,0,0),
(29602,2,13,7413.0244,-2353.2883,755.7218,100,0,0),
(29602,2,14,7386.935,-2394.2864,749.23724,100,0,0),
(29602,2,15,7343.7847,-2418.5652,749.80383,100,0,0),
(29602,2,16,7300.632,-2393.1646,752.0341,100,0,0),
(29602,2,17,7281.886,-2347.135,749.5601,100,0,0),
(29602,2,18,7268.9087,-2299.5518,752.6292,100,0,0),
(29602,2,19,7227.1978,-2271.2617,755.4849,100,0,0),
(29602,2,20,7181.099,-2253.8003,757.66376,100,0,0),
(29602,2,21,7136.719,-2232.0361,758.51807,100,0,0),
(29602,2,22,7103.6987,-2195.238,759.39777,100,0,0),
(29602,2,23,7072.1104,-2157.011,759.6412,100,0,0),
(29602,2,24,7059.117,-2109.4075,755.5863,100,0,0),
(29602,2,25,7069.828,-2068.9705,759.59454,100,0,0),
(29602,2,26,7092.8477,-2042.567,766.2032,100,0,0),
(29602,2,27,7107.4473,-2013.8727,769.6815,100,0,0),
(29602,2,28,7102.1475,-1985.027,770.7957,100,2000,2960201),
(29602,2,29,7079.7,-1966.68,769.305,100,0,0),
(29602,2,30,7087.928,-1931.9026,773.7549,100,1000,1);
DELETE FROM dbscripts_on_creature_movement WHERE id IN (2960201,2960228);
INSERT INTO dbscripts_on_creature_movement (id,delay,command,datalong,datalong2,datalong3,buddy_entry,search_radius,data_flags,dataint,dataint2,dataint3,dataint4,datafloat,x,y,z,o,speed,condition_id,comments) VALUES
(2960201,100,14,54908,0,0,0,0,0x004,0,0,0,0,0,0,0,0,0,0,0,'remove aura'),
(2960201,1000,20,15,0,0,0,0,0x004,0,0,0,0,6,7079.7,-1966.68,769.305,100,20,0,'jump');
DELETE FROM spell_script_target WHERE entry IN (54798);
INSERT INTO spell_script_target (`entry`, `type`, `targetEntry`, `inverseEffectMask`) VALUES (54798, 1, 29351, 0),(54798, 1, 29358, 0);
DELETE FROM dbscripts_on_spell WHERE id IN (54822,54823);
INSERT INTO dbscripts_on_spell (id,delay,command,datalong,datalong2,datalong3,buddy_entry,search_radius,data_flags,dataint,dataint2,dataint3,dataint4,datafloat,x,y,z,o,speed,condition_id,comments) VALUES
(54822,1,15,54893,0,0,0,0,0x004,0,0,0,0,0,0,0,0,0,0,0,''),(54823,1,15,54896,0,0,0,0,0x004,0,0,0,0,0,0,0,0,0,0,0,'');

DELETE FROM `creature_spawn_data` WHERE guid IN (98337,98338,98339,98340,94951,94952,94953,94954);
INSERT INTO `creature_spawn_data` (`guid`, `id`) VALUES (98337,20077),(98338,20077),(98339,20077),(98340,20077),(94951,20077),(94952,20077),(94953,20077),(94954,20077);

DELETE FROM dbscripts_on_spell WHERE id = 50630;
DELETE FROM dbscripts_on_relay WHERE id = 20490;
INSERT INTO dbscripts_on_relay (id, delay, command, datalong, datalong2, datalong3, buddy_entry, search_radius, data_flags, dataint, dataint2, dataint3, dataint4, x, y, z, o, comments) VALUES
(20490,1,15,50630,0,0,0,0,0,0,0,0,0,0,0,0,0,'cast 50630'),
(20490,10,31,27987,200,0,0,0,0,0,0,0,0,0,0,0,0,'search for 27987'),
(20490,5000,0,0,0,0,27987,300,7,27610,0,0,0,0,0,0,0,'27987 Say');

# 14098_01_mangos_wmogroupgen.sql
ALTER TABLE creature_zone ADD COLUMN WmoGroupId INT DEFAULT 0 AFTER `AreaId`;
ALTER TABLE gameobject_zone ADD COLUMN WmoGroupId INT DEFAULT 0 AFTER `AreaId`;

DELETE FROM creature WHERE guid IN (104474);
INSERT INTO creature (guid, id, map, spawnMask, phaseMask, position_x, position_y, position_z, orientation, spawntimesecsmin, spawntimesecsmax, spawndist, MovementType) VALUES
(104474,29549,571,1,1,6813.686,-1713.6937,822.1584,0.139626339077949523,300,300,0,0);

UPDATE creature_template_addon SET auras = 55291 WHERE entry = 29809;
DELETE FROM creature_addon WHERE guid IN(SELECT guid FROM creature WHERE id IN (29809));
DELETE FROM creature_movement WHERE id IN(SELECT guid FROM creature WHERE id IN (29809));
DELETE FROM game_event_creature WHERE guid IN(SELECT guid FROM creature WHERE id IN (29809));
DELETE FROM game_event_creature_data WHERE guid IN(SELECT guid FROM creature WHERE id IN (29809));
DELETE FROM creature_battleground WHERE guid IN(SELECT guid FROM creature WHERE id IN (29809));
DELETE FROM creature_linking WHERE guid IN(SELECT guid FROM creature WHERE id IN (29809));
DELETE FROM creature WHERE id IN (29809);
INSERT INTO `creature` (`guid`, `id`, `map`, `spawnMask`, `phaseMask`, `position_x`, `position_y`, `position_z`, `orientation`, `spawntimesecsmin`, `spawntimesecsmax`, `spawndist`, `MovementType`) VALUES
(82265, 29809, 571, 1, 3, '7272.28400000000000000000', '-2896.83000000000000000000', '823.97730000000000000000', '3.45128011703491200000', 300, 300, 0, 4),
(82266, 29809, 571, 1, 3, '7344.33984375000000000000', '-2809.26000976562500000000', '799.04602050781250000000', '1.85004997253417970000', 300, 300, 0, 0),
(82270, 29809, 571, 1, 3, '7378.14013671875000000000', '-2997.73999023437500000000', '846.17401123046880000000', '4.34587001800537100000', 300, 300, 0, 0),
(82271, 29809, 571, 1, 3, '7317.66015625000000000000', '-2931.46997070312500000000', '851.41802978515620000000', '0.57595902681350710000', 300, 300, 0, 0),
(82274, 29809, 571, 1, 3, '7343.50976562500000000000', '-2584.11010742187500000000', '749.65698242187500000000', '3.45574998855590800000', 300, 300, 0, 0),
(82275, 29809, 571, 1, 3, '7413.14990234375000000000', '-2893.68994140625000000000', '822.87597656250000000000', '1.57079994678497310000', 300, 300, 0, 0),
(82276, 29809, 571, 1, 3, '7297.70750000000000000000', '-2845.01400000000000000000', '792.54846000000000000000', '0.18500599265098572000', 300, 300, 0, 4),
(104425, 29809, 571, 1, 3, '7301.02001953125000000000', '-2771.29003906250000000000', '774.88397216796880000000', '0.78539800643920900000', 300, 300, 0, 0),
(104426, 29809, 571, 1, 3, '7406.45750000000000000000', '-2907.75560000000000000000', '825.58984000000000000000', '0.30956798791885376000', 300, 300, 0, 4),
(104427, 29809, 571, 1, 3, '7386.89013671875000000000', '-2937.67993164062500000000', '848.01599121093750000000', '2.49582004547119140000', 300, 300, 0, 0),
(104429, 29809, 571, 1, 3, '7206.45996093750000000000', '-2834.34008789062500000000', '822.80102539062500000000', '1.55333995819091800000', 300, 300, 0, 0),
(104437, 29809, 571, 1, 3, '7238.68017578125000000000', '-2559.63989257812500000000', '757.37200927734380000000', '0.01745299994945526000', 300, 300, 0, 0),
(104438, 29809, 571, 1, 3, '7308.29980468750000000000', '-2607.22998046875000000000', '814.91101074218750000000', '1.58825004100799560000', 300, 300, 0, 0),
(104439, 29809, 571, 1, 3, '7198.33007812500000000000', '-2645.15991210937500000000', '813.80499267578120000000', '6.09119987487793000000', 300, 300, 0, 0),
(104440, 29809, 571, 1, 3, '7456.81005859375000000000', '-2666.79003906250000000000', '808.42199707031250000000', '0.50614500045776370000', 300, 300, 0, 0),
(104441, 29809, 571, 1, 3, '7347.09700000000000000000', '-2770.41240000000000000000', '767.10320000000000000000', '1.55334000000000000000', 300, 300, 0, 2),
(104090, 29809, 571, 1, 3, '7381.50976562500000000000', '-2725.59008789062500000000', '748.39398193359380000000', '2.42600989341735840000', 300, 300, 0, 0),
(104091, 29809, 571, 1, 3, '7380.93994140625000000000', '-2659.50000000000000000000', '748.09997558593750000000', '3.96189999580383300000', 300, 300, 0, 0),
(104092, 29809, 571, 1, 3, '7286.12988281250000000000', '-2737.81005859375000000000', '747.08300781250000000000', '2.02458000183105470000', 300, 300, 0, 0),
(104093, 29809, 571, 1, 3, '7242.74023437500000000000', '-2648.67993164062500000000', '749.59802246093750000000', '5.96902990341186500000', 300, 300, 0, 0),
(104094, 29809, 571, 1, 3, '7244.79980468750000000000', '-2837.64990234375000000000', '776.94799804687500000000', '1.32644999027252200000', 300, 300, 0, 0);
INSERT INTO creature_movement (`id`, `Point`, `PositionX`, `PositionY`, `PositionZ`, `Orientation`, `WaitTime`, `ScriptId`) VALUES
(104441,1,7347.097,-2770.4124,767.1032,1.55334,20000,0),
(104441,2,7354.578,-2778.3733,770.0292,100,0,0),
(104441,3,7395.059,-2778.3342,770.95514,0.0465312,0,0),
(104441,4,7397.093,-2777.097,770.95764,3.176499,32000,0),
(104441,5,7360.8896,-2783.4583,770.17883,100,0,0),
(82276,1,7297.7075,-2845.014,792.54846,100,500,0),
(82276,2,7333.7485,-2849.251,800.3946,100,0,0),
(82276,3,7368.4634,-2842.7551,800.4326,100,0,0),
(82276,4,7400.7915,-2857.5942,800.3826,100,0,0),
(82276,5,7445.252,-2857.6511,799.8789,100,500,0),
(104426,1,7406.4575,-2907.7556,825.58984,100,500,0),
(104426,2,7377.579,-2916.9966,823.684,100,0,0),
(104426,3,7344.558,-2907.7627,823.04614,100,0,0),
(104426,4,7312.182,-2896.8877,823.37854,100,0,0),
(104426,5,7272.284,-2896.83,823.9773,100,500,0),
(82265,1,7272.284,-2896.83,823.9773,100,500,0),
(82265,2,7312.182,-2896.8877,823.37854,100,0,0),
(82265,3,7344.558,-2907.7627,823.04614,100,0,0),
(82265,4,7377.579,-2916.9966,823.684,100,0,0),
(82265,5,7406.4575,-2907.7556,825.58984,100,500,0);
DELETE FROM spell_script_target WHERE entry IN (55524,55244);
INSERT INTO spell_script_target (`entry`, `type`, `targetEntry`, `inverseEffectMask`) VALUES (55524, 1, 29709, 0),(55244, 1, 30442, 0);
UPDATE creature_template SET InhabitType = 4 WHERE entry IN (29708);
DELETE FROM creature_addon WHERE guid IN(SELECT guid FROM creature WHERE id IN (29708));
DELETE FROM creature_movement WHERE id IN(SELECT guid FROM creature WHERE id IN (29708));
DELETE FROM game_event_creature WHERE guid IN(SELECT guid FROM creature WHERE id IN (29708));
DELETE FROM game_event_creature_data WHERE guid IN(SELECT guid FROM creature WHERE id IN (29708));
DELETE FROM creature_battleground WHERE guid IN(SELECT guid FROM creature WHERE id IN (29708));
DELETE FROM creature_linking WHERE guid IN(SELECT guid FROM creature WHERE id IN (29708));
DELETE FROM creature WHERE id IN (29708);
INSERT INTO `creature` (`guid`, `id`, `map`, `spawnMask`, `phaseMask`, `position_x`, `position_y`, `position_z`, `orientation`, `spawntimesecsmin`, `spawntimesecsmax`, `spawndist`, `MovementType`) VALUES
(104971, 29708, 571, 1, 3, '7153.60986328125000000000', '-2659.25000000000000000000', '849.70098876953120000000', '5.24546003341674800000', 300, 300, 0, 0),
(104972, 29708, 571, 1, 3, '7342.83984375000000000000', '-2887.03002929687500000000', '897.07098388671880000000', '3.46482992172241200000', 300, 300, 0, 0),
(104973, 29708, 571, 1, 3, '7391.79980468750000000000', '-2774.78002929687500000000', '869.09802246093750000000', '0.18096999824047090000', 300, 300, 0, 0),
(104974, 29708, 571, 1, 3, '7234.35986328125000000000', '-2667.28002929687500000000', '899.93597412109380000000', '4.60807991027832000000', 300, 300, 0, 0),
(104975, 29708, 571, 1, 3, '7216.29980468750000000000', '-2645.87988281250000000000', '866.87902832031250000000', '4.75118017196655300000', 300, 300, 0, 0),
(104976, 29708, 571, 1, 3, '7346.81982421875000000000', '-2833.38989257812500000000', '886.16198730468750000000', '5.33250999450683600000', 300, 300, 0, 0),
(104977, 29708, 571, 1, 3, '7274.75000000000000000000', '-2736.31005859375000000000', '872.29901123046880000000', '6.23989009857177700000', 300, 300, 0, 0);
DELETE FROM `creature_spawn_data` WHERE guid BETWEEN 104971 AND 104977;
INSERT INTO `creature_spawn_data` (`guid`, `id`) VALUES (104971,20056),(104972,20056),(104973,20056),(104974,20056),(104975,20056),(104976,20056),(104977,20056);
UPDATE `creature` SET `phaseMask` = '3' WHERE `guid` =105086;
UPDATE creature_template SET StaticFlags1 = StaticFlags1|0x80000000 WHERE entry IN (30442,29805,29708);

UPDATE mangos_string SET content_default='%d%s, Entry %d - |cffffffff|Hgameobject:%d:%d|h[%s X:%f Y:%f Z:%f MapId:%d]|h|r SpawnGroup:%u' WHERE entry=517;

UPDATE `creature` SET `spawndist`=1.5, `movementtype`=1 WHERE `guid`=14483;
INSERT INTO `creature` (`guid`, `id`, `map`, `position_x`, `position_y`, `position_z`, `orientation`, `spawndist`, `movementtype`, `spawntimesecsmin`, `spawntimesecsmax`) VALUES (51794, 2431, 0, 680.027, -912.535, 171.72, 5.74213, 1.5, 1, 300, 300);
INSERT INTO `creature` (`guid`, `id`, `map`, `position_x`, `position_y`, `position_z`, `orientation`, `spawndist`, `movementtype`, `spawntimesecsmin`, `spawntimesecsmax`) VALUES (51795, 2431, 0, 750.198, -972.267, 167.587, 4.56236, 1.5, 1, 300, 300);
DELETE FROM `spawn_group` WHERE id = 19061;
INSERT INTO `spawn_group` (`Id`, `Name`, `Type`, `MaxCount`, `WorldState`, `Flags`) VALUES (19061, 'Alterac Mountains (Strahnbrad) - Jailor Borhuin (2431)', 0, 1, 0, 0);
DELETE FROM `spawn_group_spawn` WHERE id = 19061;
INSERT INTO `spawn_group_spawn` (`Id`, `Guid`, `SlotId`) VALUES (19061, 14483, 0),(19061, 51794, 1),(19061, 51795, 2);

UPDATE `creature` SET `spawndist`=1, `movementtype`=1 WHERE `guid`=14967;
INSERT INTO `creature` (`guid`, `id`, `map`, `position_x`, `position_y`, `position_z`, `orientation`, `spawndist`, `movementtype`, `spawntimesecsmin`, `spawntimesecsmax`) VALUES (51796, 2306, 0, 695.35, -905.476, 157.694, 0.174533, 1, 1, 300, 300);
INSERT INTO `creature` (`guid`, `id`, `map`, `position_x`, `position_y`, `position_z`, `orientation`, `spawndist`, `movementtype`, `spawntimesecsmin`, `spawntimesecsmax`) VALUES (51797, 2306, 0, 942.297, -844.993, 114.726, 3.89484, 1, 1, 300, 300);
INSERT INTO `creature` (`guid`, `id`, `map`, `position_x`, `position_y`, `position_z`, `orientation`, `spawndist`, `movementtype`, `spawntimesecsmin`, `spawntimesecsmax`) VALUES (51799, 2306, 0, 1000.85, -790.671, 108.668, 3.82933, 1, 1, 300, 300);
INSERT INTO `creature` (`guid`, `id`, `map`, `position_x`, `position_y`, `position_z`, `orientation`, `spawndist`, `movementtype`, `spawntimesecsmin`, `spawntimesecsmax`) VALUES (54551, 2306, 0, 1119.68, -719.64, 71.119, 1.49368, 1, 1, 300, 300);
DELETE FROM `spawn_group` WHERE id = 19062;
INSERT INTO `spawn_group` (`Id`, `Name`, `Type`, `MaxCount`, `WorldState`, `Flags`) VALUES (19062, 'Alterac Mountains (Strahnbrad & The Uplands) - Baron Vardus (2306)', 0, 1, 0, 0);
DELETE FROM `spawn_group_spawn` WHERE id = 19062;
INSERT INTO `spawn_group_spawn` (`Id`, `Guid`, `SlotId`) VALUES (19062, 14967, 0),(19062, 51796, 1),(19062, 51797, 2),(19062, 51799, 3),(19062, 54551, 4);

INSERT INTO `creature` (`guid`, `id`, `map`, `position_x`, `position_y`, `position_z`, `orientation`, `spawndist`, `movementtype`, `spawntimesecsmin`, `spawntimesecsmax`) VALUES (3505, 2242, 0, 686.508, -913.333, 165.031, 5.46288, 2, 1, 300, 480);
INSERT INTO `creature` (`guid`, `id`, `map`, `position_x`, `position_y`, `position_z`, `orientation`, `spawndist`, `movementtype`, `spawntimesecsmin`, `spawntimesecsmax`) VALUES (3530, 2242, 0, 743.018, -947.871, 166.228, 0.218435, 2, 1, 300, 480);
INSERT INTO `creature` (`guid`, `id`, `map`, `position_x`, `position_y`, `position_z`, `orientation`, `spawndist`, `movementtype`, `spawntimesecsmin`, `spawntimesecsmax`) VALUES (3535, 2242, 0, 749.019, -953.928, 166.228, 3.34455, 1, 1, 300, 480);
INSERT INTO `creature` (`guid`, `id`, `map`, `position_x`, `position_y`, `position_z`, `orientation`, `spawndist`, `movementtype`, `spawntimesecsmin`, `spawntimesecsmax`) VALUES (3543, 2242, 0, 658.819, -860.63, 158.498, 0.430102, 5, 1, 300, 480);
REPLACE INTO `creature_spawn_entry` (`guid`, `entry`) SELECT `guid`, 2242 FROM `creature` WHERE `guid` IN (14478,14504,14468,14453,1157,1147,3505,3530,3535);
REPLACE INTO `creature_spawn_entry` (`guid`, `entry`) SELECT `guid`, 2319 FROM `creature` WHERE `guid` IN (14478,14504,14468,14453,1157,1147,3505,3530,3535);
UPDATE `creature` SET `id` = 0 WHERE `guid` IN (14478,14504,14468,14453,1157,1147,3505,3530,3535);
REPLACE INTO `creature_spawn_entry` (`guid`, `entry`) SELECT `guid`, 2242 FROM `creature` WHERE `id` IN (2319);
REPLACE INTO `creature_spawn_entry` (`guid`, `entry`) SELECT `guid`, 2319 FROM `creature` WHERE `id` IN (2319);
UPDATE `creature` SET `id` = 0 WHERE `id` IN (2319);

UPDATE quest_template SET RequiredRaces = 8 WHERE entry = 26;
UPDATE quest_template SET RequiredRaces = 32 WHERE entry = 27;

UPDATE `quest_template` SET `ReqSourceCount1` = '0' WHERE `entry` =905;

DELETE FROM spawn_group WHERE Id IN (19020, 19021);
INSERT INTO spawn_group (Id, Name, Type, MaxCount, WorldState, Flags) VALUES 
(19020,'Barrens - Main Control Valve RND Spawn NPCs', 0, 2, 19020, 2),
(19021,'Barrens - Regulator Valve RND Spawn NPCs', 0, 2, 19021, 2);
DELETE FROM `conditions` WHERE `condition_entry` IN (19020,19021,2909,2920);
INSERT INTO `conditions` (`condition_entry`, `type`, `value1`, `value2`, `value3`, `value4`, `flags`, `comments`) VALUES
(19020, 42, 19020, 1, 1, 0, 0, 'Barrens - Main Control Valve RND Spawn NPCs'),
(19021, 42, 19021, 1, 1, 0, 0, 'Barrens - Regulator Valve RND Spawn NPCs');

UPDATE `creature` SET `position_x` = 397.279,  `position_y` = 8352.32,  `position_z` = 22.8307,  `orientation` = 3.54302 WHERE `id` = 20477;
UPDATE `creature_template` SET `CharmedSpellList`='1816005', `MechanicImmuneMask` = `MechanicImmuneMask`&~1 WHERE `entry`='18160';
UPDATE `creature_template` SET `CharmedSpellList`='1812105', `MechanicImmuneMask` = `MechanicImmuneMask`&~1 WHERE `entry`='18121';
UPDATE `creature_template` SET `CharmedSpellList`='1812005', `MechanicImmuneMask` = `MechanicImmuneMask`&~1 WHERE `entry`='18120';
UPDATE `creature_template` SET `CharmedSpellList`='2044205', `MechanicImmuneMask` = `MechanicImmuneMask`&~1 WHERE `entry`='20442';
UPDATE `creature_template` SET `CharmedSpellList`='1811905', `MechanicImmuneMask` = `MechanicImmuneMask`&~1 WHERE `entry`='18119';
UPDATE `creature_template` SET `CharmedSpellList`='1973205', `MechanicImmuneMask` = `MechanicImmuneMask`&~1 WHERE `entry`='19732';
UPDATE `creature_template` SET `CharmedSpellList`='2044305', `MechanicImmuneMask` = `MechanicImmuneMask`&~1 WHERE `entry`='20443';
UPDATE `creature_template` SET `CharmedSpellList`='1899205', `MechanicImmuneMask` = `MechanicImmuneMask`&~1 WHERE `entry`='18992';
UPDATE `creature_template` SET `CharmedSpellList`='1811605', `MechanicImmuneMask` = `MechanicImmuneMask`&~1 WHERE `entry`='18116';
UPDATE `creature_template` SET `CharmedSpellList`='1811505', `MechanicImmuneMask` = `MechanicImmuneMask`&~1 WHERE `entry`='18115';
UPDATE `creature_template` SET `CharmedSpellList`='1815905', `MechanicImmuneMask` = `MechanicImmuneMask`&~1 WHERE `entry`='18159';
UPDATE `creature_template` SET `CharmedSpellList`='1811705', `MechanicImmuneMask` = `MechanicImmuneMask`&~1 WHERE `entry`='18117';
UPDATE `creature_template` SET `CharmedSpellList`='1811805', `MechanicImmuneMask` = `MechanicImmuneMask`&~1 WHERE `entry`='18118';
UPDATE `creature_template` SET `CharmedSpellList`='1808905', `MechanicImmuneMask` = `MechanicImmuneMask`&~1 WHERE `entry`='18089';
UPDATE `creature_template` SET `CharmedSpellList`='1808805', `MechanicImmuneMask` = `MechanicImmuneMask`&~1 WHERE `entry`='18088';
UPDATE `creature_template` SET `CharmedSpellList`='2047705', `MechanicImmuneMask` = `MechanicImmuneMask`&~1 WHERE `entry`='20477';
UPDATE `creature_template` SET `CharmedSpellList`='2029505', `MechanicImmuneMask` = `MechanicImmuneMask`&~1 WHERE `entry`='20295';
UPDATE `creature_template` SET `CharmedSpellList`='2029405', `MechanicImmuneMask` = `MechanicImmuneMask`&~1 WHERE `entry`='20294';
UPDATE `creature_template` SET `CharmedSpellList`='2029305', `MechanicImmuneMask` = `MechanicImmuneMask`&~1 WHERE `entry`='20293';
UPDATE `creature_template` SET `CharmedSpellList`='1819705', `MechanicImmuneMask` = `MechanicImmuneMask`&~1 WHERE `entry`='18197';
UPDATE `creature_template` SET `CharmedSpellList`='2027005', `MechanicImmuneMask` = `MechanicImmuneMask`&~1 WHERE `entry`='20270';
UPDATE `creature_template` SET `CharmedSpellList`='1811405', `MechanicImmuneMask` = `MechanicImmuneMask`&~1 WHERE `entry`='18114';
UPDATE `creature_template` SET `CharmedSpellList`='1811305', `MechanicImmuneMask` = `MechanicImmuneMask`&~1 WHERE `entry`='18113';
UPDATE `creature_template` SET `CharmedSpellList`='2029205', `MechanicImmuneMask` = `MechanicImmuneMask`&~1 WHERE `entry`='20292';
UPDATE `creature_template` SET `CharmedSpellList`='2029105', `MechanicImmuneMask` = `MechanicImmuneMask`&~1 WHERE `entry`='20291';
UPDATE `creature_template` SET `CharmedSpellList`='2008905', `MechanicImmuneMask` = `MechanicImmuneMask`&~1 WHERE `entry`='20089';
UPDATE `creature_template` SET `CharmedSpellList`='1812305', `MechanicImmuneMask` = `MechanicImmuneMask`&~1 WHERE `entry`='18123';
UPDATE `creature_template` SET `CharmedSpellList`='2008805', `MechanicImmuneMask` = `MechanicImmuneMask`&~1 WHERE `entry`='20088';
UPDATE `creature_template` SET `CharmedSpellList`='1808605', `MechanicImmuneMask` = `MechanicImmuneMask`&~1 WHERE `entry`='18086';
UPDATE `creature_template` SET `CharmedSpellList`='1808705', `MechanicImmuneMask` = `MechanicImmuneMask`&~1 WHERE `entry`='18087';
UPDATE `creature_template` SET `CharmedSpellList`='1834005', `MechanicImmuneMask` = `MechanicImmuneMask`&~1 WHERE `entry`='18340';
UPDATE `creature_template` SET `CharmedSpellList`='1812205', `MechanicImmuneMask` = `MechanicImmuneMask`&~1 WHERE `entry`='18122';
UPDATE `creature_template` SET `CharmedSpellList`='1994705', `MechanicImmuneMask` = `MechanicImmuneMask`&~1 WHERE `entry`='19947';
UPDATE `creature_template` SET `CharmedSpellList`='1994605', `MechanicImmuneMask` = `MechanicImmuneMask`&~1 WHERE `entry`='19946';
UPDATE `creature_template` SET `CharmedSpellList`='1808005', `MechanicImmuneMask` = `MechanicImmuneMask`&~1 WHERE `entry`='18080';
UPDATE `creature_template` SET `CharmedSpellList`='2011505', `MechanicImmuneMask` = `MechanicImmuneMask`&~1 WHERE `entry`='20115';
UPDATE `creature_template` SET `CharmedSpellList`='1807905', `MechanicImmuneMask` = `MechanicImmuneMask`&~1 WHERE `entry`='18079';
UPDATE `creature_template` SET `CharmedSpellList`='1807705', `MechanicImmuneMask` = `MechanicImmuneMask`&~1 WHERE `entry`='18077';
DELETE FROM creature_template_spells WHERE `entry` IN (18160,18121,18120,20442,18119,19732,20443,18992,18116,18115,18159,18117,18118,18089,18088,20477,20295,20294,20293,18197,20270,18114,18113,20292,20291,20089,18123,
20088,18086,18087,18340,18122,19947,19946,18080,20115,18079,18077);
DELETE FROM creature_cooldowns WHERE `entry` IN (18160,18121,18120,20442,18119,19732,20443,18992,18116,18115,18159,18117,18118,18089,18088,20477,20295,20294,20293,18197,20270,18114,18113,20292,20291,20089,18123,
20088,18086,18087,18340,18122,19947,19946,18080,20115,18079,18077);
DELETE FROM `creature_spell_list_entry` WHERE `Id` IN (1816005,1812105,1812005,2044205,1811905,1973205,2044305,1899205,1811605,1811505,1815905,1811705,1811805,1808905,1808805,2047705,2029505,2029405,2029305,1819705,
2027005,1811405,1811305,2029205,2029105,2008905,1812305,2008805,1808605,1808705,1834005,1812205,1994705,1994605,1808005,2011505,1807905,1807705);
DELETE FROM `creature_spell_list` WHERE `Id` IN (1816005,1812105,1812005,2044205,1811905,1973205,2044305,1899205,1811605,1811505,1815905,1811705,1811805,1808905,1808805,2047705,2029505,2029405,2029305,1819705,
2027005,1811405,1811305,2029205,2029105,2008905,1812305,2008805,1808605,1808705,1834005,1812205,1994705,1994605,1808005,2011505,1807905,1807705);
INSERT INTO `creature_spell_list_entry` (`Id`, `Name`, `ChanceSupportAction`, `ChanceRangedAttack`) VALUES
(1816005, 'TBC - Overlord Gorefist', 0, 0),
(1812105, 'TBC - Ango''rosh Souleater', 0, 0),
(1812005, 'TBC - Ango''rosh Mauler', 0, 0),
(2044205, 'TBC - Captain Bo''kar', 0, 0),
(1811905, 'TBC - Ango''rosh Brute', 0, 0),
(1973205, 'TBC - Ango''rosh Warlock', 0, 0),
(2044305, 'TBC - Ango''rosh Sentry', 0, 0),
(1899205, 'TBC - Captain Krosh', 0, 0),
(1811605, 'TBC - Daggerfen Assassin', 0, 0),
(1811505, 'TBC - Daggerfen Muckdweller', 0, 0),
(1815905, 'TBC - Boss Grog''ak', 0, 0),
(1811705, 'TBC - Ango''rosh Ogre', 0, 0),
(1811805, 'TBC - Ango''rosh Shaman', 0, 0),
(1808905, 'TBC - Bloodscale Slavedriver', 0, 0),
(1808805, 'TBC - Bloodscale Enchantress', 0, 0),
(2047705, 'TBC - Terrorclaw', 0, 0),
(2029505, 'TBC - Bogstrok Crusher', 0, 0),
(2029405, 'TBC - Bogstrok Razorclaw', 0, 0),
(2029305, 'TBC - Bogstrok Clacker', 0, 0),
(1819705, 'TBC - Elder Kuruti', 0, 0),
(2027005, 'TBC - Feralfen Druid', 0, 0),
(1811405, 'TBC - Feralfen Mystic', 0, 0),
(1811305, 'TBC - Feralfen Hunter', 0, 0),
(2029205, 'TBC - Marsh Baron Brok', 0, 0),
(2029105, 'TBC - Lagoon Walker', 0, 0),
(2008905, 'TBC - Bloodscale Wavecaller', 0, 0),
(1812305, 'TBC - Wrekt Slave', 0, 0),
(2008805, 'TBC - Bloodscale Overseer', 0, 0),
(1808605, 'TBC - Darkcrest Taskmaster', 0, 0),
(1808705, 'TBC - Darkcrest Siren', 0, 0),
(1834005, 'TBC - Steam Pump Overseer', 0, 0),
(1812205, 'TBC - Dreghood Drudge', 0, 0),
(1994705, 'TBC - Darkcrest Sorceress', 0, 0),
(1994605, 'TBC - Darkcrest Slaver', 0, 0),
(1808005, 'TBC - Kataru', 0, 0),
(2011505, 'TBC - Umbrafen Witchdoctor', 0, 0),
(1807905, 'TBC - Umbrafen Seer', 0, 0),
(1807705, 'TBC - Umbrafen Oracle', 0, 0);
INSERT INTO `creature_spell_list` (`Id`, `Position`, `SpellId`, `Flags`, `CombatCondition`, `TargetId`, `ScriptId`, `Availability`, `Probability`, `InitialMin`, `InitialMax`, `RepeatMin`, `RepeatMax`, `Comments`) VALUES
(1816005, 3, 15496, 0, -1, 0, 0, 100, 1, 0, 0, 8000, 8000, 'Overlord Gorefist - Cleave'),
(1816005, 0, 2, 0, -1, 0, 0, 100, 1, 0, 0, 0, 0, 'Overlord Gorefist - Attack'),
(1812105, 5, 35194, 0, -1, 0, 0, 100, 1, 0, 0, 0, 0, 'Ango''rosh Souleater - Shadowform'),
(1812105, 4, 35195, 0, -1, 0, 0, 100, 1, 0, 0, 9029, 13381, 'Ango''rosh Souleater - Siphon Life'),
(1812105, 3, 9613, 0, -1, 0, 0, 100, 1, 0, 0, 0, 0, 'Ango''rosh Souleater - Shadow Bolt'),
(1812105, 0, 2, 0, -1, 0, 0, 100, 1, 0, 0, 0, 0, 'Ango''rosh Souleater - Attack'),
(1812005, 4, 14895, 0, -1, 0, 0, 100, 1, 0, 0, 20000, 20000, 'Ango''rosh Mauler - Overpower'),
(1812005, 0, 2, 0, -1, 0, 0, 100, 1, 0, 0, 0, 0, 'Ango''rosh Mauler - Attack'),
(2044205, 4, 35491, 0, -1, 0, 0, 100, 1, 0, 0, 20000, 20000, 'Captain Bo''kar - Furious Rage'),
(2044205, 0, 2, 0, -1, 0, 0, 100, 1, 0, 0, 0, 0, 'Captain Bo''kar - Attack'),
(1811905, 3, 11428, 0, -1, 0, 0, 100, 1, 0, 0, 16000, 16000, 'Ango''rosh Brute - Knockdown'),
(1811905, 0, 2, 0, -1, 0, 0, 100, 1, 0, 0, 0, 0, 'Ango''rosh Brute - Attack'),
(1973205, 6, 13787, 0, -1, 0, 0, 100, 1, 0, 0, 30000, 30000, 'Ango''rosh Warlock - Demon Armor'),
(1973205, 3, 20825, 0, -1, 0, 0, 100, 1, 0, 0, 0, 0, 'Ango''rosh Warlock - Shadow Bolt'),
(1973205, 0, 2, 0, -1, 0, 0, 100, 1, 0, 0, 0, 0, 'Ango''rosh Warlock - Attack'),
(2044305, 4, 15496, 0, -1, 0, 0, 100, 1, 0, 0, 9727, 14860, 'Ango''rosh Sentry - Cleave'),
(2044305, 3, 13730, 0, -1, 0, 0, 100, 1, 0, 0, 12000, 12000, 'Ango''rosh Sentry - Demoralizing Shout'),
(2044305, 0, 2, 0, -1, 0, 0, 100, 1, 0, 0, 0, 0, 'Ango''rosh Sentry - Attack'),
(1899205, 4, 35491, 0, -1, 0, 0, 100, 1, 0, 0, 20000, 20000, 'Captain Krosh - Furious Rage'),
(1899205, 0, 2, 0, -1, 0, 0, 100, 1, 0, 0, 0, 0, 'Captain Krosh - Attack'),
(1811605, 6, 35204, 0, -1, 0, 0, 100, 1, 0, 0, 25899, 29792, 'Daggerfen Assassin - Toxic Fumes'),
(1811605, 0, 2, 0, -1, 0, 0, 100, 1, 0, 0, 0, 0, 'Daggerfen Assassin - Attack'),
(1811505, 3, 35201, 0, -1, 0, 0, 100, 1, 0, 0, 25206, 34418, 'Daggerfen Muckdweller - Paralytic Poison'),
(1811505, 0, 2, 0, -1, 0, 0, 100, 1, 0, 0, 0, 0, 'Daggerfen Muckdweller - Attack'),
(1815905, 4, 35473, 0, -1, 0, 0, 100, 1, 0, 0, 10258, 14588, 'Boss Grog''ak - Forceful Cleave'),
(1815905, 3, 13730, 0, -1, 0, 0, 100, 1, 0, 0, 12000, 12000, 'Boss Grog''ak - Demoralizing Shout'),
(1815905, 0, 2, 0, -1, 0, 0, 100, 1, 0, 0, 0, 0, 'Boss Grog''ak - Attack'),
(1811705, 3, 11978, 0, -1, 0, 0, 100, 1, 0, 0, 16000, 16000, 'Ango''rosh Ogre - Kick'),
(1811705, 0, 2, 0, -1, 0, 0, 100, 1, 0, 0, 0, 0, 'Ango''rosh Ogre - Attack'),
(1811805, 6, 6742, 0, -1, 0, 0, 100, 1, 0, 0, 12000, 12000, 'Ango''rosh Shaman - Bloodlust'),
(1811805, 5, 9532, 0, -1, 0, 0, 100, 1, 0, 0, 0, 0, 'Ango''rosh Shaman - Lightning Bolt'),
(1811805, 4, 23381, 0, -1, 0, 0, 100, 1, 0, 0, 12000, 12000, 'Ango''rosh Shaman - Healing Touch'),
(1811805, 0, 2, 0, -1, 0, 0, 100, 1, 0, 0, 0, 0, 'Ango''rosh Shaman - Attack'),
(1808905, 4, 32064, 0, -1, 0, 0, 100, 1, 0, 0, 15048, 18220, 'Bloodscale Slavedriver - Battle Shout'),
(1808905, 0, 2, 0, -1, 0, 0, 100, 1, 0, 0, 0, 0, 'Bloodscale Slavedriver - Attack'),
(1808805, 5, 34787, 0, -1, 0, 0, 100, 1, 0, 0, 25000, 25000, 'Bloodscale Enchantress - Freezing Circle'),
(1808805, 4, 33245, 0, -1, 0, 0, 100, 1, 0, 0, 30000, 30000, 'Bloodscale Enchantress - Ice Barrier'),
(1808805, 3, 34446, 0, -1, 0, 0, 100, 1, 0, 0, 0, 0, 'Bloodscale Enchantress - Arcane Missiles'),
(1808805, 0, 2, 0, -1, 0, 0, 100, 1, 0, 0, 0, 0, 'Bloodscale Enchantress - Attack'),
(2047705, 5, 40504, 0, -1, 0, 0, 100, 1, 0, 0, 13290, 16842, 'Terrorclaw - Cleave'),
(2047705, 0, 2, 0, -1, 0, 0, 100, 1, 0, 0, 0, 0, 'Terrorclaw - Attack'),
(2029505, 4, 21055, 0, -1, 0, 0, 100, 1, 0, 0, 12000, 12000, 'Bogstrok Crusher - Crush Armor'),
(2029505, 0, 2, 0, -1, 0, 0, 100, 1, 0, 0, 0, 0, 'Bogstrok Crusher - Attack'),
(2029405, 4, 35321, 0, -1, 0, 0, 100, 1, 0, 0, 12000, 12000, 'Bogstrok Razorclaw - Gushing Wound'),
(2029405, 0, 2, 0, -1, 0, 0, 100, 1, 0, 0, 0, 0, 'Bogstrok Razorclaw - Attack'),
(2029305, 0, 2, 0, -1, 0, 0, 100, 1, 0, 0, 0, 0, 'Bogstrok Clacker - Attack'),
(1819705, 6, 12058, 0, -1, 0, 0, 100, 1, 0, 0, 3000, 3000, 'Elder Kuruti - Chain Lightning'),
(1819705, 5, 11986, 0, -1, 0, 0, 100, 1, 0, 0, 16000, 16000, 'Elder Kuruti - Healing Wave'),
(1819705, 4, 12550, 0, -1, 0, 0, 100, 1, 0, 0, 20000, 20000, 'Elder Kuruti - Lightning Shield'),
(1819705, 0, 2, 0, -1, 0, 0, 100, 1, 0, 0, 0, 0, 'Elder Kuruti - Attack'),
(2027005, 3, 16561, 0, -1, 0, 0, 100, 1, 0, 0, 16000, 16000, 'Feralfen Druid - Regrowth'),
(2027005, 0, 2, 0, -1, 0, 0, 100, 1, 0, 0, 0, 0, 'Feralfen Druid - Attack'),
(1811405, 4, 12550, 0, -1, 0, 0, 100, 1, 0, 0, 20201, 26677, 'Feralfen Mystic - Lightning Shield'),
(1811405, 3, 9532, 0, -1, 0, 0, 100, 1, 0, 0, 0, 0, 'Feralfen Mystic - Lightning Bolt'),
(1811405, 0, 2, 0, -1, 0, 0, 100, 1, 0, 0, 0, 0, 'Feralfen Mystic - Attack'),
(1811305, 6, 12024, 0, -1, 0, 0, 100, 1, 0, 0, 15000, 15000, 'Feralfen Hunter - Net'),
(1811305, 5, 6660, 0, -1, 0, 0, 100, 1, 0, 0, 0, 0, 'Feralfen Hunter - Shoot'),
(1811305, 4, 31975, 0, -1, 0, 0, 100, 1, 0, 0, 8000, 8000, 'Feralfen Hunter - Serpent Sting'),
(1811305, 0, 2, 0, -1, 0, 0, 100, 1, 0, 0, 0, 0, 'Feralfen Hunter - Attack'),
(2029205, 4, 8142, 0, -1, 0, 0, 100, 1, 0, 0, 25000, 25000, 'Marsh Baron Brok - Grasping Vines'),
(2029205, 3, 9616, 0, -1, 0, 0, 100, 1, 0, 0, 15000, 15000, 'Marsh Baron Brok - Wild Regeneration'),
(2029205, 0, 2, 0, -1, 0, 0, 100, 1, 0, 0, 0, 0, 'Marsh Baron Brok - Attack'),
(2029105, 0, 2, 0, -1, 0, 0, 100, 1, 0, 0, 0, 0, 'Lagoon Walker - Attack'),
(2008905, 4, 34827, 0, -1, 0, 0, 100, 1, 0, 0, 30000, 30000, 'Bloodscale Wavecaller - Water Shield'),
(2008905, 3, 32011, 0, -1, 0, 0, 100, 1, 0, 0, 6000, 6000, 'Bloodscale Wavecaller - Water Bolt'),
(2008905, 0, 2, 0, -1, 0, 0, 100, 1, 0, 0, 0, 0, 'Bloodscale Wavecaller - Attack'),
(1812305, 4, 34789, 0, -1, 0, 0, 100, 1, 0, 0, 0, 0, 'Wrekt Slave - Shared Bonds'),
(1812305, 3, 11978, 0, -1, 0, 0, 100, 1, 0, 0, 6287, 8840, 'Wrekt Slave - Kick'),
(1812305, 0, 2, 0, -1, 0, 0, 100, 1, 0, 0, 0, 0, 'Wrekt Slave - Attack'),
(2008805, 4, 34812, 0, -1, 0, 0, 100, 1, 0, 0, 20000, 20000, 'Bloodscale Overseer - Curse of Nazjatar'),
(2008805, 3, 9080, 0, -1, 0, 0, 100, 1, 0, 0, 20000, 20000, 'Bloodscale Overseer - Hamstring'),
(2008805, 0, 2, 0, -1, 0, 0, 100, 1, 0, 0, 0, 0, 'Bloodscale Overseer - Attack'),
(1808605, 4, 34812, 0, -1, 0, 0, 100, 1, 0, 0, 16000, 16000, 'Darkcrest Taskmaster - Curse of Nazjatar'),
(1808605, 3, 34811, 0, -1, 0, 0, 100, 1, 0, 0, 12000, 12000, 'Darkcrest Taskmaster - Tail Lash'),
(1808605, 0, 2, 0, -1, 0, 0, 100, 1, 0, 0, 0, 0, 'Darkcrest Taskmaster - Attack'),
(1808705, 5, 6726, 0, -1, 0, 0, 100, 1, 0, 0, 30000, 30000, 'Darkcrest Siren - Silence'),
(1808705, 4, 11831, 0, -1, 0, 0, 100, 1, 0, 0, 30000, 30000, 'Darkcrest Siren - Frost Nova'),
(1808705, 3, 9672, 0, -1, 0, 0, 100, 1, 0, 0, 0, 0, 'Darkcrest Siren - Frostbolt'),
(1808705, 0, 2, 0, -1, 0, 0, 100, 1, 0, 0, 0, 0, 'Darkcrest Siren - Attack'),
(1834005, 0, 2, 0, -1, 0, 0, 100, 1, 0, 0, 0, 0, 'Steam Pump Overseer - Attack'),
(1812205, 4, 34789, 0, -1, 0, 0, 100, 1, 0, 0, 0, 0, 'Dreghood Drudge - Shared Bonds'),
(1812205, 0, 2, 0, -1, 0, 0, 100, 1, 0, 0, 0, 0, 'Dreghood Drudge - Attack'),
(1994705, 5, 34787, 0, -1, 0, 0, 100, 1, 0, 0, 20000, 20000, 'Darkcrest Sorceress - Freezing Circle'),
(1994705, 4, 12544, 0, -1, 0, 0, 100, 1, 0, 0, 60000, 60000, 'Darkcrest Sorceress - Frost Armor'),
(1994705, 3, 13901, 0, -1, 0, 0, 100, 1, 0, 0, 0, 0, 'Darkcrest Sorceress - Arcane Bolt'),
(1994705, 0, 2, 0, -1, 0, 0, 100, 1, 0, 0, 0, 0, 'Darkcrest Sorceress - Attack'),
(1994605, 4, 13730, 0, -1, 0, 0, 100, 1, 0, 0, 15000, 15000, 'Darkcrest Slaver - Demoralizing Shout'),
(1994605, 0, 2, 0, -1, 0, 0, 100, 1, 0, 0, 0, 0, 'Darkcrest Slaver - Attack'),
(1808005, 4, 32734, 0, -1, 0, 0, 100, 1, 0, 0, 8298, 9965, 'Kataru - Earth Shield'),
(1808005, 3, 12058, 0, -1, 0, 0, 100, 1, 0, 0, 0, 0, 'Kataru - Chain Lightning'),
(1808005, 0, 2, 0, -1, 0, 0, 100, 1, 0, 0, 0, 0, 'Kataru - Attack'),
(2011505, 4, 7289, 0, -1, 0, 0, 100, 1, 0, 0, 20000, 20000, 'Umbrafen Witchdoctor - Shrink'),
(2011505, 0, 2, 0, -1, 0, 0, 100, 1, 0, 0, 0, 0, 'Umbrafen Witchdoctor - Attack'),
(1807905, 5, 9739, 0, -1, 0, 0, 100, 1, 0, 0, 0, 0, 'Umbrafen Seer - Wrath'),
(1807905, 3, 31287, 0, -1, 0, 0, 100, 1, 0, 0, 7146, 11915, 'Umbrafen Seer - Entangling Roots'),
(1807905, 0, 2, 0, -1, 0, 0, 100, 1, 0, 0, 0, 0, 'Umbrafen Seer - Attack'),
(1807705, 5, 11986, 0, -1, 0, 0, 100, 1, 0, 0, 16000, 16000, 'Umbrafen Oracle - Healing Wave'),
(1807705, 4, 12550, 0, -1, 0, 0, 100, 1, 0, 0, 20000, 20000, 'Umbrafen Oracle - Lightning Shield'),
(1807705, 0, 2, 0, -1, 0, 0, 100, 1, 0, 0, 0, 0, 'Umbrafen Oracle - Attack');
REPLACE INTO `spell_script_target` (`entry`, `type`, `targetEntry`) VALUES (34726, 1, 18122),(34726, 1, 18123);
UPDATE `creature` SET `spawntimesecsmin` = '300', `spawntimesecsmax` = '300' WHERE `id` =18139;
REPLACE INTO `creature` (`guid`, `id`, `map`, `spawnMask`, `position_x`, `position_y`, `position_z`, `orientation`, `spawntimesecsmin`, `spawntimesecsmax`, `spawndist`, `MovementType`) VALUES
(63332, 18139, 530, 1, '206.46600341796875000000', '8484.50000000000000000000', '24.00720024108886700000', '1.19632005691528320000', 300, 300, 0, 0),
(63333, 18139, 530, 1, '203.51400756835938000000', '8482.88964843750000000000', '24.05330085754394500000', '1.18198001384735100000', 300, 300, 0, 0),
(63334, 18139, 530, 1, '207.64700317382812000000', '8481.70996093750000000000', '23.92830085754394500000', '1.19639003276824950000', 300, 300, 0, 0);
SET @SGGUID := 24004;
DELETE FROM `spawn_group` WHERE `Id` = @SGGUID;
INSERT INTO `spawn_group` (`Id`, `Name`, `Type`, `MaxCount`, `WorldState`, `Flags`, `StringId`) VALUES (@SGGUID, 'Zangarmarsh - Sporeggar Preserver (3)', 0, 0, 0, 0, 0);
DELETE FROM `spawn_group_spawn` WHERE `Id` = @SGGUID;
INSERT INTO `spawn_group_spawn` (`Id`, `Guid`, `SlotId`, `Chance`) VALUES (@SGGUID, 63332, 0, 0),(@SGGUID, 63333, 1, 0),(@SGGUID, 63334, 2, 0);
DELETE FROM `spawn_group_formation` WHERE `Id` = @SGGUID;
INSERT INTO `spawn_group_formation` (`Id`, `FormationType`, `FormationSpread`, `FormationOptions`, `PathId`, `MovementType`, `Comment`) VALUES
(@SGGUID, 3, 2, 0, @SGGUID, 2, 'Zangarmarsh - Sporeggar Preserver (3)');
DELETE FROM `waypoint_path_name` WHERE `PathId` = @SGGUID;
INSERT INTO `waypoint_path_name` (`PathId`, `Name`) VALUES (@SGGUID, 'Zangarmarsh - Sporeggar Preserver (3)');
DELETE FROM `waypoint_path` WHERE `PathId` = @SGGUID;
INSERT INTO `waypoint_path` (`PathId`, `Point`, `PositionX`, `PositionY`, `PositionZ`, `Orientation`, `WaitTime`, `ScriptId`) VALUES
(@SGGUID, 1, 186.5630, 8456.50, 23.3592, 100, 0, 0),
(@SGGUID, 2, 202.8906, 8475.405, 23.9283, 100, 0, 0),
(@SGGUID, 3, 208.5572, 8489.823, 24.0533, 100, 0, 0),
(@SGGUID, 4, 212.9379, 8500.195, 24.27468, 100, 0, 0),
(@SGGUID, 5, 204.4212, 8511.43, 24.14968, 100, 0, 0),
(@SGGUID, 6, 201.9407, 8524.075, 23.89968, 100, 0, 0),
(@SGGUID, 7, 206.7404, 8531.83, 23.39968, 100, 0, 0),
(@SGGUID, 8, 215.6782, 8537.823, 23.23662, 100, 0, 0),
(@SGGUID, 9, 217.3894, 8552.271, 22.98662, 100, 0, 0),
(@SGGUID, 10, 215.6782, 8537.823, 23.23662, 100, 0, 0),
(@SGGUID, 11, 206.7404, 8531.83, 23.39968, 100, 0, 0),
(@SGGUID, 12, 201.9407, 8524.075, 23.89968, 100, 0, 0),
(@SGGUID, 13, 204.4212, 8511.43, 24.14968, 100, 0, 0),
(@SGGUID, 14, 212.9379, 8500.195, 24.27468, 100, 0, 0),
(@SGGUID, 15, 222.2379, 8500.938, 23.77468, 100, 0, 0),
(@SGGUID, 16, 229.5589, 8505.189, 23.52468, 100, 0, 0),
(@SGGUID, 17, 233.0238, 8511.864, 23.27468, 100, 0, 0),
(@SGGUID, 18, 232.6951, 8519.922, 22.89968, 100, 0, 0),
(@SGGUID, 19, 227.2308, 8529.314, 23.39968, 100, 0, 0),
(@SGGUID, 20, 227.2308, 8529.314, 23.39968, 100, 0, 0),
(@SGGUID, 21, 232.6951, 8519.922, 22.89968, 100, 0, 0),
(@SGGUID, 22, 233.0238, 8511.864, 23.27468, 100, 0, 0),
(@SGGUID, 23, 229.5589, 8505.189, 23.52468, 100, 0, 0),
(@SGGUID, 24, 222.2379, 8500.938, 23.77468, 100, 0, 0),
(@SGGUID, 25, 212.9379, 8500.195, 24.27468, 100, 0, 0),
(@SGGUID, 26, 208.5572, 8489.823, 24.0533, 100, 0, 0),
(@SGGUID, 27, 202.8906, 8475.405, 23.9283, 100, 0, 0);
UPDATE `creature_template` SET `InhabitType` = 4 WHERE `entry` = 22085;
UPDATE `creature_template` SET `ExtraFlags` = `ExtraFlags`|1048576 WHERE `entry` = 18136;
UPDATE `creature_template` SET `ExtraFlags` = `ExtraFlags`|1048576 WHERE `entry` = 18137;
UPDATE `creature_template` SET `InhabitType` = 4, `ExtraFlags` = `ExtraFlags`&~2, `SpeedWalk` = 3.2, `SpeedRun` = 2.57143 WHERE `entry` = 22122;
DELETE FROM `creature` WHERE `id` = 22122;
UPDATE `creature_template` SET `UnitFlags` = 33555200, `SpeedWalk` = 2, `SpeedRun` = 1.71429 WHERE `entry` = 22380;
SET @GUID := 63578;
UPDATE `creature` SET `spawndist`=4, `movementtype`=1, `position_x`=294.027, `position_y`=7828.279, `position_z`=24.93297 WHERE `guid`=@GUID;
DELETE FROM `creature_movement` WHERE `id`=@GUID;
SET @GUID := 76791;
UPDATE `creature` SET `spawndist`=4, `movementtype`=1, `position_x`=292.013, `position_y`=7827.189, `position_z`=24.93297 WHERE `guid`=@GUID;
DELETE FROM `creature_movement` WHERE `id`=@GUID;

UPDATE spawn_group SET MaxCount = 10 WHERE id = 32540;

DELETE FROM `game_event_creature` where `guid` IN (SELECT `guid` FROM `creature` where `id` = 26401);
DELETE FROM `creature` WHERE `id` = 26401;

UPDATE creature SET spawndist = 0.2, MovementType = 1 WHERE id = 29708;
UPDATE creature_template SET MinLevel = 80, MaxLevel = 80, SpeedWalk = 18/2.5, SpeedRun = 30/7.0, UnitFlags = 0, InhabitType = 7, MovementType = 0 WHERE entry IN (29709);
DELETE FROM dbscripts_on_relay WHERE id IN (21243,21244,21245);
INSERT INTO dbscripts_on_relay (id, delay, command, datalong, datalong2, datalong3, buddy_entry, search_radius, data_flags, dataint, dataint2, dataint3, dataint4, x, y, z, o, comments) VALUES
(21243,10,34,21087,0,0,0,0,0,0,0,0,0,0,0,0,0,'Part of Freed Proto-Drake 29709 EAI: area check'),
(21243,1000,15,51259,0,0,0,0,0,0,0,0,0,0,0,0,0,'Part of Freed Proto-Drake 29709 EAI: warning spell'),
(21243,16000,34,21087,0,0,0,0,0,0,0,0,0,0,0,0,0,'Part of Freed Proto-Drake 29709 EAI: area check'),
(21243,16100,14,55029,0,0,0,0,0,0,0,0,0,0,0,0,0,'Part of Freed Proto-Drake 29709 EAI: Player Drop'),
(21244,1000,20,1,7,0,0,0,0x004,1,0,0,0,0,0,0,0,'Part of Brunnhildar Prisoner 29639 EAI: SET RandomMovement + RUN (dist 7)'),
(21244,1001,18,5000,0,0,0,0,0x004,1,0,0,0,0,0,0,0,'Part of Brunnhildar Prisoner 29639 EAI: despawn self'),
(21245,1,14,54894,0,0,0,0,0x004,0,0,0,0,0,0,0,0,'Part of Brunnhildar Prisoner 29639 EAI: remove aura'),
(21245,2,15,55047,0,0,0,0,0x004,0,0,0,0,0,0,0,0,'Part of Brunnhildar Prisoner 29639 EAI: cast 55047'),
(21245,3,15,55047,0,0,0,0,0x004,0,0,0,0,0,0,0,0,'Part of Brunnhildar Prisoner 29639 EAI: cast 55047'),
(21245,4,15,55047,0,0,0,0,0x004,0,0,0,0,0,0,0,0,'Part of Brunnhildar Prisoner 29639 EAI: cast 55047'),
(21245,5,15,55047,0,0,0,0,0x004,0,0,0,0,0,0,0,0,'Part of Brunnhildar Prisoner 29639 EAI: cast 55047'),
(21245,6,15,55047,0,0,0,0,0x004,0,0,0,0,0,0,0,0,'Part of Brunnhildar Prisoner 29639 EAI: cast 55047'),
(21245,7,15,55047,0,0,0,0,0x004,0,0,0,0,0,0,0,0,'Part of Brunnhildar Prisoner 29639 EAI: cast 55047'),
(21245,8,15,55047,0,0,0,0,0x004,0,0,0,0,0,0,0,0,'Part of Brunnhildar Prisoner 29639 EAI: cast 55047'),
(21245,9,15,55047,0,0,0,0,0x004,0,0,0,0,0,0,0,0,'Part of Brunnhildar Prisoner 29639 EAI: cast 55047'),
(21245,10,15,55047,0,0,0,0,0x004,0,0,0,0,0,0,0,0,'Part of Brunnhildar Prisoner 29639 EAI: cast 55047'),
(21245,11,15,55047,0,0,0,0,0x004,0,0,0,0,0,0,0,0,'Part of Brunnhildar Prisoner 29639 EAI: cast 55047');
DELETE FROM conditions WHERE condition_entry BETWEEN 21083 AND 21087;
INSERT INTO conditions (condition_entry, type, value1, value2, value3, value4, flags) VALUES (21083, 4, 4422,0,0,0,0),(21084, 4, 4437,0,0,0,0),(21085, 4, 4438,0,0,0,0),(21086, 4, 4535,0,0,0,0),(21087, -2, 21086,21085,21084,21083,0);
DELETE FROM creature_movement_template WHERE Entry = 29709;
INSERT INTO creature_movement_template (`Entry`, `pathId`, `Point`, `PositionX`, `PositionY`, `PositionZ`, `Orientation`, `WaitTime`, `ScriptId`) VALUES
(29709,1,1,7294.96,-2418.7327,823.86896,100,0,0),
(29709,1,2,7315.9844,-2331.4597,826.39716,100,0,0),
(29709,1,3,7271.8257,-2271.4795,833.59174,100,0,0),
(29709,1,4,7186.253,-2218.4753,847.56323,100,0,0),
(29709,1,5,7113.1953,-2164.2883,850.2301,100,0,0),
(29709,1,6,7078.018,-2063.106,854.75806,100,0,0),
(29709,1,7,7073.2207,-1983.382,861.9246,100,0,0),
(29709,1,8,7061.455,-1885.8987,865.11896,100,0,0),
(29709,1,9,7033.3203,-1826.7754,876.25775,100,0,0),
(29709,1,10,6999.902,-1784.0123,897.4521,100,0,0),
(29709,1,11,6954.9126,-1747.043,897.4521,100,0,0),
(29709,1,12,6933.8564,-1720.6979,882.2022,100,0,0),
(29709,1,13,6932.729,-1687.3057,866.1189,100,0,0),
(29709,1,14,6952.458,-1663.8024,849.8133,100,0,0),
(29709,1,15,7002.819,-1651.6808,831.397,100,0,0),
(29709,1,16,7026.531,-1649.2389,828.84064,100,5000,2970901),
(29709,2,1,7023.9546,-1653.0209,830.5179,100,0,0),
(29709,2,2,7024.369,-1674.0743,842.3121,100,0,0),
(29709,2,3,7009.892,-1708.0817,857.92334,100,0,0),
(29709,2,4,6985.585,-1722.4503,866.1286,100,0,0),
(29709,2,5,6952.674,-1723.7157,875.6844,100,0,0),
(29709,2,6,6915.1494,-1705.2404,888.934,100,0,0),
(29709,2,7,6887.2827,-1668.9343,906.4061,100,0,0),
(29709,2,8,6885.4087,-1634.4321,918.7952,100,0,0),
(29709,2,9,6905.096,-1602.3185,926.43414,100,0,0),
(29709,2,10,6937.0645,-1583.4703,928.68317,100,100,1);
DELETE FROM dbscripts_on_creature_movement WHERE id IN (2970901);
INSERT INTO dbscripts_on_creature_movement (id,delay,command,datalong,datalong2,datalong3,buddy_entry,search_radius,data_flags,dataint,dataint2,dataint3,dataint4,datafloat,x,y,z,o,speed,condition_id,comments) VALUES
(2970901,500,3,0,0x1,0,0,0,0x004,0,0,0,0,0,7026.531,-1649.2389,819.710,100,0,0,'AnimTier 0'),
(2970901,2000,15,55141,0,0,0,0,0,0,0,0,0,0,0,0,0,0,0,0,'cast 55141'),
(2970901,5000,15,55143,0,0,0,0,0x004,0,0,0,0,0,0,0,0,0,0,0,'cast 55143'),
(2970901,5001,14,55029,0,0,0,0,0x004,0,0,0,0,0,0,0,0,0,0,0,'remove 55029'),
(2970901,6000,3,0,0x1,0,0,0,0x004,0,3,0,0,0,7026.531,-1649.2389,828.84064,100,0,0,'AnimTier 3'),
(2970901,8000,20,3,2,0,0,0,0x004,0,0,0,0,0,0,0,0,0,0,0,'set path 2');
DELETE FROM dbscripts_on_spell WHERE id IN (55047,55048);
INSERT INTO dbscripts_on_spell (id,delay,command,datalong,datalong2,datalong3,buddy_entry,search_radius,data_flags,dataint,dataint2,dataint3,dataint4,datafloat,x,y,z,o,speed,condition_id,comments) VALUES
(55047,1,15,55048,0,0,0,0,0x004,0,0,0,0,0,0,0,0,0,0,0,''),(55048,1,14,54894,0,0,0,0,0x004,0,0,0,0,0,0,0,0,0,0,0,'');
DELETE FROM creature WHERE guid IN (54605,54606,54607);
INSERT INTO creature (guid, id, map, spawnMask, phaseMask, position_x, position_y, position_z, orientation, spawntimesecsmin, spawntimesecsmax, spawndist, MovementType) VALUES
(54605,29639,571,1,3,7311.4756,-2807.3967,799.3841,2.809980154037475585,300,300,0,0),
(54606,29639,571,1,3,7346.9272,-2804.3225,799.5508,0.837758064270019531,300,300,0,0),
(54607,29639,571,1,3,7221.723,-2811.6194,822.7162,4.537856101989746093,300,300,0,0);
DELETE FROM creature_movement_template WHERE Entry = 29639;
INSERT INTO creature_movement_template (`Entry`, `pathId`, `Point`, `PositionX`, `PositionY`, `PositionZ`, `Orientation`, `WaitTime`, `ScriptId`) VALUES
(29639,1,1,7036.458,-1627.729,820.61426,100,0,0),
(29639,1,2,7051.916,-1624.3735,828.8491,100,0,0),
(29639,1,3,7073.54,-1620.7849,826.26434,100,100,1),
(29639,2,1,7044.5537,-1667.6604,820.6143,100,0,0),
(29639,2,2,7059.668,-1664.3043,828.6731,100,0,0),
(29639,2,3,7070.859,-1662.113,827.60944,100,0,0),
(29639,2,4,7081.014,-1659.3873,826.3391,100,100,1);
DELETE FROM dbscript_random_templates WHERE id = 20389;
INSERT INTO dbscript_random_templates (id, type, target_id, chance, comments) VALUES
(20389,1,21246,0,'Brunnhildar Prisoner 29639 - Random Script 1'),
(20389,1,21247,0,'Brunnhildar Prisoner 29639 - Random Script 2');
DELETE FROM dbscripts_on_relay WHERE id IN (21246,21247);
INSERT INTO dbscripts_on_relay (id, delay, command, datalong, datalong2, datalong3, buddy_entry, search_radius, data_flags, dataint, dataint2, dataint3, dataint4, x, y, z, o, comments) VALUES
(21246,0,20,2,1,0,0,0,0x004,0,0,0,0,0,0,0,0,'Brunnhildar Prisoner 29639 - Random Script 1 - Path1'),
(21247,0,20,2,2,0,0,0,0x004,0,0,0,0,0,0,0,0,'Brunnhildar Prisoner 29639 - Random Script 2 - Path2');
DELETE FROM `spawn_group` WHERE id = 33009;
INSERT INTO `spawn_group` (`Id`, `Name`, `Type`, `MaxCount`, `WorldState`, `Flags`) VALUES
(33009, 'Storm Peaks - Brunnhildar Prisoner 29639', 0, 10, 0, 0);
DELETE FROM `spawn_group_spawn` WHERE id = 33009;
INSERT IGNORE INTO `spawn_group_spawn` (`Id`, `Guid`, `SlotId`) SELECT 33009, `Guid`, -1 FROM `creature` WHERE id = 29639;
DELETE FROM spell_script_target WHERE entry IN (55141,55145,61180);
INSERT INTO spell_script_target (`entry`, `type`, `targetEntry`, `inverseEffectMask`) VALUES (55141, 1, 29639, 0),(55145, 1, 29709, 0),(61180, 1, 29709, 0);
UPDATE `creature` SET `phaseMask` = '7' WHERE `id` =32520;
UPDATE creature_template SET StaticFlags1 = StaticFlags1|0x80000000 WHERE entry IN (32520);
UPDATE creature_template_addon SET auras = NULL WHERE entry = 32520;
DELETE FROM creature_addon WHERE guid BETWEEN 104987 AND 104993;
INSERT INTO creature_addon (guid, mount, stand_state, sheath_state, pvp_flags, emote, moveflags, auras) VALUES 
(104988,0,0,1,0,0,0,61179),(104989,0,0,1,0,0,0,55167),(104987,0,0,1,0,0,0,55228),(104993,0,0,1,0,0,0,61179),
(104991,0,0,1,0,0,0,61179),(104992,0,0,1,0,0,0,61179),(104990,0,0,1,0,0,0,55230);

UPDATE creature_template SET NpcFlags = 0, UnitFlags = 0 WHERE entry IN (29563);
UPDATE creature SET position_x = 7335.3813, position_y = -2055.097, position_z = 764.35846, orientation = 3.368485450744628906, spawndist = 0, MovementType = 0 WHERE guid = 88387;
DELETE FROM creature_addon WHERE guid IN(SELECT guid FROM creature WHERE id = 29563);
DELETE FROM creature_template_addon WHERE entry IN (29563);
INSERT INTO creature_template_addon (entry, mount, stand_state, sheath_state, pvp_flags, emote, moveflags, auras) VALUES (29563,0,7,0,0,0,0,NULL);
DELETE FROM npc_spellclick_spells WHERE npc_entry IN (29563);
INSERT INTO npc_spellclick_spells (npc_entry,spell_id,quest_start,quest_start_active,quest_end,cast_flags,condition_id) VALUES (29563,56795,12983,1,12983,3,0);
UPDATE `creature` SET `phaseMask` = '3' WHERE `guid` =88387;
DELETE FROM creature_addon WHERE guid IN(SELECT guid FROM creature WHERE id IN (29562));
DELETE FROM creature_movement WHERE id IN(SELECT guid FROM creature WHERE id IN (29562));
DELETE FROM game_event_creature WHERE guid IN(SELECT guid FROM creature WHERE id IN (29562));
DELETE FROM game_event_creature_data WHERE guid IN(SELECT guid FROM creature WHERE id IN (29562));
DELETE FROM creature_battleground WHERE guid IN(SELECT guid FROM creature WHERE id IN (29562));
DELETE FROM creature_linking WHERE guid IN(SELECT guid FROM creature WHERE id IN (29562));
DELETE FROM creature WHERE id IN (29562);
INSERT INTO `creature` (`guid`, `id`, `map`, `spawnMask`, `phaseMask`, `position_x`, `position_y`, `position_z`, `orientation`, `spawntimesecsmin`, `spawntimesecsmax`, `spawndist`, `MovementType`) VALUES
(525591, 29562, 571, 1, 3, '7266.19189500000000000000', '-2128.62085000000000000000', '778.58111600000000000000', '2.94355988502502440000', 300, 300, 3, 1),
(525592, 29562, 571, 1, 3, '7170.10595700000000000000', '-2130.86840800000000000000', '762.18115200000000000000', '1.43123996257781980000', 300, 300, 3, 1),
(525036, 29562, 571, 1, 2, '7194.68000000000000000000', '-2046.15000000000000000000', '763.28600000000000000000', '4.44049000000000000000', 300, 300, 7, 1);
DELETE FROM creature_addon WHERE guid IN(SELECT guid FROM creature WHERE id IN (29605));
DELETE FROM creature_movement WHERE id IN(SELECT guid FROM creature WHERE id IN (29605));
DELETE FROM game_event_creature WHERE guid IN(SELECT guid FROM creature WHERE id IN (29605));
DELETE FROM game_event_creature_data WHERE guid IN(SELECT guid FROM creature WHERE id IN (29605));
DELETE FROM creature_battleground WHERE guid IN(SELECT guid FROM creature WHERE id IN (29605));
DELETE FROM creature_linking WHERE guid IN(SELECT guid FROM creature WHERE id IN (29605));
DELETE FROM creature WHERE id IN (29605);
INSERT INTO `creature` (`guid`, `id`, `map`, `spawnMask`, `phaseMask`, `position_x`, `position_y`, `position_z`, `orientation`, `spawntimesecsmin`, `spawntimesecsmax`, `spawndist`, `MovementType`) VALUES
(98469, 29605, 571, 1, 2, '7192.15620000000000000000', '-2068.90670000000000000000', '766.62770000000000000000', '0.00000000000000000000', 300, 300, 0, 4),
(98472, 29605, 571, 1, 2, '7183.82000000000000000000', '-2032.85000000000000000000', '765.82300000000000000000', '0.00000000000000000000', 300, 300, 3, 1),
(98473, 29605, 571, 1, 2, '7205.88000000000000000000', '-2010.01000000000000000000', '766.30600000000000000000', '0.00000000000000000000', 300, 300, 3, 1),
(98470, 29605, 571, 1, 2, '7230.59200000000000000000', '-2087.60620000000000000000', '764.50530000000000000000', '0.00000000000000000000', 300, 300, 0, 4),
(98471, 29605, 571, 1, 3, '7249.02830000000000000000', '-2123.15040000000000000000', '778.76697000000000000000', '2.53219008445739750000', 300, 300, 0, 4),
(98474, 29605, 571, 1, 3, '7160.37402300000000000000', '-2134.91723600000000000000', '762.88708500000000000000', '0.90164899826049800000', 300, 300, 3, 1),
(98475, 29605, 571, 1, 3, '7189.80029300000000000000', '-2115.56958000000000000000', '764.41082800000000000000', '-2.21793007850646970000', 300, 300, 3, 1),
(98476, 29605, 571, 1, 3, '7268.50976562500000000000', '-2125.37988281250000000000', '778.15802001953120000000', '3.66113996505737300000', 300, 300, 3, 1),
(98477, 29605, 571, 1, 2, '7219.32370000000000000000', '-2042.13810000000000000000', '768.69520000000000000000', '0.00000000000000000000', 300, 300, 3, 1),
(98478, 29605, 571, 1, 2, '7252.81150000000000000000', '-2097.66380000000000000000', '775.60640000000000000000', '2.96272680000000000000', 300, 300, 3, 1),
(98479, 29605, 571, 1, 2, '7290.02000000000000000000', '-2071.31470000000000000000', '761.80830000000000000000', '4.34676690000000000000', 300, 300, 3, 1),
(98480, 29605, 571, 1, 2, '7333.23000000000000000000', '-2091.61000000000000000000', '771.84924000000000000000', '5.47300000000000000000', 300, 300, 3, 1),
(54804, 29605, 571, 1, 2, '7320.90400000000000000000', '-2072.27930000000000000000', '764.08480000000000000000', '3.54570000000000000000', 300, 300, 3, 1),
(54805, 29605, 571, 1, 2, '7275.53860000000000000000', '-2016.55910000000000000000', '768.16830000000000000000', '2.36665000000000000000', 300, 300, 3, 1),
(54806, 29605, 571, 1, 2, '7311.67800000000000000000', '-2016.58780000000000000000', '764.27374000000000000000', '2.39410000000000000000', 300, 300, 3, 1),
(54807, 29605, 571, 1, 2, '7224.17000000000000000000', '-1979.85330000000000000000', '766.67990000000000000000', '5.24416100000000000000', 300, 300, 3, 1),
(54808, 29605, 571, 1, 2, '7259.89800000000000000000', '-1969.19870000000000000000', '769.39840000000000000000', '0.67495900000000000000', 300, 300, 3, 1);
INSERT INTO creature_movement (`id`, `Point`, `PositionX`, `PositionY`, `PositionZ`, `Orientation`, `WaitTime`, `ScriptId`) VALUES
(98469,1,7192.1562,-2068.9067,766.6277,100,1000,0),
(98469,2,7190.2695,-2076.3015,766.40216,100,0,0),
(98469,3,7191.014,-2083.0854,765.6665,100,0,0),
(98469,4,7194.249,-2089.5144,765.17163,100,0,0),
(98469,5,7195.478,-2100.0396,765.21466,100,1000,0),
(98471,1,7249.0283,-2123.1504,778.76697,100,1000,0),
(98471,2,7239.999,-2119.225,777.62714,100,0,0),
(98471,3,7229.2085,-2117.316,777.70123,100,0,0),
(98471,4,7217.573,-2116.2354,775.2465,100,1000,0),
(98470,1,7230.592,-2087.6062,764.5053,100,1000,0),
(98470,2,7237.0337,-2080.0938,763.8347,100,0,0),
(98470,3,7247.612,-2070.4153,762.8509,100,0,0),
(98470,4,7257.9556,-2073.3406,763.96063,100,0,0),
(98470,5,7267.347,-2075.6372,764.4049,100,1000,0);

UPDATE creature_template SET MinLevel = 80, MaxLevel = 80, SpeedWalk = 2.5/2.5, SpeedRun = 14/7.0, StaticFlags2 = StaticFlags2|0x00000400, MovementType = 0 WHERE entry IN (30468);
DELETE FROM creature_movement_template WHERE Entry = 30468;
INSERT INTO creature_movement_template (`Entry`, `pathId`, `Point`, `PositionX`, `PositionY`, `PositionZ`, `Orientation`, `WaitTime`, `ScriptId`) VALUES
(30468,1,1,7319.4473,-2095.4106,773.74615,100,0,0),
(30468,1,2,7304.9463,-2107.4817,774.45325,100,0,0),
(30468,1,3,7275.178,-2114.6272,775.81744,100,0,0),
(30468,1,4,7258.9995,-2116.1494,778.6324,100,0,0),
(30468,1,5,7241.649,-2119.3562,777.85876,100,0,0),
(30468,1,6,7226.729,-2115.9358,777.3941,100,0,0),
(30468,1,7,7198.4487,-2115.3557,767.63727,100,0,0),
(30468,1,8,7188.855,-2117.3074,763.9806,100,0,0),
(30468,1,9,7177.065,-2123.511,763.0561,100,0,0),
(30468,1,10,7159.855,-2132.3533,762.40204,100,0,0),
(30468,1,11,7146.599,-2130.7388,762.18964,100,0,0),
(30468,1,12,7130.1885,-2108.9546,761.66394,100,0,0),
(30468,1,13,7122.7383,-2087.6167,763.7987,100,0,0),
(30468,1,14,7114.3955,-2070.318,765.93286,100,0,0),
(30468,1,15,7101.815,-2051.6077,765.8115,100,0,0),
(30468,1,16,7091.483,-2031.0988,765.9215,100,0,0),
(30468,1,17,7087.403,-2012.3663,767.2747,100,0,0),
(30468,1,18,7081.4062,-1985.0703,767.8664,100,0,0),
(30468,1,19,7073.8315,-1961.0276,769.3784,100,0,0),
(30468,1,20,7068.839,-1934.1348,775.50525,100,0,0),
(30468,1,21,7064.3657,-1916.7018,781.9189,100,0,0),
(30468,1,22,7070.3853,-1906.5586,785.5296,100,0,0),
(30468,1,23,7079.504,-1899.025,787.0452 ,100,0,0),
(30468,1,24,7085.339,-1887.6272,788.82135,100,0,0),
(30468,1,25,7067.283,-1884.6627,792.94836,100,0,0),
(30468,1,26,7041.699,-1884.6141,797.43744,100,0,0),
(30468,1,27,7029.2363,-1871.6406,803.4115,100,0,0),
(30468,1,28,7025.071,-1858.8763,811.19604,100,0,0),
(30468,1,29,7018.791,-1838.9681,820.1634,100,0,0),
(30468,1,30,7011.697,-1814.3834,820.6143,100,0,0),
(30468,1,31,7009.096,-1791.5015,820.68854,100,0,0),
(30468,1,32,7017.041,-1758.9684,819.53314,100,0,0),
(30468,1,33,7013.2583,-1723.9174,819.7754,100,0,0),
(30468,1,34,6995.1025,-1720.7534,820.125,100,0,0),
(30468,1,35,6975.4834,-1722.1118,820.6115,100,0,0),
(30468,1,36,6959.883,-1724.3889,820.5846,100,0,0),
(30468,1,37,6941.0254,-1720.4286,820.53687,100,0,0),
(30468,1,38,6920.026,-1709.5576,820.6429,100,0,0),
(30468,1,39,6902.995,-1697.5297,820.58984,100,0,0),
(30468,1,40,6886.746,-1682.9532,820.1381,100,0,0),
(30468,1,41,6867.681,-1684.361,819.80334,100,0,0),
(30468,1,42,6847.065,-1695.6416,819.90283,100,0,0),
(30468,1,43,6824.819,-1701.8354,820.54895,100,100,3046801);
DELETE FROM spell_area WHERE spell = 55012 AND area = 4455;
DELETE FROM spell_area WHERE spell = 72914 AND area = 4455;
INSERT INTO spell_area (spell, area, quest_start, quest_start_active, quest_end, condition_id, aura_spell, racemask, gender, autocast) VALUES (55012,4455,12841,0,0,0,0,0,2,1),(72914,4455,12841,0,0,0,0,0,2,0);
DELETE FROM vehicle_seat_addon WHERE SeatEntry=2773;
INSERT INTO vehicle_seat_addon(SeatEntry, SeatOrientation, ExitParamX, ExitParamY, ExitParamZ, ExitParamO, ExitParamValue) VALUES (2773,0,-0.960,-0.2788,0,0,1);
DELETE FROM dbscripts_on_creature_movement WHERE id IN (3046801);
INSERT INTO dbscripts_on_creature_movement (id,delay,command,datalong,datalong2,datalong3,buddy_entry,search_radius,data_flags,dataint,dataint2,dataint3,dataint4,datafloat,x,y,z,o,speed,condition_id,comments) VALUES
(3046801,1,35,5,0,0,0,0,0,0,0,0,0,0,0,0,0,0,0,0,'send event 5'),
(3046801,10,14,46598,0,0,0,0,0x004,0,0,0,0,0,0,0,0,0,0,0,'remove aura'),
(3046801,1000,18,0,0,0,0,0,0x004,0,0,0,0,0,0,0,0,0,0,0,'despawn self');

UPDATE creature_template SET StaticFlags2 = StaticFlags2|0x00000400, SpellList = 2991801 WHERE entry IN (29918);
DELETE FROM creature_template_spells WHERE entry = 29918;
DELETE FROM creature_spell_list_entry WHERE Id IN(2991801);
INSERT INTO creature_spell_list_entry(Id, Name, ChanceSupportAction, ChanceRangedAttack) VALUES (2991801, 'Warbear Matriarch 29918 - charmed Spells', 0, 0);
DELETE FROM creature_spell_list WHERE Id IN(2991801);
INSERT INTO creature_spell_list(Id, Position, SpellId, Flags, CombatCondition, TargetId, ScriptId, Availability, Probability, InitialMin, InitialMax, RepeatMin, RepeatMax, Comments) VALUES
('2991801', '3', '54459', '0', '-1', '0', '0', '100', '1','0','0','0','0', 'Warbear Matriarch 29918 - Maul'),
('2991801', '4', '54458', '0', '-1', '0', '0', '100', '1','0','0','0','0', 'Warbear Matriarch 29918 - Smash'),
('2991801', '5', '54460', '0', '-1', '0', '0', '100', '1','0','0','0','0', 'Warbear Matriarch 29918 - Charge');
DELETE FROM dbscripts_on_relay WHERE id IN (21248,21249);
INSERT INTO dbscripts_on_relay (id, delay, command, datalong, datalong2, datalong3, buddy_entry, search_radius, data_flags, dataint, dataint2, dataint3, dataint4, x, y, z, o, comments) VALUES
(21248,0,22,35,0,0,0,0,0x004,0,0,0,0,0,0,0,0,'Part of Kirgaraak 29352 EAI: temp faction'),
(21248,10000,35,5,0,0,0,0,0,0,0,0,0,0,0,0,0,'Part of Kirgaraak 29352 EAI: send event 5'),
(21249,10,34,21088,0,0,0,0,0,0,0,0,0,0,0,0,0,'Part of Warbear Matriarch 29918 EAI: area check'),
(21249,1000,15,51259,0,0,0,0,0,0,0,0,0,0,0,0,0,'Part of Warbear Matriarch 29918 EAI: warning spell'),
(21249,16000,34,21087,0,0,0,0,0,0,0,0,0,0,0,0,0,'Part of Warbear Matriarch 29918 EAI: area check'),
(21249,16100,14,56132,0,0,0,0,0,0,0,0,0,0,0,0,0,'Part of Warbear Matriarch 29918 EAI: Player Drop');
DELETE FROM conditions WHERE condition_entry = 21088;
INSERT INTO conditions (condition_entry, type, value1, value2, value3, value4, flags) VALUES (21088, -2, 21086,21083,0,0,0);

DELETE FROM `dbscripts_on_quest_end` WHERE `id` = 10253;
INSERT INTO `dbscripts_on_quest_end` (`id`, `delay`, `priority`, `command`, `datalong`, `datalong2`, `datalong3`, `buddy_entry`, `search_radius`, `data_flags`, `dataint`, `dataint2`, `dataint3`, `dataint4`, `x`, `y`, `z`, `o`, `comments`) VALUES
(10253, 0, 0, 21, 1, 0, 0, 0, 0, 0, 0, 0, 0, 0, 0, 0, 0, 0, 'Levixus the Soul Caller - Ramdor - Set Active'),
(10253, 0, 1, 29, 2, 0, 0, 0, 0, 0, 0, 0, 0, 0, 0, 0, 0, 0, 'Levixus the Soul Caller - Ramdor - Remove QuestGiver Flag'),
(10253, 0, 2, 20, 0, 0, 0, 0, 0, 0, 0, 0, 0, 0, 0, 0, 0, 0, 'Levixus the Soul Caller - Ramdor - Stop Movement'),
(10253, 6000, 0, 0, 0, 0, 0, 0, 0, 0, 17459, 0, 0, 0, 0, 0, 0, 0, 'Levixus the Soul Caller - Ramdor - Say Text'),
(10253, 6000, 1, 20, 2, 1, 0, 0, 0, 0, 0, 0, 0, 0, 0, 0, 0, 0, 'Levixus the Soul Caller - Ramdor - Start Waypoint');
UPDATE `quest_template` SET CompleteScript = 10253 WHERE entry = 10253;
DELETE FROM creature_movement_template WHERE Entry = 19417;
INSERT INTO creature_movement_template (Entry, PathId, Point, PositionX, PositionY, PositionZ, Orientation, WaitTime, ScriptId, Comment) VALUES
(19417, 1, 1, -3380.758, 5185.318, -97.35095, 100, 0, 0, 'Ramdor the Mad - Quest Waypoints'),
(19417, 1, 2, -3370.746, 5184.3066, -101.04942, 100, 100, 1941701, 'Ramdor the Mad - Quest Waypoints');
DELETE FROM `dbscripts_on_creature_movement` WHERE id = 1941701;
INSERT INTO `dbscripts_on_creature_movement` (`id`, `delay`, `priority`, `command`, `datalong`, `datalong2`, `datalong3`, `buddy_entry`, `search_radius`, `data_flags`, `dataint`, `dataint2`, `dataint3`, `dataint4`, `x`, `y`, `z`, `o`, `comments`) VALUES
(1941701, 0, 0, 20, 0, 0, 0, 0, 0, 0, 0, 0, 0, 0, 0, 0, 0, 0, 'Ramdor the Mad - Change Movement'),
(1941701, 3000, 0, 28, 8, 0, 0, 0, 0, 0, 0, 0, 0, 0, 0, 0, 0, 0, 'Ramdor the Mad - State Kneel'),
(1941701, 3000, 1, 9, 661, 5, 0, 0, 0, 0, 0, 0, 0, 0, 0, 0, 0, 0, 'Ramdor the Mad - Respawn GO'),
(1941701, 7000, 0, 13, 0, 0, 0, 183983, 5, 1, 0, 0, 0, 0, 0, 0, 0, 0, 'Ramdor the Mad - Activate GO'),
(1941701, 7000, 1, 28, 0, 0, 0, 0, 0, 0, 0, 0, 0, 0, 0, 0, 0, 0, 'Ramdor the Mad - Remove State Kneel'),
(1941701, 11000, 0, 1, 274, 0, 0, 0, 0, 0, 0, 0, 0, 0, 0, 0, 0, 0, 'Ramdor the Mad - Emote OneShotNo'),
(1941701, 11000, 1, 0, 0, 0, 0, 0, 0, 0, 17460, 0, 0, 0, 0, 0, 0, 0, 'Ramdor the Mad - Say Text'),
(1941701, 16000, 0, 3, 0, 0, 0, 0, 0, 0, 0, 0, 0, 0, -3386.392,5185.6997,-94.63212, 0, 'Ramdor the Mad - Move Point'),
(1941701, 23000, 0, 20, 1, 0, 0, 0, 0, 0, 0, 0, 0, 0, 0, 0, 0, 0, 'Ramdor the Mad - Change Movement'),
(1941701, 23000, 1, 29, 2, 1, 0, 0, 0, 0, 0, 0, 0, 0, 0, 0, 0, 0, 'Ramdor the Mad - Add Quest Flag'),
(1941701, 23000, 2, 21, 1, 0, 0, 0, 0, 0, 0, 0, 0, 0, 0, 0, 0, 0, 'Ramdor the Mad - Remove Active');
DELETE FROM `gameobject` WHERE `guid` = 661;
INSERT INTO `gameobject` (`guid`, `id`, `map`, `spawnMask`, `position_x`, `position_y`, `position_z`, `orientation`, `rotation0`, `rotation1`, `rotation2`, `rotation3`, `spawntimesecsmin`, `spawntimesecsmax`) VALUES
(661, 183983, 530, 1, -3368.968, 5184.064, -101.04955, 3.0717661, 0, 0, 0.9993906, 0.034906134, -10, -10);
UPDATE `creature_template_addon` SET `sheath_state` = '1' WHERE `entry` =19719;
DELETE FROM `creature_template_addon` WHERE `entry` = 18687;
INSERT INTO `creature_template_addon` (`entry`, `auras`, `sheath_state`) VALUES(18687, '32648', 1);
DELETE FROM `creature_template_addon` WHERE `entry` = 18904;
INSERT INTO `creature_template_addon` (`entry`, `auras`, `sheath_state`) VALUES(18904, '32648', 1);
UPDATE `creature` SET `spawntimesecsmin` = '120', `spawntimesecsmax` = '120' WHERE `id` =19416;
SET @CGUID := 58180;
DELETE FROM `creature` WHERE `guid` BETWEEN @CGUID+1 AND @CGUID+36;
INSERT INTO `creature` (`guid`, `id`, `map`, `spawnmask`, `position_x`, `position_y`, `position_z`, `orientation`, `spawntimesecsmin`, `spawntimesecsmax`, `spawndist`, `MovementType`) VALUES
(@CGUID+1, 19416, 530, 1, -3565.49, 4949.01, -8.94927, 4.34587, 120, 120, 0, 0),
(@CGUID+2, 19416, 530, 1, -3558.75, 4945.35, -8.93848, 3.14159, 120, 120, 0, 0),
(@CGUID+3, 19416, 530, 1, -3559.01, 4940.64, -8.94042, 2.54818, 120, 120, 0, 0),
(@CGUID+4, 19416, 530, 1, -3564.04, 4936.5, -8.97862, 1.65806, 120, 120, 0, 0),
(@CGUID+5, 19416, 530, 1, -3569.75, 4938.04, -8.91788, 0.750492, 120, 120, 0, 0),
(@CGUID+6, 19416, 530, 1, -3571.58, 4943.31, -8.91785, 0.0349066, 120, 120, 0, 0),
(@CGUID+7, 19416, 530, 1, -3569.86, 4949.05, -8.91787, 5.39307, 120, 120, 0, 0),
(@CGUID+8, 19416, 530, 1,  -3561.48, 4948.51, -8.96696, 3.94444, 120, 120, 0, 0),
(@CGUID+9, 19416, 530, 1, -3589.76, 4958.17, -16.0766, 5.8294, 120, 120, 0, 0),
(@CGUID+10, 19416, 530, 1, -3593.29, 4954.31, -18.6963, 6.0912, 120, 120, 0, 0),
(@CGUID+11, 19416, 530, 1, -3596.76, 4950.66, -21.2734, 6.19592, 120, 120, 0, 0),
(@CGUID+12, 19416, 530, 1, -3589.92, 4950.49, -16.0163, 6.02139, 120, 120, 0, 0),
(@CGUID+13, 19416, 530, 1, -3593.14, 4946.16, -18.3869, 6.05629, 120, 120, 0, 0),
(@CGUID+14, 19416, 530, 1, -3597.48, 4942.24, -21.6605, 0.0523599, 120, 120, 0, 0),
(@CGUID+15, 19416, 530, 1, -3590.31, 4942.29, -16.1561, 6.23083, 120, 120, 0, 0),
(@CGUID+16, 19416, 530, 1, -3593.02, 4938.92, -18.3186, 6.23083, 120, 120, 0, 0),
(@CGUID+17, 19416, 530, 1, -3596.67, 4934.44, -21.2282, 6.24828, 120, 120, 0, 0),
(@CGUID+18, 19416, 530, 1, -3589.46, 4933.08, -15.7247, 6.24828, 120, 120, 0, 0),
(@CGUID+19, 19416, 530, 1, -3593.03, 4931.01, -18.5177, 0.0698132, 120, 120, 0, 0),
(@CGUID+20, 19416, 530, 1, -3592.68, 4962.18, -18.418, 5.91667, 120, 120, 0, 0),
(@CGUID+21, 19416, 530, 1, -3604.23, 4928.09, -22.3344, 6.17847, 120, 120, 0, 0),
(@CGUID+22, 19416, 530, 1, -3610.14, 4928.86, -21.9667, 0.244346, 120, 120, 0, 0),
(@CGUID+23, 19416, 530, 1, -3604.12, 4937.79, -22.6247, 6.00393, 120, 120, 0, 0),
(@CGUID+24, 19416, 530, 1, -3610.5, 4936.8, -22.4367, 5.95157, 120, 120, 0, 0),
(@CGUID+25, 19416, 530, 1, -3604.07, 4946.47, -22.6258, 6.00393, 120, 120, 0, 0),
(@CGUID+26, 19416, 530, 1, -3610.09, 4946.13, -22.5592, 6.02139, 120, 120, 0, 0),
(@CGUID+27, 19416, 530, 1, -3603.88, 4954.56, -22.6258, 6.00393, 120, 120, 0, 0),
(@CGUID+28, 19416, 530, 1, -3609.91, 4954.75, -22.6166, 6.05629, 120, 120, 0, 0),
(@CGUID+29, 19416, 530, 1, -3603.55, 4962.41, -22.6258, 6.0912, 120, 120, 0, 0),
(@CGUID+30, 19416, 530, 1, -3609.72, 4962.55, -22.6258, 5.91667, 120, 120, 0, 0),
(@CGUID+31, 19416, 530, 1, -3596.54, 4959.32, -21.3144, 6.05629, 120, 120, 0, 0);

UPDATE `creature` SET `MovementType` = 2 WHERE `id` = 7233;
DELETE FROM `creature_movement_template` WHERE `entry` = 7233;
INSERT INTO `creature_movement_template` (`entry`, `point`, `positionx`, `positiony`, `positionz`, `orientation`, `waittime`, `ScriptId`) VALUES
(7233, 1, 1250.2, -2989.1, 92.013, 100, 5000, 0),
(7233, 2, 1243.54, -2995.17, 91.7152, 100, 0, 0),
(7233, 3, 1236.79, -2994.62, 91.6789, 4.46804, 15000, 0);
UPDATE `creature` SET `MovementType` = 2 WHERE `guid` = 18872;
DELETE FROM `creature_movement` WHERE `id` = 18872;
INSERT INTO `creature_movement` (`id`, `point`, `positionx`, `positiony`, `positionz`, `orientation`, `waittime`, `ScriptId`) VALUES
(18872, 1, -3.25799, -3652.25, 27.4564, 100, 0, 0),
(18872, 2, 0.177813, -3648.13, 27.4543, 100, 2000, 0),
(18872, 3, 0.144287, -3647.29, 27.444, 100, 7000, 0),
(18872, 4, -2.63763, -3650.74, 27.4736, 100, 0, 0),
(18872, 5, -7.90023, -3654.5, 27.5215, 100, 0, 0),
(18872, 6, -20.9433, -3653.2, 28.1662, 100, 0, 0),
(18872, 7, -24.7774, -3654.66, 28.2013, 100, 30000, 1490102),
(18872, 8, -14.5986, -3658.9, 27.5461, 100, 0, 0),
(18872, 9, -9.02303, -3658.26, 27.4323, 100, 0, 0);
DELETE FROM `dbscripts_on_creature_movement` WHERE `id` = 1490102;
INSERT INTO `dbscripts_on_creature_movement` (`id`,`command`, `datalong`, `datalong2`, `data_flags`, `comments`) VALUES (1490102, 20, 1, 10, 0, 'Peon - MovementType 1 and Spawndist 10');
UPDATE `creature` SET `position_x` = '-15.44639968872070300000',`position_y` = '-3596.93994140625000000000',`position_z` = '29.38089942932129000000',`orientation` = '0.31461098790168760000',`MovementType` = 2 WHERE `guid` = 126844;
DELETE FROM `creature_movement` WHERE `id` = 13773;
INSERT INTO `creature_movement` (`id`, `point`, `positionx`, `positiony`, `positionz`, `orientation`, `waittime`, `ScriptId`) VALUES
(126844, 1, -15.4464, -3596.94, 29.3809, 100, 180000, 1490103),
(126844, 2, -11.3165, -3598.43, 29.5024, 100, 0, 0),
(126844, 3, -0.019636, -3604.77, 28.0801, 100, 0, 0),
(126844, 4, 6.76175, -3610.11, 27.2468, 100, 0, 0),
(126844, 5, 5.11723, -3616.32, 27.2354, 100, 0, 0),
(126844, 6, -8.21167, -3632.89, 27.4275, 100, 0, 0),
(126844, 7, -12.9296, -3628.42, 27.3826, 1.37923, 10000, 1490101),
(126844, 8, -10.0537, -3630.23, 27.3955, 100, 0, 0),
(126844, 9, -5.77771, -3629.71, 27.3532, 100, 0, 0),
(126844, 10, 1.80455, -3622.63, 27.2553, 100, 0, 0),
(126844, 11, 5.96865, -3613.71, 27.2366, 100, 0, 0),
(126844, 12, 9.78298, -3604.09, 27.2572, 100, 0, 0),
(126844, 13, 7.8457, -3593.53, 27.3611, 100, 0, 0),
(126844, 14, -2.5139, -3587.95, 27.5999, 100, 2000, 0),
(126844, 15, 4.58175, -3590.9, 27.4462, 100, 0, 0),
(126844, 16, 8.31512, -3599.14, 27.3059, 100, 0, 0),
(126844, 17, 9.08023, -3604.5, 27.2624, 100, 0, 0),
(126844, 18, 2.52405, -3605.41, 27.4355, 100, 0, 0);
DELETE FROM `dbscripts_on_creature_movement` WHERE `id` = 1490103;
INSERT INTO `dbscripts_on_creature_movement` (`id`,`command`, `datalong`, `datalong2`, `data_flags`, `comments`) VALUES (1490103, 20, 1, 5, 0, 'Peon - MovementType 1 and Spawndist 5');
DELETE FROM `dbscripts_on_creature_movement` WHERE `id` = 1490101;
INSERT INTO `dbscripts_on_creature_movement` (`id`, `delay`, `command`, `datalong`, `data_flags`, `comments`) VALUES (1490101, 4000, 1, 25, 4, 'Peon - Emote');
UPDATE `creature` SET `spawntimesecsmin` = '300', `spawntimesecsmax` = '300' WHERE `guid` =35417;
UPDATE `creature` SET `MovementType` = 2 WHERE `id` = 8307;
DELETE FROM `creature_movement_template` WHERE `entry` = 8307;
INSERT INTO `creature_movement_template` (`entry`, `point`, `positionx`, `positiony`, `positionz`, `orientation`, `waittime`, `ScriptId`) VALUES
(8307, 1, -555.068, -2966.62, 91.6705, 100, 120000, 830702),
(8307, 2, -557.7, -2966.81, 91.6677, 100, 0, 0),
(8307, 3, -557.72, -2967.72, 91.6677, 100, 5000, 830701);
DELETE FROM `dbscripts_on_creature_movement` WHERE `id` = 830701;
INSERT INTO `dbscripts_on_creature_movement` (`id`, `delay`, `command`, `datalong`, `data_flags`, `comments`) VALUES
(830701, 2000, 28, 8, 4, 'Tarban - Kneel'), (830701, 4000, 28, 0, 4, 'Tarban - Stand');
DELETE FROM `dbscripts_on_creature_movement` WHERE `id` = 830702;
INSERT INTO `dbscripts_on_creature_movement` (`id`, `command`, `datalong`, `datalong2`, `data_flags`, `comments`) VALUES (830702, 20, 1, 3, 0, 'Tarban - MovementType 1 and Spawndist 3');
UPDATE `creature` SET `MovementType` = 2 WHERE `guid` = 34847 AND `id` = 11438;
DELETE FROM `creature_movement_template` WHERE `entry` = 11438;
INSERT INTO `creature_movement_template` (`entry`, `point`, `positionx`, `positiony`, `positionz`, `orientation`, `waittime`, `ScriptId`) VALUES
(11438, 1, -715.986, 1431.79, 90.5104, 0.526435, 35000, 1143801),
(11438, 2, -715.626, 1427.62, 90.5727, 4.79836, 7000, 1143802),
(11438, 3, -724.091, 1427.08, 90.3854, 3.21158, 5000, 1143803);
DELETE FROM `dbscripts_on_creature_movement` WHERE `id` BETWEEN 1143801 AND 1143803;
INSERT INTO `dbscripts_on_creature_movement` (`id`, `delay`, `command`, `datalong`, `o`, `comments`) VALUES
(1143801, 10000, 1, 10, 0, 'Bibbly - Emote'), (1143801, 14000, 1, 0, 0, 'Bibbly - Emote'),
(1143802, 4000, 1, 11, 0, 'Bibbly - Emote'), (1143803, 2000, 1, 21, 0, 'Bibbly - Emote');

SET @ENTRY := 1657;
UPDATE `creature` SET `position_x` = 2631.66,  `position_y` = 899.199,  `position_z` = 112.134,  `orientation` = 0, `spawndist` = 0, `MovementType` = 2 WHERE `guid` = 18118 AND `id` = 1657;
UPDATE `creature` SET `spawndist`=0, `movementtype`=2 WHERE `id`=@ENTRY;
DELETE FROM `creature_movement_template` WHERE `entry`=@ENTRY;
INSERT INTO `creature_movement_template` (`entry`,`point`,`positionx`,`positiony`,`positionz`,`orientation`,`waittime`,`scriptid`) VALUES
(@ENTRY, 1, 2582.32, 884.58, 102.23, 100, 1, 165701),
(@ENTRY, 2, 2631.66, 899.19, 112.13, 100, 1, 165702);
DELETE FROM `dbscripts_on_creature_movement` WHERE `id` = 165701;
INSERT INTO `dbscripts_on_creature_movement` (`id`, `delay`, `command`, `datalong`, `datalong2`, `datalong3`, `data_flags`, `comments`) VALUES
(165701, 0, 20, 1, 10, 20000, 12, 'Devlin Agamand - MovementType 1, Spawndist 10, 20secs'),
(165701, 20000, 0, 912, 0, 0, 0, 'Devlin Agamand - Random OOC Texts');
DELETE FROM `dbscripts_on_creature_movement` WHERE `id` = 165702;
INSERT INTO `dbscripts_on_creature_movement` (`id`, `delay`, `command`, `datalong`, `datalong2`, `datalong3`, `data_flags`, `comments`) VALUES
(165702, 0, 20, 1, 10, 15000, 12, 'Devlin Agamand - MovementType 1, Spawndist 10, 15secs');

DELETE FROM creature_addon WHERE guid IN(SELECT guid FROM creature WHERE id IN (18088,18089));
DELETE FROM creature_movement WHERE id IN(SELECT guid FROM creature WHERE id IN (18088,18089));
DELETE FROM game_event_creature WHERE guid IN(SELECT guid FROM creature WHERE id IN (18088,18089));
DELETE FROM game_event_creature_data WHERE guid IN(SELECT guid FROM creature WHERE id IN (18088,18089));
DELETE FROM creature_battleground WHERE guid IN(SELECT guid FROM creature WHERE id IN (18088,18089));
DELETE FROM creature_linking WHERE guid IN(SELECT guid FROM creature WHERE id IN (18088,18089));
DELETE FROM creature WHERE id IN (18088,18089);
INSERT INTO `creature` (`guid`, `id`, `map`, `spawnMask`, `position_x`, `position_y`, `position_z`, `orientation`, `spawntimesecsmin`, `spawntimesecsmax`, `spawndist`, `MovementType`) VALUES
(85124, 0, 530, 1, '742.59802246093750000000', '8255.95996093750000000000', '-1.95762002468109130000', '1.03469002246856700000', 300, 300, 5, 1),
(85125, 0, 530, 1, '731.57397460937500000000', '8152.75976562500000000000', '17.67329978942871000000', '3.27092003822326660000', 300, 300, 5, 1),
(85126, 0, 530, 1, '397.02398681640625000000', '8140.62988281250000000000', '22.64669990539550800000', '3.13956999778747560000', 300, 300, 5, 1),
(85127, 0, 530, 1, '660.52697753906250000000', '8085.60009765625000000000', '27.53809928894043000000', '5.69764995574951200000', 300, 300, 5, 1),
(85128, 0, 530, 1, '525.54199218750000000000', '8164.16015625000000000000', '22.53440093994140600000', '1.44776999950408940000', 300, 300, 5, 1),
(85129, 0, 530, 1, '554.76202392578120000000', '8167.12988281250000000000', '23.86409950256347700000', '5.18988990783691400000', 300, 300, 5, 1),
(85130, 0, 530, 1, '481.10800170898440000000', '8248.37988281250000000000', '15.53040027618408200000', '2.72515010833740230000', 300, 300, 5, 1),
(85131, 0, 530, 1, '527.46301269531250000000', '8211.24023437500000000000', '22.56979942321777300000', '1.07211995124816900000', 300, 300, 5, 1),
(85132, 0, 530, 1, '512.93499755859380000000', '8233.38964843750000000000', '20.10169982910156200000', '1.55127000808715820000', 300, 300, 5, 1),
(85133, 0, 530, 1, '512.61499023437500000000', '8104.14990234375000000000', '20.43300056457519500000', '5.72617006301879900000', 300, 300, 5, 1),
(85134, 0, 530, 1, '460.19400024414060000000', '8213.01953125000000000000', '19.05820083618164000000', '1.88235998153686520000', 300, 300, 5, 1),
(85135, 0, 530, 1, '552.90899658203120000000', '8252.54980468750000000000', '3.18134999275207500000', '0.61747002601623540000', 300, 300, 5, 1),
(85136, 0, 530, 1, '517.46899414062500000000', '8278.66992187500000000000', '4.31523990631103500000', '4.10326004028320300000', 300, 300, 5, 1),
(85137, 0, 530, 1, '579.44299316406250000000', '8274.70996093750000000000', '-16.36779975891113300000', '4.22492980957031250000', 300, 300, 5, 1),
(85199, 0, 530, 1, '546.01098632812500000000', '8165.41015625000000000000', '22.57970046997070300000', '0.00338507001288235200', 300, 300, 0, 2),
(85138, 0, 530, 1, '583.72998046875000000000', '8215.54003906250000000000', '6.31232023239135700000', '5.65458011627197300000', 300, 300, 5, 1),
(85139, 0, 530, 1, '310.12600000000000000000', '8218.67000000000000000000', '6.55403000000000000000', '0.72361400000000000000', 300, 300, 5, 1),
(85140, 0, 530, 1, '359.07500000000000000000', '8243.69000000000000000000', '0.19361000000000000000', '2.22218000000000000000', 300, 300, 5, 1),
(85141, 0, 530, 1, '383.14200000000000000000', '8220.12000000000000000000', '1.28425000000000000000', '2.45074000000000000000', 300, 300, 5, 1),
(85142, 0, 530, 1, '702.91497802734380000000', '8064.06005859375000000000', '25.67510032653808600000', '1.63101994991302500000', 300, 300, 5, 1),
(85143, 0, 530, 1, '751.07800292968750000000', '8118.79980468750000000000', '18.81509971618652300000', '2.65128993988037100000', 300, 300, 5, 1),
(85144, 0, 530, 1, '757.38397216796880000000', '8179.89013671875000000000', '5.46196985244751000000', '2.05753993988037100000', 300, 300, 5, 1),
(85145, 0, 530, 1, '413.18400000000000000000', '8253.54000000000000000000', '-0.07565210000000000000', '1.80139000000000000000', 300, 300, 5, 1),
(85146, 0, 530, 1, '715.76202392578120000000', '8220.50000000000000000000', '16.88120079040527300000', '1.66993999481201170000', 300, 300, 5, 1),
(85147, 0, 530, 1, '408.83800000000000000000', '8181.65000000000000000000', '17.87590000000000000000', '0.93726000000000000000', 300, 300, 5, 1),
(85148, 0, 530, 1, '682.89898681640620000000', '8249.37988281250000000000', '22.94359970092773400000', '4.62801980972290000000', 300, 300, 5, 1),
(85200, 0, 530, 1, '681.71801757812500000000', '8201.09960937500000000000', '22.89259910583496000000', '4.84509992599487300000', 300, 300, 0, 2),
(85149, 0, 530, 1, '377.89600000000000000000', '8154.99000000000000000000', '22.64990000000000000000', '2.80228000000000000000', 300, 300, 5, 1),
(85150, 0, 530, 1, '695.91998291015620000000', '8111.75976562500000000000', '25.38809967041015600000', '3.35249996185302730000', 300, 300, 5, 1),
(85151, 0, 530, 1, '648.95800781250000000000', '8143.75000000000000000000', '25.35589981079101600000', '4.71238994598388700000', 300, 300, 5, 1),
(85152, 0, 530, 1, '640.59997558593750000000', '8165.35009765625000000000', '22.89749908447265600000', '3.70377993583679200000', 300, 300, 5, 1),
(85153, 0, 530, 1, '620.45599365234380000000', '8179.50000000000000000000', '22.15119934082031200000', '5.15920019149780300000', 300, 300, 5, 1),
(85154, 0, 530, 1, '450.72600000000000000000', '8292.84000000000000000000', '-2.87728000000000000000', '5.25178000000000000000', 300, 300, 5, 1),
(85155, 0, 530, 1, '553.95300000000000000000', '8419.67000000000000000000', '22.42770000000000000000', '4.18185000000000000000', 300, 300, 5, 1),
(85156, 0, 530, 1, '547.08000000000000000000', '8388.04000000000000000000', '21.77510000000000000000', '3.86759000000000000000', 300, 300, 5, 1),
(85157, 0, 530, 1, '512.42200000000000000000', '8437.98000000000000000000', '19.64670000000000000000', '3.53042000000000000000', 300, 300, 5, 1),
(85158, 0, 530, 1, '490.19700000000000000000', '8441.99000000000000000000', '21.21950000000000000000', '2.24615000000000000000', 300, 300, 5, 1),
(85159, 0, 530, 1, '478.50700000000000000000', '8412.07000000000000000000', '22.19530000000000000000', '0.83493100000000000000', 300, 300, 5, 1),
(85201, 0, 530, 1, '398.44601440429690000000', '8160.10986328125000000000', '19.84149932861328000000', '5.21292018890380900000', 300, 300, 0, 2),
(85160, 0, 530, 1, '647.50700000000000000000', '8288.42000000000000000000', '-1.36123000000000000000', '2.28552000000000000000', 300, 300, 5, 1),
(85161, 0, 530, 1, '380.41400146484375000000', '8090.22021484375000000000', '20.20450019836425800000', '0.52399498224258420000', 300, 300, 5, 1),
(85162, 0, 530, 1, '483.50399780273440000000', '8125.50000000000000000000', '22.09140014648437500000', '2.24888992309570300000', 300, 300, 5, 1),
(85163, 18088, 530, 1, '614.97802734375000000000', '8114.62011718750000000000', '18.14990043640136700000', '2.10774993896484380000', 300, 300, 5, 1),
(85164, 18088, 530, 1, '562.61499023437500000000', '8156.72998046875000000000', '23.83740043640136700000', '3.36847996711730960000', 300, 300, 0, 0),
(85165, 18088, 530, 1, '533.19201660156250000000', '8066.16992187500000000000', '28.01840019226074200000', '1.98968005180358890000', 300, 300, 0, 0),
(85166, 18088, 530, 1, '528.40899658203120000000', '8065.87988281250000000000', '28.01840019226074200000', '0.92502498626708980000', 300, 300, 0, 0),
(85167, 18088, 530, 1, '454.16699218750000000000', '8104.16992187500000000000', '20.77140045166015600000', '2.43558001518249500000', 300, 300, 5, 1),
(85168, 18088, 530, 1, '420.29901123046875000000', '8114.68017578125000000000', '18.03499984741211000000', '5.70023012161254900000', 300, 300, 5, 1),
(85169, 18088, 530, 1, '560.91998291015620000000', '8162.95019531250000000000', '23.97100067138672000000', '3.49065995216369630000', 300, 300, 0, 0),
(85170, 18089, 530, 1, '665.01000976562500000000', '8011.45996093750000000000', '17.75069999694824200000', '5.86460018157959000000', 300, 300, 5, 1),
(85171, 18089, 530, 1, '720.90197753906250000000', '8023.22998046875000000000', '18.90130043029785000000', '0.62567299604415890000', 300, 300, 5, 1),
(85172, 18089, 530, 1, '756.40002441406250000000', '8042.64013671875000000000', '17.49909973144531200000', '0.82064801454544070000', 300, 300, 5, 1),
(85173, 18089, 530, 1, '722.36499023437500000000', '8075.12988281250000000000', '23.39940071105957000000', '5.58571004867553700000', 300, 300, 5, 1),
(85174, 18089, 530, 1, '697.43798828125000000000', '8168.95019531250000000000', '22.33130073547363300000', '0.07789999991655350000', 300, 300, 5, 1),
(85175, 18089, 530, 1, '697.10101318359380000000', '8223.20019531250000000000', '22.27589988708496000000', '6.01130008697509800000', 300, 300, 5, 1),
(85176, 18089, 530, 1, '659.52697753906250000000', '8118.72998046875000000000', '26.92939949035644500000', '0.33611300587654114000', 300, 300, 5, 1),
(85177, 18089, 530, 1, '599.80999755859380000000', '8095.85986328125000000000', '17.58049964904785000000', '4.67635011672973600000', 300, 300, 5, 1),
(85178, 18089, 530, 1, '586.28698730468750000000', '8152.00000000000000000000', '21.12400054931640600000', '3.13985200284973140000', 300, 300, 5, 1),
(85202, 18089, 530, 1, '597.75097656250000000000', '8093.37011718750000000000', '17.52939987182617200000', '4.70945978164672850000', 300, 300, 0, 2),
(85179, 18089, 530, 1, '563.54199218750000000000', '8051.04003906250000000000', '23.02109909057617200000', '0.46295699477195740000', 300, 300, 5, 1),
(85180, 18089, 530, 1, '621.03002929687500000000', '8058.70019531250000000000', '22.25970077514648400000', '4.73972988128662100000', 300, 300, 5, 1),
(85181, 18089, 530, 1, '527.78100585937500000000', '8084.10009765625000000000', '22.88529968261718800000', '1.64060997962951660000', 300, 300, 0, 0),
(85182, 18089, 530, 1, '532.55102539062500000000', '8084.33007812500000000000', '22.91850090026855500000', '1.60570001602172850000', 300, 300, 0, 0),
(85183, 18089, 530, 1, '506.58099365234375000000', '8355.65039062500000000000', '11.74860000610351600000', '0.54410499334335330000', 300, 300, 5, 1),
(85184, 18089, 530, 1, '309.51000976562500000000', '8145.16992187500000000000', '21.37409973144531200000', '2.14489006996154800000', 300, 300, 5, 1),
(85185, 18089, 530, 1, '509.82901000976560000000', '8020.12011718750000000000', '18.12509918212890600000', '2.44335007667541500000', 300, 300, 5, 1),
(85186, 18089, 530, 1, '486.67498779296875000000', '8169.83007812500000000000', '21.78650093078613300000', '1.94260001182556150000', 300, 300, 5, 1),
(85187, 18089, 530, 1, '484.39199829101560000000', '8207.57031250000000000000', '22.47109985351562500000', '5.25488996505737300000', 300, 300, 5, 1),
(85188, 18089, 530, 1, '501.96499633789060000000', '8061.12988281250000000000', '23.53269958496093800000', '2.59331011772155760000', 300, 300, 5, 1),
(85189, 18089, 530, 1, '617.58001708984380000000', '7979.29003906250000000000', '22.44169998168945300000', '3.23109006881713870000', 300, 300, 5, 1),
(85190, 18089, 530, 1, '512.10699462890620000000', '8154.56005859375000000000', '21.73550033569336000000', '3.03505992889404300000', 300, 300, 5, 1),
(85191, 18089, 530, 1, '454.87100219726560000000', '8021.35986328125000000000', '20.37980079650879000000', '3.85799002647399900000', 300, 300, 5, 1),
(85192, 18089, 530, 1, '536.45800781250000000000', '8173.43994140625000000000', '21.98909950256347700000', '3.14159011840820300000', 300, 300, 5, 1),
(85193, 18089, 530, 1, '401.01199340820310000000', '8044.22021484375000000000', '22.71759986877441400000', '3.89326000213623050000', 300, 300, 5, 1),
(85194, 18089, 530, 1, '588.03198242187500000000', '8005.54980468750000000000', '17.45870018005371000000', '1.84105002880096440000', 300, 300, 5, 1),
(85203, 18089, 530, 1, '548.11401367187500000000', '8074.81005859375000000000', '22.98200035095215000000', '4.61636018753051800000', 300, 300, 0, 2),
(85195, 18089, 530, 1, '544.40301513671880000000', '8114.12011718750000000000', '21.60050010681152300000', '5.82196998596191400000', 300, 300, 5, 1),
(85196, 18089, 530, 1, '457.35501098632810000000', '8151.04003906250000000000', '23.02449989318847700000', '1.90269994735717770000', 300, 300, 5, 1),
(85197, 18089, 530, 1, '618.98101806640620000000', '8249.17968750000000000000', '22.49749946594238300000', '1.07176005840301510000', 300, 300, 5, 1);
REPLACE INTO `creature_spawn_entry` (`guid`, `entry`) SELECT `guid`, 18088 FROM `creature` WHERE `guid` IN (85124,85125,85126,85127,85128,85129,85130,85131,85132,85133,85134,85135,85136,85137,85199,
85138,85139,85140,85141,85142,85143,85144,85145,85146,85147,85148,85200,85149,85150,85151,85152,85153,85154,85155,85156,85157,85158,85159,85201,85160,85161,85162);
REPLACE INTO `creature_spawn_entry` (`guid`, `entry`) SELECT `guid`, 18089 FROM `creature` WHERE `guid` IN (85124,85125,85126,85127,85128,85129,85130,85131,85132,85133,85134,85135,85136,85137,85199,
85138,85139,85140,85141,85142,85143,85144,85145,85146,85147,85148,85200,85149,85150,85151,85152,85153,85154,85155,85156,85157,85158,85159,85201,85160,85161,85162);
INSERT INTO `creature_movement` (`Id`, `Point`, `PositionX`, `PositionY`, `PositionZ`, `Orientation`, `WaitTime`, `ScriptId`, `Comment`) VALUES
(85202, 1, 597.751, 8093.37, 17.5294, 4.70946, 0, 0, NULL),
(85202, 2, 599.595, 8056.27, 18.0544, 4.77229, 0, 0, NULL),
(85202, 3, 598.944, 8024.33, 17.3757, 4.28142, 0, 0, NULL),
(85202, 4, 592.211, 7997.63, 17.4861, 4.54845, 0, 0, NULL),
(85202, 5, 598.833, 8024.4, 17.3758, 1.54823, 0, 0, NULL),
(85202, 6, 600.077, 8054.87, 18.1323, 1.56787, 0, 0, NULL),
(85202, 7, 597.535, 8092.81, 17.5372, 1.61499, 0, 0, NULL),
(85202, 8, 600.602, 8122.23, 17.3794, 1.61499, 0, 0, NULL),
(85202, 9, 595.849, 8165.26, 16.1646, 1.71317, 0, 0, NULL),
(85202, 10, 588.099, 8195.48, 5.49261, 1.96842, 0, 0, NULL),
(85202, 11, 564.907, 8234.51, 5.44063, 2.43966, 0, 0, NULL),
(85202, 12, 539.907, 8266.35, 3.72243, 2.1687, 0, 0, NULL),
(85202, 13, 565.186, 8233.73, 5.59172, 5.21212, 0, 0, NULL),
(85202, 14, 588.501, 8194.87, 6.15525, 4.90582, 0, 0, NULL),
(85202, 15, 596.079, 8166.03, 16.836, 4.85476, 0, 0, NULL),
(85202, 16, 600.604, 8121.46, 17.3773, 4.50134, 0, 0, NULL),
(85203, 1, 548.981, 8075.32, 23.0796, 4.76291, 0, 0, NULL),
(85203, 2, 547.806, 8058.79, 22.4594, 5.34018, 0, 0, NULL),
(85203, 3, 558.305, 8050.46, 22.2281, 4.22884, 0, 0, NULL),
(85203, 4, 556.605, 8047.4, 22.3167, 2.95493, 0, 0, NULL),
(85203, 5, 549.945, 8048.98, 22.0952, 3.16227, 0, 0, NULL),
(85203, 6, 523.714, 8046.16, 21.918, 2.88738, 0, 0, NULL),
(85203, 7, 506.246, 8051.75, 22.5095, 2.1923, 0, 0, NULL),
(85203, 8, 504.486, 8059.13, 22.9405, 2.14125, 0, 0, NULL),
(85203, 9, 513.384, 8064.03, 22.4241, 1.56791, 0, 0, NULL),
(85203, 10, 513.982, 8084.93, 21.9235, 2.21587, 0, 0, NULL),
(85203, 11, 507.046, 8093.93, 20.5931, 1.37156, 0, 0, NULL),
(85203, 12, 513.439, 8103.27, 20.356, 5.974, 0, 0, NULL),
(85203, 13, 523.643, 8098.92, 21.716, 5.54203, 0, 0, NULL),
(85203, 14, 534.716, 8087.06, 22.9554, 5.83106, 0, 0, NULL),
(85203, 15, 545.431, 8086.37, 22.565, 5.83106, 0, 0, NULL),
(85200, 1, 680.546, 8198.32, 22.4402, 4.77786, 0, 0, NULL),
(85200, 2, 688.359, 8186.84, 22.691, 5.33313, 0, 0, NULL),
(85200, 3, 681.025, 8180.22, 22.8031, 2.30699, 0, 0, NULL),
(85200, 4, 674.503, 8187.9, 22.1566, 3.04527, 0, 0, NULL),
(85200, 5, 664.644, 8188.86, 21.95, 3.72385, 0, 0, NULL),
(85200, 6, 654.011, 8179.89, 22.2575, 3.91941, 0, 0, NULL),
(85200, 7, 650.442, 8182.51, 22.6986, 1.26791, 0, 0, NULL),
(85200, 8, 659.286, 8192.51, 22.429, 1.79884, 0, 0, NULL),
(85200, 9, 657.192, 8204.24, 22.217, 2.20175, 0, 0, NULL),
(85200, 10, 646.51, 8217.68, 22.845, 1.57343, 0, 0, NULL),
(85200, 11, 651.259, 8222.42, 22.8573, 5.66064, 0, 0, NULL),
(85200, 12, 654.602, 8217.49, 22.2096, 0.216261, 0, 0, NULL),
(85200, 13, 660.208, 8218.73, 23.0653, 0.78489, 0, 0, NULL),
(85200, 14, 665.959, 8227.93, 22.789, 0.363916, 0, 0, NULL),
(85200, 15, 674.136, 8231.04, 22.7715, 6.01878, 0, 0, NULL),
(85200, 16, 679.885, 8225.61, 22.8796, 4.77157, 0, 0, NULL),
(85200, 17, 676.429, 8216.4, 22.8327, 4.35374, 0, 0, NULL),
(85199, 1, 548.791, 8166.47, 22.9498, 0.364668, 0, 0, NULL),
(85199, 2, 535.478, 8167.64, 22.3342, 2.93685, 0, 0, NULL),
(85199, 3, 519.146, 8174.22, 22.838, 3.1976, 0, 0, NULL),
(85199, 4, 501.682, 8170.76, 21.3579, 3.1976, 0, 0, NULL),
(85199, 5, 486.688, 8170.98, 21.7447, 3.10335, 0, 0, NULL),
(85199, 6, 469.989, 8179.23, 22.4218, 1.83886, 0, 0, NULL),
(85199, 7, 466.312, 8193.96, 22.8337, 1.28908, 0, 0, NULL),
(85199, 8, 470.449, 8220.09, 20.3016, 0.939579, 0, 0, NULL),
(85199, 9, 465.833, 8232.47, 19.7122, 0.521747, 0, 0, NULL),
(85199, 10, 473.645, 8237.79, 19.3708, 5.96455, 0, 0, NULL),
(85199, 11, 486.374, 8235.79, 19.7923, 0.081137, 0, 0, NULL),
(85199, 12, 495.573, 8240.89, 20.0896, 5.78627, 0, 0, NULL),
(85199, 13, 512.21, 8232.42, 20.4297, 5.67081, 0, 0, NULL),
(85199, 14, 524.926, 8220.61, 22.9511, 4.99537, 0, 0, NULL),
(85199, 15, 530.409, 8206.36, 22.5877, 5.24905, 0, 0, NULL),
(85199, 16, 532.888, 8193.42, 23.6004, 4.4236, 0, 0, NULL),
(85199, 17, 529.07, 8180.57, 22.381, 4.4236, 0, 0, NULL),
(85199, 18, 534.776, 8167.29, 22.4258, 5.26476, 0, 0, NULL),
(85201, 1, 398.446, 8160.11, 19.8415, 5.21292, 0, 0, NULL),
(85201, 2, 410.874, 8139.04, 20.1426, 4.36076, 0, 0, NULL),
(85201, 3, 407.917, 8128.45, 19.3588, 3.17559, 0, 0, NULL),
(85201, 4, 399.647, 8123.47, 18.0479, 3.59578, 0, 0, NULL),
(85201, 5, 367.727, 8106.89, 17.9999, 2.69964, 0, 0, NULL),
(85201, 6, 353.933, 8111.69, 18.512, 1.97707, 0, 0, NULL),
(85201, 7, 340.854, 8135.05, 19.126, 1.70611, 0, 0, NULL),
(85201, 8, 341.972, 8157.48, 19.5767, 1.11313, 0, 0, NULL),
(85201, 9, 347.345, 8169.77, 19.2366, 0.673308, 0, 0, NULL),
(85201, 10, 367.749, 8187.49, 22.304, 0.288463, 0, 0, NULL),
(85201, 11, 391.783, 8186.65, 20.838, 4.87519, 0, 0, NULL);

DELETE FROM creature_addon WHERE guid IN(SELECT guid FROM creature WHERE id IN (18086,18087));
DELETE FROM creature_movement WHERE id IN(SELECT guid FROM creature WHERE id IN (18086,18087));
DELETE FROM game_event_creature WHERE guid IN(SELECT guid FROM creature WHERE id IN (18086,18087));
DELETE FROM game_event_creature_data WHERE guid IN(SELECT guid FROM creature WHERE id IN (18086,18087));
DELETE FROM creature_battleground WHERE guid IN(SELECT guid FROM creature WHERE id IN (18086,18087));
DELETE FROM creature_linking WHERE guid IN(SELECT guid FROM creature WHERE id IN (18086,18087));
DELETE FROM creature WHERE id IN (18086,18087);
INSERT INTO `creature` (`guid`, `id`, `map`, `spawnMask`, `position_x`, `position_y`, `position_z`, `orientation`, `spawntimesecsmin`, `spawntimesecsmax`, `spawndist`, `MovementType`) VALUES
(79972, 0, 530, 1, '-378.26599121093750000000', '6153.49023437500000000000', '21.06150054931640600000', '2.66444993019104000000', 300, 300, 0, 2),
(79975, 18086, 530, 1, '-155.79699707031250000000', '6291.83984375000000000000', '22.77529907226562500000', '2.85381007194519040000', 300, 300, 5, 1),
(79976, 18086, 530, 1, '-280.16900634765625000000', '6211.20996093750000000000', '21.88570022583007800000', '1.80659997463226320000', 300, 300, 5, 1),
(79977, 18086, 530, 1, '-378.38000488281250000000', '6246.06982421875000000000', '19.55039978027343800000', '2.02482008934021000000', 300, 300, 5, 1),
(79978, 18086, 530, 1, '-384.95498657226560000000', '6159.58007812500000000000', '22.37240028381347700000', '3.76991009712219240000', 300, 300, 0, 0),
(79979, 18086, 530, 1, '-456.20300292968750000000', '6284.95019531250000000000', '21.37380027770996000000', '1.80683994293212900000', 300, 300, 5, 1),
(79980, 18086, 530, 1, '-441.14599609375000000000', '6301.50976562500000000000', '19.87380027770996000000', '4.71238994598388700000', 300, 300, 5, 1),
(79981, 18086, 530, 1, '-422.38000488281250000000', '6381.49023437500000000000', '23.03109931945800800000', '3.10851001739501950000', 300, 300, 5, 1),
(79982, 18086, 530, 1, '-376.95700073242190000000', '6368.95996093750000000000', '22.03429985046386700000', '3.71644997596740720000', 300, 300, 5, 1),
(79983, 18086, 530, 1, '-366.14599609375000000000', '6351.56005859375000000000', '21.87490081787109400000', '5.45961999893188500000', 300, 300, 5, 1),
(79984, 18086, 530, 1, '-349.92300415039060000000', '6325.52978515625000000000', '22.22830009460449200000', '2.28155994415283200000', 300, 300, 5, 1),
(79985, 18086, 530, 1, '-347.38699340820310000000', '6405.85986328125000000000', '21.19289970397949200000', '3.62370991706848140000', 300, 300, 5, 1),
(79986, 18086, 530, 1, '-325.52099609375000000000', '6433.85009765625000000000', '21.26059913635254000000', '5.49771976470947300000', 300, 300, 5, 1),
(79987, 18086, 530, 1, '-322.92300415039060000000', '6404.81982421875000000000', '21.82080078125000000000', '4.11237001419067400000', 300, 300, 5, 1),
(79988, 18086, 530, 1, '-276.76098632812500000000', '6373.37988281250000000000', '24.16029930114746000000', '3.97462010383605960000', 300, 300, 5, 1),
(79989, 18086, 530, 1, '-293.41000366210940000000', '6411.58984375000000000000', '22.35269927978515600000', '2.59356999397277830000', 300, 300, 5, 1),
(79990, 18086, 530, 1, '-273.63900756835940000000', '6411.02001953125000000000', '20.46409988403320300000', '3.03590011596679700000', 300, 300, 5, 1),
(79991, 18086, 530, 1, '-190.45799255371094000000', '6226.33007812500000000000', '22.39179992675781200000', '5.95639991760253900000', 300, 300, 5, 1),
(79992, 18086, 530, 1, '-229.93499755859375000000', '6362.16992187500000000000', '21.69790077209472700000', '0.29826599359512330000', 300, 300, 5, 1),
(79993, 18086, 530, 1, '-252.31199645996094000000', '6325.22021484375000000000', '22.90830039978027300000', '4.68100976943969700000', 300, 300, 5, 1),
(79973, 18086, 530, 1, '-352.57199096679690000000', '6318.12988281250000000000', '22.03459930419922000000', '5.38348007202148400000', 300, 300, 0, 2),
(79994, 18086, 530, 1, '-234.51499938964844000000', '6377.62011718750000000000', '15.15839958190918000000', '2.87389993667602540000', 300, 300, 5, 1),
(79995, 18087, 530, 1, '-388.40600585937500000000', '6167.79980468750000000000', '22.04170036315918000000', '4.61945009231567400000', 300, 300, 5, 1),
(79996, 18087, 530, 1, '-389.46301269531250000000', '6206.47998046875000000000', '21.69020080566406200000', '2.72853994369506840000', 300, 300, 5, 1),
(79997, 18087, 530, 1, '-445.48999023437500000000', '6296.89013671875000000000', '19.11879920959472700000', '0.24434599280357360000', 300, 300, 0, 0),
(79998, 18087, 530, 1, '-403.94100952148440000000', '6351.75976562500000000000', '22.01560020446777300000', '3.92304992675781250000', 300, 300, 5, 1),
(79974, 18087, 530, 1, '-394.09298706054690000000', '6370.45996093750000000000', '22.40530014038086000000', '6.18538999557495100000', 300, 300, 0, 2),
(79999, 18087, 530, 1, '-375.75000000000000000000', '6327.89013671875000000000', '20.00480079650879000000', '3.28971004486084000000', 300, 300, 5, 1),
(80000, 18087, 530, 1, '-381.43701171875000000000', '6423.64990234375000000000', '18.27160072326660000000', '4.68027019500732400000', 300, 300, 5, 1),
(80001, 18087, 530, 1, '-322.96301269531250000000', '6392.60009765625000000000', '22.48789978027343800000', '6.21275997161865200000', 300, 300, 5, 1),
(80002, 18087, 530, 1, '-296.96899414062500000000', '6382.35009765625000000000', '23.66029930114746000000', '4.58089017868042000000', 300, 300, 5, 1),
(80003, 18087, 530, 1, '-263.16101074218750000000', '6387.18017578125000000000', '22.42239952087402300000', '6.21620988845825200000', 300, 300, 5, 1),
(80004, 18087, 530, 1, '-230.66099548339844000000', '6343.95019531250000000000', '23.57290077209472700000', '1.79130005836486820000', 300, 300, 5, 1),
(80005, 18087, 530, 1, '-212.50000000000000000000', '6237.50000000000000000000', '23.26479911804199200000', '5.61943006515502900000', 300, 300, 5, 1),
(80006, 18087, 530, 1, '-289.40399169921875000000', '6251.16992187500000000000', '19.87409973144531200000', '2.48334002494812000000', 300, 300, 5, 1);
REPLACE INTO `creature_spawn_entry` (`guid`, `entry`) VALUES (79972, 18086),(79972, 18087);
INSERT INTO `creature_movement` (`Id`, `Point`, `PositionX`, `PositionY`, `PositionZ`, `Orientation`, `WaitTime`, `ScriptId`, `Comment`) VALUES
(79973, 1, -352.572, 6318.13, 22.0346, 5.38348, 0, 0, NULL),
(79973, 2, -338.111, 6301.96, 21.3039, 5.27352, 0, 0, NULL),
(79973, 3, -330.673, 6288.79, 19.1986, 5.56019, 0, 0, NULL),
(79973, 4, -308.588, 6274.74, 17.4068, 5.41097, 0, 0, NULL),
(79973, 5, -291.345, 6254.21, 18.9156, 5.41097, 0, 0, NULL),
(79973, 6, -275.926, 6240.85, 23.1652, 5.61124, 0, 0, NULL),
(79973, 7, -262.635, 6230.36, 21.5271, 0.107958, 0, 0, NULL),
(79973, 8, -246.779, 6231.37, 21.361, 0.056907, 0, 0, NULL),
(79973, 9, -262.558, 6230.95, 21.6072, 2.49949, 0, 0, NULL),
(79973, 10, -276.488, 6241.45, 23.0721, 2.49556, 0, 0, NULL),
(79973, 11, -291.487, 6255.22, 18.6983, 2.30393, 0, 0, NULL),
(79973, 12, -308.679, 6274.31, 17.4089, 2.51127, 0, 0, NULL),
(79973, 13, -330.645, 6288.95, 19.2193, 2.04239, 0, 0, NULL),
(79973, 14, -337.519, 6302.51, 21.3579, 2.25288, 0, 0, NULL),
(79974, 1, -394.093, 6370.46, 22.4053, 6.18539, 0, 0, NULL),
(79974, 2, -408.97, 6370.55, 22.8967, 4.1355, 0, 0, NULL),
(79974, 3, -421.311, 6352.06, 17.5596, 4.84628, 0, 0, NULL),
(79974, 4, -419.034, 6312.67, 17.4189, 4.37819, 0, 0, NULL),
(79974, 5, -424.324, 6296.43, 20.068, 4.17399, 0, 0, NULL),
(79974, 6, -432.335, 6280.83, 20.0358, 4.17399, 0, 0, NULL),
(79974, 7, -424.272, 6296.9, 20.0041, 1.22089, 0, 0, NULL),
(79974, 8, -418.914, 6312.82, 17.4168, 1.69213, 0, 0, NULL),
(79974, 9, -421.144, 6353.6, 17.6939, 1.12664, 0, 0, NULL),
(79974, 10, -408.235, 6370.9, 23.0369, 0.085987, 0, 0, NULL),
(79972, 1, -378.266, 6153.49, 21.0615, 2.66445, 0, 0, NULL),
(79972, 2, -366.645, 6147.32, 19.2442, 6.19089, 0, 0, NULL),
(79972, 3, -348.529, 6147.87, 18.7016, 0.716661, 0, 0, NULL),
(79972, 4, -329.823, 6165.2, 18.742, 1.48242, 0, 0, NULL),
(79972, 5, -328.099, 6187.26, 19.6479, 1.49813, 0, 0, NULL),
(79972, 6, -330.478, 6164.53, 18.812, 3.84255, 0, 0, NULL),
(79972, 7, -349.054, 6147.49, 18.6667, 3.14354, 0, 0, NULL),
(79972, 8, -367.243, 6146.97, 19.1484, 2.75477, 0, 0, NULL);

UPDATE `creature` SET `MovementType` = 1, `spawndist` = 3 WHERE `guid` IN (35814, 35897);
UPDATE `creature` SET `MovementType` = 1, `spawndist` = 15 WHERE `guid` IN (30391,30094,30315,29936,29920);
UPDATE `creature` SET `MovementType` = 1, `spawndist` = 7 WHERE `guid` IN (28809,28921,28912,28774);
REPLACE INTO `creature` (`guid`, `id`, `map`, `spawnMask`, `position_x`, `position_y`, `position_z`, `orientation`, `spawntimesecsmin`, `spawntimesecsmax`, `spawndist`, `MovementType`) VALUES
(37256, 8151, 1, 1, '168.94999694824220000000', '1198.40002441406250000000', '166.87500000000000000000', '6.11662006378173800000', 300, 300, 5, 1),
(37023, 8151, 1, 1, '74.23700000000000000000', '1227.28000000000000000000', '160.06400000000000000000', '3.22267007827758800000', 300, 300, 5, 1),
(36797, 8151, 1, 1, '-18.85960006713867200000', '1185.19995117187500000000', '101.17700195312500000000', '5.85790014266967800000', 300, 300, 5, 1),
(37127, 8151, 1, 1, '119.99500274658203000000', '1337.47998046875000000000', '191.48899841308594000000', '4.12299013137817400000', 300, 300, 5, 1),
(37326, 8151, 1, 1, '170.31900024414062000000', '1300.75000000000000000000', '189.68200683593750000000', '3.33008003234863300000', 300, 300, 5, 1),
(37340, 8151, 1, 1, '73.25209808349610000000', '1215.15002441406250000000', '159.19400024414062000000', '5.72865009307861300000', 300, 300, 5, 1),
(18716, 8151, 1, 1, '144.24200439453125000000', '1180.81994628906250000000', '166.63099670410156000000', '4.09498977661132800000', 300, 300, 5, 1),
(36783, 8151, 1, 1, '-34.57160186767578000000', '1204.30004882812500000000', '98.73650360107422000000', '4.40914011001586900000', 300, 300, 5, 1),
(53435, 8151, 1, 1, '194.03500366210938000000', '1330.81005859375000000000', '192.30400085449220000000', '2.36593008041381840000', 300, 300, 5, 1),
(54579, 8151, 1, 1, '255.24600219726562000000', '1306.50000000000000000000', '191.93800354003906000000', '4.32529020309448200000', 300, 300, 5, 1);

DELETE FROM creature_addon WHERE guid IN(SELECT guid FROM creature WHERE id IN (5953));
DELETE FROM creature_movement WHERE id IN(SELECT guid FROM creature WHERE id IN (5953));
DELETE FROM game_event_creature WHERE guid IN(SELECT guid FROM creature WHERE id IN (5953));
DELETE FROM game_event_creature_data WHERE guid IN(SELECT guid FROM creature WHERE id IN (5953));
DELETE FROM creature_battleground WHERE guid IN(SELECT guid FROM creature WHERE id IN (5953));
DELETE FROM creature_linking WHERE guid IN(SELECT guid FROM creature WHERE id IN (5953));
DELETE FROM creature WHERE id IN (5953);
INSERT INTO `creature` (`guid`, `id`, `map`, `spawnMask`, `position_x`, `position_y`, `position_z`, `orientation`, `spawntimesecsmin`, `spawntimesecsmax`, `spawndist`, `MovementType`) VALUES
(37518, 5953, 1, 1, '256.35101318359375000000', '-4644.70996093750000000000', '11.90890026092529300000', '2.07694005966186520000', 300, 300, 0, 0),
(37523, 5953, 1, 1, '244.25300598144530000000', '-4730.20019531250000000000', '10.18550014495849600000', '3.14159011840820300000', 300, 300, 0, 0),
(37560, 5953, 1, 1, '412.86801147460940000000', '-4586.29980468750000000000', '53.45920181274414000000', '0.10375200212001800000', 300, 300, 4, 1),
(37561, 5953, 1, 1, '383.78601074218750000000', '-4598.72021484375000000000', '69.72850036621094000000', '4.20624017715454100000', 300, 300, 0, 0),
(37568, 5953, 1, 1, '273.00900268554690000000', '-4592.75976562500000000000', '21.03269958496093800000', '0.33084800839424133000', 300, 300, 4, 1),
(37577, 5953, 1, 1, '257.46200561523440000000', '-4675.47021484375000000000', '15.08780002593994100000', '0.98664498329162600000', 300, 300, 4, 1),
(37587, 5953, 1, 1, '369.88500976562500000000', '-4818.79003906250000000000', '12.30300045013427700000', '5.53269004821777300000', 300, 300, 0, 0),
(37627, 5953, 1, 1, '311.82699584960940000000', '-4924.31982421875000000000', '17.70450019836425800000', '4.26167011260986300000', 300, 300, 4, 1),
(37643, 5953, 1, 1, '300.14599609375000000000', '-4770.20996093750000000000', '9.58312034606933600000', '1.41372001171112060000', 300, 300, 0, 0),
(37645, 5953, 1, 1, '417.28298950195310000000', '-4617.47021484375000000000', '54.03659820556640600000', '1.41628003120422360000', 300, 300, 4, 1),
(37646, 5953, 1, 1, '376.55398559570310000000', '-4553.52978515625000000000', '53.36420059204101600000', '3.86039996147155760000', 300, 300, 4, 1),
(37658, 5953, 1, 1, '379.14498901367190000000', '-4665.41015625000000000000', '16.13520050048828000000', '4.70527982711792000000', 300, 300, 4, 1),
(37659, 5953, 1, 1, '217.87500000000000000000', '-4650.91015625000000000000', '16.40660095214843800000', '6.08566999435424800000', 300, 300, 4, 1),
(37684, 5953, 1, 1, '368.93701171875000000000', '-4761.18017578125000000000', '12.27960014343261700000', '0.82030498981475830000', 300, 300, 0, 0),
(37766, 5953, 1, 1, '256.62399291992190000000', '-4831.33984375000000000000', '11.19139957427978500000', '3.70009994506835940000', 300, 300, 0, 0),
(37508, 5953, 1, 1, '306.28601074218750000000', '-4772.54003906250000000000', '9.41493988037109400000', '1.88805997371673580000', 300, 300, 0, 2),
(37779, 5953, 1, 1, '243.61900329589844000000', '-4742.10009765625000000000', '10.18550014495849600000', '3.14159011840820300000', 300, 300, 0, 0),
(37782, 5953, 1, 1, '249.00100708007812000000', '-4857.20996093750000000000', '13.75790023803711000000', '5.51357984542846700000', 300, 300, 4, 1),
(37783, 5953, 1, 1, '365.53298950195310000000', '-4827.24023437500000000000', '11.49650001525878900000', '6.21336984634399400000', 300, 300, 0, 0),
(37784, 5953, 1, 1, '302.01400756835940000000', '-4815.56982421875000000000', '10.60280036926269500000', '5.21853017807006800000', 300, 300, 0, 0),
(37798, 5953, 1, 1, '383.80801391601560000000', '-4619.08007812500000000000', '52.96730041503906000000', '2.64985990524292000000', 300, 300, 4, 1),
(37800, 5953, 1, 1, '384.54800415039060000000', '-4851.25000000000000000000', '13.90030002593994100000', '2.80291008949279800000', 300, 300, 4, 1),
(37803, 5953, 1, 1, '382.72000122070310000000', '-4582.97998046875000000000', '76.16470336914062000000', '2.16421008110046400000', 300, 300, 0, 0),
(37805, 5953, 1, 1, '394.05300903320310000000', '-4599.18994140625000000000', '76.16570281982422000000', '5.44542980194091800000', 300, 300, 0, 0),
(37807, 5953, 1, 1, '400.76599121093750000000', '-4741.04980468750000000000', '10.63969993591308600000', '2.18165993690490720000', 300, 300, 0, 0),
(37811, 5953, 1, 1, '295.85101318359375000000', '-4645.37988281250000000000', '16.51490020751953000000', '3.37210011482238770000', 300, 300, 4, 1),
(37830, 5953, 1, 1, '265.27200317382810000000', '-4639.39013671875000000000', '11.87959957122802700000', '2.37365007400512700000', 300, 300, 0, 0),
(37832, 5953, 1, 1, '310.86801147460940000000', '-4768.06005859375000000000', '9.64284992218017600000', '1.85004997253417970000', 300, 300, 0, 0),
(37834, 5953, 1, 1, '218.52099609375000000000', '-4717.08984375000000000000', '15.12790012359619100000', '0.33357599377632140000', 300, 300, 4, 1),
(37838, 5953, 1, 1, '319.09698486328125000000', '-4812.87988281250000000000', '10.60540008544921900000', '4.60766983032226600000', 300, 300, 0, 0),
(37847, 5953, 1, 1, '392.51901245117190000000', '-4582.60009765625000000000', '69.72850036621094000000', '0.97738397121429440000', 300, 300, 0, 0),
(37873, 5953, 1, 1, '358.32901000976560000000', '-4791.56005859375000000000', '12.66009998321533200000', '1.04260003566741940000', 300, 300, 4, 1),
(37887, 5953, 1, 1, '390.67098999023440000000', '-4591.45996093750000000000', '55.21340179443359400000', '4.02328014373779300000', 300, 300, 4, 1),
(149156, 5953, 1, 1, '398.97299194335940000000', '-4707.58007812500000000000', '9.75279998779296900000', '5.48032999038696300000', 300, 300, 0, 0),
(37517, 5953, 1, 1, '261.85699462890625000000', '-4645.87988281250000000000', '11.76299953460693400000', '5.37130022048950200000', 300, 300, 0, 2),
(54580, 5953, 1, 1, '241.35899353027344000000', '-4562.97021484375000000000', '14.25000000000000000000', '5.88176012039184600000', 300, 300, 0, 0);
INSERT INTO `creature_movement` (`Id`, `Point`, `PositionX`, `PositionY`, `PositionZ`, `Orientation`, `WaitTime`, `ScriptId`, `Comment`) VALUES
(37508, 1, 304.093, -4766.25, 9.39903, 0, 0, 0, NULL),
(37508, 2, 298.271, -4755.67, 9.39892, 0, 0, 0, NULL),
(37508, 3, 285.317, -4742.73, 9.504, 0, 0, 0, NULL),
(37508, 4, 262.254, -4748.65, 10.0123, 0, 0, 0, NULL),
(37508, 5, 242.626, -4734.9, 10.1027, 0, 0, 0, NULL),
(37508, 6, 223.59, -4740.63, 10.1027, 0, 0, 0, NULL),
(37508, 7, 223.963, -4743.59, 10.1027, 0, 0, 0, NULL),
(37508, 8, 242.741, -4735.83, 10.1027, 0, 0, 0, NULL),
(37508, 9, 263.348, -4748.35, 9.97777, 0, 0, 0, NULL),
(37508, 10, 289.2, -4742.65, 9.41619, 0, 0, 0, NULL),
(37508, 11, 306.412, -4754.64, 9.39894, 0, 0, 0, NULL),
(37508, 12, 328.058, -4739.57, 9.70471, 0, 0, 0, NULL),
(37508, 13, 356.902, -4735.13, 9.86454, 0, 0, 0, NULL),
(37508, 14, 378.696, -4748.53, 9.67874, 0, 0, 0, NULL),
(37508, 15, 398.913, -4727.54, 9.6723, 0, 0, 0, NULL),
(37508, 16, 382.861, -4733.1, 9.66962, 0, 0, 0, NULL),
(37508, 17, 341.933, -4733.37, 10.2319, 0, 0, 0, NULL),
(37508, 18, 314.147, -4755.76, 9.55955, 0, 0, 0, NULL),
(37517, 1, 265.837, -4654.31, 11.7343, 0, 0, 0, NULL),
(37517, 2, 277.103, -4667.69, 11.6104, 0, 0, 0, NULL),
(37517, 3, 296.117, -4686.9, 11.4177, 0, 0, 0, NULL),
(37517, 4, 302.692, -4704.13, 11.2474, 0, 0, 0, NULL),
(37517, 5, 306.232, -4728.62, 9.64543, 0, 0, 0, NULL),
(37517, 6, 320.431, -4745.74, 9.55985, 0, 0, 0, NULL),
(37517, 7, 305.356, -4761.84, 9.4187, 0, 0, 0, NULL),
(37517, 8, 305.77, -4773.96, 9.37565, 0, 0, 0, NULL),
(37517, 9, 306.235, -4777.29, 10.4254, 0, 0, 0, NULL),
(37517, 10, 308.796, -4800.08, 10.5227, 0, 0, 0, NULL),
(37517, 11, 294.184, -4809.03, 10.5183, 0, 0, 0, NULL),
(37517, 12, 294.422, -4818.33, 10.5231, 0, 0, 0, NULL),
(37517, 13, 301.34, -4817.81, 10.5221, 0, 0, 0, NULL),
(37517, 14, 304.119, -4818.24, 9.55091, 0, 0, 0, NULL),
(37517, 15, 312.786, -4821.04, 9.58086, 0, 0, 0, NULL),
(37517, 16, 319.051, -4816.82, 9.57993, 0, 0, 0, NULL),
(37517, 17, 320.636, -4815.24, 10.5189, 0, 0, 0, NULL),
(37517, 18, 327.816, -4812.63, 10.5226, 0, 0, 0, NULL),
(37517, 19, 323.922, -4803.58, 10.524, 0, 0, 0, NULL),
(37517, 20, 309.069, -4800.83, 10.52, 0, 0, 0, NULL),
(37517, 21, 306.773, -4779.01, 10.5228, 0, 0, 0, NULL),
(37517, 22, 306.037, -4773.88, 9.37907, 0, 0, 0, NULL),
(37517, 23, 302.746, -4756.29, 9.39893, 0, 0, 0, NULL),
(37517, 24, 294.036, -4740.69, 9.3322, 0, 0, 0, NULL),
(37517, 25, 306.491, -4727.05, 9.75453, 0, 0, 0, NULL),
(37517, 26, 301.542, -4701.04, 11.3273, 0, 0, 0, NULL),
(37517, 27, 282.524, -4671.77, 11.5668, 0, 0, 0, NULL);

UPDATE creature_template SET MinLevel = 79, MaxLevel = 80, UnitFlags = 0, StaticFlags1 = 33555200, StaticFlags2 = 2048, VehicleTemplateId = 0 WHERE entry IN (30175);
UPDATE creature_template SET UnitFlags = 0, StaticFlags1 = 0, StaticFlags2 = 2048, VehicleTemplateId = 222 WHERE entry IN (30174);
DELETE FROM vehicle_accessory WHERE vehicle_entry IN (30174);
INSERT INTO vehicle_accessory (vehicle_entry,seat,accessory_entry,RideSpellId,comment) VALUES (30174,0,30175,0,'Hyldsmeet Bear Rider');

UPDATE `creature` SET `position_x` = 2253.34,  `position_y` = 270.22,  `position_z` = 34.8849,  `orientation` = 4.14647, `spawndist` = 1.15, `movementtype` = 1 WHERE `guid` = 17322 AND `id` = 2134; -- https://www.wowhead.com/classic/npc=2134/mrs-winters
UPDATE `dbscripts_on_quest_end` SET `delay` = 1000, `x` = 2472.19, `y` = 15.7446, `z` = 24.406, `o` = 0.316845, `comments` = 'Spawn Lillith Nefara 1946' WHERE `id` = 410;
DELETE FROM `dbscripts_on_quest_end` WHERE `id` = 410 AND `command` = 26;
INSERT INTO `dbscripts_on_quest_end` (`id`, `delay`, `priority`, `command`, `datalong`, `datalong2`, `datalong3`, `buddy_entry`, `search_radius`, `data_flags`, `dataint`, `dataint2`, `dataint3`, `dataint4`, `datafloat`, `x`, `y`, `z`, `o`, `speed`, `condition_id`, `comments`) VALUES
(410, 1000, 1, 26, 0, 0, 0, 1946, 30, 0, 0, 0, 0, 0, 0, 0, 0, 0, 0, 0, 0, 'Lillith Nefara - Attack Player');
SET @GUID := 18514;
UPDATE `creature` SET `spawndist`=0, `movementtype`=2 WHERE `guid`=@GUID;
DELETE FROM `creature_movement` WHERE `id`=@GUID;
INSERT INTO `creature_movement` (`id`,`point`,`positionx`,`positiony`,`positionz`,`orientation`,`waittime`,`scriptid`) VALUES
(@GUID, 1, 2927.040, -760.854, 154.03599, 2.373650, 60000, 0),
(@GUID, 2, 2932.429, -774.015, 154.10699, 100, 0, 0),
(@GUID, 3, 2945.649, -769.966, 154.00500, 0.31045, 60000, 0),
(@GUID, 4, 2947.850, -766.197, 153.93100, 100, 0, 0),
(@GUID, 5, 2932.770, -765.401, 154.06199, 100, 0, 0);
DELETE FROM `creature` WHERE `guid` = 18638;
REPLACE INTO `creature_spawn_entry` (`guid`, `entry`) VALUES (18217, 4280);
REPLACE INTO `creature_spawn_entry` (`guid`, `entry`) VALUES (18409, 4282);
REPLACE INTO `creature_spawn_entry` (`guid`, `entry`) VALUES (18393, 4280);
REPLACE INTO `creature_spawn_entry` (`guid`, `entry`) VALUES (18633, 4280);
REPLACE INTO `creature_spawn_entry` (`guid`, `entry`) VALUES (18282, 4280);
REPLACE INTO `creature_spawn_entry` (`guid`, `entry`) VALUES (18382, 4280);
REPLACE INTO `creature_spawn_entry` (`guid`, `entry`) VALUES (18494, 4280);
REPLACE INTO `creature_spawn_entry` (`guid`, `entry`) VALUES (18218, 4280);
DELETE FROM `creature_spawn_entry` WHERE `guid` = 18664 AND `entry` = 4282;

REPLACE INTO `creature` (`guid`, `id`, `map`, `spawnMask`, `position_x`, `position_y`, `position_z`, `orientation`, `spawntimesecsmin`, `spawntimesecsmax`, `spawndist`, `MovementType`) VALUES
(63908, 20294, 530, 1, '596.02000000000000000000', '8477.01000000000000000000', '20.36020000000000000000', '4.79846000671386700000', 300, 300, 5, 1),
(54608, 20294, 530, 1, '482.38200000000000000000', '8417.67000000000000000000', '21.72800000000000000000', '3.52557000000000000000', 300, 300, 0, 0),
(54683, 20294, 530, 1, '503.03600000000000000000', '8437.70000000000000000000', '21.96340000000000000000', '1.29154000000000000000', 300, 300, 0, 0),
(54684, 20294, 530, 1, '511.92600000000000000000', '8385.07000000000000000000', '21.42220000000000000000', '0.85521100000000000000', 300, 300, 0, 0),
(54687, 20294, 530, 1, '547.93000000000000000000', '8417.75000000000000000000', '22.31460000000000000000', '0.03490660000000000000', 300, 300, 0, 0),
(54688, 20294, 530, 1, '561.45300000000000000000', '8388.33000000000000000000', '18.95590000000000000000', '5.60251000000000000000', 300, 300, 0, 0),
(54690, 20294, 530, 1, '418.87300000000000000000', '8344.74000000000000000000', '22.62770000000000000000', '2.79975000000000000000', 300, 300, 3, 1),
(54691, 20294, 530, 1, '406.20800000000000000000', '8379.91000000000000000000', '22.30390000000000000000', '1.01261000000000000000', 300, 300, 3, 1),
(54692, 20294, 530, 1, '377.84000000000000000000', '8345.78000000000000000000', '21.97290000000000000000', '2.21271000000000000000', 300, 300, 3, 1);
UPDATE `creature` SET `spawndist` = 10, `MovementType` = 1 WHERE `guid` IN (63346,63504,63680,63708,63710) AND `id` = 18129;
UPDATE `creature` SET `position_x` = -14946.3, `position_y` = 357.595, `position_z` = 7.63153, `orientation` = 3.59538, `spawndist` = 0, `MovementType` = 4 WHERE `guid` = 15 AND `id` = 2549;
DELETE FROM creature_movement_template WHERE Entry = 2549;
INSERT INTO creature_movement_template (Entry, PathId, Point, PositionX, PositionY, PositionZ, Orientation, WaitTime) VALUES
(2549, 0, 1, -14946.1, 357.4724, 7.545442, 3.59538, 10000),
(2549, 0, 2, -14944.11, 357.9192, 7.544032, 100, 0),
(2549, 0, 3, -14934.67, 356.5815, 7.542272, 100, 0),
(2549, 0, 4, -14932.65, 357.0736, 7.540446, 100, 0),
(2549, 0, 5, -14932.02, 357.1774, 7.540317, 100, 10000);

UPDATE `creature_movement` SET `waittime` = 1, `ScriptId` = 21 WHERE `id` = 316 AND `point` = 5;
INSERT INTO `creature` (`guid`, `id`, `map`, `position_x`, `position_y`, `position_z`, `orientation`, `spawntimesecsmin`, `spawntimesecsmax`, `spawndist`, `movementtype`) VALUES
(3337, 728, 0, -12031.400391, -889.929993, 38.041599, 5.644030, 240, 360, 0, 0);
INSERT INTO `creature` (`guid`, `id`, `map`, `position_x`, `position_y`, `position_z`, `orientation`, `spawntimesecsmin`, `spawntimesecsmax`, `spawndist`, `movementtype`) VALUES
(3392, 728, 0, -12385.70, -793.50, 30.76, 5.644, 240, 360, 0, 0);
UPDATE `creature` SET `spawndist` = 30, `MovementType` = 1 WHERE `id` = 728;
DELETE FROM `spawn_group` WHERE `Id` = 19029;
INSERT INTO `spawn_group` (`Id`, `Name`, `Type`, `MaxCount`, `WorldState`, `Flags`) VALUES (19029, 'Stranglethorn Vale - Bhag''thera (728)', 0, 1, 0, 0);
DELETE FROM `spawn_group_spawn` WHERE `Id` = 19029;
INSERT INTO `spawn_group_spawn` (`Id`, `Guid`, `SlotId`) VALUES (19029, 711, -1),(19029, 3337, -1),(19029, 3392, -1);
UPDATE `spawn_group_formation` SET `FormationSpread` = 5 WHERE `Id` = 19910;

INSERT INTO `creature_spawn_entry` (`guid`, `entry`) SELECT `guid`, 675 FROM `creature` WHERE `id` IN (675,676,677);
INSERT INTO `creature_spawn_entry` (`guid`, `entry`) SELECT `guid`, 676 FROM `creature` WHERE `id` IN (675,676,677);
INSERT INTO `creature_spawn_entry` (`guid`, `entry`) SELECT `guid`, 677 FROM `creature` WHERE `id` IN (675,676,677);
UPDATE creature SET `id` = 0 WHERE `id` IN (675,676,677);

DELETE FROM `creature` WHERE `guid` = 1070;
DELETE FROM `creature` WHERE `guid` = 1175;
DELETE FROM `creature` WHERE `guid` = 1029;
INSERT INTO `creature_spawn_entry` (`guid`, `entry`) SELECT `guid`, 943 FROM `creature` WHERE `id` IN (943,976,977) AND `guid` IN (1153,1163);
INSERT INTO `creature_spawn_entry` (`guid`, `entry`) SELECT `guid`, 976 FROM `creature` WHERE `id` IN (943,976,977) AND `guid` IN (23221,1179,1190,1153,1163);
INSERT INTO `creature_spawn_entry` (`guid`, `entry`) SELECT `guid`, 977 FROM `creature` WHERE `id` IN (943,976,977) AND `guid` IN (23221,1179,1190,1153,1163);
UPDATE creature SET `id` = 0 WHERE `id` IN (943,976,977) AND `guid` IN (23221,1179,1190,1153,1163);

DELETE FROM `creature` WHERE `guid` IN (13,24,147213,316,147212,147220,4,23,14,147216,147215,27,40,147214,19,5,30,34,43,39,147218,45,25,75,42,265,37,147217,35,147221,508,21,147222,18,16,12,3,6,2,278);
INSERT INTO `creature` (`guid`, `id`, `map`, `spawnMask`, `position_x`, `position_y`, `position_z`, `orientation`, `spawntimesecsmin`, `spawntimesecsmax`, `spawndist`, `MovementType`) VALUES
(80951, 0, 0, 1, '-15024.80000000000000000000', '264.46200000000000000000', '7.60049000000000000000', '0.00000000000000000000', 300, 300, 2, 1),
(80952, 0, 0, 1, '-15015.20000000000000000000', '267.67700000000000000000', '12.65590000000000000000', '0.00000000000000000000', 300, 300, 2, 1),
(80953, 0, 0, 1, '-15015.00000000000000000000', '261.34100000000000000000', '7.60259000000000000000', '0.00000000000000000000', 300, 300, 2, 1),
(80954, 0, 0, 1, '-15013.20000000000000000000', '266.11800000000000000000', '18.23950000000000000000', '0.00000000000000000000', 300, 300, 2, 1),
(80955, 0, 0, 1, '-15010.60000000000000000000', '265.94500000000000000000', '0.28125200000000000000', '0.00000000000000000000', 300, 300, 2, 1),
(80956, 0, 0, 1, '-15000.20000000000000000000', '271.71700000000000000000', '0.28125700000000000000', '0.00000000000000000000', 300, 300, 2, 1),
(80957, 0, 0, 1, '-14998.30000000000000000000', '265.68100000000000000000', '7.60322000000000000000', '0.00000000000000000000', 300, 300, 0, 2),
(80958, 0, 0, 1, '-14995.00000000000000000000', '261.19200000000000000000', '0.28126000000000000000', '0.00000000000000000000', 300, 300, 2, 1),
(80959, 0, 0, 1, '-14991.60000000000000000000', '264.57400000000000000000', '12.99100000000000000000', '0.00000000000000000000', 300, 300, 5, 1),
(80960, 0, 0, 1, '-14986.90000000000000000000', '273.97000000000000000000', '12.80980000000000000000', '0.00000000000000000000', 300, 300, 2, 1),
(80961, 0, 0, 1, '-14981.60000000000000000000', '266.70800000000000000000', '0.28125700000000000000', '0.00000000000000000000', 300, 300, 2, 1),
(80962, 0, 0, 1, '-14980.50000000000000000000', '262.78400000000000000000', '13.07180000000000000000', '0.00000000000000000000', 300, 300, 2, 1),
(80963, 0, 0, 1, '-14979.29980468750000000000', '265.15798950195310000000', '7.92120981216430700000', '4.03832006454467800000', 300, 300, 0, 2),
(80964, 0, 0, 1, '-14972.90000000000000000000', '347.01400000000000000000', '13.15630000000000000000', '0.00000000000000000000', 300, 300, 2, 1),
(80965, 0, 0, 1, '-14971.90000000000000000000', '343.94700000000000000000', '13.22550000000000000000', '0.00000000000000000000', 300, 300, 2, 1),
(80966, 0, 0, 1, '-14969.30000000000000000000', '344.61500000000000000000', '0.30377600000000000000', '0.00000000000000000000', 300, 300, 2, 1),
(80967, 0, 0, 1, '-14959.30000000000000000000', '347.05600000000000000000', '13.06980000000000000000', '0.00000000000000000000', 300, 300, 2, 1),
(80968, 0, 0, 1, '-14958.20000000000000000000', '354.40800000000000000000', '0.30378100000000000000', '0.00000000000000000000', 300, 300, 2, 1),
(80969, 0, 0, 1, '-14957.10000000000000000000', '343.27400000000000000000', '7.62626000000000000000', '0.00000000000000000000', 300, 300, 0, 2),
(80970, 0, 0, 1, '-14955.79980468750000000000', '342.36199951171875000000', '0.22053800523281097000', '0.22772300243377686000', 300, 300, 0, 0),
(80971, 0, 0, 1, '-14954.80000000000000000000', '352.50400000000000000000', '7.62574000000000000000', '0.00000000000000000000', 300, 300, 0, 2),
(80972, 0, 0, 1, '-14949.20000000000000000000', '345.67400000000000000000', '0.30377700000000000000', '0.00000000000000000000', 300, 300, 2, 1),
(80973, 0, 0, 1, '-14943.20019531250000000000', '356.99700927734375000000', '12.59549999237060500000', '6.00989007949829100000', 300, 300, 0, 2),
(80974, 0, 0, 1, '-14941.60000000000000000000', '351.52200000000000000000', '0.30377200000000000000', '0.00000000000000000000', 300, 300, 2, 1),
(80975, 0, 0, 1, '-14938.00000000000000000000', '353.60100000000000000000', '18.28650000000000000000', '0.00000000000000000000', 300, 300, 5, 1),
(80976, 0, 0, 1, '-14928.90000000000000000000', '110.68700000000000000000', '7.60442000000000000000', '0.00000000000000000000', 300, 300, 2, 1),
(80977, 0, 0, 1, '-14927.50000000000000000000', '358.20700000000000000000', '7.62312000000000000000', '0.00000000000000000000', 300, 300, 2, 1),
(80978, 0, 0, 1, '-14927.50000000000000000000', '92.24130249023438000000', '0.19966199994087220000', '6.12409019470214800000', 300, 300, 2, 1),
(80979, 0, 0, 1, '-14926.50000000000000000000', '121.03000000000000000000', '7.60338000000000000000', '0.00000000000000000000', 300, 300, 2, 1),
(80980, 0, 0, 1, '-14925.70000000000000000000', '112.93600000000000000000', '12.65790000000000000000', '0.00000000000000000000', 300, 300, 2, 1),
(80981, 0, 0, 1, '-14925.30000000000000000000', '91.40190000000000000000', '12.92360000000000000000', '0.00000000000000000000', 300, 300, 2, 1),
(80982, 0, 0, 1, '-14924.00000000000000000000', '104.88700103759766000000', '0.16384999454021454000', '4.94076013565063500000', 300, 300, 2, 1),
(80983, 0, 0, 1, '-14921.90000000000000000000', '109.83700000000000000000', '18.07320000000000000000', '0.00000000000000000000', 300, 300, 5, 1),
(80984, 0, 0, 1, '-14920.10000000000000000000', '114.63500000000000000000', '12.65780000000000000000', '0.00000000000000000000', 300, 300, 2, 1),
(80985, 0, 0, 1, '-14920.10000000000000000000', '73.90440000000000000000', '13.24990000000000000000', '0.00000000000000000000', 300, 300, 2, 1),
(80986, 0, 0, 1, '-14919.59960937500000000000', '81.14969635009766000000', '0.18738999962806702000', '4.18753004074096700000', 300, 300, 2, 1),
(80987, 0, 0, 1, '-14919.30000000000000000000', '80.26270000000000000000', '7.60496000000000000000', '0.00000000000000000000', 300, 300, 2, 1),
(80988, 0, 0, 1, '-14917.70000000000000000000', '76.67980000000000000000', '0.28321200000000000000', '0.00000000000000000000', 300, 300, 0, 2),
(80989, 0, 0, 1, '-14917.70000000000000000000', '94.32010000000000000000', '7.60517000000000000000', '0.00000000000000000000', 300, 300, 2, 1),
(80990, 0, 0, 1, '-14917.29980468750000000000', '99.61509704589844000000', '0.19965800642967224000', '2.75565004348754900000', 300, 300, 2, 1),
(80991, 0, 0, 1, '-14917.00000000000000000000', '88.46180000000000000000', '12.92840000000000000000', '0.00000000000000000000', 300, 300, 2, 1);
INSERT INTO `creature_spawn_entry` (`guid`, `entry`) SELECT `guid`, 1565 FROM `creature` WHERE `guid` IN (80966,80972,80974,80970,80968,80956,80955,80988,80978,80990,80986,80982,80979,80984,80980,80976,80989,80987,80983,80991,80985,80981,80961,80958,80975,80971,80973,80969,80977,80964,80967,80965,80959,80962,80954,80960,80952,80953,80963,80951,80957);
INSERT INTO `creature_spawn_entry` (`guid`, `entry`) SELECT `guid`, 1653 FROM `creature` WHERE `guid` IN (80966,80972,80974,80970,80968,80956,80955,80988,80978,80990,80986,80982,80979,80984,80980,80976,80989,80987,80983,80991,80985,80981,80961,80958,80975,80971,80973,80977,80964,80967,80965,80959,80962,80954,80960,80952,80953,80963,80951);
INSERT INTO `creature_spawn_entry` (`guid`, `entry`) SELECT `guid`, 4505 FROM `creature` WHERE `guid` IN (80966,80972,80974,80970,80956,80955,80988,80978,80990,80986,80982,80984,80980,80976,80989,80987,80983,80991,80985,80981,80961,80958,80975,80971,80973,80969,80977,80967,80965,80959,80962,80954,80960,80952,80963,80951,80957);
INSERT INTO `creature_spawn_entry` (`guid`, `entry`) SELECT `guid`, 4506 FROM `creature` WHERE `guid` IN (80966,80972,80974,80970,80968,80956,80955,80988,80978,80990,80986,80982,80984,80980,80976,80989,80987,80991,80981,80961,80958,80975,80971,80977,80964,80967,80965,80959,80962,80960,80952,80953,80963,80951);
DELETE FROM creature_movement WHERE id IN (13,24,147213,316,147212,147220,4,23,14,147216,147215,27,40,147214,19,5,30,34,43,39,147218,45,25,75,42,265,37,147217,35,147221,508,21,147222,18,16,12,3,6,2,278);
INSERT INTO creature_movement (id, Point, PositionX, PositionY, PositionZ, Orientation, WaitTime) VALUES
(80988, 1, -14918.9, 63.7075, 4.2670, 100, 0),
(80988, 2, -14922.0, 73.8399, 7.5217, 100, 10000),
(80988, 3, -14918.9, 63.7075, 4.2670, 100, 0),
(80988, 4, -14917.7, 76.6798, 0.283212, 100, 10000);
INSERT INTO `creature_movement` (`Id`, `Point`, `PositionX`, `PositionY`, `PositionZ`, `Orientation`, `WaitTime`, `ScriptId`, `Comment`) VALUES
(80971, 1, -14956.4, 353.116, 7.54255, 100, 0, 0, NULL),
(80971, 2, -14949.4, 356.132, 7.54255, 100, 0, 0, NULL),
(80971, 3, -14944.9, 357.394, 7.54474, 100, 0, 0, NULL),
(80971, 4, -14936.1, 355.807, 7.54239, 100, 0, 0, NULL),
(80971, 5, -14934.4, 350.286, 7.54255, 100, 1, 21, NULL),
(80971, 6, -14936.1, 355.807, 7.54239, 100, 0, 0, NULL),
(80971, 7, -14944.9, 357.394, 7.54474, 100, 0, 0, NULL),
(80971, 8, -14949.4, 356.132, 7.54255, 100, 0, 0, NULL),
(80971, 9, -14956.4, 353.116, 7.54255, 100, 0, 0, NULL),
(80971, 10, -14962.9, 351.408, 7.54435, 100, 0, 0, NULL),
(80971, 11, -14971.6, 347.196, 7.54257, 100, 0, 0, NULL),
(80971, 12, -14962.9, 351.408, 7.54435, 100, 0, 0, NULL),
(80963, 1, -14979.3, 265.158, 7.92121, 100, 0, 0, NULL),
(80963, 2, -14974.2, 264.915, 7.92106, 100, 0, 0, NULL),
(80963, 3, -14968.1, 264.92, 4.66506, 100, 0, 0, NULL),
(80963, 4, -14965.3, 267.002, 4.65833, 100, 0, 0, NULL),
(80963, 5, -14975.8, 269.485, 0.93514, 100, 0, 0, NULL),
(80963, 6, -14965.2, 268.908, 4.65809, 100, 0, 0, NULL),
(80963, 7, -14965, 264.917, 4.65761, 100, 0, 0, NULL),
(80963, 8, -14968.2, 264.917, 4.66531, 100, 0, 0, NULL),
(80963, 9, -14974.2, 264.797, 7.882, 100, 0, 0, NULL);
INSERT INTO `creature_movement` (`Id`, `Point`, `PositionX`, `PositionY`, `PositionZ`, `Orientation`, `WaitTime`, `ScriptId`, `Comment`) VALUES
(80969, 1, -14960.1, 342.326, 7.544, 100, 0, 0, NULL),
(80969, 2, -14956.5, 345.042, 7.54255, 100, 0, 0, NULL),
(80969, 3, -14951.4, 349.271, 7.54269, 100, 0, 0, NULL),
(80969, 4, -14956.5, 345.042, 7.54255, 100, 0, 0, NULL),
(80969, 5, -14960.1, 342.326, 7.544, 100, 0, 0, NULL),
(80969, 6, -14969, 340.03, 7.54281, 100, 0, 0, NULL),
(80969, 7, -14974.6, 345.089, 7.54246, 100, 0, 0, NULL),
(80969, 8, -14977, 344.637, 7.11779, 100, 0, 0, NULL),
(80969, 9, -14982.7, 343.339, 4.28493, 100, 0, 0, NULL),
(80969, 10, -14984.6, 341.158, 4.27913, 100, 0, 0, NULL),
(80969, 11, -14982.7, 343.339, 4.28493, 100, 0, 0, NULL),
(80969, 12, -14977, 344.637, 7.11779, 100, 0, 0, NULL),
(80969, 13, -14974.6, 345.128, 7.54243, 100, 0, 0, NULL),
(80969, 14, -14969, 340.03, 7.54281, 100, 0, 0, NULL);
INSERT INTO `creature_movement` (`Id`, `Point`, `PositionX`, `PositionY`, `PositionZ`, `Orientation`, `WaitTime`, `ScriptId`, `Comment`) VALUES
(80973, 1, -14943.2, 356.997, 12.5955, 100, 0, 0, NULL),
(80973, 2, -14940.8, 348.512, 7.54173, 100, 0, 0, NULL),
(80973, 3, -14940.6, 346.788, 7.54121, 100, 0, 0, NULL),
(80973, 4, -14944.1, 346.391, 7.5423, 100, 0, 0, NULL),
(80973, 5, -14949.2, 345.878, 7.54255, 100, 0, 0, NULL),
(80973, 6, -14955.6, 344.557, 7.54255, 100, 0, 0, NULL),
(80973, 7, -14954.4, 340.313, 7.54255, 100, 0, 0, NULL),
(80973, 8, -14955.6, 344.557, 7.54255, 100, 0, 0, NULL),
(80973, 9, -14949.2, 345.878, 7.54255, 100, 0, 0, NULL),
(80973, 10, -14944.1, 346.391, 7.5423, 100, 0, 0, NULL),
(80973, 11, -14940.6, 346.788, 7.54121, 100, 0, 0, NULL),
(80973, 12, -14940.8, 348.512, 7.54173, 100, 0, 0, NULL),
(80973, 13, -14942.7, 355.733, 12.4607, 100, 0, 0, NULL),
(80973, 14, -14944.9, 357.038, 12.5955, 100, 0, 0, NULL);
INSERT INTO `creature_movement` (`Id`, `Point`, `PositionX`, `PositionY`, `PositionZ`, `Orientation`, `WaitTime`, `ScriptId`, `Comment`) VALUES
(80957, 1, -14998.4, 261.767, 7.92124, 100, 0, 0, NULL),
(80957, 2, -14995, 261.635, 7.92124, 100, 0, 0, NULL),
(80957, 3, -14993.8, 266.361, 6.30677, 100, 0, 0, NULL),
(80957, 4, -14992.8, 266.477, 6.30677, 100, 0, 0, NULL),
(80957, 5, -14993.2, 266.354, 6.30677, 100, 0, 0, NULL),
(80957, 6, -14993.3, 261.415, 7.92234, 100, 0, 0, NULL),
(80957, 7, -14994.1, 256.648, 7.922, 100, 0, 0, NULL),
(80957, 8, -14995, 261.635, 7.92124, 100, 0, 0, NULL),
(80957, 9, -14998.4, 261.767, 7.92124, 100, 0, 0, NULL),
(80957, 10, -14999.5, 257.26, 7.92124, 100, 0, 0, NULL),
(80957, 11, -14999.7, 269.538, 7.92124, 100, 0, 0, NULL),
(80957, 12, -14999.2, 270.291, 7.92123, 100, 0, 0, NULL),
(80957, 13, -14994.7, 270.899, 7.92124, 100, 0, 0, NULL),
(80957, 14, -14993.9, 275.938, 7.92124, 100, 0, 0, NULL),
(80957, 15, -14992.9, 271.8, 7.92123, 100, 0, 0, NULL),
(80957, 16, -14987.2, 270.889, 7.9231, 100, 0, 0, NULL),
(80957, 17, -14982.9, 272.309, 7.92144, 100, 0, 0, NULL),
(80957, 18, -14982.7, 275.998, 7.92184, 100, 0, 0, NULL),
(80957, 19, -14982.8, 272.679, 7.92148, 100, 0, 0, NULL),
(80957, 20, -14977, 272.87, 7.92148, 100, 0, 0, NULL),
(80957, 21, -14976.6, 275.734, 7.92172, 100, 0, 0, NULL),
(80957, 22, -14977, 257.986, 7.92124, 100, 0, 0, NULL),
(80957, 23, -14977.7, 261.219, 7.92123, 100, 0, 0, NULL),
(80957, 24, -14982.1, 261.434, 7.92124, 100, 0, 0, NULL),
(80957, 25, -14982.8, 258.325, 7.92124, 100, 0, 0, NULL),
(80957, 26, -14982.1, 261.434, 7.92124, 100, 0, 0, NULL),
(80957, 27, -14979.8, 261.929, 7.92123, 100, 0, 0, NULL),
(80957, 28, -14977, 257.986, 7.92124, 100, 0, 0, NULL),
(80957, 29, -14977, 272.87, 7.92148, 100, 0, 0, NULL),
(80957, 30, -14982.8, 272.679, 7.92148, 100, 0, 0, NULL),
(80957, 31, -14982.7, 275.998, 7.92184, 100, 0, 0, NULL),
(80957, 32, -14982.9, 272.309, 7.92144, 100, 0, 0, NULL),
(80957, 33, -14987.2, 270.889, 7.9231, 100, 0, 0, NULL),
(80957, 34, -14992.7, 271.773, 7.92185, 100, 0, 0, NULL),
(80957, 35, -14993.9, 275.938, 7.92124, 100, 0, 0, NULL),
(80957, 36, -14994.7, 270.899, 7.92124, 100, 0, 0, NULL),
(80957, 37, -14999.2, 270.291, 7.92124, 100, 0, 0, NULL),
(80957, 38, -14999.4, 275.372, 7.92124, 100, 0, 0, NULL),
(80957, 39, -14999.7, 269.592, 7.92123, 100, 0, 0, NULL),
(80957, 40, -14999.5, 257.26, 7.92124, 100, 0, 0, NULL);

UPDATE `creature` SET `position_x` = '-11518.59960900000000000000',`position_y` = '-352.39498900000000000000',`position_z` = '37.79570000000000000000',`orientation` = '0.00000000000000000000' WHERE `guid` = 984;
UPDATE `creature` SET `position_x` = '-11707.50000000000000000000',`position_y` = '-175.89799500000000000000',`position_z` = '38.41130100000000000000',`orientation` = '0.00000000000000000000' WHERE `guid` = 1017;
UPDATE `creature` SET `position_x` = '-11814.50000000000000000000',`position_y` = '-17.29960100000000000000',`position_z` = '42.02410100000000000000',`orientation` = '0.00000000000000000000' WHERE `guid` = 1049;
UPDATE `creature` SET `position_x` = '-11780.79980500000000000000',`position_y` = '-15.05570000000000000000',`position_z` = '34.98140000000000000000',`orientation` = '0.00000000000000000000',`spawndist` = 0,`MovementType` = 0 WHERE `guid` = 1134;
UPDATE `creature` SET `position_x` = '-11513.40039100000000000000',`position_y` = '-285.02801500000000000000',`position_z` = '38.68470000000000000000',`orientation` = '0.00000000000000000000' WHERE `guid` = 1169;
INSERT INTO `creature_spawn_entry` (`guid`, `entry`) SELECT `guid`, 681 FROM `creature` WHERE `id` IN (681,682,683,736) AND `guid` IN (19464,19547,1161,1159,1127,1118,1049,1246,1241,1189,1099,1051,1033,1134,1135,1017,1169,1138,984);
INSERT INTO `creature_spawn_entry` (`guid`, `entry`) SELECT `guid`, 682 FROM `creature` WHERE `id` IN (681,682,683,736) AND `guid` IN (1049,1051,1033,1134,1017);
INSERT INTO `creature_spawn_entry` (`guid`, `entry`) SELECT `guid`, 683 FROM `creature` WHERE `id` IN (681,682,683,736) AND `guid` IN (19464,19547,1161,1159,1127,1118,1049,1246,1241,1189,1099,1051,1033,1134,1135,1017,1169,1138,984);
UPDATE creature SET `id` = 0 WHERE `id` IN (681,682,683,736) AND `guid` IN (19464,19547,1161,1159,1138,1127,1118,1049,1246,1241,1189,1099,1169,1051,1033,1134,1135,1017,984);

INSERT INTO `creature_spawn_entry` (`guid`, `entry`) SELECT `guid`, 678 FROM `creature` WHERE `id` IN (678,679,710,680) AND `guid` IN (8157,8149,8148,8132,673,8128,48586,48587,48585,8123,659,675,652,647,645,48585,623,643,48608,619,599,653,603,598);
INSERT INTO `creature_spawn_entry` (`guid`, `entry`) SELECT `guid`, 679 FROM `creature` WHERE `id` IN (678,679,710,680) AND `guid` IN (8157,8149,8148,8132,673,8128,48586,48587,48585,8123,659,675,652,647,645,48585,623,643,48608,619,599,653,603,598);
INSERT INTO `creature_spawn_entry` (`guid`, `entry`) SELECT `guid`, 710 FROM `creature` WHERE `id` IN (678,679,710,680) AND `guid` IN (8157,8149,8148,8132,673,8128,48586,48587,48585,8123,659,675,652,647,645,48585,623,643,48608,619,599,653,603,598,1862,1857);
INSERT INTO `creature_spawn_entry` (`guid`, `entry`) SELECT `guid`, 680 FROM `creature` WHERE `id` IN (678,679,710,680) AND `guid` IN (1862,1857);
UPDATE creature SET `id` = 0 WHERE `id` IN (678,679,710,680) AND `guid` IN (8157,8149,8148,8132,673,8128,48586,48587,48585,8123,659,675,652,647,645,48585,623,643,48608,619,599,653,603,598,1862,1857);
UPDATE `creature` SET `spawntimesecsmin` = '900', `spawntimesecsmax` = '900' WHERE `guid` = 1857;
UPDATE `creature` SET `spawntimesecsmin` = '900', `spawntimesecsmax` = '900' WHERE `guid` = 1862;

UPDATE `dbscripts_on_creature_movement` SET search_radius=7870 WHERE buddy_entry=1243;
UPDATE `dbscripts_on_creature_movement` SET search_radius=7876 WHERE buddy_entry=10611;
UPDATE `dbscripts_on_creature_movement` SET search_radius=7879 WHERE buddy_entry=10803;
UPDATE `dbscripts_on_creature_movement` SET search_radius=7874 WHERE buddy_entry=10804;
UPDATE `dbscripts_on_creature_movement` SET search_radius=7877 WHERE buddy_entry=10805;

-- --------------------------------------------------------------------------------------------------------------------------------------------------------------
SET sql_safe_updates=1;
-- --------------------------------------------------------------------------------------------------------------------------------------------------------------
