# Y2kCat
# ALTER TABLE db_version_ytdb CHANGE COLUMN 667_FIX_14092 666a_FIX_14092 bit;
# REPLACE INTO `db_version_ytdb` (`version`) VALUES ('667_FIX_14092');

UPDATE db_version SET `cache_id`= '667';
UPDATE db_version SET `version`= 'YTDB_0.15.4_R667_cMaNGOS_R14092_RuDB_R74';

-- --------------------------------------------------------------------------------------------------------------------------------------------------------------
SET sql_safe_updates=0;
-- --------------------------------------------------------------------------------------------------------------------------------------------------------------

UPDATE `creature_template` SET `SpellList` = '1861501' WHERE `Entry` =18615;
DELETE FROM `creature_spell_list` WHERE `Id` IN (118301);
INSERT INTO `creature_spell_list` (`Id`, `Position`, `SpellId`, `Flags`, `CombatCondition`, `TargetId`, `ScriptId`, `Availability`, `Probability`, `InitialMin`, `InitialMax`, `RepeatMin`, `RepeatMax`, `Comments`) VALUES
(118301, 4, 9532, 2, -1, 1, 0, 100, 1, 0, 0, 0, 0, 'Mo\'grosh Mystic - Lightning Bolt'),
(118301, 3, 547, 0, -1, 201, 0, 100, 1, 0, 10000, 20000, 20000, 'Mo\'grosh Mystic - Healing Wave - Missing 50% including self');

DELETE FROM dbscripts_on_event WHERE id IN (5991);
INSERT INTO dbscripts_on_event (id, delay, command, datalong, datalong2, datalong3, buddy_entry, search_radius, data_flags, dataint, dataint2, dataint3, dataint4, x, y, z, o, comments) VALUES
(5991,1,31,12138,100,0,0,0,0x08,0,0,0,0,0,0,0,0,'search for 12138 - terminate if found'),
(5991,100,9,64,120,0,0,0,0x04,0,0,0,0,0,0,0,0,'resp object'),
(5991,101,10,12138,300000,0,0,0,0x04,0,0,0,88,6366.3354,140.38214,24.258726,3.682644605636596679,'summon 12138');
DELETE FROM creature_movement_template WHERE Entry = 12138 AND PathId = 1;
INSERT INTO creature_movement_template (`Entry`, `PathId`, `Point`, `PositionX`, `PositionY`, `PositionZ`, `Orientation`, `WaitTime`, `ScriptId`) VALUES
(12138,1,1,6366.3354,140.38214,24.258726,3.68264,1000,1213801),
(12138,1,2,6345.934,123.011215,22.50773,100,0,0),
(12138,1,3,6339.264,113.514366,21.169043,100,0,0),
(12138,1,4,6332.87,103.766785,21.61715,100,0,0),
(12138,1,5,6325.0444,94.15114,21.901892,100,100,20);
DELETE FROM dbscripts_on_creature_movement WHERE id IN (1213801);
INSERT INTO dbscripts_on_creature_movement (`id`, `delay`, `command`, `datalong`, `datalong2`, `datalong3`, `buddy_entry`, `search_radius`, `data_flags`, `dataint`, `dataint2`, `dataint3`, `dataint4`, `x`, `y`, `z`, `o`, `comments`) VALUES
(1213801,0,15,10389,0,0,0,0,0x04,0,0,0,0,0,0,0,0,''),
(1213801,1,25,1,0,0,0,0,0x04,0,0,0,0,0,0,0,0,'run ON');
DELETE FROM game_event_gameobject WHERE guid IN (64);
DELETE FROM gameobject_battleground WHERE guid IN (64);
DELETE FROM gameobject WHERE guid IN (64);
INSERT INTO gameobject (guid, id, map, spawnMask, position_x, position_y, position_z, orientation, rotation0, rotation1, rotation2, rotation3, spawntimesecsmin, spawntimesecsmax) VALUES
(64,177644,1,1,6326.0117,92.700714,21.957666,-2.19911456108093261,0,0,-0.89100647,0.45399064,-120,-120);
DELETE FROM dbscripts_on_event WHERE id IN (6028);
INSERT INTO dbscripts_on_event (id, delay, command, datalong, datalong2, datalong3, buddy_entry, search_radius, data_flags, dataint, dataint2, dataint3, dataint4, x, y, z, o, comments) VALUES
(6028,1,31,12138,100,0,0,0,0x08,0,0,0,0,0,0,0,0,'search for 12138 - terminate if found'),
(6028,100,9,17038,120,0,0,0,0x04,0,0,0,0,0,0,0,0,'resp object'),
(6028,101,10,12138,300000,0,0,0,0x04,0,0,0,102,-2445.599,-1646.0189,92.855286,1.117010712623596191,'summon 12138');
DELETE FROM creature_movement_template WHERE Entry = 12138 AND PathId = 2;
INSERT INTO creature_movement_template (`Entry`, `PathId`, `Point`, `PositionX`, `PositionY`, `PositionZ`, `Orientation`, `WaitTime`, `ScriptId`) VALUES
(12138,2,1,-2445.599,-1646.0189,92.855286,1.117010,1000,1213801),
(12138,2,2,-2452.8245,-1625.3053,92.02587,100,0,0),
(12138,2,3,-2498.009,-1631.7184,91.79168,100,100,20);
UPDATE gameobject SET spawntimesecsmin = -120, spawntimesecsmax = -120 WHERE guid = 17038;

UPDATE creature_template SET InhabitType = 4 WHERE entry = 20069;
DELETE FROM creature_addon WHERE guid = 11340;
DELETE FROM creature_movement WHERE id = 11340;
DELETE FROM game_event_creature WHERE guid = 11340;
DELETE FROM game_event_creature_data WHERE guid = 11340;
DELETE FROM creature_battleground WHERE guid = 11340;
DELETE FROM creature_linking WHERE guid = 11340;
DELETE FROM creature WHERE guid = 11340;
INSERT INTO creature (guid, id, map, spawnMask, phaseMask, position_x, position_y, position_z, orientation, spawntimesecsmin, spawntimesecsmax, spawndist, MovementType) VALUES
(11340,19918,1,1,1,-8344.992,-4450.334,-91.6601,0,20,45,0,3);
INSERT INTO creature_movement (`Id`, `Point`, `PositionX`, `PositionY`, `PositionZ`, `Orientation`, `WaitTime`, `ScriptId`) VALUES
(11340,1,-8344.992,-4450.334,-91.6601,100,0,0),
(11340,2,-8345.674,-4449.603,-91.6601,100,0,0),
(11340,3,-8359.348,-4438.438,-84.52838,100,0,0),
(11340,4,-8385.378,-4431.861,-93.77838,100,0,0),
(11340,5,-8408.063,-4420.892,-104.9451,100,0,0),
(11340,6,-8441.084,-4419.951,-115.6673,100,0,0),
(11340,7,-8462.368,-4420.853,-124.2228,100,0,0),
(11340,8,-8505.504,-4417.907,-141.3894,100,0,0),
(11340,9,-8543.364,-4413.641,-153.9727,100,0,0),
(11340,10,-8578.372,-4406.426,-162.2782,100,0,0),
(11340,11,-8617.298,-4398.667,-172.0283,100,0,0),
(11340,12,-8651.545,-4405.353,-178.2505,100,10,1);
DELETE FROM `creature_spawn_data` WHERE guid IN (11340);
INSERT INTO `creature_spawn_data` (`guid`, `id`) VALUES (11340,3);
UPDATE creature SET spawntimesecsmin = 20, spawntimesecsmax = 45 WHERE id = 19918;
UPDATE creature_movement SET WaitTime = 100, ScriptId = 1 WHERE Id = 147485 AND Point = 12;
DELETE FROM creature_movement WHERE Id = 147485 AND Point = 13;
DELETE FROM creature_movement WHERE Id = 50132 AND Point = 9;
UPDATE creature_movement SET Orientation = 2.35, WaitTime = 10000, ScriptId = 1991803 WHERE Id = 50132 AND Point = 8;
DELETE FROM dbscripts_on_creature_movement WHERE id IN (1991803);
INSERT INTO dbscripts_on_creature_movement (`id`, `delay`, `command`, `datalong`, `datalong2`, `datalong3`, `buddy_entry`, `search_radius`, `data_flags`, `dataint`, `dataint2`, `dataint3`, `dataint4`, `x`, `y`, `z`, `o`, `comments`) VALUES
(1991803,0,39,0,0,0,0,0,0x04,0,0,0,0,0,0,0,0,'Time Watcher - Fly off'),
(1991803,1,25,0,0,0,0,0,0x04,0,0,0,0,0,0,0,0,'Time Watcher - run off'),
(1991803,2000,15,34699,0,0,0,0,0x04,0,0,0,0,0,0,0,0,'Time Watcher - Cast 34699'),
(1991803,2100,20,2,1,0,0,0,0x04,0,0,0,0,0,0,0,0,'Time Watcher - Set Path1');
DELETE FROM creature_movement_template WHERE Entry = 19918 AND PathId = 1;
INSERT INTO creature_movement_template (`Entry`, `PathId`, `Point`, `PositionX`, `PositionY`, `PositionZ`, `Orientation`, `WaitTime`, `ScriptId`) VALUES
(19918,1,1,-8398.713,-4234.417,-207.1844,100,0,0),
(19918,1,2,-8416.942,-4226.259,-209.9314,100,0,0),
(19918,1,3,-8433.847,-4210.986,-209.9753,100,0,0),
(19918,1,4,-8447.319,-4193.266,-211.127 ,100,0,0),
(19918,1,5,-8447.557,-4159.843,-208.961 ,100,0,0),
(19918,1,6,-8442.453,-4124.033,-208.592 ,100,0,0),
(19918,1,7,-8424.839,-4097.409,-208.5864,100,0,0),
(19918,1,8,-8405.975,-4077.361,-208.5864,100,0,0),
(19918,1,9,-8369.048,-4058.837,-208.3106,100,0,0),
(19918,1,10,-8339.433,-4050.101,-207.7185,100,10,1);
UPDATE creature SET position_x = -8344.992, position_y = -4450.334, position_z = -91.6601, spawndist = 0, MovementType = 3 WHERE guid = 126448;
DELETE FROM creature_movement WHERE Id IN (126448);
INSERT INTO creature_movement (`Id`, `Point`, `PositionX`, `PositionY`, `PositionZ`, `Orientation`, `WaitTime`, `ScriptId`) VALUES
(126448,1,-8344.992,-4450.334,-91.6601,100,0,0),
(126448,2,-8345.674,-4449.603,-91.6601,100,0,0),
(126448,3,-8352.719,-4436.703,-82.4349,100,0,0),
(126448,4,-8360.686,-4405.598,-101.9071,100,0,0),
(126448,5,-8367.108,-4379.51,-115.6016,100,0,0),
(126448,6,-8372.076,-4331.29,-128.935,100,0,0),
(126448,7,-8375.418,-4288.263,-128.935,100,0,0),
(126448,8,-8396.816,-4257.064,-128.935,100,0,0),
(126448,9,-8434.114,-4227.781,-128.1016,100,0,0),
(126448,10,-8476.552,-4211.472,-128.935,100,0,0),
(126448,11,-8540.315,-4222.934,-149.4349,100,0,0),
(126448,12,-8571.526,-4233.976,-186.8793,100,0,0),
(126448,13,-8600.241,-4239.956,-209.7406,3.35,10000,1991802);
DELETE FROM dbscripts_on_creature_movement WHERE id IN (1991802,1991805);
INSERT INTO dbscripts_on_creature_movement (`id`, `delay`, `command`, `datalong`, `datalong2`, `datalong3`, `buddy_entry`, `search_radius`, `data_flags`, `dataint`, `dataint2`, `dataint3`, `dataint4`, `x`, `y`, `z`, `o`, `comments`) VALUES
(1991802,0,39,0,0,0,0,0,0x04,0,0,0,0,0,0,0,0,'Time Watcher - Fly off'),
(1991802,1,25,0,0,0,0,0,0x04,0,0,0,0,0,0,0,0,'Time Watcher - run off'),
(1991802,2000,23,20075,0,0,0,0,0x04,0,0,0,0,0,0,0,0,'Time Watcher - Morph to Darkwater Crocolisk'),
(1991802,2100,20,2,2,0,0,0,0x04,0,0,0,0,0,0,0,0,'Time Watcher - Set Path2');
DELETE FROM creature_movement_template WHERE Entry = 19918 AND PathId = 2;
INSERT INTO creature_movement_template (`Entry`, `PathId`, `Point`, `PositionX`, `PositionY`, `PositionZ`, `Orientation`, `WaitTime`, `ScriptId`) VALUES
(19918,2,1,-8657.848,-4256.185,-209.717,100,0,0),
(19918,2,2,-8683.259,-4244.825,-209.5135,100,0,0),
(19918,2,3,-8707.051,-4232.219,-209.5008,100,0,0),
(19918,2,4,-8735.112,-4211.69,-209.5008,100,0,0),
(19918,2,5,-8748.09,-4201.256,-209.5008,100,100,1);
UPDATE creature SET position_x = -8714.617, position_y = -4326.743, position_z = -60.83653, spawndist = 0, MovementType = 3 WHERE guid = 126447;
DELETE FROM creature_movement WHERE Id IN (126447);
INSERT INTO creature_movement (`Id`, `Point`, `PositionX`, `PositionY`, `PositionZ`, `Orientation`, `WaitTime`, `ScriptId`) VALUES
(126447,1,-8714.617,-4326.743,-60.83653 ,100,0,0),
(126447,2,-8713.639,-4326.535,-60.83653 ,100,0,0),
(126447,3,-8699.7,-4323.786,-49.46626   ,100,0,0),
(126447,4,-8662.251,-4326.158,-58.91071 ,100,0,0),
(126447,5,-8632.865,-4321.092,-69.32738 ,100,0,0),
(126447,6,-8606.589,-4315.761,-85.07739 ,100,0,0),
(126447,7,-8585.149,-4300.948,-98.04964 ,100,0,0),
(126447,8,-8540.388,-4259.448,-113.3552 ,100,0,0),
(126447,9,-8507.983,-4240.053,-121.9385 ,100,0,0),
(126447,10,-8460.989,-4236.288,-130.4941,100,0,0),
(126447,11,-8429.02,-4255.674,-130.7997 ,100,0,0),
(126447,12,-8410.482,-4288.9,-128.3829  ,100,0,0),
(126447,13,-8395.819,-4345.37,-130.7997 ,100,0,0),
(126447,14,-8418.614,-4385.142,-135.8275,100,0,0),
(126447,15,-8459.28,-4394.419,-137.1608 ,100,0,0),
(126447,16,-8489.916,-4391.627,-138.0774,100,0,0),
(126447,17,-8521.314,-4381.444,-141.0219,100,0,0),
(126447,18,-8548.512,-4354.828,-143.4941,100,0,0),
(126447,19,-8567.578,-4328.019,-146.633 ,100,0,0),
(126447,20,-8557.874,-4290.714,-148.8552,100,0,0),
(126447,21,-8478.622,-4249.154,-154.8031,100,0,0),
(126447,22,-8444.948,-4260,-153.1365    ,100,0,0),
(126447,23,-8434.602,-4288.784,-150.7198,100,0,0),
(126447,24,-8444.234,-4330.667,-144.581 ,100,0,0),
(126447,25,-8498.272,-4372.209,-144.0532,100,0,0),
(126447,26,-8541.456,-4354.249,-152.6643,100,0,0),
(126447,27,-8553.676,-4309.024,-157.3865,100,0,0),
(126447,28,-8545.231,-4288.306,-153.9143,100,0,0),
(126447,29,-8522.15,-4279.529,-150.442  ,100,0,0),
(126447,30,-8449.093,-4252.85,-129.8031 ,100,0,0),
(126447,31,-8416.661,-4232.987,-108.0531,100,0,0),
(126447,32,-8389.26,-4209.612,-87.05309 ,100,0,0),
(126447,33,-8365.473,-4195.317,-70.15017,100,0,0),
(126447,34,-8333.33,-4169.05,-70.15017  ,100,10,1);
DELETE FROM creature_movement WHERE Id IN (126449);
INSERT INTO creature_movement (`Id`, `Point`, `PositionX`, `PositionY`, `PositionZ`, `Orientation`, `WaitTime`, `ScriptId`) VALUES
(126449,1,-8339.22,-4462.26,-98.8948,100,0,0),
(126449,2,-8345.67,-4449.6,-91.6601,100,0,0),
(126449,3,-8352.13,-4436.95,-84.4254,100,0,0),
(126449,4,-8341.38,-4375.6,-110.009,100,0,0),
(126449,5,-8357.16,-4300.49,-135.509,100,0,0),
(126449,6,-8452.85,-4213.52,-169.314,100,0,0),
(126449,7,-8578.65,-4245.91,-169.314,100,0,0),
(126449,8,-8593.61,-4332.43,-172.62,100,0,0),
(126449,9,-8532.17,-4405.24,-186.592,100,0,0),
(126449,10,-8453.47,-4416.55,-202.148,100,0,0),
(126449,11,-8408.37,-4412.03,-210.759,0.08,10000,1991804);
DELETE FROM dbscripts_on_creature_movement WHERE id IN (1991804);
INSERT INTO dbscripts_on_creature_movement (`id`, `delay`, `command`, `datalong`, `datalong2`, `datalong3`, `buddy_entry`, `search_radius`, `data_flags`, `dataint`, `dataint2`, `dataint3`, `dataint4`, `x`, `y`, `z`, `o`, `comments`) VALUES
(1991804,0,39,0,0,0,0,0,0x04,0,0,0,0,0,0,0,0,'Time Watcher - Fly off'),
(1991804,1,25,0,0,0,0,0,0x04,0,0,0,0,0,0,0,0,'Time Watcher - run off'),
(1991804,2000,15,34702,0,0,0,0,0x04,0,0,0,0,0,0,0,0,'Time Watcher - cast 34702'),
(1991804,2100,20,2,3,0,0,0,0x04,0,0,0,0,0,0,0,0,'Time Watcher - Set Path3');
DELETE FROM creature_movement_template WHERE Entry = 19918 AND PathId = 3;
INSERT INTO creature_movement_template (`Entry`, `PathId`, `Point`, `PositionX`, `PositionY`, `PositionZ`, `Orientation`, `WaitTime`, `ScriptId`) VALUES
(19918,3,1,-8376.56,-4393.6,-207.944,100,0,0),
(19918,3,2,-8344.07,-4375.34,-206.403,100,0,0),
(19918,3,3,-8317.79,-4362.93,-209.847,100,0,0),
(19918,3,4,-8297.43,-4357.04,-207.528,100,0,0),
(19918,3,5,-8251.5,-4344.58,-206.164,100,0,0),
(19918,3,6,-8229.64,-4339.97,-201.262,100,0,0),
(19918,3,7,-8218.43,-4325.09,-198.806,100,0,0),
(19918,3,8,-8195.75,-4287.91,-191.213,100,0,0),
(19918,3,9,-8186.09,-4258.09,-183.413,100,0,0),
(19918,3,10,-8186.15,-4239.24,-179.062,100,0,0),
(19918,3,11,-8184.12,-4201.08,-172.367,100,0,0),
(19918,3,12,-8173.98,-4179.92,-166.878,100,0,0),
(19918,3,13,-8167.48,-4164.84,-164.728,100,10,1);
UPDATE creature SET position_x = -8445.759, position_y = -4215.38, position_z = -211.9387, spawndist = 0, MovementType = 0 WHERE guid IN (54495,81318);
DELETE FROM creature_movement WHERE Id IN (54495,81318);
DELETE FROM creature_movement_template WHERE Entry IN (19935,19936);
DELETE FROM `spawn_group` WHERE id = 19892;
INSERT INTO `spawn_group` (`Id`, `Name`, `Type`, `MaxCount`, `WorldState`, `Flags`) VALUES (19892, 'Tanaris - Caverns of Time - Soridormi 19935 & Arazmodu 19936 - Patrol', 0, 0, 0, 1);
DELETE FROM `spawn_group_spawn` WHERE id = 19892;
INSERT INTO `spawn_group_spawn` (`Id`, `Guid`, `SlotId`) VALUES (19892, 54495, 0),(19892, 81318, 1);
DELETE FROM `spawn_group_formation` WHERE id = 19892;
INSERT INTO `spawn_group_formation` (`Id`, `FormationType`, `FormationSpread`, `FormationOptions`, `PathId`, `MovementType`, `Comment`) VALUES
(19892, 2, 7, 0, 19892, 2, 'Tanaris - Caverns of Time - Soridormi 19935 & Arazmodu 19936 - Patrol');
DELETE FROM `waypoint_path_name` WHERE PathId = 19892;
INSERT INTO `waypoint_path_name` (`PathId`, `Name`) VALUES (19892,'Tanaris - Caverns of Time - Soridormi 19935 & Arazmodu 19936 - Patrol');
DELETE FROM `waypoint_path` WHERE PathId = 19892;
INSERT INTO `waypoint_path` (`PathId`, `Point`, `PositionX`, `PositionY`,`PositionZ`, `Orientation`, `WaitTime`, `ScriptId`) VALUES
(19892,1,-8445.759,-4215.38,-211.9387,100,0,0),
(19892,2,-8481.24,-4209.553,-214.8101,100,0,0),
(19892,3,-8519.429,-4215.215,-213.2991,100,0,0),
(19892,4,-8566.779,-4224.906,-210.9306,100,0,0),
(19892,5,-8596.962,-4255.7,-210.5616,100,0,0),
(19892,6,-8608.052,-4285.974,-211.1701,100,0,0),
(19892,7,-8604.996,-4313.684,-212.4491,100,0,0),
(19892,8,-8588.4,-4356.612,-213.5026,100,0,0),
(19892,9,-8556.364,-4394.186,-215.0919,100,0,0),
(19892,10,-8521.725,-4420.971,-215.0355,100,0,0),
(19892,11,-8471.621,-4439.507,-215.6221,100,0,0),
(19892,12,-8427.305,-4434.919,-209.7463,100,0,0),
(19892,13,-8405.412,-4416.613,-210.1112,100,0,0),
(19892,14,-8377.789,-4380.435,-209.5843,100,0,0),
(19892,15,-8365.063,-4350.27,-208.8069,100,0,0),
(19892,16,-8362.924,-4320.472,-208.7829,100,0,0),
(19892,17,-8368.159,-4293.539,-208.2436,100,0,0),
(19892,18,-8382.888,-4258.709,-207.7906,100,0,0),
(19892,19,-8410.113,-4225.767,-208.1212,100,0,0);
UPDATE creature SET position_x = -8163.3145, position_y = -4796.055, position_z = 35.840714, spawndist = 0, MovementType = 0 WHERE guid IN (98785,98786);
DELETE FROM creature_movement WHERE Id IN (98785,98786);
DELETE FROM `spawn_group` WHERE id = 19891;
INSERT INTO `spawn_group` (`Id`, `Name`, `Type`, `MaxCount`, `WorldState`, `Flags`) VALUES (19891, 'Tanaris - Caverns of Time - Warden of Time 19951 x2 - Patrol', 0, 0, 0, 1);
DELETE FROM `spawn_group_spawn` WHERE id = 19891;
INSERT INTO `spawn_group_spawn` (`Id`, `Guid`, `SlotId`) VALUES (19891, 98785, 0),(19891, 98786, 1);
DELETE FROM `spawn_group_formation` WHERE id = 19891;
INSERT INTO `spawn_group_formation` (`Id`, `FormationType`, `FormationSpread`, `FormationOptions`, `PathId`, `MovementType`, `Comment`) VALUES
(19891, 1, 10, 0, 19891, 4, 'Tanaris - Caverns of Time - Warden of Time 19951 x2 - Patrol');
DELETE FROM `waypoint_path_name` WHERE PathId = 19891;
INSERT INTO `waypoint_path_name` (`PathId`, `Name`) VALUES (19891,'Tanaris - Caverns of Time - Warden of Time 19951 x2 - Patrol');
DELETE FROM `waypoint_path` WHERE PathId = 19891;
INSERT INTO `waypoint_path` (`PathId`, `Point`, `PositionX`, `PositionY`,`PositionZ`, `Orientation`, `WaitTime`, `ScriptId`) VALUES
(19891,1,-8163.3145,-4796.055,35.840714,100,500,0),
(19891,2,-8168.028,-4819.5063,34.62324,100,0,0),
(19891,3,-8174.3027,-4844.1504,29.046083,100,0,0),
(19891,4,-8177.518,-4864.79,26.622221,100,0,0),
(19891,5,-8177.777,-4881.641,24.999691,100,0,0),
(19891,6,-8154.547,-4901.804,19.343477,100,0,0),
(19891,7,-8129.777,-4903.324,16.248957,100,0,0),
(19891,8,-8114.9897,-4893.794,13.124857,100,0,0),
(19891,9,-8101.2007,-4886.316,8.632445,100,0,0),
(19891,10,-8087.9253,-4857.225,-7.217657,100,0,0),
(19891,11,-8093.51,-4848.0063,-11.209167,100,0,0),
(19891,12,-8128.395,-4843.884,-19.526033,100,0,0),
(19891,13,-8138.002,-4850.338,-20.934381,100,0,0),
(19891,14,-8144.3984,-4863.7227,-25.175663,100,0,0),
(19891,15,-8150.268,-4879.5464,-31.787813,100,0,0),
(19891,16,-8142.6665,-4895.334,-37.543938,100,0,0),
(19891,17,-8125.7734,-4908.5894,-40.887745,100,0,0),
(19891,18,-8113.1,-4910.2603,-42.88266,100,0,0),
(19891,19,-8091.725,-4904.197,-50.53138,100,0,0),
(19891,20,-8079.3296,-4886.623,-55.301456,100,0,0),
(19891,21,-8075.7866,-4871.69,-60.269855,100,0,0),
(19891,22,-8076.319,-4846.9756,-71.16178,100,0,0),
(19891,23,-8080.454,-4817.357,-82.79274,100,0,0),
(19891,24,-8085.0625,-4791.419,-89.5917,100,0,0),
(19891,25,-8089.58,-4768.8354,-94.4901,100,0,0),
(19891,26,-8092.654,-4750.49,-97.97556,100,0,0),
(19891,27,-8097.7676,-4728.2603,-101.61951,100,0,0),
(19891,28,-8107.007,-4699.217,-109.69037,100,0,0),
(19891,29,-8119.4536,-4673.4155,-118.84561,100,0,0),
(19891,30,-8127.5635,-4657.518,-120.11935,100,0,0),
(19891,31,-8143.4756,-4630.1094,-121.95584,100,0,0),
(19891,32,-8176.0303,-4605.023,-133.09459,100,0,0),
(19891,33,-8193.171,-4605.0933,-137.24554,100,0,0),
(19891,34,-8222.17,-4590.294,-150.03032,100,0,0),
(19891,35,-8238.964,-4588.1777,-155.07103,100,0,0),
(19891,36,-8259.87,-4586.572,-159.8153,100,0,0),
(19891,37,-8284.904,-4583.2134,-166.77763,100,0,0),
(19891,38,-8312.802,-4589.068,-174.06929,100,0,0),
(19891,39,-8336.284,-4604.1733,-180.28001,100,0,0),
(19891,40,-8356.5205,-4617.0874,-184.71153,100,0,0),
(19891,41,-8369.33,-4624.3228,-188.00562,100,0,0),
(19891,42,-8390.92,-4634.5527,-192.89653,100,0,0),
(19891,43,-8407.372,-4638.4106,-194.70264,100,0,0),
(19891,44,-8433.562,-4645.07,-200.20047,100,0,0),
(19891,45,-8452.687,-4648.728,-203.32683,100,0,0),
(19891,46,-8470.955,-4649.1235,-205.29292,100,0,0),
(19891,47,-8483.932,-4645.266,-206.09097,100,0,0),
(19891,48,-8491.336,-4637.4126,-206.50279,100,0,0),
(19891,49,-8497.812,-4624.299,-208.52382,100,0,0),
(19891,50,-8505.78,-4605.421,-211.19186,100,0,0),
(19891,51,-8513.201,-4577.485,-211.36905,100,0,0),
(19891,52,-8510.666,-4549.027,-211.46355,100,500,0);
DELETE FROM `gameobject` WHERE `guid` IN (26392,26393,18196,19839,19843);
DELETE FROM `creature_template_addon` WHERE `entry` = 29867;
INSERT INTO creature_addon (guid,mount,stand_state,sheath_state,pvp_flags,emote,moveflags,auras) VALUES
(76111, 0, 0, 0, 0,0, 0, '34712'),(76101, 0, 0, 0, 0,0, 0, '34712'),(76105, 0, 0, 0, 0,0, 0, '34712');
DELETE FROM `creature_template_addon` WHERE `entry` = 29865;
DELETE FROM `creature_template_addon` WHERE `entry` = 29866;
DELETE FROM `creature_template_addon` WHERE `entry` = 29868;
DELETE FROM `creature_template_addon` WHERE `entry` = 29873;
INSERT INTO creature_addon (guid,mount,stand_state,sheath_state,pvp_flags,emote,moveflags,auras) VALUES
(27985, 0, 0, 1, 0, 0, 0, '34712'),(52523, 0, 0, 1, 0, 0, 0, '34712'),(61583, 0, 0, 1, 0, 0, 0, '34712'),(61584, 0, 0, 1, 0, 0, 0, '34712'),(61622, 0, 0, 1, 0, 0, 0, '34712'),
(61623, 0, 0, 1, 0, 0, 0, '34712'),(61624, 0, 0, 1, 0, 0, 0, '34712'),(61625, 0, 0, 1, 0, 0, 0, '34712'),(61647, 0, 0, 1, 0, 0, 0, '34712'),(61683, 0, 0, 1, 0, 0, 0, '34712'),
(61733, 0, 0, 1, 0, 0, 0, '34712'),(76100, 0, 0, 1, 0, 0, 0, '34712'),(76102, 0, 0, 1, 0, 0, 0, '34712'),(76103, 0, 0, 1, 0, 0, 0, '34712'),(76104, 0, 0, 1, 0, 0, 0, '34712'),
(76106, 0, 0, 1, 0, 0, 0, '34712'),(76107, 0, 0, 1, 0, 0, 0, '34712'),(76108, 0, 0, 1, 0, 0, 0, '34712'),(76109, 0, 0, 1, 0, 0, 0, '34712'),(76110, 0, 0, 1, 0, 0, 0, '34712'),
(76112, 0, 0, 1, 0, 0, 0, '34712');

DELETE FROM creature_addon WHERE guid IN(SELECT guid FROM creature WHERE id IN (3998,3999,4001,4002,4003,4004));
DELETE FROM creature_movement WHERE id IN(SELECT guid FROM creature WHERE id IN (3998,3999,4001,4002,4003,4004));
DELETE FROM game_event_creature WHERE guid IN(SELECT guid FROM creature WHERE id IN (3998,3999,4001,4002,4003,4004));
DELETE FROM game_event_creature_data WHERE guid IN(SELECT guid FROM creature WHERE id IN (3998,3999,4001,4002,4003,4004));
DELETE FROM creature_battleground WHERE guid IN(SELECT guid FROM creature WHERE id IN (3998,3999,4001,4002,4003,4004));
DELETE FROM creature_linking WHERE guid IN(SELECT guid FROM creature WHERE id IN (3998,3999,4001,4002,4003,4004));
DELETE FROM creature WHERE id IN (3998,3999,4001,4002,4003,4004);
INSERT INTO `creature` (`guid`, `id`, `map`, `spawnMask`, `phaseMask`, `position_x`, `position_y`, `position_z`, `orientation`, `spawntimesecsmin`, `spawntimesecsmax`, `spawndist`, `MovementType`) VALUES
(79359, 3999, 1, 1, 1, '984.22399902343750000000', '-414.48098754882810000000', '8.56884002685546900000', '1.75838994979858400000', 300, 300, 5, 1),
(79360, 3999, 1, 1, 1, '1011.88000488281250000000', '-415.82101440429690000000', '-0.45241099596023560000', '4.80393981933593750000', 300, 300, 5, 1),
(79361, 3999, 1, 1, 1, '996.77398681640620000000', '-384.30899047851560000000', '8.63936996459961000000', '4.46793985366821300000', 300, 300, 5, 1),
(79362, 3999, 1, 1, 1, '970.33099365234380000000', '-287.34100341796875000000', '0.14965100586414337000', '0.89011800289154050000', 300, 300, 0, 0),
(79363, 3999, 1, 1, 1, '961.87597656250000000000', '-373.60000610351560000000', '7.12389993667602500000', '3.43829989433288570000', 300, 300, 0, 0),
(79364, 3999, 1, 1, 1, '972.91699218750000000000', '-389.58401489257810000000', '8.26436996459961000000', '6.14041996002197300000', 300, 300, 5, 1),
(79365, 3999, 1, 1, 1, '923.18701171875000000000', '-300.74301147460940000000', '18.85589981079101600000', '2.32129001617431640000', 300, 300, 0, 0),
(79366, 3999, 1, 1, 1, '935.64697265625000000000', '-264.86801147460940000000', '21.80710029602050800000', '0.89011800289154050000', 300, 300, 0, 0),
(79367, 3999, 1, 1, 1, '935.90899658203120000000', '-302.74099731445310000000', '0.02200900018215179400', '3.89208006858825700000', 300, 300, 0, 0),
(79368, 3999, 1, 1, 1, '957.27502441406250000000', '-353.65100097656250000000', '4.54843997955322300000', '2.56562995910644530000', 300, 300, 0, 0),
(79369, 3999, 1, 1, 1, '946.66101074218750000000', '-311.71798706054690000000', '0.29175600409507750000', '3.36847996711730960000', 300, 300, 0, 0),
(79370, 3999, 1, 1, 1, '974.10198974609380000000', '-332.55200195312500000000', '-1.92823004722595210000', '2.04204010963439940000', 300, 300, 0, 0),
(79371, 3999, 1, 1, 1, '943.04901123046880000000', '-316.23800659179690000000', '19.18790054321289000000', '0.34906598925590515000', 300, 300, 0, 0),
(79372, 3999, 1, 1, 1, '968.46899414062500000000', '-328.60101318359375000000', '22.67060089111328000000', '1.06465005874633800000', 300, 300, 0, 0),
(79373, 3999, 1, 1, 1, '906.57098388671880000000', '-283.05099487304690000000', '20.98320007324218800000', '4.81711006164550800000', 300, 300, 0, 0),
(79374, 3999, 1, 1, 1, '879.98498535156250000000', '-295.81100463867190000000', '19.10379981994629000000', '5.21853017807006800000', 300, 300, 0, 0),
(79375, 3999, 1, 1, 1, '865.06097412109380000000', '-303.76800537109375000000', '18.90220069885254000000', '4.78219985961914100000', 300, 300, 0, 0),
(79376, 3999, 1, 1, 1, '963.55102539062500000000', '-340.96301269531250000000', '0.01029700040817260700', '2.18165993690490720000', 300, 300, 0, 0),
(79377, 3999, 1, 1, 1, '887.38598632812500000000', '-285.60998535156250000000', '19.51869964599609400000', '1.97221994400024410000', 300, 300, 0, 0),
(79378, 3999, 1, 1, 1, '939.74200439453120000000', '-286.71398925781250000000', '17.87409973144531200000', '0.94247800111770630000', 300, 300, 0, 0),
(79379, 3999, 1, 1, 1, '917.94799804687500000000', '-267.87500000000000000000', '22.40740013122558600000', '2.80997991561889650000', 300, 300, 0, 0),
(79380, 3999, 1, 1, 1, '927.45501708984380000000', '-288.85101318359375000000', '17.99860000610351600000', '4.53785991668701200000', 300, 300, 0, 0),
(79381, 3999, 1, 1, 1, '949.79901123046880000000', '-281.21398925781250000000', '-0.29204198718070984000', '2.14674997329711900000', 300, 300, 0, 0),
(79382, 3999, 1, 1, 1, '982.50500488281250000000', '-311.33499145507810000000', '-0.36416700482368470000', '3.85718011856079100000', 300, 300, 0, 0),
(79383, 3999, 1, 1, 1, '992.25000000000000000000', '-324.26998901367190000000', '0.31478399038314820000', '0.26179900765419006000', 300, 300, 0, 0),
(79384, 3999, 1, 1, 1, '891.68701171875000000000', '-259.68600463867190000000', '7.36589002609252900000', '1.55333995819091800000', 300, 300, 0, 0),
(79385, 3999, 1, 1, 1, '929.09002685546880000000', '-286.71099853515625000000', '-0.98039102554321290000', '1.57079994678497310000', 300, 300, 0, 0),
(79386, 3999, 1, 1, 1, '916.56799316406250000000', '-297.07199096679690000000', '0.62833201885223390000', '4.13642978668212900000', 300, 300, 0, 0),
(79387, 3999, 1, 1, 1, '965.12597656250000000000', '-322.55899047851560000000', '-0.49809399247169495000', '5.95157003402710000000', 300, 300, 0, 0),
(79388, 3999, 1, 1, 1, '1017.79998779296880000000', '-321.09201049804690000000', '11.48200035095214800000', '5.91601991653442400000', 300, 300, 5, 1),
(79389, 3999, 1, 1, 1, '941.73999023437500000000', '-362.08898925781250000000', '16.23909950256347700000', '4.27606010437011700000', 300, 300, 0, 0),
(79390, 3999, 1, 1, 1, '876.29400634765620000000', '-320.04598999023440000000', '13.22459983825683600000', '4.62512016296386700000', 300, 300, 0, 0),
(79391, 3999, 1, 1, 1, '939.72100830078120000000', '-343.80300903320310000000', '18.15379905700683600000', '0.06981299817562103000', 300, 300, 0, 0),
(79392, 3999, 1, 1, 1, '870.06402587890620000000', '-268.13500976562500000000', '6.31242990493774400000', '2.67035007476806640000', 300, 300, 0, 0),
(79393, 3999, 1, 1, 1, '889.81402587890620000000', '-290.74099731445310000000', '8.30928993225097700000', '0.31415900588035583000', 300, 300, 0, 0),
(79394, 3999, 1, 1, 1, '873.10198974609380000000', '-281.98199462890625000000', '6.19969987869262700000', '3.54302000999450700000', 300, 300, 0, 0),
(79395, 3999, 1, 1, 1, '962.36700439453120000000', '-255.64700317382812000000', '-3.87936997413635250000', '1.27409005165100100000', 300, 300, 0, 0),
(79396, 3999, 1, 1, 1, '926.23797607421880000000', '-272.41299438476560000000', '-1.08275997638702400000', '5.32324981689453100000', 300, 300, 0, 0),
(79397, 3999, 1, 1, 1, '947.90600585937500000000', '-253.53999328613280000000', '-2.80272006988525400000', '1.57079994678497310000', 300, 300, 0, 0),
(79398, 3999, 1, 1, 1, '912.16302490234380000000', '-274.64898681640625000000', '-0.19225199520587920000', '1.55333995819091800000', 300, 300, 0, 0),
(79399, 3999, 1, 1, 1, '911.82397460937500000000', '-319.43301391601560000000', '19.13430023193359400000', '3.26377010345459000000', 300, 300, 0, 0),
(79400, 3999, 1, 1, 1, '938.14898681640620000000', '-253.52000427246094000000', '-2.05068993568420400000', '2.25148010253906250000', 300, 300, 0, 0),
(79401, 3999, 1, 1, 1, '898.90301513671880000000', '-329.27499389648440000000', '17.20899963378906200000', '0.99483799934387210000', 300, 300, 0, 0),
(79402, 3999, 1, 1, 1, '888.61700439453120000000', '-315.65701293945310000000', '14.02789974212646500000', '0.31415900588035583000', 300, 300, 0, 0),
(79403, 3999, 1, 1, 1, '918.87298583984380000000', '-335.68899536132810000000', '20.00139999389648400000', '4.66002988815307600000', 300, 300, 0, 0),
(79404, 3999, 1, 1, 1, '945.72399902343750000000', '-333.75500488281250000000', '19.16360092163086000000', '4.92183017730712900000', 300, 300, 0, 0),
(79405, 4003, 1, 1, 1, '1015.19000244140620000000', '-388.88000488281250000000', '2.80076003074646000000', '4.44280004501342800000', 300, 300, 5, 1),
(79406, 4003, 1, 1, 1, '988.94598388671880000000', '-449.60299682617190000000', '10.79500007629394500000', '0.43823900818824770000', 300, 300, 0, 0),
(79407, 4003, 1, 1, 1, '1003.91998291015620000000', '-344.91400146484375000000', '11.96140003204345700000', '2.72339010238647460000', 300, 300, 5, 1),
(79408, 4003, 1, 1, 1, '928.35400390625000000000', '-325.18399047851560000000', '17.82080078125000000000', '2.84829998016357400000', 300, 300, 5, 1),
(79409, 4003, 1, 1, 1, '975.13500976562500000000', '-364.01501464843750000000', '16.10919952392578000000', '2.51022005081176760000', 300, 300, 5, 1),
(79410, 4003, 1, 1, 1, '986.86297607421880000000', '-358.17401123046875000000', '13.16090011596679700000', '4.39203977584838900000', 300, 300, 5, 1),
(79411, 4003, 1, 1, 1, '979.75701904296880000000', '-373.07699584960940000000', '16.12540054321289000000', '5.80246019363403300000', 300, 300, 5, 1),
(79350, 4004, 1, 1, 1, '978.26074000000000000000', '-377.89606000000000000000', '9.02547550000000000000', '1.60377001762390140000', 300, 300, 0, 4),
(79351, 4004, 1, 1, 1, '956.42102050781250000000', '-298.24499511718750000000', '-2.62034988403320300000', '2.67214989662170400000', 300, 300, 5, 1),
(79352, 4004, 1, 1, 1, '872.80945000000000000000', '-292.82520000000000000000', '17.80613000000000000000', '0.19240899384021760000', 300, 300, 0, 4),
(79353, 4004, 1, 1, 1, '987.24470000000000000000', '-328.64514000000000000000', '-0.28765878000000000000', '6.18463993072509800000', 300, 300, 0, 4),
(79354, 4004, 1, 1, 1, '985.87915000000000000000', '-375.48540000000000000000', '16.12618400000000000000', '5.65546989440918000000', 300, 300, 0, 4),
(79355, 4004, 1, 1, 1, '953.97920000000000000000', '-257.88293000000000000000', '-3.51095150000000000000', '3.19295001029968260000', 300, 300, 0, 4),
(79356, 4004, 1, 1, 1, '887.80499267578120000000', '-320.19299316406250000000', '13.27740001678466800000', '5.31431007385253900000', 300, 300, 5, 1),
(79357, 4004, 1, 1, 1, '909.07324000000000000000', '-334.20180000000000000000', '18.52504700000000000000', '1.19842004776000980000', 300, 300, 0, 4),
(79358, 4004, 1, 1, 1, '961.50512700000000000000', '-354.26748700000000000000', '16.95883400000000000000', '5.25710010528564450000', 300, 300, 5, 1),
(79339, 3998, 1, 1, 1, '937.81120000000000000000', '-254.16438000000000000000', '-2.09667280000000000000', '0.38397000000000000000', 180, 180, 0, 0),
(79340, 3998, 1, 1, 1, '938.60280000000000000000', '-256.62613000000000000000', '-2.10138770000000000000', '0.17453292012214660600', 180, 180, 0, 0),
(79341, 4001, 1, 1, 1, '936.68710000000000000000', '-255.91563000000000000000', '-2.23863480000000000000', '0.29670596122741699200', 180, 180, 0, 0),
(79342, 3999, 1, 1, 1, '937.07940000000000000000', '-258.10092000000000000000', '-2.26830770000000000000', '0.48869219422340393000', 180, 180, 0, 0),
(79343, 3999, 1, 1, 1, '935.89440000000000000000', '-256.35678000000000000000', '-2.31624270000000000000', '0.69813100000000000000', 180, 180, 0, 0),
(79344, 4003, 1, 1, 1, '934.35200000000000000000', '-258.06960000000000000000', '-2.21520970000000000000', '0.68067842721939086900', 180, 180, 0, 0),
(79345, 4003, 1, 1, 1, '935.28754000000000000000', '-258.92550000000000000000', '-2.20950580000000000000', '0.57595800000000000000', 180, 180, 0, 0),
(79346, 4002, 1, 1, 1, '937.07940000000000000000', '-258.10092000000000000000', '-2.26830770000000000000', '0.48869219422340393000', 180, 180, 0, 0),
(79347, 4002, 1, 1, 1, '935.89440000000000000000', '-256.35678000000000000000', '-2.31624270000000000000', '0.69813100000000000000', 180, 180, 0, 0),
(79348, 4002, 1, 1, 1, '934.35200000000000000000', '-258.06960000000000000000', '-2.21520970000000000000', '0.68067842721939086900', 180, 180, 0, 0),
(79349, 4004, 1, 1, 1, '935.28754000000000000000', '-258.92550000000000000000', '-2.20950580000000000000', '0.57595800000000000000', 180, 180, 0, 0);
INSERT INTO `creature_addon` (`guid`, `mount`, `stand_state`, `sheath_state`, `pvp_flags`, `emote`, `moveflags`, `auras`) VALUES
(79359, 0, 0, 1, 16, 0, 0, NULL),(79360, 0, 0, 1, 16, 0, 0, NULL),(79361, 0, 0, 1, 16, 0, 0, NULL),(79362, 0, 0, 1, 16, 233, 0, NULL),(79363, 0, 0, 1, 16, 233, 0, NULL),(79364, 0, 0, 1, 16, 0, 0, NULL),
(79365, 0, 0, 1, 16, 233, 0, NULL),(79366, 0, 0, 1, 16, 233, 0, NULL),(79367, 0, 0, 1, 0, 233, 0, NULL),(79368, 0, 0, 1, 0, 233, 0, NULL),(79369, 0, 0, 1, 16, 233, 0, NULL),(79370, 0, 0, 1, 16, 233, 0, NULL),
(79371, 0, 0, 1, 16, 233, 0, NULL),(79372, 0, 0, 1, 16, 233, 0, NULL),(79373, 0, 0, 1, 0, 233, 0, NULL),(79374, 0, 0, 1, 16, 233, 0, NULL),(79375, 0, 0, 1, 16, 233, 0, NULL),(79376, 0, 0, 1, 16, 233, 0, NULL),
(79377, 0, 0, 1, 0, 233, 0, NULL),(79378, 0, 0, 1, 16, 233, 0, NULL),(79379, 0, 0, 1, 16, 233, 0, NULL),(79380, 0, 0, 1, 0, 233, 0, NULL),(79381, 0, 0, 1, 16, 233, 0, NULL),(79382, 0, 0, 1, 0, 233, 0, NULL),
(79383, 0, 0, 1, 16, 233, 0, NULL),(79384, 0, 0, 1, 16, 233, 0, NULL),(79385, 0, 0, 1, 16, 233, 0, NULL),(79386, 0, 0, 1, 16, 233, 0, NULL),(79387, 0, 0, 1, 16, 233, 0, NULL),(79388, 0, 0, 1, 16, 0, 0, NULL),
(79389, 0, 0, 1, 16, 233, 0, NULL),(79390, 0, 0, 1, 16, 233, 0, NULL),(79391, 0, 0, 1, 16, 233, 0, NULL),(79392, 0, 0, 1, 16, 233, 0, NULL),(79393, 0, 0, 1, 16, 233, 0, NULL),(79394, 0, 0, 1, 16, 233, 0, NULL),
(79395, 0, 0, 1, 16, 233, 0, NULL),(79396, 0, 0, 1, 0, 233, 0, NULL),(79397, 0, 0, 1, 0, 233, 0, NULL),(79398, 0, 0, 1, 16, 233, 0, NULL),(79399, 0, 0, 1, 16, 233, 0, NULL),(79400, 0, 0, 1, 16, 233, 0, NULL),
(79401, 0, 0, 1, 16, 233, 0, NULL),(79402, 0, 0, 1, 16, 233, 0, NULL),(79403, 0, 0, 1, 16, 233, 0, NULL),(79404, 0, 0, 1, 16, 233, 0, NULL);
INSERT INTO creature_movement (`id`, `Point`, `PositionX`, `PositionY`, `PositionZ`, `Orientation`, `WaitTime`, `ScriptId`) VALUES
(79350,1,978.26074,-377.89606,9.0254755,100,500,0),
(79350,2,978.54114,-385.31088,8.227136,100,0,0),
(79350,3,971.53625,-387.9108,8.264367,100,0,0),
(79350,4,966.7669,-383.84634,8.013391,100,0,0),
(79350,5,965.7326,-375.6895,7.904025,100,0,0),
(79350,6,961.0283,-363.34268,5.3975625,100,0,0),
(79350,7,961.3163,-349.0778,2.343706,100,0,0),
(79350,8,968.81525,-340.1766,-1.0334809,100,0,0),
(79350,9,979.7723,-334.89594,-1.688632,100,500,0),
(79352,1,872.80945,-292.8252,17.80613,100,500,0),
(79352,2,885.36285,-290.37933,19.17272,100,0,0),
(79352,3,897.8306,-285.32156,20.153763,100,0,0),
(79352,4,911.8462,-279.59897,21.566036,100,0,0),
(79352,5,923.16266,-270.354,22.029636,100,0,0),
(79352,6,927.9974,-274.91867,22.343903,100,0,0),
(79352,7,932.887,-281.16733,18.190046,100,0,0),
(79352,8,932.75543,-285.33365,17.774048,100,500,0),
(79353,1,987.2447,-328.64514,-0.28765878,100,500,0),
(79353,2,987.5994,-317.40674,0.8982092,100,0,0),
(79353,3,980.0046,-304.04227,-1.3080362,100,0,0),
(79353,4,969.19714,-302.97385,-0.6509599,100,0,0),
(79353,5,961.9171,-300.102,-2.3842425,100,0,0),
(79353,6,954.6951,-305.87582,-1.8897942,100,0,0),
(79353,7,955.3952,-316.19125,-1.5026575,100,500,0),
(79354,1,985.87915,-375.4854,16.126184,100,500,0),
(79354,2,977.4711,-366.06494,16.481733,100,0,0),
(79354,3,980.44977,-359.77316,15.8730955,100,0,0),
(79354,4,987.0081,-353.62875,12.911339,100,0,0),
(79354,5,979.6847,-358.955,15.934146,100,0,0),
(79354,6,974.1008,-359.98465,15.90542,100,0,0),
(79354,7,967.81146,-355.42084,15.778783,100,0,0),
(79354,8,959.8864,-356.57254,16.263485,100,0,0),
(79354,9,952.05316,-358.53668,16.00057,100,0,0),
(79354,10,942.7303,-357.83762,15.760734,100,0,0),
(79354,11,937.1593,-346.72034,17.17706,100,500,0),
(79355,1,953.9792,-257.88293,-3.5109515,100,500,0),
(79355,2,943.3326,-255.42464,-2.5989857,100,0,0),
(79355,3,933.843,-259.72906,-2.1856833,100,0,0),
(79355,4,930.4224,-266.17487,-1.680638,100,0,0),
(79355,5,919.2319,-273.9211,-0.8711146,100,0,0),
(79355,6,913.40356,-280.15305,-1.6427773,100,0,0),
(79355,7,907.3419,-280.48596,-0.90467596,100,0,0),
(79355,8,913.14703,-289.98215,-0.97477597,100,0,0),
(79355,9,924.87524,-292.08328,-1.881798,100,0,0),
(79355,10,933.51715,-291.6391,-0.8050218,100,0,0),
(79355,11,940.4749,-294.35617,-1.6682853,100,0,0),
(79355,12,956.37683,-298.77066,-2.5723162,100,0,0),
(79355,13,966.77136,-302.1098,-0.9671719,100,500,0),
(79357,1,909.07324,-334.2018,18.525047,100,500,0),
(79357,2,919.23285,-329.27045,19.036795,100,0,0),
(79357,3,923.80145,-320.73843,17.60006,100,0,0),
(79357,4,927.54785,-311.1471,17.877155,100,0,0),
(79357,5,938.6646,-295.839,18.20342,100,500,0);
DELETE FROM dbscripts_on_quest_start WHERE id IN (1090);
INSERT INTO dbscripts_on_quest_start (id, delay, command, datalong, datalong2, datalong3, buddy_entry, search_radius, data_flags, dataint, dataint2, dataint3, dataint4, x, y, z, o, comments) VALUES
(1090,1,21,1,0,0,0,0,0x04,0,0,0,0,0,0,0,0,'active'),
(1090,100,22,113,1|0x20,0,0,0,0x04,0,0,0,0,0,0,0,0,'temp faction'),
(1090,101,29,2,0,0,0,0,0x04,0,0,0,0,0,0,0,0,'NPCFlags Removed'),
(1090,1000,0,0,0,0,0,0,0x04,1427,0,0,0,0,0,0,0,'say'),
(1090,17000,53,0,0,0,0,0,0,19888,1,0,0,0,0,0,0,'Set worldstate variable to 1'),
(1090,108000,34,2191,1090,0,0,0,0,0,0,0,0,0,0,0,0,'Stop script if player is dead or out of range'),
(1090,109000,34,2192,1090,0,0,0,0x04,0,0,0,0,0,0,0,0,'Stop script if source is dead'),
(1090,109500,53,0,0,0,0,0,0,19888,0,0,0,0,0,0,0,'Set worldstate variable to 0'),
(1090,110000,53,0,0,0,0,0,0,19889,1,0,0,0,0,0,0,'Set worldstate variable to 1'),
(1090,113000,0,0,0,0,0,0,0x04,1431,0,0,0,0,0,0,0,'say'),
(1090,203000,34,2191,1090,0,0,0,0,0,0,0,0,0,0,0,0,'Stop script if player is dead or out of range'),
(1090,204000,34,2192,1090,0,0,0,0x04,0,0,0,0,0,0,0,0,'Stop script if npc is dead'),
(1090,204500,53,0,0,0,0,0,0,19889,0,0,0,0,0,0,0,'Set worldstate variable to 0'),
(1090,204600,53,0,0,0,0,0,0,19890,1,0,0,0,0,0,0,'Set worldstate variable to 1'),
(1090,215000,0,0,0,0,0,0,0x04,1432,0,0,0,0,0,0,0,'say'),
(1090,302000,53,0,0,0,0,0,0,19890,0,0,0,0,0,0,0,'Set worldstate variable to 0'),
(1090,303000,34,2191,1090,0,0,0,0,0,0,0,0,0,0,0,0,'Stop script if player is dead or out of range'),
(1090,304000,34,2192,1090,0,0,0,0x04,0,0,0,0,0,0,0,0,'Stop script if npc is dead'),
(1090,305000,7,1090,0,0,0,0,0,0,0,0,0,0,0,0,0,'quest complete'),
(1090,305001,0,0,0,0,0,0,0x04,1434,0,0,0,0,0,0,0,'say'),
(1090,305002,22,35,0,0,0,0,0x04,0,0,0,0,0,0,0,0,'set default faction'),
(1090,305003,29,2,1,0,0,0,0x04,0,0,0,0,0,0,0,0,'NPCFlags Added'),
(1090,305004,21,0,0,0,0,0,0x04,0,0,0,0,0,0,0,0,'unactive');
DELETE FROM dbscripts_on_creature_death WHERE id IN (4276);
INSERT INTO dbscripts_on_creature_death (id, delay, command, datalong, datalong2, datalong3, buddy_entry, search_radius, data_flags, dataint, dataint2, dataint3, dataint4, x, y, z, o, comments) VALUES
(4276,1,53,0,0,0,0,0,0,19888,0,0,0,0,0,0,0,'Set worldstate variable to 0'),
(4276,2,53,0,0,0,0,0,0,19889,0,0,0,0,0,0,0,'Set worldstate variable to 0'),
(4276,3,53,0,0,0,0,0,0,19890,0,0,0,0,0,0,0,'Set worldstate variable to 0'),
(4276,4,29,2,1,0,0,0,0x04,0,0,0,0,0,0,0,0,'NPCFlags Added'),
(4276,5,21,0,0,0,0,0,0x04,0,0,0,0,0,0,0,0,'unactive');
DELETE FROM `spawn_group` WHERE id =19888;
INSERT INTO `spawn_group` (`Id`, `Name`, `Type`, `MaxCount`, `WorldState`, `Flags`) VALUES (19888, 'Stonetalon Mountains - q.1090 - Wave 1 - Windshear Vermin x2 & Windshear Tunnel Rat', 0, 0, 9907, 0x08);
DELETE FROM `spawn_group_spawn` WHERE id = 19888;
INSERT INTO `spawn_group_spawn` (`Id`, `Guid`, `SlotId`) VALUES (19888, 79341, 0),(19888, 79340, 1),(19888, 79339, 2);
DELETE FROM `spawn_group_formation` WHERE id = 19888;
INSERT INTO `spawn_group_formation` (`Id`, `FormationType`, `FormationSpread`, `FormationOptions`, `PathId`, `MovementType`, `Comment`) VALUES (19888, 5, 2, 0, 19888, 4, 'Stonetalon Mountains - q.1090 - Wave 1 - Windshear Vermin x2 & Windshear Tunnel Rat');
DELETE FROM `waypoint_path_name` WHERE PathId = 19888;
INSERT INTO `waypoint_path_name` (`PathId`, `Name`) VALUES (19888,'Stonetalon Mountains - q.1090 - Wave 1 - Windshear Vermin x2 & Windshear Tunnel Rat');
DELETE FROM `waypoint_path` WHERE PathId = 19888;
INSERT INTO `waypoint_path` (`PathId`, `Point`, `PositionX`, `PositionY`,`PositionZ`, `Orientation`, `WaitTime`, `ScriptId`) VALUES
(19888,1,936.6871,-255.91563,-2.2386348,0.2967,3000,0),
(19888,2,944.4445,-255.94446,-2.7950513,100,100,400101),
(19888,3,950.1888,-257.03415,-3.0987809,100,0,0),
(19888,4,953.7671,-258.39548,-3.5265486,100,0,0),
(19888,5,960.332,-260.597,-5.78864,5.99669,100,3);
DELETE FROM dbscripts_on_creature_movement WHERE id IN (400101);
INSERT INTO dbscripts_on_creature_movement (id, delay, command, datalong, datalong2, datalong3, buddy_entry, search_radius, data_flags, dataint, dataint2, dataint3, dataint4, x, y, z, o, comments) VALUES
(400101,0,0,0,0,0,0,0,0x04,1428,0,0,0,0,0,0,0,'');
DELETE FROM conditions WHERE condition_entry IN (9907);
INSERT INTO conditions (condition_entry, `type`, value1, value2, value3, flags, comments) VALUES (9907, 42, 19888, 1, 1, 0, 'Stonetalon Mountains - q.1090 - Wave 1 - Windshear Vermin x2 & Windshear Tunnel Rat');
DELETE FROM worldstate_name WHERE Id=19888;
INSERT INTO worldstate_name(Id, Name) VALUES (19888,'Stonetalon Mountains - q.1090 - Wave 1 - Windshear Vermin x2 & Windshear Tunnel Rat');
DELETE FROM `spawn_group` WHERE id =19889;
INSERT INTO `spawn_group` (`Id`, `Name`, `Type`, `MaxCount`, `WorldState`, `Flags`) VALUES (19889, 'Stonetalon Mountains - q.1090 - Wave 2 - Windshear Digger x2 & Windshear Geomancer x2', 0, 0, 9908, 0x08);
DELETE FROM `spawn_group_spawn` WHERE id = 19889;
INSERT INTO `spawn_group_spawn` (`Id`, `Guid`, `SlotId`) VALUES (19889, 79344, 0),(19889, 79345, 1),(19889, 79343, 2),(19889, 79342, 3);
DELETE FROM `spawn_group_formation` WHERE id = 19889;
INSERT INTO `spawn_group_formation` (`Id`, `FormationType`, `FormationSpread`, `FormationOptions`, `PathId`, `MovementType`, `Comment`) VALUES (19889, 5, 2, 0, 19889, 4, 'Stonetalon Mountains - q.1090 - Wave 2 - Windshear Digger x2 & Windshear Geomancer x2');
DELETE FROM `waypoint_path_name` WHERE PathId = 19889;
INSERT INTO `waypoint_path_name` (`PathId`, `Name`) VALUES (19889,'Stonetalon Mountains - q.1090 - Wave 2 - Windshear Digger x2 & Windshear Geomancer x2');
DELETE FROM `waypoint_path` WHERE PathId = 19889;
INSERT INTO `waypoint_path` (`PathId`, `Point`, `PositionX`, `PositionY`,`PositionZ`, `Orientation`, `WaitTime`, `ScriptId`) VALUES
(19889,1,944.28644,-255.18642,-2.7152529,100,100,400301),
(19889,2,946.54144,-256.04645,-3.0640638,100,0,0),
(19889,3,951.118,-257.7668,-3.1646798,100,0,0),
(19889,4,954.56036,-259.11758,-3.6698236,100,0,0),
(19889,5,960.332,-260.597,-5.78864,5.99669,100,3);
DELETE FROM dbscripts_on_creature_movement WHERE id IN (400301);
INSERT INTO dbscripts_on_creature_movement (id, delay, command, datalong, datalong2, datalong3, buddy_entry, search_radius, data_flags, dataint, dataint2, dataint3, dataint4, x, y, z, o, comments) VALUES
(400301,0,0,0,0,0,0,0,0x04,1430,0,0,0,0,0,0,0,'');
DELETE FROM conditions WHERE condition_entry IN (9908);
INSERT INTO conditions (condition_entry, `type`, value1, value2, value3, flags, comments) VALUES (9908, 42, 19889, 1, 1, 0, 'Stonetalon Mountains - q.1090 - Wave 2 - Windshear Digger x2 & Windshear Geomancer x2');
DELETE FROM worldstate_name WHERE Id=19889;
INSERT INTO worldstate_name(Id, Name) VALUES (19889,'Stonetalon Mountains - q.1090 - Wave 2 - Windshear Digger x2 & Windshear Geomancer x2');
DELETE FROM `spawn_group` WHERE id =19890;
INSERT INTO `spawn_group` (`Id`, `Name`, `Type`, `MaxCount`, `WorldState`, `Flags`) VALUES (19890, 'Stonetalon Mountains - q.1090 - Wave 3 - Windshear Stonecutter x3 & Windshear Overlord', 0, 0, 9909, 0x08);
DELETE FROM `spawn_group_spawn` WHERE id = 19890;
INSERT INTO `spawn_group_spawn` (`Id`, `Guid`, `SlotId`) VALUES (19890, 79349, 0),(19890, 79346, 1),(19890, 79347, 2),(19890, 79348, 3);
DELETE FROM `spawn_group_formation` WHERE id = 19890;
INSERT INTO `spawn_group_formation` (`Id`, `FormationType`, `FormationSpread`, `FormationOptions`, `PathId`, `MovementType`, `Comment`) VALUES (19890, 5, 2, 0, 19890, 4, 'Stonetalon Mountains - q.1090 - Wave 3 - Windshear Stonecutter x3 & Windshear Overlord');
DELETE FROM `waypoint_path_name` WHERE PathId = 19890;
INSERT INTO `waypoint_path_name` (`PathId`, `Name`) VALUES (19890,'Stonetalon Mountains - q.1090 - Wave 3 - Windshear Stonecutter x3 & Windshear Overlord');
DELETE FROM `waypoint_path` WHERE PathId = 19890;
INSERT INTO `waypoint_path` (`PathId`, `Point`, `PositionX`, `PositionY`,`PositionZ`, `Orientation`, `WaitTime`, `ScriptId`) VALUES
(19890,1,944.28644,-255.18642,-2.7152529,100,100,400401),
(19890,2,946.54144,-256.04645,-3.0640638,100,0,0),
(19890,3,951.118,-257.7668,-3.1646798,100,0,0),
(19890,4,954.56036,-259.11758,-3.6698236,100,0,0),
(19890,5,960.332,-260.597,-5.78864,5.99669,100,3);
DELETE FROM dbscripts_on_creature_movement WHERE id IN (400401);
INSERT INTO dbscripts_on_creature_movement (id, delay, command, datalong, datalong2, datalong3, buddy_entry, search_radius, data_flags, dataint, dataint2, dataint3, dataint4, x, y, z, o, comments) VALUES
(400401,0,0,0,0,0,0,0,0x04,1433,0,0,0,0,0,0,0,'');
DELETE FROM conditions WHERE condition_entry IN (9909);
INSERT INTO conditions (condition_entry, `type`, value1, value2, value3, flags, comments) VALUES (9909, 42, 19890, 1, 1, 0, 'Stonetalon Mountains - q.1090 - Wave 3 - Windshear Stonecutter x3 & Windshear Overlord');
DELETE FROM worldstate_name WHERE Id=19890;
INSERT INTO worldstate_name(Id, Name) VALUES (19890,'Stonetalon Mountains - q.1090 - Wave 3 - Windshear Stonecutter x3 & Windshear Overlord');

UPDATE `gameobject` SET `spawntimesecsmin` = '-62' WHERE `guid` =8217;

UPDATE gameobject_template SET faction = 114, data2 = 10 WHERE entry = 103661;
DELETE FROM dbscripts_on_go_template_use WHERE id IN (174764,103661,103662);
INSERT INTO dbscripts_on_go_template_use (id, delay, command, datalong, datalong2, datalong3, buddy_entry, search_radius, data_flags, dataint, dataint2, dataint3, dataint4, x, y, z, o, comments) VALUES
(103661,0,9,8218,600,0,0,0,0,0,0,0,0,0,0,0,0,'respawn object');
UPDATE spell_target_position SET target_position_x = -1350.83, target_position_y = -2740.16, target_position_z = 61.5, target_orientation = 6.1817 WHERE id = 9055;

UPDATE `creature_template` SET `NpcFlags` = 2, `GossipMenuId` = 0 WHERE `Entry` =6294;
DELETE FROM `questgiver_greeting` WHERE `Entry` = 6294;
INSERT INTO `questgiver_greeting` (`Entry`, `Type`, `EmoteId`, `EmoteDelay`, `Text`) VALUES (6294, 0, 0, 0, 'Greetings, $n.');

DELETE FROM `creature_template_spells` WHERE `entry` = 18847;
DELETE FROM `creature_spell_list_entry` WHERE `Id` IN (1884701, 1884702);
INSERT INTO `creature_spell_list_entry` (`Id`, `Name`, `ChanceSupportAction`, `ChanceRangedAttack`) VALUES
(1884701, 'Gruul\'s Lair - Wild Fel Stalkers', 0, 0),
(1884702, 'Gruul\'s Lair - Wild Fel Stalkers - Charmed', 0, 0);
DELETE FROM `creature_spell_list` WHERE `Id` IN (1884701, 1884702);
INSERT INTO `creature_spell_list` (`Id`, `Position`, `SpellId`, `Flags`, `CombatCondition`, `TargetId`, `ScriptId`, `Availability`, `Probability`, `InitialMin`, `InitialMax`, `RepeatMin`, `RepeatMax`, `Comments`) VALUES
(1884701, 1, 33086, 0, -1, 1, 0, 100, 0, 4000, 8000, 5000, 12000, 'Wild Fel Stalkers  - Wild Bite - current'),
(1884702, 1, 33086, 0, -1, 1, 0, 100, 0, 5000, 5000, 5000, 5000, 'Wild Fel Stalkers  - Wild Bite - current'),
(1884702, 2, 33091, 0, -1, 2, 0, 100, 0, 10000, 10000, 10000, 10000, 'Wild Fel Stalkers  - Determination - self'),
(1884702, 3, 33096, 0, -1, 1, 0, 100, 0, 20000, 20000, 20000, 20000, 'Wild Fel Stalkers  - Threaten - current');
UPDATE creature_template SET `SpellList` = 1884701, CharmedSpellList = 1884702 WHERE entry = 18847;

UPDATE creature_template SET MeleeBaseAttackTime = 1500 WHERE entry = 18806;
UPDATE creature_model_info SET bounding_radius = 0.766, combat_reach = 3 WHERE modelid IN (19050, 19051, 19052);
UPDATE creature_template SET MaxLevel = 70 WHERE entry = 18925;
UPDATE creature_model_info SET bounding_radius = 0.47875, combat_reach = 1.875 WHERE modelid IN (19048, 19049);
UPDATE creature_template SET SpeedWalk = 3/2.5, SpeedRun = 10/7 WHERE entry = 19622;
UPDATE creature_template SET SpeedWalk = 4/2.5, SpeedRun = 10/7 WHERE entry = 20031;
UPDATE creature_model_info SET bounding_radius = 0.6128, combat_reach = 2.4 WHERE modelid IN (19386, 19387);
UPDATE creature_template SET SpeedWalk = 2.5/2.5, SpeedRun = 10/7 WHERE entry = 20032;
UPDATE creature_model_info SET bounding_radius = 0.68939996, combat_reach = 2.6999998 WHERE modelid IN (21000, 19388);
UPDATE creature_template SET SpeedWalk = 2.5/2.5, SpeedRun = 10/7 WHERE entry = 20033;
UPDATE creature_model_info SET bounding_radius = 0.6128, combat_reach = 2.4 WHERE modelid IN (19390, 19391);
UPDATE creature_template SET SpeedWalk = 2.5/2.5, SpeedRun = 10/7 WHERE entry = 20034;
UPDATE creature_model_info SET bounding_radius = 0.68939996, combat_reach = 2.6999998 WHERE modelid IN (19392, 19393);
UPDATE creature_template SET SpeedWalk = 4/2.5, SpeedRun = 10/7 WHERE entry = 20035;
UPDATE creature_model_info SET bounding_radius = 0.766, combat_reach = 3 WHERE modelid IN (19397, 20978);
UPDATE creature_template SET SpeedWalk = 4/2.5, SpeedRun = 10/7 WHERE entry = 20036;
UPDATE creature_model_info SET bounding_radius = 0.57449996, combat_reach = 2.25 WHERE modelid IN (19394, 21001);
UPDATE creature_template SET SpeedWalk = 4/2.5 WHERE entry = 20037;
UPDATE creature_model_info SET bounding_radius = 0.766, combat_reach = 3 WHERE modelid IN (19398, 19399);
UPDATE creature_template SET SpeedWalk = 4/2.5, SpeedRun = 12/7 WHERE entry = 20038;
UPDATE creature_model_info SET bounding_radius = 0.3, combat_reach = 1.5 WHERE modelid = 19298;
UPDATE creature_template SET SpeedWalk = 2.5/2.5, SpeedRun = 12/7, MeleeBaseAttackTime = 2000 WHERE entry = 20039;
UPDATE creature_model_info SET bounding_radius = 0.75, combat_reach = 3.75 WHERE modelid = 19299;
UPDATE creature_template SET SpeedWalk = 4/2.5, SpeedRun = 12/7 WHERE entry = 20040;
UPDATE creature_model_info SET bounding_radius = 1.5, combat_reach = 9 WHERE modelid = 19410;
UPDATE creature_template SET SpeedRun = 12/7 WHERE entry = 20041;
UPDATE creature_model_info SET bounding_radius = 1.25, combat_reach = 7.5 WHERE modelid = 19300;
UPDATE creature_template SET SpeedWalk = 4/2.5, SpeedRun = 10/7 WHERE entry = 20042;
UPDATE creature_model_info SET bounding_radius = 0.57449996, combat_reach = 2.25 WHERE modelid = 19412;
UPDATE creature_template SET SpeedWalk = 4/2.5, SpeedRun = 10/7 WHERE entry = 20043;
UPDATE creature_model_info SET bounding_radius = 0.57449996, combat_reach = 2.25 WHERE modelid IN (19470, 19471);
UPDATE creature_model_info SET bounding_radius = 0.57449996, combat_reach = 2.25 WHERE modelid IN (19472, 19473);
UPDATE creature_template SET SpeedWalk = 4/2.5, SpeedRun = 10/7 WHERE entry = 20045;
UPDATE creature_model_info SET bounding_radius = 0.766, combat_reach = 3 WHERE modelid IN (19474, 19475);
UPDATE creature_template SET SpeedWalk = 4/2.5, SpeedRun = 10/7 WHERE entry = 20046;
UPDATE creature_model_info SET bounding_radius = 0.766, combat_reach = 3 WHERE modelid IN (19423, 19424);
UPDATE creature_template SET SpeedWalk = 4/2.5, SpeedRun = 12/7 WHERE entry = 20047;
UPDATE creature_model_info SET bounding_radius = 0.57449996, combat_reach = 2.25 WHERE modelid IN (19499, 19500);
UPDATE creature_template SET SpeedWalk = 4/2.5, SpeedRun = 12/7 WHERE entry = 20048;
UPDATE creature_model_info SET bounding_radius = 0.68939996, combat_reach = 2.6999998 WHERE modelid IN (19505, 19506);
UPDATE creature_template SET SpeedWalk = 4/2.5, SpeedRun = 12/7 WHERE entry = 20049;
UPDATE creature_model_info SET bounding_radius = 0.68939996, combat_reach = 2.6999998 WHERE modelid IN (19503, 19504);
UPDATE creature_template SET SpeedWalk = 4/2.5, SpeedRun = 12/7 WHERE entry = 20050;
UPDATE creature_model_info SET bounding_radius = 0.766, combat_reach = 3 WHERE modelid IN (19507, 19508);
UPDATE creature_template SET SpeedWalk = 2.36110997200012207/2.5, SpeedRun = 10/7 WHERE entry = 20052;
UPDATE creature_model_info SET bounding_radius = 0.75, combat_reach = 1.5 WHERE modelid = 19254;

UPDATE `questgiver_greeting` SET `Text` = 'Greetings, $n.' WHERE `Entry` =4201 AND `Type` =0;
UPDATE `questgiver_greeting` SET `Text` = 'Greetings, $n.' WHERE `Entry` =7877 AND `Type` =0;
INSERT INTO `questgiver_greeting` (`Entry`, `Type`, `Text`, `EmoteId`, `EmoteDelay`) VALUES (17433, 0, ' Greetings, $n.', 0, 0);

REPLACE INTO `creature` (`guid`, `id`, `map`, `spawnMask`, `phaseMask`, `position_x`, `position_y`, `position_z`, `orientation`, `spawntimesecsmin`, `spawntimesecsmax`, `spawndist`, `MovementType`) VALUES
(53231, 6129, 1, 1, 1, '2472.88989257812500000000', '-5280.81982421875000000000', '124.68599700927734000000', '2.39109992980957030000', 600, 600, 0, 0),
(53230, 6129, 1, 1, 1, '2502.58007812500000000000', '-5426.75976562500000000000', '133.15400695800780000000', '0.82679498195648190000', 600, 600, 5, 1),
(53232, 6129, 1, 1, 1, '2570.62988281250000000000', '-5480.27001953125000000000', '122.17299652099610000000', '1.64926004409790040000', 600, 600, 0, 0),
(53558, 6129, 1, 1, 1, '2756.67993164062500000000', '-5395.00976562500000000000', '116.27700042724610000000', '1.50213003158569340000', 600, 600, 0, 0),
(52812, 6129, 1, 1, 1, '2809.28002929687500000000', '-5441.52001953125000000000', '98.77829742431640000000', '0.01431099977344274500', 600, 600, 5, 1);

REPLACE INTO `creature` (`guid`, `id`, `map`, `spawnMask`, `phaseMask`, `position_x`, `position_y`, `position_z`, `orientation`, `spawntimesecsmin`, `spawntimesecsmax`, `spawndist`, `MovementType`) VALUES
(52656, 1048, 0, 1, 1, '-3913.05004882812500000000', '-4014.33007812500000000000', '167.19500732421875000000', '0.86983299255371090000', 600, 600, 10, 1),
(52657, 1048, 0, 1, 1, '-3563.04003906250000000000', '-3990.05004882812500000000', '108.92199707031250000000', '3.42683005332946780000', 600, 600, 0, 0),
(52655, 1048, 0, 1, 1, '-3611.20996093750000000000', '-3955.03002929687500000000', '109.97699737548828000000', '4.34545993804931600000', 600, 600, 0, 0),
(52658, 1048, 0, 1, 1, '-3843.86010742187500000000', '-4014.65991210937500000000', '159.22599792480470000000', '0.48371699452400210000', 600, 600, 5, 1),
(52810, 1048, 0, 1, 1, '-3595.12988281250000000000', '-3984.95996093750000000000', '108.99199676513672000000', '0.18292400240898132000', 600, 600, 5, 1),
(52808, 1048, 0, 1, 1, '-3919.92993164062500000000', '-4085.11010742187500000000', '172.07000732421875000000', '2.91741991043090800000', 600, 600, 10, 1),
(52807, 1048, 0, 1, 1, '-3882.30004882812500000000', '-4050.13989257812500000000', '164.13499450683594000000', '6.17650985717773400000', 600, 600, 10, 1);

DELETE FROM creature_addon WHERE guid IN(SELECT guid FROM creature WHERE id IN (628,744,745,746));
DELETE FROM creature_movement WHERE id IN(SELECT guid FROM creature WHERE id IN (628,744,745,746));
DELETE FROM game_event_creature WHERE guid IN(SELECT guid FROM creature WHERE id IN (628,744,745,746));
DELETE FROM game_event_creature_data WHERE guid IN(SELECT guid FROM creature WHERE id IN (628,744,745,746));
DELETE FROM creature_battleground WHERE guid IN(SELECT guid FROM creature WHERE id IN (628,744,745,746));
DELETE FROM creature_linking WHERE guid IN(SELECT guid FROM creature WHERE id IN (628,744,745,746));
DELETE FROM creature WHERE id IN (628,744,745,746);
INSERT INTO `creature` (`guid`, `id`, `map`, `spawnMask`, `position_x`, `position_y`, `position_z`, `orientation`, `spawntimesecsmin`, `spawntimesecsmax`, `spawndist`, `MovementType`) VALUES
(2183, 628, 0, 1, '-10775.70019531250000000000', '-768.61297607421880000000', '43.13909912109375000000', '5.03353977203369100000', 300, 300, 10, 1),
(2197, 628, 0, 1, '-10756.90039062500000000000', '-779.05902099609380000000', '42.91059875488281000000', '3.30835008621215800000', 300, 300, 10, 1),
(2238, 628, 0, 1, '-10316.00000000000000000000', '-1012.53997802734380000000', '45.46569824218750000000', '0.73479998111724850000', 300, 300, 10, 1),
(2248, 628, 0, 1, '-10288.90039062500000000000', '-984.75402832031250000000', '49.36249923706055000000', '1.42586004734039300000', 300, 300, 10, 1),
(2312, 628, 0, 1, '-10178.29980468750000000000', '-898.20800781250000000000', '36.60279846191406000000', '5.21741008758544900000', 300, 300, 10, 1),
(2331, 628, 0, 1, '-10853.50000000000000000000', '-590.73297119140620000000', '36.95869827270508000000', '4.35315990447998050000', 300, 300, 5, 1),
(2367, 628, 0, 1, '-10217.00000000000000000000', '-887.59002685546880000000', '38.00880050659180000000', '1.55127000808715820000', 300, 300, 10, 1),
(2435, 628, 0, 1, '-10233.79980468750000000000', '-951.25299072265620000000', '38.12099838256836000000', '6.25780010223388700000', 300, 300, 10, 1),
(3087, 628, 0, 1, '-10354.09960937500000000000', '-1056.07995605468750000000', '50.43470001220703000000', '4.31340980529785200000', 300, 300, 5, 1),
(3283, 628, 0, 1, '-10824.50000000000000000000', '-477.64199829101560000000', '42.60430145263672000000', '0.09233999997377396000', 300, 300, 5, 1);
INSERT INTO `creature` (`guid`, `id`, `map`, `spawnMask`, `phaseMask`, `position_x`, `position_y`, `position_z`, `orientation`, `spawntimesecsmin`, `spawntimesecsmax`, `spawndist`, `MovementType`) VALUES
(2515, 744, 0, 1, 1, '-10672.90039062500000000000', '-3979.62011718750000000000', '22.27569961547851600000', '2.86865997314453120000', 300, 300, 5, 1),
(2653, 744, 0, 1, 1, '-10701.29980468750000000000', '-4001.62988281250000000000', '24.04560089111328000000', '0.45315799117088320000', 300, 300, 5, 1),
(3084, 744, 0, 1, 1, '-10222.29980468750000000000', '-3612.62011718750000000000', '23.67589950561523400000', '1.42941999435424800000', 300, 300, 5, 1),
(3267, 744, 0, 1, 1, '-10263.50000000000000000000', '-3702.66992187500000000000', '23.74909973144531200000', '0.91116601228713990000', 300, 300, 10, 1),
(3269, 744, 0, 1, 1, '-10220.59960937500000000000', '-3683.91992187500000000000', '21.89069938659668000000', '2.79204010963439940000', 300, 300, 10, 1),
(3287, 744, 0, 1, 1, '-10193.59960937500000000000', '-3640.94995117187500000000', '21.62409973144531200000', '2.98575997352600100000', 300, 300, 5, 1),
(3299, 744, 0, 1, 1, '-10258.79980468750000000000', '-3649.61010742187500000000', '22.77680015563965000000', '0.13097800314426422000', 300, 300, 5, 1),
(3398, 744, 0, 1, 1, '-10282.40039062500000000000', '-3615.47998046875000000000', '22.87120056152343800000', '3.35018992424011230000', 300, 300, 10, 1),
(3403, 744, 0, 1, 1, '-10519.40039062500000000000', '-4051.83007812500000000000', '23.19790077209472700000', '3.03115010261535640000', 300, 300, 5, 1);
INSERT INTO `creature` (`guid`, `id`, `map`, `spawnMask`, `phaseMask`, `position_x`, `position_y`, `position_z`, `orientation`, `spawntimesecsmin`, `spawntimesecsmax`, `spawndist`, `MovementType`) VALUES
(2393, 745, 0, 1, 1, '-10663.79980468750000000000', '-4011.41992187500000000000', '22.10149955749511700000', '4.87706995010376000000', 300, 300, 5, 1),
(2538, 745, 0, 1, 1, '-10619.29980468750000000000', '-3990.60009765625000000000', '22.11260032653808600000', '5.48121023178100600000', 300, 300, 5, 1),
(2652, 745, 0, 1, 1, '-10337.40039062500000000000', '-3979.19995117187500000000', '17.40169906616211000000', '3.45280003547668460000', 300, 300, 10, 1),
(2723, 745, 0, 1, 1, '-10645.29980468750000000000', '-3956.20996093750000000000', '23.38389968872070300000', '5.54162979125976600000', 300, 300, 5, 1),
(2852, 745, 0, 1, 1, '-10302.09960937500000000000', '-3646.92993164062500000000', '23.99460029602050800000', '1.05818998813629150000', 300, 300, 10, 1),
(2883, 745, 0, 1, 1, '-10245.70019531250000000000', '-3587.08007812500000000000', '22.12719917297363300000', '0.97844499349594120000', 300, 300, 10, 1),
(3009, 745, 0, 1, 1, '-10249.40039062500000000000', '-3950.69995117187500000000', '22.29269981384277300000', '0.46539300680160520000', 300, 300, 10, 1),
(3074, 745, 0, 1, 1, '-10214.70019531250000000000', '-3909.62011718750000000000', '23.14130020141601600000', '3.71203994750976560000', 300, 300, 5, 1),
(3118, 745, 0, 1, 1, '-10268.59960937500000000000', '-4079.64990234375000000000', '22.56060028076172000000', '2.86865997314453120000', 300, 300, 5, 1),
(3135, 745, 0, 1, 1, '-10247.40039062500000000000', '-4106.50000000000000000000', '22.52750015258789000000', '4.03642988204956050000', 300, 300, 5, 1),
(3140, 745, 0, 1, 1, '-10314.00000000000000000000', '-4235.93017578125000000000', '23.37409973144531200000', '1.07875001430511470000', 300, 300, 5, 1),
(3201, 745, 0, 1, 1, '-10413.40039062500000000000', '-4086.94995117187500000000', '23.40200042724609400000', '6.04863023757934600000', 300, 300, 5, 1),
(3286, 745, 0, 1, 1, '-10414.29980468750000000000', '-4148.39990234375000000000', '22.03569984436035000000', '0.09760600328445435000', 300, 300, 5, 1);
INSERT INTO `creature` (`guid`, `id`, `map`, `spawnMask`, `phaseMask`, `position_x`, `position_y`, `position_z`, `orientation`, `spawntimesecsmin`, `spawntimesecsmax`, `spawndist`, `MovementType`) VALUES
(9860, 746, 0, 1, 1, '-10321.90039062500000000000', '-4196.70019531250000000000', '22.88960075378418000000', '1.38413000106811520000', 300, 300, 5, 1),
(9885, 746, 0, 1, 1, '-10316.00000000000000000000', '-4061.42993164062500000000', '22.01530075073242200000', '6.10832977294921900000', 300, 300, 5, 1),
(9930, 746, 0, 1, 1, '-10294.40039062500000000000', '-4218.54980468750000000000', '23.83259963989257800000', '1.94441998004913330000', 300, 300, 5, 1),
(9964, 746, 0, 1, 1, '-10352.29980468750000000000', '-4217.22021484375000000000', '23.27809906005859400000', '1.78910005092620850000', 300, 300, 5, 1),
(10029, 746, 0, 1, 1, '-10382.20019531250000000000', '-4181.81005859375000000000', '23.99740028381347700000', '1.60064995288848880000', 300, 300, 5, 1),
(10060, 746, 0, 1, 1, '-10461.20019531250000000000', '-4022.35009765625000000000', '21.99909973144531200000', '0.68549698591232300000', 300, 300, 5, 1);

UPDATE `creature_template` SET `PickpocketLootId` = '0' WHERE `Entry` IN (412,22304,30793);
DELETE FROM `pickpocketing_loot_template` WHERE `entry` IN (412,22304);

UPDATE `creature_template` SET `Faction` = '93' WHERE `Entry` =412;

UPDATE `creature_template` SET `CharmedSpellList`='1939905', `MechanicImmuneMask` = `MechanicImmuneMask`&~1 WHERE `entry`='19399';
UPDATE `creature_template` SET `CharmedSpellList`='2123305', `MechanicImmuneMask` = `MechanicImmuneMask`&~1 WHERE `entry`='21233';
UPDATE `creature_template` SET `CharmedSpellList`='1697505', `MechanicImmuneMask` = `MechanicImmuneMask`&~1 WHERE `entry`='16975';
UPDATE `creature_template` SET `CharmedSpellList`='1697405', `MechanicImmuneMask` = `MechanicImmuneMask`&~1 WHERE `entry`='16974';
UPDATE `creature_template` SET `CharmedSpellList`='1897405', `MechanicImmuneMask` = `MechanicImmuneMask`&~1 WHERE `entry`='18974';
UPDATE `creature_template` SET `CharmedSpellList`='1705805', `MechanicImmuneMask` = `MechanicImmuneMask`&~1 WHERE `entry`='17058';
UPDATE `creature_template` SET `CharmedSpellList`='1919205', `MechanicImmuneMask` = `MechanicImmuneMask`&~1 WHERE `entry`='19192';
UPDATE `creature_template` SET `CharmedSpellList`='1695105', `MechanicImmuneMask` = `MechanicImmuneMask`&~1 WHERE `entry`='16951';
UPDATE `creature_template` SET `CharmedSpellList`='1897605', `MechanicImmuneMask` = `MechanicImmuneMask`&~1 WHERE `entry`='18976';
UPDATE `creature_template` SET `CharmedSpellList`='1940805', `MechanicImmuneMask` = `MechanicImmuneMask`&~1 WHERE `entry`='19408';
UPDATE `creature_template` SET `CharmedSpellList`='1882705', `MechanicImmuneMask` = `MechanicImmuneMask`&~1 WHERE `entry`='18827';
UPDATE `creature_template` SET `CharmedSpellList`='1929805', `MechanicImmuneMask` = `MechanicImmuneMask`&~1 WHERE `entry`='19298';
UPDATE `creature_template` SET `CharmedSpellList`='1695405', `MechanicImmuneMask` = `MechanicImmuneMask`&~1 WHERE `entry`='16954';
UPDATE `creature_template` SET `CharmedSpellList`='1694605', `MechanicImmuneMask` = `MechanicImmuneMask`&~1 WHERE `entry`='16946';
UPDATE `creature_template` SET `CharmedSpellList`='2079805', `MechanicImmuneMask` = `MechanicImmuneMask`&~1 WHERE `entry`='20798';
UPDATE `creature_template` SET `CharmedSpellList`='1696005', `MechanicImmuneMask` = `MechanicImmuneMask`&~1 WHERE `entry`='16960';
UPDATE `creature_template` SET `CharmedSpellList`='1694705', `MechanicImmuneMask` = `MechanicImmuneMask`&~1 WHERE `entry`='16947';
UPDATE `creature_template` SET `CharmedSpellList`='1943405', `MechanicImmuneMask` = `MechanicImmuneMask`&~1 WHERE `entry`='19434';
UPDATE `creature_template` SET `CharmedSpellList`='1913605', `MechanicImmuneMask` = `MechanicImmuneMask`&~1 WHERE `entry`='19136';
UPDATE `creature_template` SET `CharmedSpellList`='1926105', `MechanicImmuneMask` = `MechanicImmuneMask`&~1 WHERE `entry`='19261';
UPDATE `creature_template` SET `CharmedSpellList`='1701405', `MechanicImmuneMask` = `MechanicImmuneMask`&~1 WHERE `entry`='17014';
UPDATE `creature_template` SET `CharmedSpellList`='1952705', `MechanicImmuneMask` = `MechanicImmuneMask`&~1 WHERE `entry`='19527';
UPDATE `creature_template` SET `CharmedSpellList`='1695005', `MechanicImmuneMask` = `MechanicImmuneMask`&~1 WHERE `entry`='16950';
UPDATE `creature_template` SET `CharmedSpellList`='1919005', `MechanicImmuneMask` = `MechanicImmuneMask`&~1 WHERE `entry`='19190';
UPDATE `creature_template` SET `CharmedSpellList`='1898105', `MechanicImmuneMask` = `MechanicImmuneMask`&~1 WHERE `entry`='18981';
UPDATE `creature_template` SET `CharmedSpellList`='1897505', `MechanicImmuneMask` = `MechanicImmuneMask`&~1 WHERE `entry`='18975';
UPDATE `creature_template` SET `CharmedSpellList`='1897705', `MechanicImmuneMask` = `MechanicImmuneMask`&~1 WHERE `entry`='18977';
UPDATE `creature_template` SET `CharmedSpellList`='1933505', `MechanicImmuneMask` = `MechanicImmuneMask`&~1 WHERE `entry`='19335';
UPDATE `creature_template` SET `CharmedSpellList`='1695905', `MechanicImmuneMask` = `MechanicImmuneMask`&~1 WHERE `entry`='16959';
UPDATE `creature_template` SET `CharmedSpellList`='1929905', `MechanicImmuneMask` = `MechanicImmuneMask`&~1 WHERE `entry`='19299';
UPDATE `creature_template` SET `CharmedSpellList`='1856705', `MechanicImmuneMask` = `MechanicImmuneMask`&~1 WHERE `entry`='18567';
UPDATE `creature_template` SET `CharmedSpellList`='1715105', `MechanicImmuneMask` = `MechanicImmuneMask`&~1 WHERE `entry`='17151';
UPDATE `creature_template` SET `CharmedSpellList`='1694505', `MechanicImmuneMask` = `MechanicImmuneMask`&~1 WHERE `entry`='16945';
UPDATE `creature_template` SET `CharmedSpellList`='1715205', `MechanicImmuneMask` = `MechanicImmuneMask`&~1 WHERE `entry`='17152';
UPDATE `creature_template` SET `CharmedSpellList`='1866005', `MechanicImmuneMask` = `MechanicImmuneMask`&~1 WHERE `entry`='18660';
UPDATE `creature_template` SET `CharmedSpellList`='1866105', `MechanicImmuneMask` = `MechanicImmuneMask`&~1 WHERE `entry`='18661';
UPDATE `creature_template` SET `CharmedSpellList`='1798105', `MechanicImmuneMask` = `MechanicImmuneMask`&~1 WHERE `entry`='17981';
UPDATE `creature_template` SET `CharmedSpellList`='1997905', `MechanicImmuneMask` = `MechanicImmuneMask`&~1 WHERE `entry`='19979';
UPDATE `creature_template` SET `CharmedSpellList`='1997805', `MechanicImmuneMask` = `MechanicImmuneMask`&~1 WHERE `entry`='19978';
UPDATE `creature_template` SET `CharmedSpellList`='1998005', `MechanicImmuneMask` = `MechanicImmuneMask`&~1 WHERE `entry`='19980';
UPDATE `creature_template` SET `CharmedSpellList`='2151605', `MechanicImmuneMask` = `MechanicImmuneMask`&~1 WHERE `entry`='21516';
UPDATE `creature_template` SET `CharmedSpellList`='2151905', `MechanicImmuneMask` = `MechanicImmuneMask`&~1 WHERE `entry`='21519';
UPDATE `creature_template` SET `CharmedSpellList`='1996305', `MechanicImmuneMask` = `MechanicImmuneMask`&~1 WHERE `entry`='19963';
UPDATE `creature_template` SET `CharmedSpellList`='1996005', `MechanicImmuneMask` = `MechanicImmuneMask`&~1 WHERE `entry`='19960';
UPDATE `creature_template` SET `CharmedSpellList`='1996105', `MechanicImmuneMask` = `MechanicImmuneMask`&~1 WHERE `entry`='19961';
UPDATE `creature_template` SET `CharmedSpellList`='1695205', `MechanicImmuneMask` = `MechanicImmuneMask`&~1 WHERE `entry`='16952';
UPDATE `creature_template` SET `CharmedSpellList`='2102105', `MechanicImmuneMask` = `MechanicImmuneMask`&~1 WHERE `entry`='21021';
UPDATE `creature_template` SET `CharmedSpellList`='2219505', `MechanicImmuneMask` = `MechanicImmuneMask`&~1 WHERE `entry`='22195';
UPDATE `creature_template` SET `CharmedSpellList`='2229105', `MechanicImmuneMask` = `MechanicImmuneMask`&~1 WHERE `entry`='22291';
UPDATE `creature_template` SET `CharmedSpellList`='2055705', `MechanicImmuneMask` = `MechanicImmuneMask`&~1 WHERE `entry`='20557';
UPDATE `creature_template` SET `CharmedSpellList`='2338605', `MechanicImmuneMask` = `MechanicImmuneMask`&~1 WHERE `entry`='23386';
UPDATE `creature_template` SET `CharmedSpellList`='1997305', `MechanicImmuneMask` = `MechanicImmuneMask`&~1 WHERE `entry`='19973';
UPDATE `creature_template` SET `CharmedSpellList`='2220405', `MechanicImmuneMask` = `MechanicImmuneMask`&~1 WHERE `entry`='22204';
UPDATE `creature_template_addon` SET `auras` = NULL WHERE `entry` = 22204;
UPDATE `creature_template` SET `CharmedSpellList`='1886905', `MechanicImmuneMask` = `MechanicImmuneMask`&~1 WHERE `entry`='18869';
UPDATE `creature_template` SET `CharmedSpellList`='1887005', `MechanicImmuneMask` = `MechanicImmuneMask`&~1 WHERE `entry`='18870';
UPDATE `creature_template` SET `CharmedSpellList`='2039405', `MechanicImmuneMask` = `MechanicImmuneMask`&~1 WHERE `entry`='20394';
UPDATE `creature_template` SET `CharmedSpellList`='2014105', `MechanicImmuneMask` = `MechanicImmuneMask`&~1 WHERE `entry`='20141';
UPDATE `creature_template` SET `CharmedSpellList`='1885905', `MechanicImmuneMask` = `MechanicImmuneMask`&~1 WHERE `entry`='18859';
UPDATE `creature_template` SET `CharmedSpellList`='2092805', `MechanicImmuneMask` = `MechanicImmuneMask`&~1 WHERE `entry`='20928';
UPDATE `creature_template` SET `CharmedSpellList`='2080105', `MechanicImmuneMask` = `MechanicImmuneMask`&~1 WHERE `entry`='20801';
UPDATE `creature_template` SET `CharmedSpellList`='1885805', `MechanicImmuneMask` = `MechanicImmuneMask`&~1 WHERE `entry`='18858';
UPDATE `creature_template` SET `CharmedSpellList`='1694305', `MechanicImmuneMask` = `MechanicImmuneMask`&~1 WHERE `entry`='16943';
UPDATE `creature_template` SET `CharmedSpellList`='2080005', `MechanicImmuneMask` = `MechanicImmuneMask`&~1 WHERE `entry`='20800';
UPDATE `creature_template` SET `CharmedSpellList`='1694905', `MechanicImmuneMask` = `MechanicImmuneMask`&~1 WHERE `entry`='16949';
UPDATE `creature_template` SET `CharmedSpellList`='2192305', `MechanicImmuneMask` = `MechanicImmuneMask`&~1 WHERE `entry`='21923';
UPDATE `creature_template` SET `CharmedSpellList`='2093005', `MechanicImmuneMask` = `MechanicImmuneMask`&~1 WHERE `entry`='20930';
UPDATE `creature_template` SET `CharmedSpellList`='2092905', `MechanicImmuneMask` = `MechanicImmuneMask`&~1 WHERE `entry`='20929';
UPDATE `creature_template` SET `CharmedSpellList`='2068505', `MechanicImmuneMask` = `MechanicImmuneMask`&~1 WHERE `entry`='20685';
UPDATE `creature_template` SET `CharmedSpellList`='2080305', `MechanicImmuneMask` = `MechanicImmuneMask`&~1 WHERE `entry`='20803';
UPDATE `creature_template` SET `CharmedSpellList`='2032605', `MechanicImmuneMask` = `MechanicImmuneMask`&~1 WHERE `entry`='20326';
UPDATE `creature_template` SET `CharmedSpellList`='2028505', `MechanicImmuneMask` = `MechanicImmuneMask`&~1 WHERE `entry`='20285';
UPDATE `creature_template` SET `CharmedSpellList`='1886005', `MechanicImmuneMask` = `MechanicImmuneMask`&~1 WHERE `entry`='18860';
UPDATE `creature_template` SET `CharmedSpellList`='1973805', `MechanicImmuneMask` = `MechanicImmuneMask`&~1 WHERE `entry`='19738';
UPDATE `creature_template` SET `CharmedSpellList`='1694405', `MechanicImmuneMask` = `MechanicImmuneMask`&~1 WHERE `entry`='16944';
UPDATE `creature_template` SET `CharmedSpellList`='1694805', `MechanicImmuneMask` = `MechanicImmuneMask`&~1 WHERE `entry`='16948';
UPDATE `creature_template` SET `CharmedSpellList`='2040305', `MechanicImmuneMask` = `MechanicImmuneMask`&~1 WHERE `entry`='20403';
UPDATE `creature_template` SET `CharmedSpellList`='2040205', `MechanicImmuneMask` = `MechanicImmuneMask`&~1 WHERE `entry`='20402';
UPDATE `creature_template` SET `CharmedSpellList`='2039905', `MechanicImmuneMask` = `MechanicImmuneMask`&~1 WHERE `entry`='20399';
UPDATE `creature_template` SET `CharmedSpellList`='2040405', `MechanicImmuneMask` = `MechanicImmuneMask`&~1 WHERE `entry`='20404';
UPDATE `creature_template` SET `CharmedSpellList`='2021505', `MechanicImmuneMask` = `MechanicImmuneMask`&~1 WHERE `entry`='20215';
UPDATE `creature_template` SET `CharmedSpellList`='1985305', `MechanicImmuneMask` = `MechanicImmuneMask`&~1 WHERE `entry`='19853';
UPDATE `creature_template` SET `CharmedSpellList`='1985205', `MechanicImmuneMask` = `MechanicImmuneMask`&~1 WHERE `entry`='19852';
UPDATE `creature_template` SET `CharmedSpellList`='2196105', `MechanicImmuneMask` = `MechanicImmuneMask`&~1 WHERE `entry`='21961';
UPDATE `creature_template` SET `CharmedSpellList`='2196005', `MechanicImmuneMask` = `MechanicImmuneMask`&~1 WHERE `entry`='21960';
UPDATE `creature_template` SET `CharmedSpellList`='2182705', `MechanicImmuneMask` = `MechanicImmuneMask`&~1 WHERE `entry`='21827';
UPDATE `creature_template` SET `CharmedSpellList`='1974405', `MechanicImmuneMask` = `MechanicImmuneMask`&~1 WHERE `entry`='19744';
UPDATE `creature_template` SET `CharmedSpellList`='2152005', `MechanicImmuneMask` = `MechanicImmuneMask`&~1 WHERE `entry`='21520';
UPDATE `creature_template` SET `CharmedSpellList`='1980105', `MechanicImmuneMask` = `MechanicImmuneMask`&~1 WHERE `entry`='19801';
UPDATE `creature_template` SET `CharmedSpellList`='2180805', `MechanicImmuneMask` = `MechanicImmuneMask`&~1 WHERE `entry`='21808';
UPDATE `creature_template` SET `CharmedSpellList`='2285805', `MechanicImmuneMask` = `MechanicImmuneMask`&~1 WHERE `entry`='22858';
UPDATE `creature_template` SET `CharmedSpellList`='2285705', `MechanicImmuneMask` = `MechanicImmuneMask`&~1 WHERE `entry`='22857';
UPDATE `creature_template` SET `CharmedSpellList`='2285905', `MechanicImmuneMask` = `MechanicImmuneMask`&~1 WHERE `entry`='22859';
UPDATE `creature_template` SET `CharmedSpellList`='2130905', `MechanicImmuneMask` = `MechanicImmuneMask`&~1 WHERE `entry`='21309';
UPDATE `creature_template` SET `CharmedSpellList`='1979905', `MechanicImmuneMask` = `MechanicImmuneMask`&~1 WHERE `entry`='19799';
UPDATE `creature_template` SET `CharmedSpellList`='1980005', `MechanicImmuneMask` = `MechanicImmuneMask`&~1 WHERE `entry`='19800';
UPDATE `creature_template` SET `CharmedSpellList`='2165605', `MechanicImmuneMask` = `MechanicImmuneMask`&~1 WHERE `entry`='21656';
UPDATE `creature_template` SET `CharmedSpellList`='2133705', `MechanicImmuneMask` = `MechanicImmuneMask`&~1 WHERE `entry`='21337';
UPDATE `creature_template` SET `CharmedSpellList`='1980205', `MechanicImmuneMask` = `MechanicImmuneMask`&~1 WHERE `entry`='19802';
UPDATE `creature_template` SET `CharmedSpellList`='2141905', `MechanicImmuneMask` = `MechanicImmuneMask`&~1 WHERE `entry`='21419';
UPDATE `creature_template` SET `CharmedSpellList`='2068305', `MechanicImmuneMask` = `MechanicImmuneMask`&~1 WHERE `entry`='20683';
UPDATE `creature_template` SET `CharmedSpellList`='2149905', `MechanicImmuneMask` = `MechanicImmuneMask`&~1 WHERE `entry`='21499';
UPDATE `creature_template` SET `CharmedSpellList`='2131405', `MechanicImmuneMask` = `MechanicImmuneMask`&~1 WHERE `entry`='21314';
UPDATE `creature_template` SET `CharmedSpellList`='1975505', `MechanicImmuneMask` = `MechanicImmuneMask`&~1 WHERE `entry`='19755';
UPDATE `creature_template` SET `CharmedSpellList`='1974005', `MechanicImmuneMask` = `MechanicImmuneMask`&~1 WHERE `entry`='19740';
DELETE FROM creature_template_spells WHERE `entry` IN (19399,21233,16975,16974,18974,17058,19192,16951,18976,19408,18827,19298,16954,16946,20798,16960,16947,19434,19136,19261,
17014,19527,16950,19190,18981,18975,18977,19335,16959,19299,18567,17151,16945,17152,18660,18661,17981,19979,19978,19980,21516,21519,19963,19960,19961,16952,21021,22195,22291,
20557,23386,19973,22204,18869,18870,20394,20141,18859,20928,20801,18858,16943,20800,16949,21923,20930,20929,20685,20803,20326,20285,18860,19738,16944,16948,20403,20402,20399,
20404,20215,19853,19852,21961,21960,21827,19744,21520,19801,21808,22858,22857,22859,21309,19799,19800,21656,21337,19802,21419,20683,21499,21314,19755,19740);
DELETE FROM creature_cooldowns WHERE `entry` IN (19399,21233,16975,16974,18974,17058,19192,16951,18976,19408,18827,19298,16954,16946,20798,16960,16947,19434,19136,19261,
17014,19527,16950,19190,18981,18975,18977,19335,16959,19299,18567,17151,16945,17152,18660,18661,17981,19979,19978,19980,21516,21519,19963,19960,19961,16952,21021,22195,22291,
20557,23386,19973,22204,18869,18870,20394,20141,18859,20928,20801,18858,16943,20800,16949,21923,20930,20929,20685,20803,20326,20285,18860,19738,16944,16948,20403,20402,20399,
20404,20215,19853,19852,21961,21960,21827,19744,21520,19801,21808,22858,22857,22859,21309,19799,19800,21656,21337,19802,21419,20683,21499,21314,19755,19740);
DELETE FROM `creature_spell_list_entry` WHERE `Id` IN (1939905,2123305,1697505,1697405,1897405,1705805,1919205,1695105,1897605,1940805,1882705,1929805,1695405,1694605,2079805,1696005,
1694705,1943405,1913605,1926105,1701405,1952705,1695005,1919005,1898105,1897505,1897705,1933505,1695905,1929905,1856705,1715105,1694505,1715205,1866005,1866105,1798105,1997905,1997805,
1998005,2151605,2151905,1996305,1996005,1996105,1695205,2102105,2219505,2229105,2055705,2338605,1997305,2220405,1886905,1887005,2039405,2014105,1885905,2092805,2080105,1885805,1694305,
2080005,1694905,2192305,2093005,2092905,2068505,2080305,2032605,2028505,1886005,1973805,1694405,1694805,2040305,2040205,2039905,2040405,2021505,1985305,1985205,2196105,2196005,2182705,
1974405,2152005,1980105,2180805,2285805,2285705,2285905,2130905,1979905,1980005,2165605,2133705,1980205,2141905,2068305,2149905,2131405,1975505,1974005);
DELETE FROM `creature_spell_list` WHERE `Id` IN (1939905,2123305,1697505,1697405,1897405,1705805,1919205,1695105,1897605,1940805,1882705,1929805,1695405,1694605,2079805,1696005,
1694705,1943405,1913605,1926105,1701405,1952705,1695005,1919005,1898105,1897505,1897705,1933505,1695905,1929905,1856705,1715105,1694505,1715205,1866005,1866105,1798105,1997905,1997805,
1998005,2151605,2151905,1996305,1996005,1996105,1695205,2102105,2219505,2229105,2055705,2338605,1997305,2220405,1886905,1887005,2039405,2014105,1885905,2092805,2080105,1885805,1694305,
2080005,1694905,2192305,2093005,2092905,2068505,2080305,2032605,2028505,1886005,1973805,1694405,1694805,2040305,2040205,2039905,2040405,2021505,1985305,1985205,2196105,2196005,2182705,
1974405,2152005,1980105,2180805,2285805,2285705,2285905,2130905,1979905,1980005,2165605,2133705,1980205,2141905,2068305,2149905,2131405,1975505,1974005);
INSERT INTO `creature_spell_list_entry` (`Id`, `Name`, `ChanceSupportAction`, `ChanceRangedAttack`) VALUES
(1939905, 'TBC - Fel Cannon', 0, 0),
(2123305, 'TBC - Legion Fel Cannon', 0, 0),
(1697505, 'TBC - Uncontrolled Voidwalker', 0, 0),
(1697405, 'TBC - Rogue Voidwalker', 0, 0),
(1897405, 'TBC - Z''kral', 0, 0),
(1705805, 'TBC - Illidari Taskmaster', 0, 0),
(1919205, 'TBC - Mistress of Doom', 0, 0),
(1695105, 'TBC - Terrorfiend', 0, 0),
(1897605, 'TBC - Urga''zz', 0, 0),
(1940805, 'TBC - Maiden of Pain', 0, 0),
(1882705, 'TBC - Gan''arg Sapper', 0, 0),
(1929805, 'TBC - Warbringer Arix''Amal', 0, 0),
(1695405, 'TBC - Forge Camp Legionnaire', 0, 0),
(1694605, 'TBC - Mo''arg Forgefiend', 0, 0),
(2079805, 'TBC - Razorsaw', 0, 0),
(1696005, 'TBC - Sister of Grief', 0, 0),
(1694705, 'TBC - Gan''arg Servant', 0, 0),
(1943405, 'TBC - Dreadcaller', 0, 0),
(1913605, 'TBC - Flamewaker Imp', 0, 0),
(1926105, 'TBC - Infernal Warbringer', 0, 0),
(1701405, 'TBC - Collapsing Voidwalker', 0, 0),
(1952705, 'TBC - Vacillating Voidcaller', 0, 0),
(1695005, 'TBC - Netherhound', 0, 0),
(1919005, 'TBC - Fel Handler', 0, 0),
(1898105, 'TBC - Doomwhisperer', 0, 0),
(1897505, 'TBC - Wrathguard', 0, 0),
(1897705, 'TBC - Felguard Destroyer', 0, 0),
(1933505, 'TBC - Subjugator Yalqiz', 0, 0),
(1695905, 'TBC - Dread Tactician', 0, 0),
(1929905, 'TBC - Deathwhisperer', 0, 0),
(1856705, 'TBC - Mo''arg Master Planner', 0, 0),
(1715105, 'TBC - Gan''arg Tinkerer', 0, 0),
(1694505, 'TBC - Mo''arg Engineer', 0, 0),
(1715205, 'TBC - Felguard Legionnaire', 0, 0),
(1866005, 'TBC - Subjugator Vaz''shir', 0, 0),
(1866105, 'TBC - Terrorguard', 0, 0),
(1798105, 'TBC - Voidspawn', 0, 0),
(1997905, 'TBC - Deathforge Technician', 0, 0),
(1997805, 'TBC - Deathforge Over-Smith', 0, 0),
(1998005, 'TBC - Void Terror', 0, 0),
(2151605, 'TBC - Death''s Watch', 0, 0),
(2151905, 'TBC - Death''s Might', 0, 0),
(1996305, 'TBC - Doomcryer', 0, 0),
(1996005, 'TBC - Doomforge Engineer', 0, 0),
(1996105, 'TBC - Doomforge Attendant', 0, 0),
(1695205, 'TBC - Anger Guard', 0, 0),
(2102105, 'TBC - Scorch Imp', 0, 0),
(2219505, 'TBC - Wrath Speaker', 0, 0),
(2229105, 'TBC - Furnace Guard', 0, 0),
(2055705, 'TBC - Wrath Hound', 0, 0),
(2338605, 'TBC - Gan''arg Analyzer', 0, 0),
(1997305, 'TBC - Abyssal Flamebringer', 0, 0),
(2220405, 'TBC - Fear Fiend', 0, 0),
(1886905, 'TBC - Unstable Voidwraith', 0, 0),
(1887005, 'TBC - Voidshrieker', 0, 0),
(2039405, 'TBC - Eye of Culuthas', 0, 0),
(2014105, 'TBC - Hound of Culuthas', 0, 0),
(1885905, 'TBC - Wrath Priestess', 0, 0),
(2092805, 'TBC - Ironspine Forgelord', 0, 0),
(2080105, 'TBC - Silroth', 0, 0),
(1885805, 'TBC - Wrathbringer', 0, 0),
(1694305, 'TBC - Cyber-Rage Forgelord', 0, 0),
(2080005, 'TBC - Forgemaster Morug', 0, 0),
(1694905, 'TBC - Gan''arg Mekgineer', 0, 0),
(2192305, 'TBC - Terrorguard Protector', 0, 0),
(2093005, 'TBC - Hatecryer', 0, 0),
(2092905, 'TBC - Wrath Lord', 0, 0),
(2068505, 'TBC - Overseer Azarad', 0, 0),
(2080305, 'TBC - Overmaster Grindgarr', 0, 0),
(2032605, 'TBC - Mo''arg Warp-Master', 0, 0),
(2028505, 'TBC - Gan''arg Warp-Tinker', 0, 0),
(1886005, 'TBC - Daughter of Destiny', 0, 0),
(1973805, 'TBC - Doomclaw', 0, 0),
(1694405, 'TBC - Mo''arg Doomsmith', 0, 0),
(1694805, 'TBC - Gan''arg Engineer', 0, 0),
(2040305, 'TBC - Legion Destroyer', 0, 0),
(2040205, 'TBC - Legion Shocktrooper', 0, 0),
(2039905, 'TBC - Terror Imp', 0, 0),
(2040405, 'TBC - Warp-Gate Engineer', 0, 0),
(2021505, 'TBC - Pentatharon', 0, 0),
(1985305, 'TBC - Felblade Doomguard', 0, 0),
(1985205, 'TBC - Artifact Seeker', 0, 0),
(2196105, 'TBC - Cataclysm Overseer', 0, 0),
(2196005, 'TBC - Gan''arg Technician', 0, 0),
(2182705, 'TBC - Zandras', 0, 0),
(1974405, 'TBC - Dreadwarden', 0, 0),
(2152005, 'TBC - Illidari Jailor', 0, 0),
(1980105, 'TBC - Illidari Agonizer', 0, 0),
(2180805, 'TBC - Illidari Overseer', 0, 0),
(2285805, 'TBC - Shadowhoof Assassin', 0, 0),
(2285705, 'TBC - Illidari Ravager', 0, 0),
(2285905, 'TBC - Shadowhoof Summoner', 0, 0),
(2130905, 'TBC - Painmistress Gabrissa', 0, 0),
(1979905, 'TBC - Illidari Dreadbringer', 0, 0),
(1980005, 'TBC - Illidari Painlasher', 0, 0),
(2165605, 'TBC - Illidari Satyr', 0, 0),
(2133705, 'TBC - Illidari Shadowstalker', 0, 0),
(1980205, 'TBC - Illidari Shocktrooper', 0, 0),
(2141905, 'TBC - Infernal Attacker', 0, 0),
(2068305, 'TBC - Prophetess Cavrylin', 0, 0),
(2149905, 'TBC - Overseer Ripsaw', 0, 0),
(2131405, 'TBC - Terrormaster', 0, 0),
(1975505, 'TBC - Mo''arg Weaponsmith', 0, 0),
(1974005, 'TBC - Wrathwalker', 0, 0);
INSERT INTO `creature_spell_list` (`Id`, `Position`, `SpellId`, `Flags`, `CombatCondition`, `TargetId`, `ScriptId`, `Availability`, `Probability`, `InitialMin`, `InitialMax`, `RepeatMin`, `RepeatMax`, `Comments`) VALUES
(1939905, 3, 36238, 0, -1, 0, 0, 100, 1, 0, 0, 0, 0, 'Fel Cannon - Fel Cannon Blast'),
(1939905, 0, 2, 0, -1, 0, 0, 100, 1, 0, 0, 0, 0, 'Fel Cannon - Attack'),
(2123305, 3, 36238, 0, -1, 0, 0, 100, 1, 0, 0, 0, 0, 'Legion Fel Cannon - Fel Cannon Blast'),
(2123305, 0, 2, 0, -1, 0, 0, 100, 1, 0, 0, 0, 0, 'Legion Fel Cannon - Attack'),
(1697505, 5, 33916, 0, -1, 0, 0, 100, 1, 0, 0, 25000, 25000, 'Uncontrolled Voidwalker - Void Drain'),
(1697505, 4, 33914, 0, -1, 0, 0, 100, 1, 0, 0, 8000, 8000, 'Uncontrolled Voidwalker - Shadowstrike'),
(1697505, 0, 2, 0, -1, 0, 0, 100, 1, 0, 0, 0, 0, 'Uncontrolled Voidwalker - Attack'),
(1697405, 4, 33914, 0, -1, 0, 0, 100, 1, 0, 0, 9000, 9000, 'Rogue Voidwalker - Shadowstrike'),
(1697405, 0, 2, 0, -1, 0, 0, 100, 1, 0, 0, 0, 0, 'Rogue Voidwalker - Attack'),
(1897405, 0, 2, 0, -1, 0, 0, 100, 1, 0, 0, 0, 0, 'Z''kral - Attack'),
(1705805, 3, 16244, 0, -1, 0, 0, 100, 1, 0, 0, 0, 0, 'Illidari Taskmaster - Demoralizing Shout'),
(1705805, 0, 2, 0, -1, 0, 0, 100, 1, 0, 0, 0, 0, 'Illidari Taskmaster - Attack'),
(1919205, 3, 34017, 0, -1, 0, 0, 100, 1, 0, 0, 15000, 15000, 'Mistress of Doom - Rain of Chaos'),
(1919205, 0, 2, 0, -1, 0, 0, 100, 1, 0, 0, 0, 0, 'Mistress of Doom - Attack'),
(1695105, 4, 37488, 0, -1, 0, 0, 100, 1, 0, 0, 12000, 12000, 'Terrorfiend - Fel Flames'),
(1695105, 3, 45, 0, -1, 0, 0, 100, 1, 0, 0, 20000, 20000, 'Terrorfiend - War Stomp'),
(1695105, 0, 2, 0, -1, 0, 0, 100, 1, 0, 0, 0, 0, 'Terrorfiend - Attack'),
(1897605, 4, 32004, 0, -1, 0, 0, 100, 1, 0, 0, 9000, 9000, 'Urga''zz - Drill'),
(1897605, 3, 34095, 0, -1, 0, 0, 100, 1, 0, 0, 40000, 40000, 'Urga''zz - Throw Proximity Bomb'),
(1897605, 0, 2, 0, -1, 0, 0, 100, 1, 0, 0, 0, 0, 'Urga''zz - Attack'),
(1940805, 4, 34086, 0, -1, 0, 0, 100, 1, 0, 0, 0, 0, 'Maiden of Pain - Whipped Frenzy'),
(1940805, 3, 15968, 0, -1, 0, 0, 100, 1, 0, 0, 4114, 5970, 'Maiden of Pain - Lash of Pain'),
(1940805, 0, 2, 0, -1, 0, 0, 100, 1, 0, 0, 0, 0, 'Maiden of Pain - Attack'),
(1882705, 0, 2, 0, -1, 0, 0, 100, 1, 0, 0, 0, 0, 'Gan''arg Sapper - Attack'),
(1929805, 5, 32009, 0, -1, 0, 0, 100, 1, 0, 0, 14000, 14000, 'Warbringer Arix''Amal - Cutdown'),
(1929805, 3, 15496, 0, -1, 0, 0, 100, 1, 0, 0, 8000, 8000, 'Warbringer Arix''Amal - Cleave'),
(1929805, 0, 2, 0, -1, 0, 0, 100, 1, 0, 0, 0, 0, 'Warbringer Arix''Amal - Attack'),
(1695405, 5, 32737, 0, -1, 0, 0, 100, 1, 0, 0, 0, 0, 'Forge Camp Legionnaire - Weapon Chain'),
(1695405, 4, 15496, 0, -1, 0, 0, 100, 1, 0, 0, 12000, 12000, 'Forge Camp Legionnaire - Cleave'),
(1695405, 3, 32736, 0, -1, 0, 0, 100, 1, 0, 0, 8000, 8000, 'Forge Camp Legionnaire - Mortal Strike'),
(1695405, 0, 2, 0, -1, 0, 0, 100, 1, 0, 0, 0, 0, 'Forge Camp Legionnaire - Attack'),
(1694605, 3, 32735, 0, -1, 0, 0, 100, 1, 0, 0, 20000, 20000, 'Mo''arg Forgefiend - Saw Blade'),
(1694605, 0, 2, 0, -1, 0, 0, 100, 1, 0, 0, 0, 0, 'Mo''arg Forgefiend - Attack'),
(2079805, 3, 32735, 0, -1, 0, 0, 100, 1, 0, 0, 20000, 20000, 'Razorsaw - Saw Blade'),
(2079805, 0, 2, 0, -1, 0, 0, 100, 1, 0, 0, 0, 0, 'Razorsaw - Attack'),
(1696005, 4, 30850, 0, -1, 0, 0, 100, 1, 0, 0, 30000, 30000, 'Sister of Grief - Seduction'),
(1696005, 3, 21987, 0, -1, 0, 0, 100, 1, 0, 0, 12017, 18580, 'Sister of Grief - Lash of Pain'),
(1696005, 0, 2, 0, -1, 0, 0, 100, 1, 0, 0, 0, 0, 'Sister of Grief - Attack'),
(1694705, 0, 2, 0, -1, 0, 0, 100, 1, 0, 0, 0, 0, 'Gan''arg Servant - Attack'),
(1943405, 5, 32666, 0, -1, 0, 0, 100, 1, 0, 0, 3000, 3000, 'Dreadcaller - Shadow Bolt'),
(1943405, 4, 11443, 0, -1, 0, 0, 100, 1, 0, 0, 15000, 15000, 'Dreadcaller - Cripple'),
(1943405, 0, 2, 0, -1, 0, 0, 100, 1, 0, 0, 0, 0, 'Dreadcaller - Attack'),
(1913605, 3, 9053, 0, -1, 0, 0, 100, 1, 0, 0, 0, 0, 'Flamewaker Imp - Fireball'),
(1913605, 0, 2, 0, -1, 0, 0, 100, 1, 0, 0, 0, 0, 'Flamewaker Imp - Attack'),
(1926105, 3, 12743, 0, -1, 0, 0, 100, 1, 0, 0, 0, 0, 'Infernal Warbringer - Immolation'),
(1926105, 0, 2, 0, -1, 0, 0, 100, 1, 0, 0, 0, 0, 'Infernal Warbringer - Attack'),
(1701405, 3, 34259, 0, -1, 0, 0, 100, 1, 0, 0, 25058, 29459, 'Collapsing Voidwalker - Fear'),
(1701405, 0, 2, 0, -1, 0, 0, 100, 1, 0, 0, 0, 0, 'Collapsing Voidwalker - Attack'),
(1952705, 4, 34344, 0, -1, 0, 0, 100, 1, 0, 0, 0, 0, 'Vacillating Voidcaller - Shadow Bolt'),
(1952705, 0, 2, 0, -1, 0, 0, 100, 1, 0, 0, 0, 0, 'Vacillating Voidcaller - Attack'),
(1695005, 3, 11981, 0, -1, 0, 0, 100, 1, 0, 0, 6000, 6000, 'Netherhound - Mana Burn'),
(1695005, 0, 2, 0, -1, 0, 0, 100, 1, 0, 0, 0, 0, 'Netherhound - Attack'),
(1919005, 3, 32736, 0, -1, 0, 0, 100, 1, 0, 0, 8000, 8000, 'Fel Handler - Mortal Strike'),
(1919005, 0, 2, 0, -1, 0, 0, 100, 1, 0, 0, 0, 0, 'Fel Handler - Attack'),
(1898105, 3, 33969, 0, -1, 0, 0, 100, 1, 0, 0, 6000, 6000, 'Doomwhisperer - Draining Bolt'),
(1898105, 0, 2, 0, -1, 0, 0, 100, 1, 0, 0, 0, 0, 'Doomwhisperer - Attack'),
(1897505, 0, 2, 0, -1, 0, 0, 100, 1, 0, 0, 0, 0, 'Wrathguard - Attack'),
(1897705, 6, 33971, 0, -1, 0, 0, 100, 1, 0, 0, 30737, 59746, 'Felguard Destroyer - Sweeping Charge'),
(1897705, 0, 2, 0, -1, 0, 0, 100, 1, 0, 0, 0, 0, 'Felguard Destroyer - Attack'),
(1933505, 4, 32026, 0, -1, 0, 0, 100, 1, 0, 0, 10000, 10000, 'Subjugator Yalqiz - Pain Spike'),
(1933505, 3, 32000, 0, -1, 0, 0, 100, 1, 0, 0, 6000, 6000, 'Subjugator Yalqiz - Mind Sear'),
(1933505, 0, 2, 0, -1, 0, 0, 100, 1, 0, 0, 0, 0, 'Subjugator Yalqiz - Attack'),
(1695905, 5, 33679, 0, -1, 0, 0, 100, 1, 0, 0, 30000, 30000, 'Dread Tactician - Inferno'),
(1695905, 4, 33678, 0, -1, 0, 0, 100, 1, 0, 0, 20000, 20000, 'Dread Tactician - Carrion Swarm'),
(1695905, 3, 12098, 0, -1, 0, 0, 100, 1, 0, 0, 10000, 10000, 'Dread Tactician - Sleep'),
(1695905, 0, 2, 0, -1, 0, 0, 100, 1, 0, 0, 0, 0, 'Dread Tactician - Attack'),
(1929905, 5, 32417, 0, -1, 0, 0, 100, 1, 0, 0, 15000, 15000, 'Deathwhisperer - Mind Flay'),
(1929905, 0, 2, 0, -1, 0, 0, 100, 1, 0, 0, 0, 0, 'Deathwhisperer - Attack'),
(1856705, 0, 2, 0, -1, 0, 0, 100, 1, 0, 0, 0, 0, 'Mo''arg Master Planner - Attack'),
(1715105, 0, 2, 0, -1, 0, 0, 100, 1, 0, 0, 0, 0, 'Gan''arg Tinkerer - Attack'),
(1694505, 0, 2, 0, -1, 0, 0, 100, 1, 0, 0, 0, 0, 'Mo''arg Engineer - Attack'),
(1715205, 5, 32009, 0, -1, 0, 0, 100, 1, 0, 0, 14000, 14000, 'Felguard Legionnaire - Cutdown'),
(1715205, 3, 15496, 0, -1, 0, 0, 100, 1, 0, 0, 8000, 8000, 'Felguard Legionnaire - Cleave'),
(1715205, 0, 2, 0, -1, 0, 0, 100, 1, 0, 0, 0, 0, 'Felguard Legionnaire - Attack'),
(1866005, 0, 2, 0, -1, 0, 0, 100, 1, 0, 0, 0, 0, 'Subjugator Vaz''shir - Attack'),
(1866105, 5, 11876, 0, -1, 0, 0, 100, 1, 0, 0, 16000, 16000, 'Terrorguard - War Stomp'),
(1866105, 4, 11443, 0, -1, 0, 0, 100, 1, 0, 0, 30000, 30000, 'Terrorguard - Cripple'),
(1866105, 0, 2, 0, -1, 0, 0, 100, 1, 0, 0, 0, 0, 'Terrorguard - Attack'),
(1798105, 4, 32026, 0, -1, 0, 0, 100, 1, 0, 0, 10000, 10000, 'Voidspawn - Pain Spike'),
(1798105, 3, 36447, 0, -1, 0, 0, 100, 1, 0, 0, 6000, 6000, 'Voidspawn - Mind Sear'),
(1798105, 0, 2, 0, -1, 0, 0, 100, 1, 0, 0, 0, 0, 'Voidspawn - Attack'),
(1997905, 4, 36825, 0, -1, 0, 0, 100, 1, 0, 0, 10374, 11816, 'Deathforge Technician - Drain Life'),
(1997905, 3, 36250, 0, -1, 0, 0, 100, 1, 0, 0, 12000, 12000, 'Deathforge Technician - Steal Armor'),
(1997905, 0, 2, 0, -1, 0, 0, 100, 1, 0, 0, 0, 0, 'Deathforge Technician - Attack'),
(1997805, 3, 36486, 0, -1, 0, 0, 100, 1, 0, 0, 25366, 33628, 'Deathforge Over-Smith - Slime Spray'),
(1997805, 0, 2, 0, -1, 0, 0, 100, 1, 0, 0, 0, 0, 'Deathforge Over-Smith - Attack'),
(1998005, 4, 36406, 0, -1, 0, 0, 100, 1, 0, 0, 10460, 11903, 'Void Terror - Double Breath'),
(1998005, 3, 36405, 0, -1, 0, 0, 100, 1, 0, 0, 8005, 13594, 'Void Terror - Stomp'),
(1998005, 0, 2, 0, -1, 0, 0, 100, 1, 0, 0, 0, 0, 'Void Terror - Attack'),
(2151605, 4, 37621, 0, -1, 0, 0, 100, 1, 0, 0, 10000, 10000, 'Death''s Watch - Mind Flay'),
(2151605, 3, 36398, 0, -1, 0, 0, 100, 1, 0, 0, 8002, 11987, 'Death''s Watch - Tongue Lash'),
(2151605, 0, 2, 0, -1, 0, 0, 100, 1, 0, 0, 0, 0, 'Death''s Watch - Attack'),
(2151905, 4, 32736, 0, -1, 0, 0, 100, 1, 0, 0, 16693, 23664, 'Death''s Might - Mortal Strike'),
(2151905, 3, 15496, 0, -1, 0, 0, 100, 1, 0, 0, 6071, 7828, 'Death''s Might - Cleave'),
(2151905, 0, 2, 0, -1, 0, 0, 100, 1, 0, 0, 0, 0, 'Death''s Might - Attack'),
(1996305, 5, 37629, 0, -1, 0, 0, 100, 1, 0, 0, 10000, 10000, 'Doomcryer - Melt Flesh'),
(1996305, 3, 34017, 0, -1, 0, 0, 100, 1, 0, 0, 10082, 18610, 'Doomcryer - Rain of Chaos'),
(1996305, 0, 2, 0, -1, 0, 0, 100, 1, 0, 0, 0, 0, 'Doomcryer - Attack'),
(1996005, 4, 36253, 0, -1, 0, 0, 100, 1, 0, 0, 25338, 29564, 'Doomforge Engineer - Chemical Flames'),
(1996005, 3, 36251, 0, -1, 0, 0, 100, 1, 0, 0, 15857, 19799, 'Doomforge Engineer - Hammer Slam'),
(1996005, 0, 2, 0, -1, 0, 0, 100, 1, 0, 0, 0, 0, 'Doomforge Engineer - Attack'),
(1996105, 4, 36846, 0, -1, 0, 0, 100, 1, 0, 0, 16183, 19956, 'Doomforge Attendant - Mana Bomb'),
(1996105, 3, 36208, 0, -1, 0, 0, 100, 1, 0, 0, 8539, 14908, 'Doomforge Attendant - Steal Weapon'),
(1996105, 0, 2, 0, -1, 0, 0, 100, 1, 0, 0, 0, 0, 'Doomforge Attendant - Attack'),
(1695205, 4, 22911, 0, -1, 0, 0, 100, 1, 0, 0, 25349, 34575, 'Anger Guard - Charge'),
(1695205, 3, 15496, 0, -1, 0, 0, 100, 1, 0, 0, 5000, 5000, 'Anger Guard - Cleave'),
(1695205, 0, 2, 0, -1, 0, 0, 100, 1, 0, 0, 0, 0, 'Anger Guard - Attack'),
(2102105, 4, 37844, 0, -1, 0, 0, 100, 1, 0, 0, 120000, 120000, 'Scorch Imp - Fire Ward'),
(2102105, 3, 9053, 0, -1, 0, 0, 100, 1, 0, 0, 0, 0, 'Scorch Imp - Fireball'),
(2102105, 0, 2, 0, -1, 0, 0, 100, 1, 0, 0, 0, 0, 'Scorch Imp - Attack'),
(2219505, 4, 11980, 0, -1, 0, 0, 100, 1, 0, 0, 25000, 25000, 'Wrath Speaker - Curse of Weakness'),
(2219505, 3, 34017, 0, -1, 0, 0, 100, 1, 0, 0, 13000, 13000, 'Wrath Speaker - Rain of Chaos'),
(2219505, 0, 2, 0, -1, 0, 0, 100, 1, 0, 0, 0, 0, 'Wrath Speaker - Attack'),
(2229105, 3, 32736, 0, -1, 0, 0, 100, 1, 0, 0, 15108, 24448, 'Furnace Guard - Mortal Strike'),
(2229105, 0, 2, 0, -1, 0, 0, 100, 1, 0, 0, 0, 0, 'Furnace Guard - Attack'),
(2055705, 4, 36406, 0, -1, 0, 0, 100, 1, 0, 0, 10407, 13253, 'Wrath Hound - Double Breath'),
(2055705, 3, 22911, 0, -1, 0, 0, 100, 1, 0, 0, 25068, 29755, 'Wrath Hound - Charge'),
(2055705, 0, 2, 0, -1, 0, 0, 100, 1, 0, 0, 0, 0, 'Wrath Hound - Attack'),
(2338605, 0, 2, 0, -1, 0, 0, 100, 1, 0, 0, 0, 0, 'Gan''arg Analyzer - Attack'),
(1997305, 4, 37633, 0, -1, 0, 0, 100, 1, 0, 0, 10862, 18910, 'Abyssal Flamebringer - Abyssal Strike'),
(1997305, 3, 12743, 0, -1, 0, 0, 100, 1, 0, 0, 0, 0, 'Abyssal Flamebringer - Immolation'),
(1997305, 0, 2, 0, -1, 0, 0, 100, 1, 0, 0, 0, 0, 'Abyssal Flamebringer - Attack'),
(2220405, 4, 34259, 0, -1, 0, 0, 100, 1, 0, 0, 25041, 34279, 'Fear Fiend - Fear'),
(2220405, 3, 36248, 0, -1, 0, 0, 100, 1, 0, 0, 10138, 11913, 'Fear Fiend - Fel Flames'),
(2220405, 0, 2, 0, -1, 0, 0, 100, 1, 0, 0, 0, 0, 'Fear Fiend - Attack'),
(1886905, 0, 2, 0, -1, 0, 0, 100, 1, 0, 0, 0, 0, 'Unstable Voidwraith - Attack'),
(1887005, 4, 34344, 0, -1, 0, 0, 100, 1, 0, 0, 0, 0, 'Voidshrieker - Shadow Bolt'),
(1887005, 0, 2, 0, -1, 0, 0, 100, 1, 0, 0, 0, 0, 'Voidshrieker - Attack'),
(2039405, 4, 36414, 0, -1, 0, 0, 100, 1, 0, 0, 0, 0, 'Eye of Culuthas - Focused Bursts'),
(2039405, 3, 36398, 0, -1, 0, 0, 100, 1, 0, 0, 6516, 11320, 'Eye of Culuthas - Tongue Lash'),
(2039405, 0, 2, 0, -1, 0, 0, 100, 1, 0, 0, 0, 0, 'Eye of Culuthas - Attack'),
(2014105, 4, 36406, 0, -1, 0, 0, 100, 1, 0, 0, 4007, 8843, 'Hound of Culuthas - Double Breath'),
(2014105, 3, 36405, 0, -1, 0, 0, 100, 1, 0, 0, 15000, 15000, 'Hound of Culuthas - Stomp'),
(2014105, 0, 2, 0, -1, 0, 0, 100, 1, 0, 0, 0, 0, 'Hound of Culuthas - Attack'),
(1885905, 3, 34017, 0, -1, 0, 0, 100, 1, 0, 0, 10055, 18038, 'Wrath Priestess - Rain of Chaos'),
(1885905, 0, 2, 0, -1, 0, 0, 100, 1, 0, 0, 0, 0, 'Wrath Priestess - Attack'),
(2092805, 4, 38920, 0, -1, 0, 0, 100, 1, 0, 0, 0, 0, 'Ironspine Forgelord - Detonate Teleporter'),
(2092805, 3, 36251, 0, -1, 0, 0, 100, 1, 0, 0, 5167, 9651, 'Ironspine Forgelord - Hammer Slam'),
(2092805, 0, 2, 0, -1, 0, 0, 100, 1, 0, 0, 0, 0, 'Ironspine Forgelord - Attack'),
(2080105, 4, 36253, 0, -1, 0, 0, 100, 1, 0, 0, 9099, 11981, 'Silroth - Chemical Flames'),
(2080105, 3, 36252, 0, -1, 0, 0, 100, 1, 0, 0, 10000, 10000, 'Silroth - Felforge Flames'),
(2080105, 0, 2, 0, -1, 0, 0, 100, 1, 0, 0, 0, 0, 'Silroth - Attack'),
(1885805, 0, 2, 0, -1, 0, 0, 100, 1, 0, 0, 0, 0, 'Wrathbringer - Attack'),
(1694305, 4, 38920, 0, -1, 0, 0, 100, 1, 0, 0, 0, 0, 'Cyber-Rage Forgelord - Detonate Teleporter'),
(1694305, 3, 36255, 0, -1, 0, 0, 100, 1, 0, 0, 15000, 15000, 'Cyber-Rage Forgelord - Chaos Nova'),
(1694305, 0, 2, 0, -1, 0, 0, 100, 1, 0, 0, 0, 0, 'Cyber-Rage Forgelord - Attack'),
(2080005, 4, 36228, 0, -1, 0, 0, 100, 1, 0, 0, 9075, 11970, 'Forgemaster Morug - Chainsaw Blade'),
(2080005, 3, 34261, 0, -1, 0, 0, 100, 1, 0, 0, 16347, 19925, 'Forgemaster Morug - Slime Spray'),
(2080005, 0, 2, 0, -1, 0, 0, 100, 1, 0, 0, 0, 0, 'Forgemaster Morug - Attack'),
(1694905, 4, 36825, 0, -1, 0, 0, 100, 1, 0, 0, 15298, 19779, 'Gan''arg Mekgineer - Drain Life'),
(1694905, 3, 36208, 0, -1, 0, 0, 100, 1, 0, 0, 18000, 18000, 'Gan''arg Mekgineer - Steal Weapon'),
(1694905, 0, 2, 0, -1, 0, 0, 100, 1, 0, 0, 0, 0, 'Gan''arg Mekgineer - Attack'),
(2192305, 4, 37488, 0, -1, 0, 0, 100, 1, 0, 0, 14000, 14000, 'Terrorguard Protector - Fel Flames'),
(2192305, 3, 15496, 0, -1, 0, 0, 100, 1, 0, 0, 16000, 16000, 'Terrorguard Protector - Cleave'),
(2192305, 0, 2, 0, -1, 0, 0, 100, 1, 0, 0, 0, 0, 'Terrorguard Protector - Attack'),
(2093005, 4, 36541, 0, -1, 0, 0, 100, 1, 0, 0, 25000, 25000, 'Hatecryer - Curse of Burning Shadows'),
(2093005, 3, 34017, 0, -1, 0, 0, 100, 1, 0, 0, 13000, 13000, 'Hatecryer - Rain of Chaos'),
(2093005, 0, 2, 0, -1, 0, 0, 100, 1, 0, 0, 0, 0, 'Hatecryer - Attack'),
(2092905, 5, 15496, 0, -1, 0, 0, 100, 1, 0, 0, 8185, 9880, 'Wrath Lord - Cleave'),
(2092905, 0, 2, 0, -1, 0, 0, 100, 1, 0, 0, 0, 0, 'Wrath Lord - Attack'),
(2068505, 5, 35491, 0, -1, 0, 0, 100, 1, 0, 0, 18000, 18000, 'Overseer Azarad - Furious Rage'),
(2068505, 0, 2, 0, -1, 0, 0, 100, 1, 0, 0, 0, 0, 'Overseer Azarad - Attack'),
(2080305, 5, 36487, 0, -1, 0, 0, 100, 1, 0, 0, 12000, 12000, 'Overmaster Grindgarr - Fel Flames'),
(2080305, 4, 35238, 0, -1, 0, 0, 100, 1, 0, 0, 12000, 12000, 'Overmaster Grindgarr - War Stomp'),
(2080305, 0, 2, 0, -1, 0, 0, 100, 1, 0, 0, 0, 0, 'Overmaster Grindgarr - Attack'),
(2032605, 3, 36486, 0, -1, 0, 0, 100, 1, 0, 0, 15050, 19991, 'Mo''arg Warp-Master - Slime Spray'),
(2032605, 0, 2, 0, -1, 0, 0, 100, 1, 0, 0, 0, 0, 'Mo''arg Warp-Master - Attack'),
(2028505, 4, 36846, 0, -1, 0, 0, 100, 1, 0, 0, 20000, 20000, 'Gan''arg Warp-Tinker - Mana Bomb'),
(2028505, 3, 36208, 0, -1, 0, 0, 100, 1, 0, 0, 15000, 15000, 'Gan''arg Warp-Tinker - Steal Weapon'),
(2028505, 0, 2, 0, -1, 0, 0, 100, 1, 0, 0, 0, 0, 'Gan''arg Warp-Tinker - Attack'),
(1886005, 5, 36844, 0, -1, 0, 0, 100, 1, 0, 0, 0, 0, 'Daughter of Destiny - Curse of Horrors'),
(1886005, 4, 36225, 0, -1, 0, 0, 100, 1, 0, 0, 15213, 19879, 'Daughter of Destiny - Chaos Nova'),
(1886005, 0, 2, 0, -1, 0, 0, 100, 1, 0, 0, 0, 0, 'Daughter of Destiny - Attack'),
(1973805, 4, 36205, 0, -1, 0, 0, 100, 1, 0, 0, 15568, 17919, 'Doomclaw - Claw Swipe'),
(1973805, 3, 34261, 0, -1, 0, 0, 100, 1, 0, 0, 16388, 24864, 'Doomclaw - Slime Spray'),
(1973805, 0, 2, 0, -1, 0, 0, 100, 1, 0, 0, 0, 0, 'Doomclaw - Attack'),
(1694405, 0, 2, 0, -1, 0, 0, 100, 1, 0, 0, 0, 0, 'Mo''arg Doomsmith - Attack'),
(1694805, 0, 2, 0, -1, 0, 0, 100, 1, 0, 0, 0, 0, 'Gan''arg Engineer - Attack'),
(2040305, 4, 11428, 0, -1, 0, 0, 100, 1, 0, 0, 15925, 19048, 'Legion Destroyer - Knockdown'),
(2040305, 3, 13737, 0, -1, 0, 0, 100, 1, 0, 0, 10357, 14469, 'Legion Destroyer - Mortal Strike'),
(2040305, 0, 2, 0, -1, 0, 0, 100, 1, 0, 0, 0, 0, 'Legion Destroyer - Attack'),
(2040205, 3, 35144, 0, -1, 0, 0, 100, 1, 0, 0, 12508, 14840, 'Legion Shocktrooper - Vicious Rend'),
(2040205, 0, 2, 0, -1, 0, 0, 100, 1, 0, 0, 0, 0, 'Legion Shocktrooper - Attack'),
(2039905, 0, 2, 0, -1, 0, 0, 100, 1, 0, 0, 0, 0, 'Terror Imp - Attack'),
(2040405, 3, 35147, 0, -1, 0, 0, 100, 1, 0, 0, 10015, 14185, 'Warp-Gate Engineer - Sundering Swipe'),
(2040405, 0, 2, 0, -1, 0, 0, 100, 1, 0, 0, 0, 0, 'Warp-Gate Engineer - Attack'),
(2021505, 4, 20663, 0, -1, 0, 0, 100, 1, 0, 0, 25000, 25000, 'Pentatharon - Sleep'),
(2021505, 3, 36039, 0, -1, 0, 0, 100, 1, 0, 0, 25000, 25000, 'Pentatharon - Carrion Swarm'),
(2021505, 0, 2, 0, -1, 0, 0, 100, 1, 0, 0, 0, 0, 'Pentatharon - Attack'),
(1985305, 4, 32736, 0, -1, 0, 0, 100, 1, 0, 0, 20000, 20000, 'Felblade Doomguard - Mortal Strike'),
(1985305, 3, 35238, 0, -1, 0, 0, 100, 1, 0, 0, 15000, 15000, 'Felblade Doomguard - War Stomp'),
(1985305, 0, 2, 0, -1, 0, 0, 100, 1, 0, 0, 0, 0, 'Felblade Doomguard - Attack'),
(1985205, 4, 30849, 0, -1, 0, 0, 100, 1, 0, 0, 19000, 19000, 'Artifact Seeker - Spell Lock'),
(1985205, 3, 11981, 0, -1, 0, 0, 50, 1, 0, 0, 15000, 15000, 'Artifact Seeker - Mana Burn'),
(1985205, 0, 2, 0, -1, 0, 0, 100, 1, 0, 0, 0, 0, 'Artifact Seeker - Attack'),
(2196105, 0, 2, 0, -1, 0, 0, 100, 1, 0, 0, 0, 0, 'Cataclysm Overseer - Attack'),
(2196005, 0, 2, 0, -1, 0, 0, 100, 1, 0, 0, 0, 0, 'Gan''arg Technician - Attack'),
(2182705, 3, 38051, 0, -1, 0, 0, 100, 1, 0, 0, 14470, 14718, 'Zandras - Fel Shackles'),
(2182705, 0, 2, 0, -1, 0, 0, 100, 1, 0, 0, 0, 0, 'Zandras - Attack'),
(1974405, 4, 11443, 0, -1, 0, 0, 100, 1, 0, 0, 30000, 30000, 'Dreadwarden - Cripple'),
(1974405, 3, 32736, 0, -1, 0, 0, 100, 1, 0, 0, 9767, 11561, 'Dreadwarden - Mortal Strike'),
(1974405, 0, 2, 0, -1, 0, 0, 100, 1, 0, 0, 0, 0, 'Dreadwarden - Attack'),
(2152005, 3, 38051, 0, -1, 0, 0, 100, 1, 0, 0, 12024, 15523, 'Illidari Jailor - Fel Shackles'),
(2152005, 0, 2, 0, -1, 0, 0, 100, 1, 0, 0, 0, 0, 'Illidari Jailor - Attack'),
(1980105, 3, 36227, 0, -1, 0, 0, 100, 1, 0, 0, 0, 0, 'Illidari Agonizer - Firebolt'),
(1980105, 0, 2, 0, -1, 0, 0, 100, 1, 0, 0, 0, 0, 'Illidari Agonizer - Attack'),
(2180805, 5, 11977, 0, -1, 0, 0, 100, 1, 0, 0, 20000, 20000, 'Illidari Overseer - Rend'),
(2180805, 4, 32736, 0, -1, 0, 0, 100, 1, 0, 0, 18000, 18000, 'Illidari Overseer - Mortal Strike'),
(2180805, 0, 2, 0, -1, 0, 0, 100, 1, 0, 0, 0, 0, 'Illidari Overseer - Attack'),
(2285805, 4, 37577, 0, -1, 0, 0, 100, 1, 0, 0, 8000, 8000, 'Shadowhoof Assassin - Debilitating Strike'),
(2285805, 3, 14873, 0, -1, 0, 0, 100, 1, 0, 0, 8000, 8000, 'Shadowhoof Assassin - Sinister Strike'),
(2285805, 0, 2, 0, -1, 0, 0, 100, 1, 0, 0, 0, 0, 'Shadowhoof Assassin - Attack'),
(2285705, 5, 32009, 0, -1, 0, 0, 100, 1, 0, 0, 14000, 14000, 'Illidari Ravager - Cutdown'),
(2285705, 4, 16244, 0, -1, 0, 0, 100, 1, 0, 0, 4135, 5875, 'Illidari Ravager - Demoralizing Shout'),
(2285705, 3, 15496, 0, -1, 0, 0, 100, 1, 0, 0, 8000, 8000, 'Illidari Ravager - Cleave'),
(2285705, 0, 2, 0, -1, 0, 0, 100, 1, 0, 0, 0, 0, 'Illidari Ravager - Attack'),
(2285905, 4, 13338, 0, -1, 0, 0, 100, 1, 0, 0, 30000, 30000, 'Shadowhoof Summoner - Curse of Tongues'),
(2285905, 3, 9613, 0, -1, 0, 0, 100, 1, 0, 0, 0, 0, 'Shadowhoof Summoner - Shadow Bolt'),
(2285905, 0, 2, 0, -1, 0, 0, 100, 1, 0, 0, 0, 0, 'Shadowhoof Summoner - Attack'),
(2130905, 4, 38048, 0, -1, 0, 0, 100, 1, 0, 0, 4314, 5938, 'Painmistress Gabrissa - Curse of Pain'),
(2130905, 3, 38169, 0, -1, 0, 0, 100, 1, 0, 0, 10279, 14671, 'Painmistress Gabrissa - Subservience'),
(2130905, 0, 2, 0, -1, 0, 0, 100, 1, 0, 0, 0, 0, 'Painmistress Gabrissa - Attack'),
(1979905, 5, 38166, 0, -1, 0, 0, 100, 1, 0, 0, 30000, 30000, 'Illidari Dreadbringer - Frenzy'),
(1979905, 4, 38167, 0, -1, 0, 0, 100, 1, 0, 0, 30000, 30000, 'Illidari Dreadbringer - Curse of Blood'),
(1979905, 0, 2, 0, -1, 0, 0, 100, 1, 0, 0, 0, 0, 'Illidari Dreadbringer - Attack'),
(1980005, 3, 15968, 0, -1, 0, 0, 100, 1, 0, 0, 4304, 7695, 'Illidari Painlasher - Lash of Pain'),
(1980005, 0, 2, 0, -1, 0, 0, 100, 1, 0, 0, 0, 0, 'Illidari Painlasher - Attack'),
(2165605, 3, 38048, 0, -1, 0, 0, 100, 1, 0, 0, 30000, 30000, 'Illidari Satyr - Curse of Pain'),
(2165605, 0, 2, 0, -1, 0, 0, 100, 1, 0, 0, 0, 0, 'Illidari Satyr - Attack'),
(2133705, 4, 7159, 0, -1, 0, 0, 100, 1, 0, 0, 0, 0, 'Illidari Shadowstalker - Backstab'),
(2133705, 3, 5916, 0, -1, 0, 0, 100, 1, 0, 0, 0, 0, 'Illidari Shadowstalker - Shadowstalker Stealth'),
(2133705, 0, 2, 0, -1, 0, 0, 100, 1, 0, 0, 0, 0, 'Illidari Shadowstalker - Attack'),
(1980205, 4, 15496, 0, -1, 0, 0, 100, 1, 0, 0, 6011, 9624, 'Illidari Shocktrooper - Cleave'),
(1980205, 3, 22120, 0, -1, 0, 0, 100, 1, 0, 0, 30000, 30000, 'Illidari Shocktrooper - Charge'),
(1980205, 0, 2, 0, -1, 0, 0, 100, 1, 0, 0, 0, 0, 'Illidari Shocktrooper - Attack'),
(2141905, 0, 2, 0, -1, 0, 0, 100, 1, 0, 0, 0, 0, 'Infernal Attacker - Attack'),
(2068305, 5, 37997, 0, -1, 0, 0, 100, 1, 0, 0, 16000, 16000, 'Prophetess Cavrylin - Chaos Nova'),
(2068305, 4, 37629, 0, -1, 0, 0, 100, 1, 0, 0, 16000, 16000, 'Prophetess Cavrylin - Melt Flesh'),
(2068305, 0, 2, 0, -1, 0, 0, 100, 1, 0, 0, 0, 0, 'Prophetess Cavrylin - Attack'),
(2149905, 4, 32735, 0, -1, 0, 0, 100, 1, 0, 0, 8000, 8000, 'Overseer Ripsaw - Saw Blade'),
(2149905, 3, 35321, 0, -1, 0, 0, 100, 1, 0, 0, 16000, 16000, 'Overseer Ripsaw - Gushing Wound'),
(2149905, 0, 2, 0, -1, 0, 0, 100, 1, 0, 0, 0, 0, 'Overseer Ripsaw - Attack'),
(2131405, 4, 15496, 0, -1, 0, 0, 100, 1, 0, 0, 8327, 11997, 'Terrormaster - Cleave'),
(2131405, 3, 38154, 0, -1, 0, 0, 100, 1, 0, 0, 30000, 30000, 'Terrormaster - Fear'),
(2131405, 0, 2, 0, -1, 0, 0, 100, 1, 0, 0, 0, 0, 'Terrormaster - Attack'),
(1975505, 4, 36253, 0, -1, 0, 0, 100, 1, 0, 0, 25543, 29928, 'Mo''arg Weaponsmith - Chemical Flames'),
(1975505, 3, 37580, 0, -1, 0, 0, 100, 1, 0, 0, 20000, 20000, 'Mo''arg Weaponsmith - Drill Armor'),
(1975505, 0, 2, 0, -1, 0, 0, 100, 1, 0, 0, 0, 0, 'Mo''arg Weaponsmith - Attack'),
(1974005, 0, 2, 0, -1, 0, 0, 100, 1, 0, 0, 0, 0, 'Wrathwalker - Attack');

-- 14093_01_mangos_vehicle_ridespell.sql
ALTER TABLE `vehicle_accessory` ADD COLUMN `RideSpellId` INT(10) UNSIGNED AFTER `accessory_entry`;

DELETE FROM creature_addon WHERE guid IN(SELECT guid FROM creature WHERE id IN (8539,8598));
DELETE FROM creature_movement WHERE id IN(SELECT guid FROM creature WHERE id IN (8539,8598));
DELETE FROM game_event_creature WHERE guid IN(SELECT guid FROM creature WHERE id IN (8539,8598));
DELETE FROM game_event_creature_data WHERE guid IN(SELECT guid FROM creature WHERE id IN (8539,8598));
DELETE FROM creature_battleground WHERE guid IN(SELECT guid FROM creature WHERE id IN (8539,8598));
DELETE FROM creature_linking WHERE guid IN(SELECT guid FROM creature WHERE id IN (8539,8598));
DELETE FROM creature WHERE id IN (8539,8598);
INSERT INTO `creature` (`guid`, `id`, `map`, `spawnMask`, `phaseMask`, `position_x`, `position_y`, `position_z`, `orientation`, `spawntimesecsmin`, `spawntimesecsmax`, `spawndist`, `MovementType`) VALUES
(16982, 8539, 0, 1, 1, '3021.48999023437500000000', '-4952.02978515625000000000', '102.37400054931640000000', '1.82161998748779300000', 300, 300, 0, 0),
(17539, 8539, 0, 1, 1, '3019.37988281250000000000', '-4949.81005859375000000000', '102.36399841308594000000', '1.09933996200561520000', 300, 300, 0, 0),
(17625, 8539, 0, 1, 1, '3014.82006835937500000000', '-4915.39013671875000000000', '102.68299865722656000000', '3.66300010681152340000', 300, 300, 5, 1),
(17694, 8539, 0, 1, 1, '3036.84008789062500000000', '-4914.10009765625000000000', '102.49299621582031000000', '2.99845004081726070000', 300, 300, 5, 1),
(17719, 8539, 0, 1, 1, '2535.59008789062500000000', '-3768.37011718750000000000', '178.14300537109375000000', '4.65412998199462900000', 300, 300, 5, 1),
(17808, 8539, 0, 1, 1, '2648.13989257812500000000', '-5405.00976562500000000000', '160.28799438476562000000', '5.22498989105224600000', 300, 300, 10, 1),
(17948, 8539, 0, 1, 1, '2247.45996093750000000000', '-3525.35009765625000000000', '139.52900695800780000000', '5.35159015655517600000', 300, 300, 5, 1);
INSERT INTO `creature` (`guid`, `id`, `map`, `spawnMask`, `phaseMask`, `position_x`, `position_y`, `position_z`, `orientation`, `spawntimesecsmin`, `spawntimesecsmax`, `spawndist`, `MovementType`) VALUES
(17952, 8598, 0, 1, 1, '2947.36010742187500000000', '-4713.27001953125000000000', '99.39669799804688000000', '5.81954002380371100000', 300, 300, 5, 1),
(18088, 8598, 0, 1, 1, '2812.67993164062500000000', '-4154.12011718750000000000', '91.73269653320312000000', '1.86825001239776610000', 300, 300, 10, 1),
(18185, 8598, 0, 1, 1, '3036.12011718750000000000', '-4515.49023437500000000000', '106.12699890136719000000', '2.62245011329650900000', 300, 300, 3, 1),
(18193, 8598, 0, 1, 1, '2948.31005859375000000000', '-4606.64990234375000000000', '77.05539703369140000000', '4.65277004241943400000', 300, 300, 10, 1),
(18199, 8598, 0, 1, 1, '2724.94995117187500000000', '-4609.68017578125000000000', '90.65519714355469000000', '6.05052995681762700000', 300, 300, 10, 1),
(18216, 8598, 0, 1, 1, '2951.29003906250000000000', '-4249.62011718750000000000', '93.28720092773438000000', '6.11484003067016600000', 300, 300, 10, 1),
(18243, 8598, 0, 1, 1, '3029.93994140625000000000', '-4047.73999023437500000000', '101.63300323486328000000', '2.51079010963439940000', 300, 300, 10, 1),
(18366, 8598, 0, 1, 1, '2850.64990234375000000000', '-4576.72998046875000000000', '102.11100006103516000000', '5.15879011154174800000', 300, 300, 5, 1),
(18398, 8598, 0, 1, 1, '2685.36010742187500000000', '-3530.78002929687500000000', '123.39600372314453000000', '3.87310004234313960000', 300, 300, 3, 1),
(18616, 8598, 0, 1, 1, '3131.89990234375000000000', '-2981.90991210937500000000', '125.18000030517578000000', '3.52677989006042500000', 300, 300, 10, 1),
(18619, 8598, 0, 1, 1, '2645.62011718750000000000', '-4911.10009765625000000000', '83.04489898681640000000', '5.62736988067626950000', 300, 300, 10, 1),
(18743, 8598, 0, 1, 1, '2956.50000000000000000000', '-4549.27001953125000000000', '77.37439727783203000000', '0.50558102130889890000', 300, 300, 10, 1),
(18829, 8598, 0, 1, 1, '3131.58007812500000000000', '-2944.64990234375000000000', '121.03800201416016000000', '1.13334000110626220000', 300, 300, 10, 1),
(18862, 8598, 0, 1, 1, '2880.98999023437500000000', '-4168.58984375000000000000', '95.99410247802734000000', '1.05648994445800780000', 300, 300, 10, 1),
(17875, 8598, 0, 1, 1, '2846.03002929687500000000', '-4061.91992187500000000000', '101.84300231933594000000', '4.63816022872924800000', 300, 300, 10, 1),
(18026, 8598, 0, 1, 1, '2831.01000976562500000000', '-3978.62988281250000000000', '102.85600280761719000000', '0.23243199288845062000', 300, 300, 10, 1),
(18061, 8598, 0, 1, 1, '2718.10009765625000000000', '-3391.75000000000000000000', '96.72180175781250000000', '0.22460199892520905000', 300, 300, 10, 1),
(18208, 8598, 0, 1, 1, '3163.13989257812500000000', '-2970.81005859375000000000', '126.10299682617188000000', '0.01792000047862529800', 300, 300, 10, 1),
(18256, 8598, 0, 1, 1, '2785.62988281250000000000', '-4221.00976562500000000000', '90.21420288085938000000', '1.18356001377105710000', 300, 300, 10, 1),
(18284, 8598, 0, 1, 1, '2795.58007812500000000000', '-4023.45996093750000000000', '99.44889831542969000000', '3.16504001617431640000', 300, 300, 10, 1),
(18335, 8598, 0, 1, 1, '2713.14990234375000000000', '-4876.47021484375000000000', '88.45539855957031000000', '4.63411998748779300000', 300, 300, 10, 1),
(18432, 8598, 0, 1, 1, '2805.79003906250000000000', '-4229.25000000000000000000', '89.68260192871094000000', '0.24474200606346130000', 300, 300, 10, 1),
(18440, 8598, 0, 1, 1, '2682.85009765625000000000', '-4917.16015625000000000000', '85.05139923095703000000', '2.92504000663757320000', 300, 300, 10, 1),
(18444, 8598, 0, 1, 1, '2877.34008789062500000000', '-4647.06982421875000000000', '86.35910034179688000000', '1.61871004104614260000', 300, 300, 10, 1),
(18510, 8598, 0, 1, 1, '2922.69995117187500000000', '-4781.81982421875000000000', '97.53929901123047000000', '2.21350002288818360000', 300, 300, 10, 1),
(18701, 8598, 0, 1, 1, '3048.31005859375000000000', '-4387.00000000000000000000', '104.83100128173828000000', '4.12627983093261700000', 300, 300, 10, 1),
(18755, 8598, 0, 1, 1, '2989.16992187500000000000', '-4183.97021484375000000000', '94.79740142822266000000', '1.14821004867553700000', 300, 300, 10, 1),
(10038, 8598, 0, 1, 1, '2820.47998046875000000000', '-4986.62011718750000000000', '100.93199920654297000000', '5.69517993927001950000', 300, 300, 10, 1),
(10073, 8598, 0, 1, 1, '2792.32006835937500000000', '-4192.91992187500000000000', '91.22209930419922000000', '0.15101499855518340000', 300, 300, 10, 1),
(10079, 8598, 0, 1, 1, '2754.28002929687500000000', '-3557.57006835937500000000', '103.63800048828125000000', '5.82390022277832000000', 300, 300, 10, 1),
(10081, 8598, 0, 1, 1, '3213.52001953125000000000', '-2958.26000976562500000000', '126.24299621582031000000', '5.71795988082885700000', 300, 300, 10, 1),
(10089, 8598, 0, 1, 1, '2777.16992187500000000000', '-4268.04003906250000000000', '90.36840057373047000000', '0.99253898859024050000', 300, 300, 5, 1),
(10097, 8598, 0, 1, 1, '3065.60009765625000000000', '-4361.91992187500000000000', '108.22200012207031000000', '0.32823801040649414000', 300, 300, 10, 1),
(10114, 8598, 0, 1, 1, '3250.43994140625000000000', '-4425.31005859375000000000', '109.81900024414062000000', '0.08112400025129318000', 300, 300, 10, 1),
(10115, 8598, 0, 1, 1, '3079.13989257812500000000', '-4637.29003906250000000000', '119.76000213623047000000', '4.58126020431518550000', 300, 300, 5, 1),
(10923, 8598, 0, 1, 1, '2903.81005859375000000000', '-4436.70996093750000000000', '92.42630004882812000000', '6.09639978408813500000', 300, 300, 10, 1),
(10936, 8598, 0, 1, 1, '2921.13989257812500000000', '-4743.68994140625000000000', '92.99700164794922000000', '4.11653995513916000000', 300, 300, 10, 1),
(10940, 8598, 0, 1, 1, '3066.33007812500000000000', '-4487.64013671875000000000', '112.66300201416016000000', '3.23348999023437500000', 300, 300, 10, 1),
(11418, 8598, 0, 1, 1, '3020.79003906250000000000', '-4600.43994140625000000000', '110.05000305175781000000', '4.49488019943237300000', 300, 300, 0, 0),
(19027, 8598, 0, 1, 1, '2731.87988281250000000000', '-4987.47998046875000000000', '90.78160095214844000000', '6.24762010574340800000', 300, 300, 5, 1),
(21870, 8598, 0, 1, 1, '2823.27001953125000000000', '-4660.47998046875000000000', '88.88339996337890000000', '1.85889005661010740000', 300, 300, 3, 1),
(21871, 8598, 0, 1, 1, '2753.91992187500000000000', '-5004.60986328125000000000', '90.78029632568360000000', '4.59385013580322300000', 300, 300, 5, 1),
(21888, 8598, 0, 1, 1, '2649.26000976562500000000', '-4720.56005859375000000000', '85.62789916992188000000', '4.19541978836059600000', 300, 300, 10, 1),
(21891, 8598, 0, 1, 1, '2987.60009765625000000000', '-4329.43994140625000000000', '80.70700073242188000000', '0.74188697338104250000', 300, 300, 10, 1),
(21897, 8598, 0, 1, 1, '2612.65991210937500000000', '-4879.85986328125000000000', '79.77359771728516000000', '2.26003003120422360000', 300, 300, 0, 0),
(23856, 8598, 0, 1, 1, '3011.42993164062500000000', '-4749.04980468750000000000', '94.18560028076172000000', '4.31246995925903300000', 300, 300, 10, 1),
(23961, 8598, 0, 1, 1, '2859.64990234375000000000', '-3904.61010742187500000000', '105.81300354003906000000', '3.50504994392395000000', 300, 300, 10, 1),
(24323, 8598, 0, 1, 1, '2812.70996093750000000000', '-4862.33007812500000000000', '96.27629852294922000000', '2.89401006698608400000', 300, 300, 5, 1),
(24483, 8598, 0, 1, 1, '2864.91992187500000000000', '-4848.75976562500000000000', '99.23249816894531000000', '0.26060199737548830000', 300, 300, 10, 1),
(24548, 8598, 0, 1, 1, '2797.81005859375000000000', '-3971.18994140625000000000', '100.41999816894531000000', '3.48218989372253400000', 300, 300, 10, 1),
(24561, 8598, 0, 1, 1, '3030.31005859375000000000', '-4202.47998046875000000000', '95.93969726562500000000', '5.81516981124877900000', 300, 300, 10, 1),
(24860, 8598, 0, 1, 1, '3008.72998046875000000000', '-4108.14013671875000000000', '96.59110260009766000000', '3.90629005432128900000', 300, 300, 10, 1),
(33882, 8598, 0, 1, 1, '2915.00000000000000000000', '-3111.76000976562500000000', '111.33999633789062000000', '2.50863003730773930000', 300, 300, 10, 1),
(38807, 8598, 0, 1, 1, '2748.46997070312500000000', '-3435.04003906250000000000', '96.06250000000000000000', '1.97948002815246580000', 300, 300, 10, 1),
(38967, 8598, 0, 1, 1, '3278.86010742187500000000', '-4428.35986328125000000000', '114.31300354003906000000', '1.95130002498626700000', 300, 300, 10, 1),
(41720, 8598, 0, 1, 1, '2520.91992187500000000000', '-4889.79003906250000000000', '77.99019622802734000000', '5.69155979156494100000', 300, 300, 10, 1),
(41749, 8598, 0, 1, 1, '2888.09008789062500000000', '-3069.75000000000000000000', '105.63400268554688000000', '1.75841999053955080000', 300, 300, 10, 1),
(42025, 8598, 0, 1, 1, '2851.23999023437500000000', '-3105.83007812500000000000', '104.79900360107422000000', '4.19809007644653300000', 300, 300, 10, 1),
(42464, 8598, 0, 1, 1, '2662.97998046875000000000', '-4678.62011718750000000000', '80.19090270996094000000', '5.68139982223510700000', 300, 300, 10, 1),
(44881, 8598, 0, 1, 1, '2848.62988281250000000000', '-3389.39990234375000000000', '96.26509857177734000000', '4.63621997833251950000', 300, 300, 10, 1),
(44894, 8598, 0, 1, 1, '2775.93994140625000000000', '-4094.97998046875000000000', '98.53009796142578000000', '4.12542009353637700000', 300, 300, 10, 1),
(44917, 8598, 0, 1, 1, '2611.90991210937500000000', '-4366.74023437500000000000', '79.31549835205078000000', '2.39969992637634280000', 300, 300, 5, 1),
(44925, 8598, 0, 1, 1, '2781.70996093750000000000', '-3925.91992187500000000000', '101.73999786376953000000', '1.33898997306823730000', 300, 300, 5, 1),
(44944, 8598, 0, 1, 1, '3169.47998046875000000000', '-4605.87011718750000000000', '105.27600097656250000000', '5.28631019592285200000', 300, 300, 10, 1),
(45337, 8598, 0, 1, 1, '2753.38989257812500000000', '-4128.72021484375000000000', '95.81020355224610000000', '4.65959978103637700000', 300, 300, 10, 1),
(45355, 8598, 0, 1, 1, '2687.34008789062500000000', '-4209.31982421875000000000', '89.36479949951172000000', '1.59715998172760000000', 300, 300, 5, 1),
(45360, 8598, 0, 1, 1, '2751.72998046875000000000', '-3530.90991210937500000000', '105.89099884033203000000', '1.69515001773834230000', 300, 300, 10, 1),
(45361, 8598, 0, 1, 1, '2725.87988281250000000000', '-4142.16015625000000000000', '92.54869842529297000000', '5.05515003204345700000', 300, 300, 10, 1),
(45384, 8598, 0, 1, 1, '3033.04003906250000000000', '-4320.52978515625000000000', '99.45520019531250000000', '0.47734498977661133000', 300, 300, 10, 1),
(45392, 8598, 0, 1, 1, '3107.22998046875000000000', '-2975.52001953125000000000', '123.21499633789062000000', '3.14130997657775900000', 300, 300, 10, 1),
(45394, 8598, 0, 1, 1, '2567.69995117187500000000', '-4599.89013671875000000000', '80.96499633789062000000', '5.94877004623413100000', 300, 300, 10, 1),
(45410, 8598, 0, 1, 1, '2561.76000976562500000000', '-4630.81005859375000000000', '79.54360198974610000000', '5.82172012329101600000', 300, 300, 10, 1);

-- --------------------------------------------------------------------------------------------------------------------------------------------------------------
SET sql_safe_updates=1;
-- --------------------------------------------------------------------------------------------------------------------------------------------------------------
