# Y2kCat
# ALTER TABLE db_version_ytdb CHANGE COLUMN 664_FIX_14060 665_FIX_14077 bit;
# REPLACE INTO `db_version_ytdb` (`version`) VALUES ('665_FIX_14077');

UPDATE db_version SET `cache_id`= '665';
UPDATE db_version SET `version`= 'YTDB_0.15.3_R665_cMaNGOS_R14077_RuDB_R73';

REPLACE INTO `creature_template_addon` (`entry`, `sheath_state`, `auras`) VALUES (11018, 1, '18167');
SET @PATH := 11016;
DELETE FROM waypoint_path_name WHERE `PathId` = @PATH;
INSERT INTO `waypoint_path_name` (`PathId`, `Name`) VALUES (@PATH, 'Felwood - Captured Arko''narin 11016 - Escort Quest 5203');
DELETE FROM waypoint_path WHERE `PathId` = @PATH;
INSERT INTO `waypoint_path` (`PathId`, `Point`, `PositionX`, `PositionY`, `PositionZ`, `Orientation`, `WaitTime`, `ScriptId`) VALUES
(@PATH,1,5005.385,-440.50992,319.2293,100, 4000, 0),
(@PATH,2,4991.4385,-444.48938,317.5795,100,0,0),
(@PATH,3,4991.4385,-444.48938,317.5795,100,0,0),
(@PATH,4,4984.9556,-460.7537,316.28778,100,0,0),
(@PATH,5,4988.1978,-467.31284,317.44144,100,0,0),
(@PATH,6,4994.9087,-469.4273,318.79675,100,0,0),
(@PATH,7,5002.31,-467.15088,320.10434,100,0,0),
(@PATH,8,5012.154,-461.27045,321.65796,100,0,0),
(@PATH,9,5017.807,-460.28842,322.10263,100,0,0),
(@PATH,10,5024.5728,-460.24817,321.99585,100,0,0),
(@PATH,11,5029.4185,-467.0096,320.13037,100,0,0),
(@PATH,12,5027.9434,-473.5292,319.05075,100,0,0),
(@PATH,13,5026.78,-482.70178,317.9169,100,0,0),
(@PATH,14,5027.596,-495.37738,316.86572,100,0,0),
(@PATH,15,5031.8604,-509.9055,314.5707,100,0,0),
(@PATH,16,5037.6606,-520.79224,313.40643,100,8000,@PATH*100+1),
(@PATH,17,5052.1323,-517.8808,313.2293,100,0,0),
(@PATH,18,5059.9575,-521.26807,313.2293,100,0,0),
(@PATH,19,5062.8857,-527.3165,313.2293,100,0,0),
(@PATH,20,5064.819,-537.95984,313.47986,100,0,0),
(@PATH,21,5060.314,-549.9413,313.3523,100,0,0),
(@PATH,22,5058.979,-557.11633,312.138,100,0,0),
(@PATH,23,5059.847,-563.6537,309.9297,100,0,0),
(@PATH,24,5050.1973,-568.97754,306.84048,100,0,0),
(@PATH,25,5039.7983,-564.5896,303.17828,100,0,0),
(@PATH,26,5036.656,-556.73517,300.7241,100,0,0),
(@PATH,27,5039.9565,-544.66254,297.99673,100,0,0),
(@PATH,28,5046.519,-535.02594,298.0221,100,0,0),
(@PATH,29,5064.163,-524.0127,297.82928,100,0,0),
(@PATH,30,5068.3394,-513.4797,297.113,100,0,0),
(@PATH,31,5063.6235,-505.21686,297.71915,100,0,0),
(@PATH,32,5061.36,-495.92786,297.6322,100,0,0),
(@PATH,33,5070.411,-489.17145,298.23187,5.393067359924316406, 8000, @PATH*100+2),
(@PATH,34,5107.8843,-528.0179,296.82925,100,0,0),
(@PATH,35,5110.363,-532.89453,296.99344,100,8000, @PATH*100+3),
(@PATH,36,5110.363,-532.89453,296.99344,1.867502331733703613,11000, @PATH*100+4),
(@PATH,37,5089.5312,-495.15326,296.82928,100,1,@PATH*100+5),
(@PATH,38,5073.8433,-481.31906,298.43106,100,0,@PATH*100+6),
(@PATH,39,5063.9375,-491.75717,298.24835,100,0,0),
(@PATH,40,5061.162,-502.3304,297.8974,100,0,0),
(@PATH,41,5068.2134,-518.224,297.75003,100,0,0),
(@PATH,42,5063.979,-525.0657,297.82928,100,0,0),
(@PATH,43,5047.276,-531.2634,297.82394,100,0,0),
(@PATH,44,5039.152,-542.5412,298.02368,100,0,0),
(@PATH,45,5037.066,-561.35284,301.9989,100,0,0),
(@PATH,46,5045.567,-568.8012,305.17484,100,0,0),
(@PATH,47,5056.2344,-567.3854,308.34384,100,0,0),
(@PATH,48,5062.1025,-558.711,311.37115,100,0,0),
(@PATH,49,5060.6504,-547.4586,313.3523,100,0,0),
(@PATH,50,5065.0493,-532.2166,313.2293,100,0,0),
(@PATH,51,5058.3022,-521.01886,313.2293,100,0,0),
(@PATH,52,5047.1064,-518.18115,313.31708,100,0,0),
(@PATH,53,5035.7124,-519.3962,313.45596,100,0,0),
(@PATH,54,5035.7124,-519.3962,313.45596,100,0,0),
(@PATH,55,5029.696,-467.94873,319.98193,100,0,0),
(@PATH,56,5024.152,-461.2814,321.97348,100,0,0),
(@PATH,57,5019.582,-458.42606,322.1191,100,0,0),
(@PATH,58,5010.1294,-464.2136,321.4234,100,0,0),
(@PATH,59,4988.3423,-467.53082,317.51245,100,0,0),
(@PATH,60,4984.4624,-455.97217,316.22925,100,0,0),
(@PATH,61,4999.1963,-439.00473,318.9561,100,0,0),
(@PATH,62,4994.8633,-423.0736,318.85876,100,0,0),
(@PATH,63,4986.932,-417.27542,320.33014,100,0,0),
(@PATH,64,4975.5933,-427.3023,323.7214,100,0,0),
(@PATH,65,4966.3696,-431.93497,325.14087,100,0,0),
(@PATH,66,4956.235,-425.33032,326.28345,100,0,0),
(@PATH,67,4951.4956,-408.74103,327.92834,100,0,0),
(@PATH,68,4941.843,-401.1662,329.89993,100,0,0),
(@PATH,69,4929.8115,-399.1336,331.82446,100,0,0),
(@PATH,70,4919.568,-395.4346,333.9033,100,0,0),
(@PATH,71,4915.311,-393.2736,333.82928,100,0,0),
(@PATH,72,4909.621,-394.9223,333.3041,100,0,0),
(@PATH,73,4903.3105,-397.09467,335.84195,100,0,0),
(@PATH,74,4896.3345,-394.248,337.85352,100,0,0),
(@PATH,75,4893.8433,-388.0936,339.49973,100,0,0),
(@PATH,76,4895.888,-381.97626,341.19412,100,0,0),
(@PATH,77,4908.1626,-379.1542,344.5292,100,0,0),
(@PATH,78,4912.6416,-383.83063,346.25305,100,0,0),
(@PATH,79,4909.004,-395.9782,349.56396,100,0,0),
(@PATH,80,4902.413,-397.6088,351.25735,100,0,0),
(@PATH,81,4894.701,-391.7082,351.64682,100,0,0),
(@PATH,82,4875.6304,-395.53656,349.80856,100,0,0),
(@PATH,83,4875.6304,-395.53656,349.80856,3.3,10000,@PATH*100+7),
(@PATH,84,4875.6304,-395.53656,349.80856,100,4000,@PATH*100+8),
(@PATH,85,4875.6304,-395.53656,349.80856,100,3000,0),
(@PATH,86,4850.2827,-395.76785,351.11014,100,0,0),
(@PATH,87,4809.8555,-400.96445,349.46268,100,0,0),
(@PATH,88,4790.0693,-431.56894,344.31335,100,2000,@PATH*100+9);
DELETE FROM `creature` WHERE `guid` = 42876;
DELETE FROM `dbscripts_on_creature_movement` WHERE id BETWEEN @PATH*100+1 AND @PATH*100+9;
INSERT INTO dbscripts_on_creature_movement(id, delay, priority, command, datalong, datalong2, datalong3, buddy_entry, search_radius, data_flags, dataint, dataint2, dataint3, dataint4, datafloat, x, y, z, o, speed, condition_id, comments) VALUES
(@PATH*100+1,2000,0,0,0,0,0,0,0,0,6456,0,0,0,0,0,0,0,0,0,0,'Captured Arkonarinn - Say Text'),
(@PATH*100+1,2000,1,1,5,0,0,0,0,0,0,0,0,0,0,0,0,0,0,0,0,'Captured Arkonarinn - Emote Exclamation'),
(@PATH*100+2,3000,0,1,25,0,0,0,0,0,0,0,0,0,0,0,0,0,0,0,0,'Captured Arkonarin - Emote Point'),
(@PATH*100+2,3000,1,0,0,0,0,0,0,0,6457,0,0,0,0,0,0,0,0,0,0,'Captured Arkonarin - Say Text'),
(@PATH*100+2,7000,0,25,1,0,0,0,0,0,0,0,0,0,0,0,0,0,0,0,0,'Captured Arkonarin - Set Run'),
(@PATH*100+3,0,0,28,8,0,0,0,0,0,0,0,0,0,0,0,0,0,0,0,0,'Captured Arkonarin - Kneel'),
(@PATH*100+3,4000,0,13,0,0,0,176225,5,1,0,0,0,0,0,0,0,0,0,0,0,'Captured Arkonarin - Open Chest'),
(@PATH*100+3,8000,0,28,0,0,0,0,0,0,0,0,0,0,0,0,0,0,0,0,0,'Captured Arkonarin - Remove Kneel'),
(@PATH*100+4,0,0,15,18163,0,0,0,0,0,0,0,0,0,0,0,0,0,0,0,0,'Captured Arkonarin - Cast Strength of Arko''narin'),
(@PATH*100+4,4000,0,44,11018,0,0,0,0,0,0,0,0,0,0,0,0,0,0,0,0,'Captured Arkonarin - Update Entry'),
(@PATH*100+4,4000,1,0,0,0,0,0,0,0,6458,0,0,0,0,0,0,0,0,0,0,'Arkonarinn - Say Text'),
(@PATH*100+4,4000,2,15,18167,0,0,0,0,0,0,0,0,0,0,0,0,0,0,0,0,'Captured Arkonarin - Cast Holy Fire'),
(@PATH*100+4,8000,0,1,15,0,0,0,0,0,0,0,0,0,0,0,0,0,0,0,0,'Arkonarinn - Emote'),
(@PATH*100+4,10000,0,53,0,0,0,0,0,0,6507,1,0,0,0,0,0,0,0,0,0,'Arkonarinn - Spawn Felwood - Jaedenar Legionnaire (3) (q.5203)'),
(@PATH*100+4,11000,0,53,0,0,0,0,0,0,6507,0,0,0,0,0,0,0,0,0,0,'Arkonarinn - Unset Worldstate'),
(@PATH*100+4,11000,0,0,0,0,0,0,0,0,6460,0,0,0,0,0,0,0,0,0,0,'Arkonarinn - Say Text'),
(@PATH*100+5,0,0,25,0,0,0,0,0,0,0,0,0,0,0,0,0,0,0,0,0,'Captured Arkonarin - Set Run off'),
(@PATH*100+6,1000,0,10,9862,300000,0,0,0,0,0,0,0,0,0,5048.734,-542.875,297.8015,1.276,0,0,'Arkonarinn - Spawn Jaedener Legionnaire'),
(@PATH*100+6,1000,0,10,9862,300000,0,0,0,0,0,0,0,0,0,5038.699,-539.362,297.8013,0.6297,0,0,'Arkonarinn - Spawn Jaedener Legionnaire'),
(@PATH*100+7,1000,0,0,0,0,0,0,0,0,6461,0,0,0,0,0,0,0,0,0,0,'Arkonarinn - Say Text'),
(@PATH*100+7,1000,1,1,4,0,0,0,0,0,0,0,0,0,0,0,0,0,0,0,0,'Arkonarinn - Emote Cheer'),
(@PATH*100+7,6000,0,10,11141,60000,1,0,0,0,1,0,0,0,0,4822.424,-410.268,350.019,1.283,0,0,'Arkonarinn - Spawn Spirit of Trey'),
(@PATH*100+7,10000,0,1,18,0,0,0,0,0,0,0,0,0,0,0,0,0,0,0,0,'Arkonarinn - Emote Cry'),
(@PATH*100+7,10000,1,0,0,0,0,0,0,0,6463,0,0,0,0,0,0,0,0,0,0,'Arkonarinn - Say Text'),
(@PATH*100+8,1000,0,1,18,0,0,0,0,0,0,0,0,0,0,0,0,0,0,0,0,'Arkonarinn - Emote Cry'),
(@PATH*100+8,1000,1,0,0,0,0,0,0,0,6468,0,0,0,0,0,0,0,0,0,0,'Arkonarinn - Say Text'),
(@PATH*100+8,1000,2,25,1,0,0,0,0,0,0,0,0,0,0,0,0,0,0,0,0,'Arkonarin - Set Run'),
(@PATH*100+9,1000,0,18,0,0,0,0,0,0,0,0,0,0,0,0,0,0,0,0,0,'Arkonarin - Despawn self');
REPLACE INTO `creature` (`guid`, `id`, `map`, `spawnMask`, `position_x`, `position_y`, `position_z`, `orientation`, `spawntimesecsmin`, `spawntimesecsmax`, `spawndist`, `MovementType`) VALUES
(43297, 9862, 1, 1, 5000.33, -447.795, 318.176, 2.32129, 300, 300, 0, 0),
(43339, 9862, 1, 1, 5037.23, -537.516, 297.885, 0.017453, 300, 300, 0, 0),
(53750, 9862, 1, 1, 5070.46, -481.638, 298.331, 5.59208, 120, 120, 0, 2),
(23019, 9862, 1, 1, 5070.68, -491.728, 297.619, 0.337759, 120, 120, 0, 2),
(53739, 9862, 1, 1, 5077.29, -474.842, 298.368, 5.596, 120, 120, 0, 2),
(53715, 9862, 1, 1, 5091.97, -529.253, 296.76, 1.67552, 300, 300, 0, 0),
(53716, 9862, 1, 1, 5182.75, -577.787, 287.41, 0.488692, 300, 300, 0, 0),
(53718, 9862, 1, 1, 5249.38, -658.771, 258.834, 1.71042, 300, 300, 0, 0),
(53745, 9862, 1, 1, 5359.28, -433.128, 273.072, 5.79449, 300, 300, 0, 0),
(53746, 9862, 1, 1, 5373.73, -525.695, 273.968, 4.43314, 300, 300, 0, 0),
(53747, 9862, 1, 1, 5375.1, -441.792, 273.182, 3.26377, 300, 300, 0, 0);
DELETE FROM creature_movement WHERE Id IN (53739,53750,23019);
INSERT INTO `creature_movement` (`Id`, `Point`, `PositionX`, `PositionY`, `PositionZ`, `Orientation`,`WaitTime`, `ScriptId`, `Comment`) VALUES
(53739, 1, 5077.29,-474.842,298.368,100, 0, 0, 'Felwood - Rescue From Jaedenar - Jaedenar Legionnaire'),
(53739, 2, 5081.596,-483.499,298.011,100, 1, 3, 'Felwood - Rescue From Jaedenar - Jaedenar Legionnaire'),
(53750, 1, 5070.46,-481.638,298.331,100, 0, 0, 'Felwood - Rescue From Jaedenar - Jaedenar Legionnaire'),
(53750, 2, 5079.288,-487.634,297.511,100, 1, 3, 'Felwood - Rescue From Jaedenar - Jaedenar Legionnaire'),
(23019, 1, 5070.68,-491.728,297.619,100, 0, 0, 'Felwood - Rescue From Jaedenar - Jaedenar Legionnaire'),
(23019, 2, 5080.429,-490.970,296.85,100, 1, 3, 'Felwood - Rescue From Jaedenar - Jaedenar Legionnaire');
DELETE FROM `spawn_group` WHERE `Id` IN (19030, 19031);
INSERT INTO `spawn_group` (`Id`, `Name`, `Type`, `MaxCount`, `WorldState`, `Flags`) VALUES ('19030', 'Felwood - Jaedenar Legionnaire (3) (q.5203)', '0', '0', '6507', '0');
DELETE FROM `spawn_group_spawn` WHERE `Id` IN (19030);
INSERT INTO `spawn_group_spawn` (`Id`, `Guid`, `SlotId`) VALUES ('19030', '53739', '0'),('19030', '53750', '1'),('19030', '23019', '2');
DELETE FROM `worldstate_name` WHERE `Id` IN (6507);
INSERT INTO `worldstate_name` (`Id`, `Name`) VALUES ('6507', 'Quest ID 5203 - Jaedenar Legionnaire Spawn');
DELETE FROM `conditions` WHERE `condition_entry` IN (6507);
INSERT INTO `conditions` (`condition_entry`, `type`, `value1`, `value2`, `value3`, `value4`, `flags`, `comments`) VALUES ('6507', '42', '6507', '0', '1', '0', '0', 'Quest ID 5203 - Jaedenar Legionnaire Spawn');
DELETE FROM creature_movement_template WHERE Entry IN (11141);
INSERT INTO `creature_movement_template` (`Entry`, `PathId`, `Point`, `PositionX`, `PositionY`, `PositionZ`, `Orientation`,`WaitTime`, `ScriptId`, `Comment`) VALUES
(11141, 1, 1, 4822.424, -410.268, 350.019, 100, 0, 1114101, 'Felwood - Rescue From Jaedenar - Spirit of Trey'),
(11141, 1, 2, 4829.3555,-399.14017,350.9813, 100, 0, 0, 'Felwood - Rescue From Jaedenar - Spirit of Trey'),
(11141, 1, 3, 4860.6094,-397.3873,351.33194, 100, 0, 0, 'Felwood - Rescue From Jaedenar - Spirit of Trey');
UPDATE `creature_template` SET `MovementType`='2' WHERE (`Entry`='11141');
UPDATE `creature_template` SET `MovementType`='0' WHERE (`Entry`='9862');
DELETE FROM `dbscripts_on_creature_movement` WHERE id = 1114101;
INSERT INTO dbscripts_on_creature_movement(id, delay, priority, command, datalong, datalong2, datalong3, buddy_entry, search_radius, data_flags, dataint, dataint2, dataint3, dataint4, datafloat, x, y, z, o, speed, condition_id, comments) VALUES
(1114101,0,0,0,0,0,0,0,0,0,6466,0,0,0,0,0,0,0,0,0,0,'Spirit of Trey - Say Text');
UPDATE conditions SET value2=1 WHERE type=42 AND value2=0 and condition_entry = 6507;

DELETE FROM `creature` WHERE (`guid` IN (147305));
SET @SGUID := 320;
UPDATE `creature_template` SET `SpeedWalk` = 1 WHERE (`Entry` = 12124);
INSERT INTO `creature` (`guid`, `id`, `map`, `spawnMask`, `position_x`, `position_y`, `position_z`, `orientation`, `spawntimesecsmin`, `spawntimesecsmax`, `spawndist`, `MovementType`) VALUES
(147305, 0, 0, 1, 690.7592163085937500, -4975.44580078125, -9.20772838592529296, 3.965717315673828125, 300, 300, 00, 4),
(1166, 0, 0, 1, -117.128799438476562, -5052.19531250000, -48.1295471191406250, 2.099198341369628906, 300, 300, 00, 4),
(1194, 0, 0, 1, -642.332824707031250, -5089.85742187500, -49.2403373718261718, 3.324134349822998046, 300, 300, 00, 4);
INSERT INTO `spawn_group` (`Id`, `Name`, `Type`, `MaxCount`, `WorldState`, `Flags`, `StringId`) VALUES
(@SGUID + 000, 'The Hinterlands - Great Shark (1) Patrol 000', 0, 0, 0, 0, 0),
(@SGUID + 001, 'The Hinterlands - Great Shark (1) Patrol 001', 0, 0, 0, 0, 0),
(@SGUID + 002, 'The Hinterlands - Great Shark (1) Patrol 002', 0, 0, 0, 0, 0);
INSERT INTO `spawn_group_spawn` (`Id`, `Guid`, `SlotId`, `Chance`) VALUES (@SGUID + 000, 147305, 0, 0),(@SGUID + 001, 1166, 0, 0),(@SGUID + 002, 1194, 0, 0);
INSERT INTO `spawn_group_entry` (`Id`, `Entry`, `MinCount`, `MaxCount`, `Chance`) VALUES (@SGUID + 000, 12124, 0, 0, 0),(@SGUID + 001, 12124, 0, 0, 0),(@SGUID + 002, 12124, 0, 0, 0);
INSERT INTO `creature_movement` (`Id`, `Point`, `PositionX`, `PositionY`, `PositionZ`, `Orientation`, `WaitTime`, `ScriptId`) VALUES
(147305, 01, 684.3942260742187500, -4982.33056640625, -7.90929889678955078, 100, 0, 0),
(147305, 02, 654.7989501953125000, -4977.59716796875, -9.18170738220214843, 100, 0, 0),
(147305, 03, 615.8804321289062500, -4972.79101562500, -10.1993713378906250, 100, 0, 0),
(147305, 04, 585.8175048828125000, -4969.20849609375, -10.3008499145507812, 100, 0, 0),
(147305, 05, 548.1011352539062500, -4976.60791015625, -9.66427612304687500, 100, 0, 0),
(147305, 06, 517.6223754882812500, -4960.89599609375, -13.1028327941894531, 100, 0, 0),
(147305, 07, 494.7419738769531250, -4939.49462890625, -22.0138969421386718, 100, 0, 0),
(147305, 08, 480.7858581542968750, -4917.92480468750, -24.3848495483398437, 100, 0, 0),
(147305, 09, 459.2132873535156250, -4910.79052734375, -30.6885223388671875, 100, 0, 0),
(147305, 10, 442.4537353515625000, -4920.76513671875, -36.3339080810546875, 100, 0, 0),
(147305, 11, 447.0781250000000000, -4949.60937500000, -44.5974502563476562, 100, 0, 0),
(147305, 12, 453.7500000000000000, -4966.18164062500, -44.9568252563476562, 100, 0, 0),
(147305, 13, 472.2214660644531250, -4990.27587890625, -45.5064735412597656, 100, 0, 0),
(147305, 14, 490.7736511230468750, -5008.49951171875, -46.7497367858886718, 100, 0, 0),
(147305, 15, 499.5643005371093750, -5036.16748046875, -49.1100349426269531, 100, 0, 0),
(147305, 16, 501.2535400390625000, -5062.35693359375, -49.5009346008300781, 100, 0, 0),
(147305, 17, 472.7356262207031250, -5068.22802734375, -49.2168273925781250, 100, 0, 0),
(147305, 18, 446.1738891601562500, -5064.47753906250, -49.2094535827636718, 100, 0, 0),
(147305, 19, 422.2476196289062500, -5045.96337890625, -49.3094024658203125, 100, 0, 0),
(147305, 20, 401.4276428222656250, -5025.50146484375, -49.1987495422363281, 100, 0, 0),
(147305, 21, 382.9956665039062500, -5022.42919921875, -49.3011245727539062, 100, 0, 0),
(147305, 22, 351.4262084960937500, -5019.07421875000, -49.2388916015625000, 100, 0, 0),
(147305, 23, 325.4050598144531250, -5023.28515625000, -49.2686614990234375, 100, 0, 0),
(147305, 24, 301.2633972167968750, -5031.67236328125, -48.8577728271484375, 100, 0, 0),
(147305, 25, 282.1974182128906250, -5041.29833984375, -49.1990585327148437, 100, 0, 0),
(147305, 26, 262.0619506835937500, -5048.81640625000, -49.2251815795898437, 100, 0, 0),
(147305, 27, 241.2710571289062500, -5049.95410156250, -49.2251815795898437, 100, 0, 0),
(147305, 28, 228.9334869384765625, -5065.53515625000, -49.6381721496582031, 100, 0, 0),
(147305, 29, 210.4049530029296875, -5053.32470703125, -49.3018684387207031, 100, 0, 0),
(147305, 30, 190.6149597167968750, -5039.73828125000, -49.2245864868164062, 100, 0, 0),
(147305, 31, 166.1158905029296875, -5021.63281250000, -49.2452583312988281, 100, 0, 0),
(147305, 32, 142.6723175048828125, -5026.74560546875, -49.2415962219238281, 100, 0, 0),
(147305, 33, 116.9151535034179687, -5034.67041015625, -49.3282012939453125, 100, 0, 0),
(147305, 34, 102.7355728149414062, -5017.23828125000, -49.2513160705566406, 100, 0, 0),
(147305, 35, 89.06619262695312500, -5014.42871093750, -49.4352798461914062, 100, 0, 0),
(147305, 36, 56.30251693725585937, -5016.54541015625, -50.0202407836914062, 100, 0, 0),
(147305, 37, 40.75748825073242187, -5016.47607421875, -49.0973892211914062, 100, 0, 0),
(147305, 38, 12.73187923431396484, -5028.27734375000, -48.3770675659179687, 100, 0, 0),
(147305, 39, -23.4930553436279296, -5046.81152343750, -48.3373718261718750, 100, 0, 0),
(147305, 40, -41.8151054382324218, -5069.98095703125, -49.3139953613281250, 100, 0, 0);
INSERT INTO `creature_movement` (`Id`, `Point`, `PositionX`, `PositionY`, `PositionZ`, `Orientation`, `WaitTime`, `ScriptId`) VALUES
(1166, 01, -119.441627502441406, -5048.23632812500, -47.6462326049804687, 100, 0, 0),
(1166, 02, -146.146484375000000, -5054.58886718750, -46.6605834960937500, 100, 0, 0),
(1166, 03, -173.130432128906250, -5071.39355468750, -48.1543121337890625, 100, 0, 0),
(1166, 04, -197.109481811523437, -5072.10595703125, -48.4897613525390625, 100, 0, 0),
(1166, 05, -214.910049438476562, -5062.19433593750, -49.1754875183105468, 100, 0, 0),
(1166, 06, -234.249237060546875, -5055.44726562500, -49.3079490661621093, 100, 0, 0),
(1166, 07, -263.331268310546875, -5050.45312500000, -49.2998924255371093, 100, 0, 0),
(1166, 08, -294.036895751953125, -5050.51074218750, -49.2851219177246093, 100, 0, 0),
(1166, 09, -314.135742187500000, -5046.08203125000, -49.2442474365234375, 100, 0, 0),
(1166, 10, -341.081604003906250, -5030.66406250000, -49.2070846557617187, 100, 0, 0),
(1166, 11, -362.006622314453125, -5030.82666015625, -49.2070846557617187, 100, 0, 0),
(1166, 12, -383.670043945312500, -5022.95214843750, -49.2208137512207031, 100, 0, 0),
(1166, 13, -408.064117431640625, -5021.68847656250, -49.3458137512207031, 100, 0, 0),
(1166, 14, -434.132171630859375, -5025.70019531250, -49.5499763488769531, 100, 0, 0),
(1166, 15, -448.595825195312500, -5038.61572265625, -49.5920715332031250, 100, 0, 0),
(1166, 16, -482.982086181640625, -5041.25830078125, -49.2946548461914062, 100, 0, 0),
(1166, 17, -498.734710693359375, -5058.97509765625, -49.5517349243164062, 100, 0, 0),
(1166, 18, -514.604492187500000, -5072.06640625000, -49.2591705322265625, 100, 0, 0),
(1166, 19, -535.757385253906250, -5073.01562500000, -47.1813735961914062, 100, 0, 0),
(1166, 20, -554.438781738281250, -5069.22998046875, -49.3998794555664062, 100, 0, 0),
(1166, 21, -574.053588867187500, -5054.11718750000, -50.1150970458984375, 100, 0, 0),
(1166, 22, -604.833312988281250, -5051.20361328125, -50.7149505615234375, 100, 0, 0),
(1166, 23, -620.485900878906250, -5058.40820312500, -48.7198333740234375, 100, 0, 0),
(1166, 24, -628.895324707031250, -5080.32373046875, -49.2215728759765625, 100, 0, 0),
(1166, 25, -650.933898925781250, -5097.07910156250, -49.2615890502929687, 100, 0, 0),
(1166, 26, -672.122924804687500, -5106.43994140625, -49.3166427612304687, 100, 0, 0);
INSERT INTO `creature_movement` (`Id`, `Point`, `PositionX`, `PositionY`, `PositionZ`, `Orientation`, `WaitTime`, `ScriptId`) VALUES
(1194, 01, -649.65454101562500, -5091.20898437500, -49.2615890502929687, 100, 0, 0),
(1194, 02, -676.02038574218750, -5104.67480468750, -49.3166427612304687, 100, 0, 0),
(1194, 03, -690.82061767578125, -5127.70898437500, -49.3166427612304687, 100, 0, 0),
(1194, 04, -707.45202636718750, -5142.43847656250, -46.0790176391601562, 100, 0, 0),
(1194, 05, -723.20324707031250, -5145.21923828125, -46.7010879516601562, 100, 0, 0),
(1194, 06, -743.13311767578125, -5144.07031250000, -49.2745285034179687, 100, 0, 0),
(1194, 07, -760.19183349609375, -5152.88037109375, -49.2745285034179687, 100, 0, 0),
(1194, 08, -783.72052001953125, -5146.97607421875, -49.2208137512207031, 100, 0, 0),
(1194, 09, -814.58831787109375, -5152.51025390625, -48.2208137512207031, 100, 0, 0),
(1194, 10, -840.14843750000000, -5159.24511718750, -48.5086364746093750, 100, 0, 0),
(1194, 11, -860.69726562500000, -5163.63281250000, -50.0085906982421875, 100, 0, 0),
(1194, 12, -898.78057861328125, -5172.96777343750, -51.4436111450195312, 100, 0, 0),
(1194, 13, -921.35180664062500, -5176.84765625000, -51.2765426635742187, 100, 0, 0),
(1194, 14, -939.51477050781250, -5174.12011718750, -50.6840591430664062, 100, 0, 0),
(1194, 15, -975.39691162109375, -5187.64306640625, -49.4267501831054687, 100, 0, 0),
(1194, 16, -951.00958251953125, -5177.16650390625, -50.4865493774414062, 100, 0, 0),
(1194, 17, -918.32617187500000, -5153.50927734375, -50.7772407531738281, 100, 0, 0),
(1194, 18, -922.90301513671875, -5135.71972656250, -52.3358345031738281, 100, 0, 0),
(1194, 19, -917.67535400390625, -5112.12353515625, -53.8129348754882812, 100, 0, 0),
(1194, 20, -914.78601074218750, -5078.39013671875, -57.0102272033691406, 100, 0, 0),
(1194, 21, -911.84375000000000, -5053.19140625000, -58.4042587280273437, 100, 0, 0),
(1194, 22, -900.08422851562500, -5037.83496093750, -53.1620712280273437, 100, 0, 0),
(1194, 23, -900.31317138671875, -5023.20068359375, -51.0158233642578125, 100, 0, 0),
(1194, 24, -904.16406250000000, -5006.25488281250, -48.7855987548828125, 100, 0, 0),
(1194, 25, -902.35028076171875, -4991.00830078125, -46.9393920898437500, 100, 0, 0),
(1194, 26, -900.14044189453125, -4975.81103515625, -44.5868530273437500, 100, 0, 0),
(1194, 27, -900.45159912109375, -4965.26953125000, -43.0599822998046875, 100, 0, 0),
(1194, 28, -892.96594238281250, -4954.00830078125, -43.6407318115234375, 100, 0, 0),
(1194, 29, -883.06427001953125, -4939.03222656250, -47.0181732177734375, 100, 0, 0),
(1194, 30, -877.34204101562500, -4925.87548828125, -48.9224624633789062, 100, 0, 0),
(1194, 31, -886.09722900390625, -4910.74462890625, -49.3482437133789062, 100, 0, 0),
(1194, 32, -896.12823486328125, -4891.56103515625, -49.2724418640136718, 100, 0, 0),
(1194, 33, -906.84112548828125, -4885.58593750000, -49.3139953613281250, 100, 0, 0),
(1194, 34, -894.28839111328125, -4853.97607421875, -48.1651306152343750, 100, 0, 0),
(1194, 35, -894.33917236328125, -4825.29785156250, -49.3269920349121093, 100, 0, 0),
(1194, 36, -897.07464599609375, -4795.03613281250, -49.1171684265136718, 100, 0, 0),
(1194, 37, -903.54925537109375, -4763.50878906250, -48.4828681945800781, 100, 0, 0),
(1194, 38, -904.68511962890625, -4736.98632812500, -48.2734527587890625, 100, 0, 0),
(1194, 39, -898.31860351562500, -4709.04052734375, -49.2175407409667968, 100, 0, 0),
(1194, 40, -880.90344238281250, -4680.04101562500, -49.5154685974121093, 100, 0, 0),
(1194, 41, -882.21484375000000, -4643.82666015625, -49.4101219177246093, 100, 0, 0),
(1194, 42, -879.29754638671875, -4622.67431640625, -49.3692474365234375, 100, 0, 0),
(1194, 43, -866.05401611328125, -4588.83544921875, -49.4306793212890625, 100, 0, 0),
(1194, 44, -859.48266601562500, -4548.62597656250, -49.1712532043457031, 100, 0, 0),
(1194, 45, -854.79449462890625, -4510.44531250000, -47.1346321105957031, 100, 0, 0),
(1194, 46, -863.12194824218750, -4490.25927734375, -49.0857124328613281, 100, 0, 0);

DELETE FROM `creature_addon` WHERE `guid` IN (SELECT `guid` FROM `creature` WHERE `id` IN (1224));
DELETE FROM `creature_movement` WHERE `id` IN (SELECT `guid` FROM `creature` WHERE `id` IN (1224));
DELETE FROM `creature` WHERE `id` IN (1224);
INSERT INTO `creature` (`guid`, `id`, `map`, `spawnMask`, `phaseMask`, `position_x`, `position_y`, `position_z`, `orientation`, `spawntimesecsmin`, `spawntimesecsmax`, `spawndist`, `MovementType`) VALUES
(8382, 1224, 0, 1, 1, -5220.32, -3319.59, 247.09, 6.23097, 300, 300, 10, 1),
(8508, 1224, 0, 1, 1, -5242.1, -3238.45, 257.962, 3.96708, 300, 300, 10, 1),
(8795, 1224, 0, 1, 1, -5416.85, -3250.33, 273.037, 3.72009, 300, 300, 10, 1),
(8803, 1224, 0, 1, 1, -5220.43, -3229.75, 272.009, 0.77066, 300, 300, 10, 1),
(8896, 1224, 0, 1, 1, -5552.41, -3379.55, 281.788, 0.424615, 300, 300, 10, 1),
(8963, 1224, 0, 1, 1, -5420.07, -3320.86, 265.697, 0.83365, 300, 300, 10, 1),
(9087, 1224, 0, 1, 1, -5193.04, -3325.69, 240.593, 5.68654, 300, 300, 10, 1),
(9153, 1224, 0, 1, 1, -5415.41, -3391.13, 262.328, 4.57889, 300, 300, 10, 1),
(9171, 1224, 0, 1, 1, -5294.23, -3581.53, 288.066, 2.22245, 300, 300, 10, 1),
(9175, 1224, 0, 1, 1, -5108.35, -3339.48, 262.235, 0.554918, 300, 300, 10, 1),
(9184, 1224, 0, 1, 1, -5349.08, -3555.68, 270.435, 0.227965, 300, 300, 10, 1),
(9282, 1224, 0, 1, 1, -5413.69, -3590.88, 285.794, 0.337169, 300, 300, 10, 1),
(1277, 1224, 0, 1, 1, -5355.54, -3415.15, 260.929, 1.0888, 300, 300, 10, 1),
(1339, 1224, 0, 1, 1, -5350.9, -3619.04, 276.314, 4.45128, 300, 300, 10, 1),
(1359, 1224, 0, 1, 1, -5494.19, -3609.26, 288.356, 5.55697, 300, 300, 10, 1),
(1368, 1224, 0, 1, 1, -5627.3, -3337.89, 283.577, 2.58467, 300, 300, 10, 1),
(1371, 1224, 0, 1, 1, -5350.9, -3350.11, 254.935, 2.79951, 300, 300, 10, 1),
(1373, 1224, 0, 1, 1, -5411.29, -3644.19, 284.877, 6.10661, 300, 300, 10, 1),
(1491, 1224, 0, 1, 1, -5608.87, -3489.78, 288.625, 5.33942, 300, 300, 10, 1),
(1989, 1224, 0, 1, 1, -5619.49, -3417.65, 274.453, 5.2212, 300, 300, 10, 1),
(1995, 1224, 0, 1, 1, -5350.48, -3474.03, 257.472, 2.42082, 300, 300, 10, 1);

DELETE FROM `creature_addon` WHERE `guid` IN (SELECT `guid` FROM `creature` WHERE `id` IN (30));
DELETE FROM `creature_movement` WHERE `id` IN (SELECT `guid` FROM `creature` WHERE `id` IN (30));
DELETE FROM `creature` WHERE `id` IN (30);
INSERT INTO `creature` (`guid`, `id`, `map`, `spawnMask`, `phaseMask`, `position_x`, `position_y`, `position_z`, `orientation`, `spawntimesecsmin`, `spawntimesecsmax`, `spawndist`, `MovementType`) VALUES
(4250, 30, 0, 1, 1, -9233.27, 271.076, 72.78, 3.25266, 180, 180, 5, 1),
(4420, 30, 0, 1, 1, -9259.6, 444.417, 84.3847, 5.11796, 180, 180, 5, 1),
(4450, 30, 0, 1, 1, -9390.82, 286.729, 62.52, 1.32586, 180, 180, 5, 1),
(4497, 30, 0, 1, 1, -9383.82, 200.188, 61.4398, 0.546416, 180, 180, 5, 1),
(4533, 30, 0, 1, 1, -9483.68, 547.621, 53.2887, 0.369588, 180, 180, 5, 1),
(4548, 30, 0, 1, 1, -9524.25, 426.606, 53.0522, 3.66698, 180, 180, 5, 1),
(4560, 30, 0, 1, 1, -9538.36, 294.275, 53.4616, 1.47696, 180, 180, 5, 1),
(4585, 30, 0, 1, 1, -9559.39, 217.842, 56.78, 2.27546, 180, 180, 5, 1),
(4640, 30, 0, 1, 1, -9625.72, 209.416, 47.9853, 2.73477, 180, 180, 5, 1),
(4667, 30, 0, 1, 1, -9646.86, 371.204, 42.7618, 6.151, 180, 180, 5, 1),
(4687, 30, 0, 1, 1, -9760.26, 162.948, 53.4379, 1.60789, 180, 180, 5, 1),
(4705, 30, 0, 1, 1, -9714.55, 12.6503, 40.6567, 5.48121, 180, 180, 5, 1),
(4716, 30, 0, 1, 1, -9678.46, 120.61, 47.1912, 0.613775, 180, 180, 5, 1),
(4729, 30, 0, 1, 1, -9609.84, 82.4616, 61.2011, 2.50789, 180, 180, 5, 1),
(4762, 30, 0, 1, 1, -9636.07, 188.916, 47.5386, 0.407667, 180, 180, 5, 1),
(4766, 30, 0, 1, 1, -9588.36, -12.2227, 61.6865, 5.53788, 180, 180, 5, 1);

DELETE FROM `creature_addon` WHERE `guid` IN (SELECT `guid` FROM `creature` WHERE `id` IN (113));
DELETE FROM `creature_movement` WHERE `id` IN (SELECT `guid` FROM `creature` WHERE `id` IN (113));
DELETE FROM `creature` WHERE `id` IN (113);
INSERT INTO `creature` (`guid`, `id`, `map`, `spawnMask`, `phaseMask`, `position_x`, `position_y`, `position_z`, `orientation`, `spawntimesecsmin`, `spawntimesecsmax`, `spawndist`, `MovementType`) VALUES
(3809, 113, 0, 1, 1, -9545.4, 4.4072, 60.651, 5.20721, 180, 180, 5, 1),
(3830, 113, 0, 1, 1, -9547.6, 83.9896, 59.5094, 5.09636, 180, 180, 5, 1),
(3842, 113, 0, 1, 1, -9548.47, 115.032, 59.1045, 3.35103, 180, 180, 5, 1),
(3861, 113, 0, 1, 1, -9552.61, 151.449, 59.4064, 2.34791, 180, 180, 5, 1),
(3866, 113, 0, 1, 1, -9529.79, 187.151, 57.8628, 2.56714, 180, 180, 5, 1),
(3910, 113, 0, 1, 1, -9577.93, 229.622, 51.5966, 5.46465, 180, 180, 5, 1),
(3914, 113, 0, 1, 1, -9685.17, 213.392, 51.2086, 2.69681, 180, 180, 5, 1),
(3922, 113, 0, 1, 1, -9886.71, 461.584, 37.8474, 1.17974, 180, 180, 5, 1),
(3945, 113, 0, 1, 1, -9792.83, 435.857, 37.9384, 4.52488, 180, 180, 5, 1),
(3964, 113, 0, 1, 1, -9824.81, 412.5, 36.872, 0, 180, 180, 5, 1),
(3973, 113, 0, 1, 1, -9814.29, 454.489, 36.4303, 5.09693, 180, 180, 5, 1),
(3988, 113, 0, 1, 1, -9852, 448.214, 36.5163, 0.538723, 180, 180, 5, 1),
(4026, 113, 0, 1, 1, -9929.22, 443.641, 34.5945, 3.4276, 180, 180, 5, 1),
(4036, 113, 0, 1, 1, -9881.65, 418.157, 34.8951, 4.62417, 180, 180, 5, 1),
(4048, 113, 0, 1, 1, -9945.1, 423.813, 34.7675, 1.22975, 180, 180, 5, 1),
(4080, 113, 0, 1, 1, -9926.7, 427.381, 34.7728, 2.20437, 180, 180, 5, 1),
(4093, 113, 0, 1, 1, -9944.8, 376.158, 34.8795, 4.60737, 180, 180, 5, 1),
(4111, 113, 0, 1, 1, -9910.12, 377.148, 35.1656, 2.91669, 180, 180, 5, 1),
(4126, 113, 0, 1, 1, -10016, 379.302, 32.8737, 5.55437, 180, 180, 5, 1),
(4267, 113, 0, 1, 1, -10008.5, 362.802, 33.5907, 0.910096, 180, 180, 5, 1),
(4305, 113, 0, 1, 1, -10018.3, 313.798, 31.4486, 3.99191, 180, 180, 5, 1),
(4339, 113, 0, 1, 1, -9971.3, 308.87, 35.7139, 3.46149, 180, 180, 5, 1),
(4345, 113, 0, 1, 1, -9821.62, 356.002, 37.7473, 2.78667, 180, 180, 5, 1),
(4381, 113, 0, 1, 1, -9794.95, 388.987, 39.6181, 2.51294, 180, 180, 5, 1),
(4423, 113, 0, 1, 1, -9759.17, 190.368, 50.8352, 1.38605, 180, 180, 5, 1),
(4458, 113, 0, 1, 1, -9717.87, 248.615, 49.4381, 5.23292, 180, 180, 5, 1),
(4483, 113, 0, 1, 1, -9907.56, 114.018, 32.4213, 5.30634, 180, 180, 5, 1),
(4520, 113, 0, 1, 1, -9926.4, 93.1414, 32.677, 1.9743, 180, 180, 5, 1),
(4549, 113, 0, 1, 1, -9933.76, 197.007, 23.3433, 0.880808, 180, 180, 5, 1),
(4550, 113, 0, 1, 1, -9738.29, 88.1389, 43.8449, 4.68014, 180, 180, 5, 1),
(4551, 113, 0, 1, 1, -9717.21, 180.171, 50.5346, 3.73231, 180, 180, 5, 1),
(4620, 113, 0, 1, 1, -9681.88, 85.5572, 45.7138, 4.74363, 180, 180, 5, 1),
(4647, 113, 0, 1, 1, -10005.3, 212.535, 30.3517, 3.29647, 180, 180, 5, 1),
(4727, 113, 0, 1, 1, -9989.76, 252.255, 30.8966, 1.56494, 180, 180, 5, 1),
(4782, 113, 0, 1, 1, -10021, 238.277, 29.5087, 4.53031, 180, 180, 5, 1),
(4792, 113, 0, 1, 1, -10024.6, 189.339, 29.754, 3.43305, 180, 180, 5, 1),
(4800, 113, 0, 1, 1, -10038.7, 223.114, 27.9143, 6.23625, 180, 180, 5, 1),
(4915, 113, 0, 1, 1, -10053.8, 277.949, 26.4879, 3.2434, 180, 180, 5, 1),
(5014, 113, 0, 1, 1, -10040.4, 161.168, 28.632, 4.28594, 180, 180, 5, 1),
(4790, 113, 0, 1, 1, -10067.2, 114.227, 29.9437, 5.12804, 180, 180, 5, 1),
(4855, 113, 0, 1, 1, -10020.8, 117.915, 33.5757, 2.59753, 180, 180, 5, 1),
(4883, 113, 0, 1, 1, -9984.24, 113.954, 34.1042, 3.02591, 180, 180, 5, 1),
(4939, 113, 0, 1, 1, -9986.97, 156.062, 34.6856, 1.2756, 180, 180, 5, 1),
(4948, 113, 0, 1, 1, -9942.02, 86.1381, 33.0227, 3.83789, 180, 180, 5, 1),
(4962, 113, 0, 1, 1, -9948.29, 112.667, 33.0901, 3.82554, 180, 180, 5, 1),
(5001, 113, 0, 1, 1, -9979.29, 86.038, 34.7465, 6.23044, 180, 180, 5, 1),
(5002, 113, 0, 1, 1, -9943.08, 46.5204, 33.1547, 4.23553, 180, 180, 5, 1),
(5046, 113, 0, 1, 1, -9634.27, 58.2623, 60.2921, 1.57599, 180, 180, 5, 1),
(5085, 113, 0, 1, 1, -9682.43, 113.513, 47.1978, 3.2208, 180, 180, 5, 1),
(5136, 113, 0, 1, 1, -9612.56, 17.916, 61.3788, 3.92441, 180, 180, 5, 1),
(84593, 113, 0, 1, 1, -9593.61, 54.719, 60.9167, 2.22424, 180, 180, 5, 1),
(84591, 113, 0, 1, 1, -9577.1, 124.616, 59.3955, 0.671218, 180, 180, 5, 1);

DELETE FROM `spawn_group` WHERE id = 19980;
INSERT INTO `spawn_group` (`Id`, `Name`, `Type`, `MaxCount`, `WorldState`, `Flags`) VALUES (19980, 'Stormwind - Battleground Emissary x2 - Patrol', 0, 0, 3292, 0x02 | 0x08);
DELETE FROM game_event_creature_data WHERE guid IN (18935,18937);
INSERT INTO game_event_creature_data (guid, event, `entry_id`) VALUES (18935,18,15103),(18937,18,15103),(18935,19,15102),(18937,19,15102),(18935,20,14991),(18937,20,14991),(18935,21,22013),(18937,21,22013),
(18935,30,30566),(18937,30,30566),(18935,42,34948),(18937,42,34950);

# 14078_01_mangos_visibility.sql
UPDATE creature_template SET StaticFlags1=StaticFlags1|0x80000000 WHERE visibilityDistanceType=3;
UPDATE creature_template SET StaticFlags3=StaticFlags3|0x00000400 WHERE visibilityDistanceType=4;
UPDATE creature_template SET StaticFlags3=StaticFlags3|0x00000800 WHERE visibilityDistanceType=5;
ALTER TABLE creature_template DROP COLUMN visibilityDistanceType;

UPDATE `creature_template` SET `SpeedWalk` = 1 WHERE `Entry` IN (5982, 8299, 8300);
UPDATE `creature_template` SET `SpeedWalk` = 1.6 WHERE `entry` = 8296;
UPDATE `creature_template` SET `SpeedWalk` = 1.6 WHERE `entry` = 8297;
UPDATE `creature_template` SET `SpeedWalk` = 1.11111 WHERE `entry` = 8298;
UPDATE `creature_template` SET `SpeedWalk` = 1 WHERE `entry` = 8301;
UPDATE `creature_template` SET `SpeedWalk` = 1.11111 WHERE `entry` = 8302;
UPDATE `creature_template` SET `SpeedWalk` = 1 WHERE `entry` = 8303;
UPDATE `creature_template` SET `SpeedWalk` = 1 WHERE `entry` = 8304;

UPDATE `item_template` SET `minMoneyLoot`=100, `maxMoneyLoot`=200 WHERE `entry`=16883;

UPDATE `creature_template` SET `InhabitType` = 4, `MinLevel` = 1, `MaxLevel` = 1, `NpcFlags` = 0, `UnitFlags` = 33554688, `SpeedWalk` = 1 WHERE `entry` = 13916;

DELETE FROM creature_addon WHERE guid=6099;
DELETE FROM creature_movement WHERE Id=6099;
DELETE FROM game_event_creature WHERE guid=6099;
DELETE FROM game_event_creature_data WHERE guid=6099;
DELETE FROM creature_battleground WHERE guid=6099;
DELETE FROM creature_linking WHERE guid=6099 OR master_guid=6099;
DELETE FROM creature WHERE guid=6099;
UPDATE creature SET position_x = -8832.558, position_y = 541.7231, position_z = 97.038635, orientation = 2.687807083129882812, spawndist = 0, MovementType = 0 WHERE guid =6087;
DELETE FROM creature_movement WHERE id = 6087;

UPDATE `pool_pool` SET `description` = 'GO 123310,[73940,73941],map=1' WHERE `pool_id` = 8841;
UPDATE `pool_pool` SET `description` = 'GO 123310,[73940,73941],map=1' WHERE `pool_id` = 8842;
UPDATE `pool_pool` SET `description` = 'GO 123310,[73940,73941],map=1' WHERE `pool_id` = 8843;
UPDATE `pool_pool` SET `description` = 'GO 123310,[73940,73941],map=1' WHERE `pool_id` = 8845;
UPDATE `pool_pool` SET `description` = 'GO 123310,[73940,73941],map=1' WHERE `pool_id` = 8846;
UPDATE `pool_pool` SET `description` = 'GO 123310,[73940,73941],map=1' WHERE `pool_id` = 8847;
UPDATE `pool_pool` SET `description` = 'GO 123310,[73940,73941],map=1' WHERE `pool_id` = 8848;
UPDATE `pool_pool` SET `description` = 'GO 123310,[73940,73941],map=1' WHERE `pool_id` = 8849;
UPDATE `pool_pool` SET `description` = 'GO 123310,[73940,73941],map=1' WHERE `pool_id` = 8850;
UPDATE `pool_pool` SET `description` = 'GO 123310,[73940,73941],map=1' WHERE `pool_id` = 8851;
UPDATE `pool_pool` SET `description` = 'GO 123310,[73940,73941],map=1' WHERE `pool_id` = 8852;
UPDATE `pool_pool` SET `description` = 'GO 123310,[73940,73941],map=1' WHERE `pool_id` = 8853;
UPDATE `pool_pool` SET `description` = 'GO 123310,[73940,73941],map=1' WHERE `pool_id` = 8854;
UPDATE `pool_pool` SET `description` = 'GO 123310,[73940,73941],map=1' WHERE `pool_id` = 8855;
UPDATE `pool_pool` SET `description` = 'GO 123310,[73940,73941],map=1' WHERE `pool_id` = 8856;
UPDATE `pool_pool` SET `description` = 'GO 123310,[73940,73941],map=1' WHERE `pool_id` = 8857;
UPDATE `pool_pool` SET `description` = 'GO 123310,[73940,73941],map=1' WHERE `pool_id` = 8834;
UPDATE `pool_pool` SET `description` = 'GO 123310,[73940,73941],map=1' WHERE `pool_id` = 8835;
UPDATE `pool_pool` SET `description` = 'GO 123310,[73940,73941],map=1' WHERE `pool_id` = 8836;
UPDATE `pool_pool` SET `description` = 'GO 123310,[73940,73941],map=1' WHERE `pool_id` = 8837;
UPDATE `pool_pool` SET `description` = 'GO 123310,[73940,73941],map=1' WHERE `pool_id` = 8838;
UPDATE `pool_pool` SET `description` = 'GO 123310,[73940,73941],map=1' WHERE `pool_id` = 8839;
UPDATE `pool_pool` SET `description` = 'GO 123310,[73940,73941],map=1' WHERE `pool_id` = 8840;
UPDATE `pool_pool` SET `description` = 'GO 123848,[123309,73941],map=1' WHERE `pool_id` = 8868;
UPDATE `pool_pool` SET `description` = 'GO 123848,[123309,73941],map=1' WHERE `pool_id` = 8869;
UPDATE `pool_pool` SET `description` = 'GO 123848,[123309,73941],map=1' WHERE `pool_id` = 8870;
UPDATE `pool_pool` SET `description` = 'GO 123848,[123309,73941],map=1' WHERE `pool_id` = 8871;
UPDATE `pool_pool` SET `description` = 'GO 123848,[123309,73941],map=1' WHERE `pool_id` = 8872;
UPDATE `pool_pool` SET `description` = 'GO 123848,[123309,73941],map=1' WHERE `pool_id` = 8873;
UPDATE `pool_pool` SET `description` = 'GO 123848,[123309,73941],map=1' WHERE `pool_id` = 8874;
UPDATE `pool_pool` SET `description` = 'GO 123848,[123309,73941],map=1' WHERE `pool_id` = 8875;
UPDATE `pool_pool` SET `description` = 'GO 123848,[123309,73941],map=1' WHERE `pool_id` = 8876;
UPDATE `pool_pool` SET `description` = 'GO 123848,[123309,73941],map=1' WHERE `pool_id` = 8877;
UPDATE `pool_pool` SET `description` = 'GO 123848,[123309,73941],map=1' WHERE `pool_id` = 8878;
UPDATE `pool_pool` SET `description` = 'GO 123848,[123309,73941],map=1' WHERE `pool_id` = 8879;
UPDATE `pool_pool` SET `description` = 'GO 123848,[123309,73941],map=1' WHERE `pool_id` = 8880;
UPDATE `pool_pool` SET `description` = 'GO 123848,[123309,73941],map=1' WHERE `pool_id` = 8881;
UPDATE `pool_pool` SET `description` = 'GO 123848,[123309,73941],map=1' WHERE `pool_id` = 8882;
UPDATE `pool_pool` SET `description` = 'GO 123848,[123309,73941],map=1' WHERE `pool_id` = 8883;
UPDATE `pool_pool` SET `description` = 'GO 123848,[123309,73941],map=1' WHERE `pool_id` = 8884;
UPDATE `pool_pool` SET `description` = 'GO 123848,[123309,73941],map=1' WHERE `pool_id` = 8885;
UPDATE `pool_pool` SET `description` = 'GO 123848,[123309,73941],map=1' WHERE `pool_id` = 8886;
UPDATE `pool_pool` SET `description` = 'GO 123848,[123309,73941],map=1' WHERE `pool_id` = 8887;
UPDATE `pool_pool` SET `description` = 'GO 123848,[123309,73941],map=1' WHERE `pool_id` = 8888;
UPDATE `pool_pool` SET `description` = 'GO 123848,[123309,73941],map=1' WHERE `pool_id` = 8858;
UPDATE `pool_pool` SET `description` = 'GO 123848,[123309,73941],map=1' WHERE `pool_id` = 8859;
UPDATE `pool_pool` SET `description` = 'GO 123848,[123309,73941],map=1' WHERE `pool_id` = 8860;
UPDATE `pool_pool` SET `description` = 'GO 123848,[123309,73941],map=1' WHERE `pool_id` = 8861;
UPDATE `pool_pool` SET `description` = 'GO 123848,[123309,73941],map=1' WHERE `pool_id` = 8862;
UPDATE `pool_pool` SET `description` = 'GO 123848,[123309,73941],map=1' WHERE `pool_id` = 8863;
UPDATE `pool_pool` SET `description` = 'GO 123848,[123309,73941],map=1' WHERE `pool_id` = 8864;
UPDATE `pool_pool` SET `description` = 'GO 123848,[123309,73941],map=1' WHERE `pool_id` = 8865;
UPDATE `pool_pool` SET `description` = 'GO 123848,[123309,73941],map=1' WHERE `pool_id` = 8866;
UPDATE `pool_pool` SET `description` = 'GO 123848,[123309,73941],map=1' WHERE `pool_id` = 8867;
UPDATE `pool_pool` SET `description` = 'GO 165658,[175404,324,2040,123309],map=0' WHERE `pool_id` = 8997;
UPDATE `pool_pool` SET `description` = 'GO 165658,[175404,324,2040,123309],map=0' WHERE `pool_id` = 9097;
UPDATE `pool_pool` SET `description` = 'GO 165658,[175404,324,2040,123309],map=0' WHERE `pool_id` = 9023;
UPDATE `pool_pool` SET `description` = 'GO 165658,[175404,324,2040,123309],map=0' WHERE `pool_id` = 8965;
UPDATE `pool_pool` SET `description` = 'GO 165658,[175404,324,2040,123309],map=0' WHERE `pool_id` = 9056;
UPDATE `pool_pool` SET `description` = 'GO 165658,[175404,324,2040,123309],map=0' WHERE `pool_id` = 8998;
UPDATE `pool_pool` SET `description` = 'GO 165658,[175404,324,2040,123309],map=0' WHERE `pool_id` = 9098;
UPDATE `pool_pool` SET `description` = 'GO 165658,[175404,324,2040,123309],map=0' WHERE `pool_id` = 9024;
UPDATE `pool_pool` SET `description` = 'GO 165658,[175404,324,2040,123309],map=0' WHERE `pool_id` = 8966;
UPDATE `pool_pool` SET `description` = 'GO 165658,[175404,324,2040,123309],map=0' WHERE `pool_id` = 9057;
UPDATE `pool_pool` SET `description` = 'GO 165658,[175404,324,2040,123309],map=0' WHERE `pool_id` = 8999;
UPDATE `pool_pool` SET `description` = 'GO 165658,[175404,324,2040,123309],map=0' WHERE `pool_id` = 9100;
UPDATE `pool_pool` SET `description` = 'GO 165658,[175404,324,2040,123309],map=0' WHERE `pool_id` = 9025;
UPDATE `pool_pool` SET `description` = 'GO 165658,[175404,324,2040,123309],map=0' WHERE `pool_id` = 8967;
UPDATE `pool_pool` SET `description` = 'GO 165658,[175404,324,2040,123309],map=0' WHERE `pool_id` = 9059;
UPDATE `pool_pool` SET `description` = 'GO 165658,[175404,324,2040,123309],map=0' WHERE `pool_id` = 9000;
UPDATE `pool_pool` SET `description` = 'GO 165658,[175404,324,2040,123309],map=0' WHERE `pool_id` = 9101;
UPDATE `pool_pool` SET `description` = 'GO 165658,[175404,324,2040,123309],map=0' WHERE `pool_id` = 9026;
UPDATE `pool_pool` SET `description` = 'GO 165658,[175404,324,2040,123309],map=0' WHERE `pool_id` = 8968;
UPDATE `pool_pool` SET `description` = 'GO 165658,[175404,324,2040,123309],map=0' WHERE `pool_id` = 9060;
UPDATE `pool_pool` SET `description` = 'GO 165658,[175404,324,2040,123309],map=0' WHERE `pool_id` = 9001;
UPDATE `pool_pool` SET `description` = 'GO 165658,[175404,324,2040,123309],map=0' WHERE `pool_id` = 9102;
UPDATE `pool_pool` SET `description` = 'GO 165658,[175404,324,2040,123309],map=0' WHERE `pool_id` = 9027;
UPDATE `pool_pool` SET `description` = 'GO 165658,[175404,324,2040,123309],map=0' WHERE `pool_id` = 8969;
UPDATE `pool_pool` SET `description` = 'GO 165658,[175404,324,2040,123309],map=0' WHERE `pool_id` = 9061;
UPDATE `pool_pool` SET `description` = 'GO 165658,[175404,324,2040,123309],map=0' WHERE `pool_id` = 9002;
UPDATE `pool_pool` SET `description` = 'GO 165658,[175404,324,2040,123309],map=0' WHERE `pool_id` = 9103;
UPDATE `pool_pool` SET `description` = 'GO 165658,[175404,324,2040,123309],map=0' WHERE `pool_id` = 9028;
UPDATE `pool_pool` SET `description` = 'GO 165658,[175404,324,2040,123309],map=0' WHERE `pool_id` = 8970;
UPDATE `pool_pool` SET `description` = 'GO 165658,[175404,324,2040,123309],map=0' WHERE `pool_id` = 9062;
UPDATE `pool_pool` SET `description` = 'GO 165658,[175404,324,2040,123309],map=0' WHERE `pool_id` = 9003;
UPDATE `pool_pool` SET `description` = 'GO 165658,[175404,324,2040,123309],map=0' WHERE `pool_id` = 9029;
UPDATE `pool_pool` SET `description` = 'GO 165658,[175404,324,2040,123309],map=0' WHERE `pool_id` = 8971;
UPDATE `pool_pool` SET `description` = 'GO 165658,[175404,324,2040,123309],map=0' WHERE `pool_id` = 9064;
UPDATE `pool_pool` SET `description` = 'GO 165658,[175404,324,2040,123309],map=0' WHERE `pool_id` = 9004;
UPDATE `pool_pool` SET `description` = 'GO 165658,[175404,324,2040,123309],map=0' WHERE `pool_id` = 8939;
UPDATE `pool_pool` SET `description` = 'GO 165658,[175404,324,2040,123309],map=0' WHERE `pool_id` = 9030;
UPDATE `pool_pool` SET `description` = 'GO 165658,[175404,324,2040,123309],map=0' WHERE `pool_id` = 8972;
UPDATE `pool_pool` SET `description` = 'GO 165658,[175404,324,2040,123309],map=0' WHERE `pool_id` = 9065;
UPDATE `pool_pool` SET `description` = 'GO 165658,[175404,324,2040,123309],map=0' WHERE `pool_id` = 9005;
UPDATE `pool_pool` SET `description` = 'GO 165658,[175404,324,2040,123309],map=0' WHERE `pool_id` = 8940;
UPDATE `pool_pool` SET `description` = 'GO 165658,[175404,324,2040,123309],map=0' WHERE `pool_id` = 9031;
UPDATE `pool_pool` SET `description` = 'GO 165658,[175404,324,2040,123309],map=0' WHERE `pool_id` = 8973;
UPDATE `pool_pool` SET `description` = 'GO 165658,[175404,324,2040,123309],map=0' WHERE `pool_id` = 9066;
UPDATE `pool_pool` SET `description` = 'GO 165658,[175404,324,2040,123309],map=0' WHERE `pool_id` = 9006;
UPDATE `pool_pool` SET `description` = 'GO 165658,[175404,324,2040,123309],map=0' WHERE `pool_id` = 8941;
UPDATE `pool_pool` SET `description` = 'GO 165658,[175404,324,2040,123309],map=0' WHERE `pool_id` = 9032;
UPDATE `pool_pool` SET `description` = 'GO 165658,[175404,324,2040,123309],map=0' WHERE `pool_id` = 8974;
UPDATE `pool_pool` SET `description` = 'GO 165658,[175404,324,2040,123309],map=0' WHERE `pool_id` = 9067;
UPDATE `pool_pool` SET `description` = 'GO 165658,[175404,324,2040,123309],map=0' WHERE `pool_id` = 9007;
UPDATE `pool_pool` SET `description` = 'GO 165658,[175404,324,2040,123309],map=0' WHERE `pool_id` = 8942;
UPDATE `pool_pool` SET `description` = 'GO 165658,[175404,324,2040,123309],map=0' WHERE `pool_id` = 9033;
UPDATE `pool_pool` SET `description` = 'GO 165658,[175404,324,2040,123309],map=0' WHERE `pool_id` = 8975;
UPDATE `pool_pool` SET `description` = 'GO 165658,[175404,324,2040,123309],map=0' WHERE `pool_id` = 9068;
UPDATE `pool_pool` SET `description` = 'GO 165658,[175404,324,2040,123309],map=0' WHERE `pool_id` = 9069;
UPDATE `pool_pool` SET `description` = 'GO 165658,[175404,324,2040,123309],map=0' WHERE `pool_id` = 9008;
UPDATE `pool_pool` SET `description` = 'GO 165658,[175404,324,2040,123309],map=0' WHERE `pool_id` = 8943;
UPDATE `pool_pool` SET `description` = 'GO 165658,[175404,324,2040,123309],map=0' WHERE `pool_id` = 9034;
UPDATE `pool_pool` SET `description` = 'GO 165658,[175404,324,2040,123309],map=0' WHERE `pool_id` = 8976;
UPDATE `pool_pool` SET `description` = 'GO 165658,[175404,324,2040,123309],map=0' WHERE `pool_id` = 9070;
UPDATE `pool_pool` SET `description` = 'GO 165658,[175404,324,2040,123309],map=0' WHERE `pool_id` = 9009;
UPDATE `pool_pool` SET `description` = 'GO 165658,[175404,324,2040,123309],map=0' WHERE `pool_id` = 9104;
UPDATE `pool_pool` SET `description` = 'GO 165658,[175404,324,2040,123309],map=0' WHERE `pool_id` = 8944;
UPDATE `pool_pool` SET `description` = 'GO 165658,[175404,324,2040,123309],map=0' WHERE `pool_id` = 9035;
UPDATE `pool_pool` SET `description` = 'GO 165658,[175404,324,2040,123309],map=0' WHERE `pool_id` = 8977;
UPDATE `pool_pool` SET `description` = 'GO 165658,[175404,324,2040,123309],map=0' WHERE `pool_id` = 9076;
UPDATE `pool_pool` SET `description` = 'GO 165658,[175404,324,2040,123309],map=0' WHERE `pool_id` = 9010;
UPDATE `pool_pool` SET `description` = 'GO 165658,[175404,324,2040,123309],map=0' WHERE `pool_id` = 9106;
UPDATE `pool_pool` SET `description` = 'GO 165658,[175404,324,2040,123309],map=0' WHERE `pool_id` = 8945;
UPDATE `pool_pool` SET `description` = 'GO 165658,[175404,324,2040,123309],map=0' WHERE `pool_id` = 9036;
UPDATE `pool_pool` SET `description` = 'GO 165658,[175404,324,2040,123309],map=0' WHERE `pool_id` = 8978;
UPDATE `pool_pool` SET `description` = 'GO 165658,[175404,324,2040,123309],map=0' WHERE `pool_id` = 9077;
UPDATE `pool_pool` SET `description` = 'GO 165658,[175404,324,2040,123309],map=0' WHERE `pool_id` = 9011;
UPDATE `pool_pool` SET `description` = 'GO 165658,[175404,324,2040,123309],map=0' WHERE `pool_id` = 9107;
UPDATE `pool_pool` SET `description` = 'GO 165658,[175404,324,2040,123309],map=0' WHERE `pool_id` = 8946;
UPDATE `pool_pool` SET `description` = 'GO 165658,[175404,324,2040,123309],map=0' WHERE `pool_id` = 9037;
UPDATE `pool_pool` SET `description` = 'GO 165658,[175404,324,2040,123309],map=0' WHERE `pool_id` = 8979;
UPDATE `pool_pool` SET `description` = 'GO 165658,[175404,324,2040,123309],map=0' WHERE `pool_id` = 9078;
UPDATE `pool_pool` SET `description` = 'GO 165658,[175404,324,2040,123309],map=0' WHERE `pool_id` = 9012;
UPDATE `pool_pool` SET `description` = 'GO 165658,[175404,324,2040,123309],map=0' WHERE `pool_id` = 9109;
UPDATE `pool_pool` SET `description` = 'GO 165658,[175404,324,2040,123309],map=0' WHERE `pool_id` = 8947;
UPDATE `pool_pool` SET `description` = 'GO 165658,[175404,324,2040,123309],map=0' WHERE `pool_id` = 9038;
UPDATE `pool_pool` SET `description` = 'GO 165658,[175404,324,2040,123309],map=0' WHERE `pool_id` = 8980;
UPDATE `pool_pool` SET `description` = 'GO 165658,[175404,324,2040,123309],map=0' WHERE `pool_id` = 9079;
UPDATE `pool_pool` SET `description` = 'GO 165658,[175404,324,2040,123309],map=0' WHERE `pool_id` = 9111;
UPDATE `pool_pool` SET `description` = 'GO 165658,[175404,324,2040,123309],map=0' WHERE `pool_id` = 8948;
UPDATE `pool_pool` SET `description` = 'GO 165658,[175404,324,2040,123309],map=0' WHERE `pool_id` = 9039;
UPDATE `pool_pool` SET `description` = 'GO 165658,[175404,324,2040,123309],map=0' WHERE `pool_id` = 8981;
UPDATE `pool_pool` SET `description` = 'GO 165658,[175404,324,2040,123309],map=0' WHERE `pool_id` = 9080;
UPDATE `pool_pool` SET `description` = 'GO 165658,[175404,324,2040,123309],map=0' WHERE `pool_id` = 9112;
UPDATE `pool_pool` SET `description` = 'GO 165658,[175404,324,2040,123309],map=0' WHERE `pool_id` = 8949;
UPDATE `pool_pool` SET `description` = 'GO 165658,[175404,324,2040,123309],map=0' WHERE `pool_id` = 9040;
UPDATE `pool_pool` SET `description` = 'GO 165658,[175404,324,2040,123309],map=0' WHERE `pool_id` = 8982;
UPDATE `pool_pool` SET `description` = 'GO 165658,[175404,324,2040,123309],map=0' WHERE `pool_id` = 8983;
UPDATE `pool_pool` SET `description` = 'GO 165658,[175404,324,2040,123309],map=0' WHERE `pool_id` = 9081;
UPDATE `pool_pool` SET `description` = 'GO 165658,[175404,324,2040,123309],map=0' WHERE `pool_id` = 9114;
UPDATE `pool_pool` SET `description` = 'GO 165658,[175404,324,2040,123309],map=0' WHERE `pool_id` = 8950;
UPDATE `pool_pool` SET `description` = 'GO 165658,[175404,324,2040,123309],map=0' WHERE `pool_id` = 9041;
UPDATE `pool_pool` SET `description` = 'GO 165658,[175404,324,2040,123309],map=0' WHERE `pool_id` = 8984;
UPDATE `pool_pool` SET `description` = 'GO 165658,[175404,324,2040,123309],map=0' WHERE `pool_id` = 9082;
UPDATE `pool_pool` SET `description` = 'GO 165658,[175404,324,2040,123309],map=0' WHERE `pool_id` = 9115;
UPDATE `pool_pool` SET `description` = 'GO 165658,[175404,324,2040,123309],map=0' WHERE `pool_id` = 8951;
UPDATE `pool_pool` SET `description` = 'GO 165658,[175404,324,2040,123309],map=0' WHERE `pool_id` = 9042;
UPDATE `pool_pool` SET `description` = 'GO 165658,[175404,324,2040,123309],map=0' WHERE `pool_id` = 8985;
UPDATE `pool_pool` SET `description` = 'GO 165658,[175404,324,2040,123309],map=0' WHERE `pool_id` = 9083;
UPDATE `pool_pool` SET `description` = 'GO 165658,[175404,324,2040,123309],map=0' WHERE `pool_id` = 9116;
UPDATE `pool_pool` SET `description` = 'GO 165658,[175404,324,2040,123309],map=0' WHERE `pool_id` = 8952;
UPDATE `pool_pool` SET `description` = 'GO 165658,[175404,324,2040,123309],map=0' WHERE `pool_id` = 9043;
UPDATE `pool_pool` SET `description` = 'GO 165658,[175404,324,2040,123309],map=0' WHERE `pool_id` = 8986;
UPDATE `pool_pool` SET `description` = 'GO 165658,[175404,324,2040,123309],map=0' WHERE `pool_id` = 9084;
UPDATE `pool_pool` SET `description` = 'GO 165658,[175404,324,2040,123309],map=0' WHERE `pool_id` = 9118;
UPDATE `pool_pool` SET `description` = 'GO 165658,[175404,324,2040,123309],map=0' WHERE `pool_id` = 8953;
UPDATE `pool_pool` SET `description` = 'GO 165658,[175404,324,2040,123309],map=0' WHERE `pool_id` = 9044;
UPDATE `pool_pool` SET `description` = 'GO 165658,[175404,324,2040,123309],map=0' WHERE `pool_id` = 8987;
UPDATE `pool_pool` SET `description` = 'GO 165658,[175404,324,2040,123309],map=0' WHERE `pool_id` = 9085;
UPDATE `pool_pool` SET `description` = 'GO 165658,[175404,324,2040,123309],map=0' WHERE `pool_id` = 9013;
UPDATE `pool_pool` SET `description` = 'GO 165658,[175404,324,2040,123309],map=0' WHERE `pool_id` = 9119;
UPDATE `pool_pool` SET `description` = 'GO 165658,[175404,324,2040,123309],map=0' WHERE `pool_id` = 8954;
UPDATE `pool_pool` SET `description` = 'GO 165658,[175404,324,2040,123309],map=0' WHERE `pool_id` = 9045;
UPDATE `pool_pool` SET `description` = 'GO 165658,[175404,324,2040,123309],map=0' WHERE `pool_id` = 8988;
UPDATE `pool_pool` SET `description` = 'GO 165658,[175404,324,2040,123309],map=0' WHERE `pool_id` = 9086;
UPDATE `pool_pool` SET `description` = 'GO 165658,[175404,324,2040,123309],map=0' WHERE `pool_id` = 9014;
UPDATE `pool_pool` SET `description` = 'GO 165658,[175404,324,2040,123309],map=0' WHERE `pool_id` = 9120;
UPDATE `pool_pool` SET `description` = 'GO 165658,[175404,324,2040,123309],map=0' WHERE `pool_id` = 8955;
UPDATE `pool_pool` SET `description` = 'GO 165658,[175404,324,2040,123309],map=0' WHERE `pool_id` = 9046;
UPDATE `pool_pool` SET `description` = 'GO 165658,[175404,324,2040,123309],map=0' WHERE `pool_id` = 8989;
UPDATE `pool_pool` SET `description` = 'GO 165658,[175404,324,2040,123309],map=0' WHERE `pool_id` = 9087;
UPDATE `pool_pool` SET `description` = 'GO 165658,[175404,324,2040,123309],map=0' WHERE `pool_id` = 9015;
UPDATE `pool_pool` SET `description` = 'GO 165658,[175404,324,2040,123309],map=0' WHERE `pool_id` = 9121;
UPDATE `pool_pool` SET `description` = 'GO 165658,[175404,324,2040,123309],map=0' WHERE `pool_id` = 8956;
UPDATE `pool_pool` SET `description` = 'GO 165658,[175404,324,2040,123309],map=0' WHERE `pool_id` = 9047;
UPDATE `pool_pool` SET `description` = 'GO 165658,[175404,324,2040,123309],map=0' WHERE `pool_id` = 8990;
UPDATE `pool_pool` SET `description` = 'GO 165658,[175404,324,2040,123309],map=0' WHERE `pool_id` = 9088;
UPDATE `pool_pool` SET `description` = 'GO 165658,[175404,324,2040,123309],map=0' WHERE `pool_id` = 9016;
UPDATE `pool_pool` SET `description` = 'GO 165658,[175404,324,2040,123309],map=0' WHERE `pool_id` = 8957;
UPDATE `pool_pool` SET `description` = 'GO 165658,[175404,324,2040,123309],map=0' WHERE `pool_id` = 9048;
UPDATE `pool_pool` SET `description` = 'GO 165658,[175404,324,2040,123309],map=0' WHERE `pool_id` = 8991;
UPDATE `pool_pool` SET `description` = 'GO 165658,[175404,324,2040,123309],map=0' WHERE `pool_id` = 9089;
UPDATE `pool_pool` SET `description` = 'GO 165658,[175404,324,2040,123309],map=0' WHERE `pool_id` = 9017;
UPDATE `pool_pool` SET `description` = 'GO 165658,[175404,324,2040,123309],map=0' WHERE `pool_id` = 8959;
UPDATE `pool_pool` SET `description` = 'GO 165658,[175404,324,2040,123309],map=0' WHERE `pool_id` = 9049;
UPDATE `pool_pool` SET `description` = 'GO 165658,[175404,324,2040,123309],map=0' WHERE `pool_id` = 8992;
UPDATE `pool_pool` SET `description` = 'GO 165658,[175404,324,2040,123309],map=0' WHERE `pool_id` = 9090;
UPDATE `pool_pool` SET `description` = 'GO 165658,[175404,324,2040,123309],map=0' WHERE `pool_id` = 9018;
UPDATE `pool_pool` SET `description` = 'GO 165658,[175404,324,2040,123309],map=0' WHERE `pool_id` = 8960;
UPDATE `pool_pool` SET `description` = 'GO 165658,[175404,324,2040,123309],map=0' WHERE `pool_id` = 9050;
UPDATE `pool_pool` SET `description` = 'GO 165658,[175404,324,2040,123309],map=0' WHERE `pool_id` = 8993;
UPDATE `pool_pool` SET `description` = 'GO 165658,[175404,324,2040,123309],map=0' WHERE `pool_id` = 9092;
UPDATE `pool_pool` SET `description` = 'GO 165658,[175404,324,2040,123309],map=0' WHERE `pool_id` = 9019;
UPDATE `pool_pool` SET `description` = 'GO 165658,[175404,324,2040,123309],map=0' WHERE `pool_id` = 8961;
UPDATE `pool_pool` SET `description` = 'GO 165658,[175404,324,2040,123309],map=0' WHERE `pool_id` = 9051;
UPDATE `pool_pool` SET `description` = 'GO 165658,[175404,324,2040,123309],map=0' WHERE `pool_id` = 8994;
UPDATE `pool_pool` SET `description` = 'GO 165658,[175404,324,2040,123309],map=0' WHERE `pool_id` = 9093;
UPDATE `pool_pool` SET `description` = 'GO 165658,[175404,324,2040,123309],map=0' WHERE `pool_id` = 9020;
UPDATE `pool_pool` SET `description` = 'GO 165658,[175404,324,2040,123309],map=0' WHERE `pool_id` = 8962;
UPDATE `pool_pool` SET `description` = 'GO 165658,[175404,324,2040,123309],map=0' WHERE `pool_id` = 9052;
UPDATE `pool_pool` SET `description` = 'GO 165658,[175404,324,2040,123309],map=0' WHERE `pool_id` = 8995;
UPDATE `pool_pool` SET `description` = 'GO 165658,[175404,324,2040,123309],map=0' WHERE `pool_id` = 9094;
UPDATE `pool_pool` SET `description` = 'GO 165658,[175404,324,2040,123309],map=0' WHERE `pool_id` = 9021;
UPDATE `pool_pool` SET `description` = 'GO 165658,[175404,324,2040,123309],map=0' WHERE `pool_id` = 8963;
UPDATE `pool_pool` SET `description` = 'GO 165658,[175404,324,2040,123309],map=0' WHERE `pool_id` = 9053;
UPDATE `pool_pool` SET `description` = 'GO 165658,[175404,324,2040,123309],map=0' WHERE `pool_id` = 8996;
UPDATE `pool_pool` SET `description` = 'GO 165658,[175404,324,2040,123309],map=0' WHERE `pool_id` = 9095;
UPDATE `pool_pool` SET `description` = 'GO 165658,[175404,324,2040,123309],map=0' WHERE `pool_id` = 9022;
UPDATE `pool_pool` SET `description` = 'GO 165658,[175404,324,2040,123309],map=0' WHERE `pool_id` = 8964;
UPDATE `pool_pool` SET `description` = 'GO 165658,[175404,324,2040,123309],map=0' WHERE `pool_id` = 9055;
UPDATE `pool_pool` SET `description` = 'GO 1732,[1733],map=0' WHERE `pool_id` = 6205;
UPDATE `pool_pool` SET `description` = 'GO 1732,[1733],map=0' WHERE `pool_id` = 6206;
UPDATE `pool_pool` SET `description` = 'GO 1732,[1733],map=0' WHERE `pool_id` = 6207;
UPDATE `pool_pool` SET `description` = 'GO 1732,[1733],map=0' WHERE `pool_id` = 6937;
UPDATE `pool_pool` SET `description` = 'GO 1732,[1733],map=0' WHERE `pool_id` = 6208;
UPDATE `pool_pool` SET `description` = 'GO 1732,[1733],map=0' WHERE `pool_id` = 6938;
UPDATE `pool_pool` SET `description` = 'GO 1732,[1733],map=0' WHERE `pool_id` = 6217;
UPDATE `pool_pool` SET `description` = 'GO 1732,[1733],map=0' WHERE `pool_id` = 6449;
UPDATE `pool_pool` SET `description` = 'GO 1732,[1733],map=0' WHERE `pool_id` = 6939;
UPDATE `pool_pool` SET `description` = 'GO 1732,[1733],map=0' WHERE `pool_id` = 6218;
UPDATE `pool_pool` SET `description` = 'GO 1732,[1733],map=0' WHERE `pool_id` = 6450;
UPDATE `pool_pool` SET `description` = 'GO 1732,[1733],map=0' WHERE `pool_id` = 6940;
UPDATE `pool_pool` SET `description` = 'GO 1732,[1733],map=0' WHERE `pool_id` = 6219;
UPDATE `pool_pool` SET `description` = 'GO 1732,[1733],map=0' WHERE `pool_id` = 6451;
UPDATE `pool_pool` SET `description` = 'GO 1732,[1733],map=0' WHERE `pool_id` = 6977;
UPDATE `pool_pool` SET `description` = 'GO 1732,[1733],map=0' WHERE `pool_id` = 6220;
UPDATE `pool_pool` SET `description` = 'GO 1732,[1733],map=0' WHERE `pool_id` = 6452;
UPDATE `pool_pool` SET `description` = 'GO 1732,[1733],map=0' WHERE `pool_id` = 6978;
UPDATE `pool_pool` SET `description` = 'GO 1732,[1733],map=0' WHERE `pool_id` = 6249;
UPDATE `pool_pool` SET `description` = 'GO 1732,[1733],map=0' WHERE `pool_id` = 6457;
UPDATE `pool_pool` SET `description` = 'GO 1732,[1733],map=0' WHERE `pool_id` = 6979;
UPDATE `pool_pool` SET `description` = 'GO 1732,[1733],map=0' WHERE `pool_id` = 6250;
UPDATE `pool_pool` SET `description` = 'GO 1732,[1733],map=0' WHERE `pool_id` = 6458;
UPDATE `pool_pool` SET `description` = 'GO 1732,[1733],map=0' WHERE `pool_id` = 6980;
UPDATE `pool_pool` SET `description` = 'GO 1732,[1733],map=0' WHERE `pool_id` = 6251;
UPDATE `pool_pool` SET `description` = 'GO 1732,[1733],map=0' WHERE `pool_id` = 6459;
UPDATE `pool_pool` SET `description` = 'GO 1732,[1733],map=0' WHERE `pool_id` = 6985;
UPDATE `pool_pool` SET `description` = 'GO 1732,[1733],map=0' WHERE `pool_id` = 6252;
UPDATE `pool_pool` SET `description` = 'GO 1732,[1733],map=0' WHERE `pool_id` = 6460;
UPDATE `pool_pool` SET `description` = 'GO 1732,[1733],map=0' WHERE `pool_id` = 6986;
UPDATE `pool_pool` SET `description` = 'GO 1732,[1733],map=0' WHERE `pool_id` = 6461;
UPDATE `pool_pool` SET `description` = 'GO 1732,[1733],map=0' WHERE `pool_id` = 6987;
UPDATE `pool_pool` SET `description` = 'GO 1732,[1733],map=0' WHERE `pool_id` = 6462;
UPDATE `pool_pool` SET `description` = 'GO 1732,[1733],map=0' WHERE `pool_id` = 6988;
UPDATE `pool_pool` SET `description` = 'GO 1732,[1733],map=0' WHERE `pool_id` = 6463;
UPDATE `pool_pool` SET `description` = 'GO 1732,[1733],map=0' WHERE `pool_id` = 6464;
UPDATE `pool_pool` SET `description` = 'GO 1732,[1733],map=0' WHERE `pool_id` = 6301;
UPDATE `pool_pool` SET `description` = 'GO 1732,[1733],map=0' WHERE `pool_id` = 6481;
UPDATE `pool_pool` SET `description` = 'GO 1732,[1733],map=0' WHERE `pool_id` = 6302;
UPDATE `pool_pool` SET `description` = 'GO 1732,[1733],map=0' WHERE `pool_id` = 6482;
UPDATE `pool_pool` SET `description` = 'GO 1732,[1733],map=0' WHERE `pool_id` = 6153;
UPDATE `pool_pool` SET `description` = 'GO 1732,[1733],map=0' WHERE `pool_id` = 6303;
UPDATE `pool_pool` SET `description` = 'GO 1732,[1733],map=0' WHERE `pool_id` = 6849;
UPDATE `pool_pool` SET `description` = 'GO 1732,[1733],map=0' WHERE `pool_id` = 6483;
UPDATE `pool_pool` SET `description` = 'GO 1732,[1733],map=0' WHERE `pool_id` = 6154;
UPDATE `pool_pool` SET `description` = 'GO 1732,[1733],map=0' WHERE `pool_id` = 6304;
UPDATE `pool_pool` SET `description` = 'GO 1732,[1733],map=0' WHERE `pool_id` = 6850;
UPDATE `pool_pool` SET `description` = 'GO 1732,[1733],map=0' WHERE `pool_id` = 6484;
UPDATE `pool_pool` SET `description` = 'GO 1732,[1733],map=0' WHERE `pool_id` = 6155;
UPDATE `pool_pool` SET `description` = 'GO 1732,[1733],map=0' WHERE `pool_id` = 6365;
UPDATE `pool_pool` SET `description` = 'GO 1732,[1733],map=0' WHERE `pool_id` = 6851;
UPDATE `pool_pool` SET `description` = 'GO 1732,[1733],map=0' WHERE `pool_id` = 6156;
UPDATE `pool_pool` SET `description` = 'GO 1732,[1733],map=0' WHERE `pool_id` = 6366;
UPDATE `pool_pool` SET `description` = 'GO 1732,[1733],map=0' WHERE `pool_id` = 6852;
UPDATE `pool_pool` SET `description` = 'GO 1732,[1733],map=0' WHERE `pool_id` = 6367;
UPDATE `pool_pool` SET `description` = 'GO 1732,[1733],map=0' WHERE `pool_id` = 6865;
UPDATE `pool_pool` SET `description` = 'GO 1732,[1733],map=0' WHERE `pool_id` = 6368;
UPDATE `pool_pool` SET `description` = 'GO 1732,[1733],map=0' WHERE `pool_id` = 6866;
UPDATE `pool_pool` SET `description` = 'GO 1732,[1733],map=0' WHERE `pool_id` = 6377;
UPDATE `pool_pool` SET `description` = 'GO 1732,[1733],map=0' WHERE `pool_id` = 6867;
UPDATE `pool_pool` SET `description` = 'GO 1732,[1733],map=0' WHERE `pool_id` = 6378;
UPDATE `pool_pool` SET `description` = 'GO 1732,[1733],map=0' WHERE `pool_id` = 6868;
UPDATE `pool_pool` SET `description` = 'GO 1732,[1733],map=0' WHERE `pool_id` = 6379;
UPDATE `pool_pool` SET `description` = 'GO 1732,[1733],map=0' WHERE `pool_id` = 6380;
UPDATE `pool_pool` SET `description` = 'GO 1732,[1733],map=0' WHERE `pool_id` = 6193;
UPDATE `pool_pool` SET `description` = 'GO 1732,[1733],map=0' WHERE `pool_id` = 6429;
UPDATE `pool_pool` SET `description` = 'GO 1732,[1733],map=0' WHERE `pool_id` = 6194;
UPDATE `pool_pool` SET `description` = 'GO 1732,[1733],map=0' WHERE `pool_id` = 6430;
UPDATE `pool_pool` SET `description` = 'GO 1732,[1733],map=0' WHERE `pool_id` = 6195;
UPDATE `pool_pool` SET `description` = 'GO 1732,[1733],map=0' WHERE `pool_id` = 6431;
UPDATE `pool_pool` SET `description` = 'GO 1732,[1733],map=0' WHERE `pool_id` = 6196;
UPDATE `pool_pool` SET `description` = 'GO 1732,[1733],map=0' WHERE `pool_id` = 6432;
UPDATE `pool_pool` SET `description` = 'GO 1732,[1733],map=1' WHERE `pool_id` = 6723;
UPDATE `pool_pool` SET `description` = 'GO 1732,[1733],map=1' WHERE `pool_id` = 6445;
UPDATE `pool_pool` SET `description` = 'GO 1732,[1733],map=1' WHERE `pool_id` = 6911;
UPDATE `pool_pool` SET `description` = 'GO 1732,[1733],map=1' WHERE `pool_id` = 6573;
UPDATE `pool_pool` SET `description` = 'GO 1732,[1733],map=1' WHERE `pool_id` = 6724;
UPDATE `pool_pool` SET `description` = 'GO 1732,[1733],map=1' WHERE `pool_id` = 6446;
UPDATE `pool_pool` SET `description` = 'GO 1732,[1733],map=1' WHERE `pool_id` = 6912;
UPDATE `pool_pool` SET `description` = 'GO 1732,[1733],map=1' WHERE `pool_id` = 6574;
UPDATE `pool_pool` SET `description` = 'GO 1732,[1733],map=1' WHERE `pool_id` = 6729;
UPDATE `pool_pool` SET `description` = 'GO 1732,[1733],map=1' WHERE `pool_id` = 6447;
UPDATE `pool_pool` SET `description` = 'GO 1732,[1733],map=1' WHERE `pool_id` = 6575;
UPDATE `pool_pool` SET `description` = 'GO 1732,[1733],map=1' WHERE `pool_id` = 6730;
UPDATE `pool_pool` SET `description` = 'GO 1732,[1733],map=1' WHERE `pool_id` = 6448;
UPDATE `pool_pool` SET `description` = 'GO 1732,[1733],map=1' WHERE `pool_id` = 6576;
UPDATE `pool_pool` SET `description` = 'GO 1732,[1733],map=1' WHERE `pool_id` = 6731;
UPDATE `pool_pool` SET `description` = 'GO 1732,[1733],map=1' WHERE `pool_id` = 6577;
UPDATE `pool_pool` SET `description` = 'GO 1732,[1733],map=1' WHERE `pool_id` = 6732;
UPDATE `pool_pool` SET `description` = 'GO 1732,[1733],map=1' WHERE `pool_id` = 6578;
UPDATE `pool_pool` SET `description` = 'GO 1732,[1733],map=1' WHERE `pool_id` = 6753;
UPDATE `pool_pool` SET `description` = 'GO 1732,[1733],map=1' WHERE `pool_id` = 6579;
UPDATE `pool_pool` SET `description` = 'GO 1732,[1733],map=1' WHERE `pool_id` = 6754;
UPDATE `pool_pool` SET `description` = 'GO 1732,[1733],map=1' WHERE `pool_id` = 6580;
UPDATE `pool_pool` SET `description` = 'GO 1732,[1733],map=1' WHERE `pool_id` = 6755;
UPDATE `pool_pool` SET `description` = 'GO 1732,[1733],map=1' WHERE `pool_id` = 6597;
UPDATE `pool_pool` SET `description` = 'GO 1732,[1733],map=1' WHERE `pool_id` = 6756;
UPDATE `pool_pool` SET `description` = 'GO 1732,[1733],map=1' WHERE `pool_id` = 6598;
UPDATE `pool_pool` SET `description` = 'GO 1732,[1733],map=1' WHERE `pool_id` = 6757;
UPDATE `pool_pool` SET `description` = 'GO 1732,[1733],map=1' WHERE `pool_id` = 6599;
UPDATE `pool_pool` SET `description` = 'GO 1732,[1733],map=1' WHERE `pool_id` = 6600;
UPDATE `pool_pool` SET `description` = 'GO 1732,[1733],map=1' WHERE `pool_id` = 6758;
UPDATE `pool_pool` SET `description` = 'GO 1732,[1733],map=1' WHERE `pool_id` = 6261;
UPDATE `pool_pool` SET `description` = 'GO 1732,[1733],map=1' WHERE `pool_id` = 6759;
UPDATE `pool_pool` SET `description` = 'GO 1732,[1733],map=1' WHERE `pool_id` = 6262;
UPDATE `pool_pool` SET `description` = 'GO 1732,[1733],map=1' WHERE `pool_id` = 6760;
UPDATE `pool_pool` SET `description` = 'GO 1732,[1733],map=1' WHERE `pool_id` = 6263;
UPDATE `pool_pool` SET `description` = 'GO 1732,[1733],map=1' WHERE `pool_id` = 6821;
UPDATE `pool_pool` SET `description` = 'GO 1732,[1733],map=1' WHERE `pool_id` = 6264;
UPDATE `pool_pool` SET `description` = 'GO 1732,[1733],map=1' WHERE `pool_id` = 6822;
UPDATE `pool_pool` SET `description` = 'GO 1732,[1733],map=1' WHERE `pool_id` = 6823;
UPDATE `pool_pool` SET `description` = 'GO 1732,[1733],map=1' WHERE `pool_id` = 6824;
UPDATE `pool_pool` SET `description` = 'GO 1732,[1733],map=1' WHERE `pool_id` = 6617;
UPDATE `pool_pool` SET `description` = 'GO 1732,[1733],map=1' WHERE `pool_id` = 6618;
UPDATE `pool_pool` SET `description` = 'GO 1732,[1733],map=1' WHERE `pool_id` = 6619;
UPDATE `pool_pool` SET `description` = 'GO 1732,[1733],map=1' WHERE `pool_id` = 6537;
UPDATE `pool_pool` SET `description` = 'GO 1732,[1733],map=1' WHERE `pool_id` = 6620;
UPDATE `pool_pool` SET `description` = 'GO 1732,[1733],map=1' WHERE `pool_id` = 6538;
UPDATE `pool_pool` SET `description` = 'GO 1732,[1733],map=1' WHERE `pool_id` = 6633;
UPDATE `pool_pool` SET `description` = 'GO 1732,[1733],map=1' WHERE `pool_id` = 6539;
UPDATE `pool_pool` SET `description` = 'GO 1732,[1733],map=1' WHERE `pool_id` = 6634;
UPDATE `pool_pool` SET `description` = 'GO 1732,[1733],map=1' WHERE `pool_id` = 6540;
UPDATE `pool_pool` SET `description` = 'GO 1732,[1733],map=1' WHERE `pool_id` = 6635;
UPDATE `pool_pool` SET `description` = 'GO 1732,[1733],map=1' WHERE `pool_id` = 6561;
UPDATE `pool_pool` SET `description` = 'GO 1732,[1733],map=1' WHERE `pool_id` = 6636;
UPDATE `pool_pool` SET `description` = 'GO 1732,[1733],map=1' WHERE `pool_id` = 6562;
UPDATE `pool_pool` SET `description` = 'GO 1732,[1733],map=1' WHERE `pool_id` = 6653;
UPDATE `pool_pool` SET `description` = 'GO 1732,[1733],map=1' WHERE `pool_id` = 6885;
UPDATE `pool_pool` SET `description` = 'GO 1732,[1733],map=1' WHERE `pool_id` = 6563;
UPDATE `pool_pool` SET `description` = 'GO 1732,[1733],map=1' WHERE `pool_id` = 6654;
UPDATE `pool_pool` SET `description` = 'GO 1732,[1733],map=1' WHERE `pool_id` = 6886;
UPDATE `pool_pool` SET `description` = 'GO 1732,[1733],map=1' WHERE `pool_id` = 6564;
UPDATE `pool_pool` SET `description` = 'GO 1732,[1733],map=1' WHERE `pool_id` = 6655;
UPDATE `pool_pool` SET `description` = 'GO 1732,[1733],map=1' WHERE `pool_id` = 6887;
UPDATE `pool_pool` SET `description` = 'GO 1732,[1733],map=1' WHERE `pool_id` = 6565;
UPDATE `pool_pool` SET `description` = 'GO 1732,[1733],map=1' WHERE `pool_id` = 6656;
UPDATE `pool_pool` SET `description` = 'GO 1732,[1733],map=1' WHERE `pool_id` = 6888;
UPDATE `pool_pool` SET `description` = 'GO 1732,[1733],map=1' WHERE `pool_id` = 6566;
UPDATE `pool_pool` SET `description` = 'GO 1732,[1733],map=1' WHERE `pool_id` = 6721;
UPDATE `pool_pool` SET `description` = 'GO 1732,[1733],map=1' WHERE `pool_id` = 6909;
UPDATE `pool_pool` SET `description` = 'GO 1732,[1733],map=1' WHERE `pool_id` = 6567;
UPDATE `pool_pool` SET `description` = 'GO 1732,[1733],map=1' WHERE `pool_id` = 6722;
UPDATE `pool_pool` SET `description` = 'GO 1732,[1733],map=1' WHERE `pool_id` = 6910;
UPDATE `pool_pool` SET `description` = 'GO 1732,[1733],map=1' WHERE `pool_id` = 6568;
UPDATE `pool_pool` SET `description` = 'GO 1735,[1733,1734,1732],map=0' WHERE `pool_id` = 7593;
UPDATE `pool_pool` SET `description` = 'GO 1735,[1733,1734,1732],map=0' WHERE `pool_id` = 7594;
UPDATE `pool_pool` SET `description` = 'GO 1735,[1733,1734,1732],map=0' WHERE `pool_id` = 7595;
UPDATE `pool_pool` SET `description` = 'GO 1735,[1733,1734,1732],map=0' WHERE `pool_id` = 7596;
UPDATE `pool_pool` SET `description` = 'GO 1735,[1733,1734,1732],map=0' WHERE `pool_id` = 7317;
UPDATE `pool_pool` SET `description` = 'GO 1735,[1733,1734,1732],map=0' WHERE `pool_id` = 7597;
UPDATE `pool_pool` SET `description` = 'GO 1735,[1733,1734,1732],map=0' WHERE `pool_id` = 7318;
UPDATE `pool_pool` SET `description` = 'GO 1735,[1733,1734,1732],map=0' WHERE `pool_id` = 7598;
UPDATE `pool_pool` SET `description` = 'GO 1735,[1733,1734,1732],map=0' WHERE `pool_id` = 7319;
UPDATE `pool_pool` SET `description` = 'GO 1735,[1733,1734,1732],map=0' WHERE `pool_id` = 7599;
UPDATE `pool_pool` SET `description` = 'GO 1735,[1733,1734,1732],map=0' WHERE `pool_id` = 7320;
UPDATE `pool_pool` SET `description` = 'GO 1735,[1733,1734,1732],map=0' WHERE `pool_id` = 7600;
UPDATE `pool_pool` SET `description` = 'GO 1735,[1733,1734,1732],map=0' WHERE `pool_id` = 7349;
UPDATE `pool_pool` SET `description` = 'GO 1735,[1733,1734,1732],map=0' WHERE `pool_id` = 7350;
UPDATE `pool_pool` SET `description` = 'GO 1735,[1733,1734,1732],map=0' WHERE `pool_id` = 7351;
UPDATE `pool_pool` SET `description` = 'GO 1735,[1733,1734,1732],map=0' WHERE `pool_id` = 7057;
UPDATE `pool_pool` SET `description` = 'GO 1735,[1733,1734,1732],map=0' WHERE `pool_id` = 7352;
UPDATE `pool_pool` SET `description` = 'GO 1735,[1733,1734,1732],map=0' WHERE `pool_id` = 7058;
UPDATE `pool_pool` SET `description` = 'GO 1735,[1733,1734,1732],map=0' WHERE `pool_id` = 7059;
UPDATE `pool_pool` SET `description` = 'GO 1735,[1733,1734,1732],map=0' WHERE `pool_id` = 7060;
UPDATE `pool_pool` SET `description` = 'GO 1735,[1733,1734,1732],map=0' WHERE `pool_id` = 7101;
UPDATE `pool_pool` SET `description` = 'GO 1735,[1733,1734,1732],map=0' WHERE `pool_id` = 7102;
UPDATE `pool_pool` SET `description` = 'GO 1735,[1733,1734,1732],map=0' WHERE `pool_id` = 7733;
UPDATE `pool_pool` SET `description` = 'GO 1735,[1733,1734,1732],map=0' WHERE `pool_id` = 7425;
UPDATE `pool_pool` SET `description` = 'GO 1735,[1733,1734,1732],map=0' WHERE `pool_id` = 7103;
UPDATE `pool_pool` SET `description` = 'GO 1735,[1733,1734,1732],map=0' WHERE `pool_id` = 7734;
UPDATE `pool_pool` SET `description` = 'GO 1735,[1733,1734,1732],map=0' WHERE `pool_id` = 7426;
UPDATE `pool_pool` SET `description` = 'GO 1735,[1733,1734,1732],map=0' WHERE `pool_id` = 7104;
UPDATE `pool_pool` SET `description` = 'GO 1735,[1733,1734,1732],map=0' WHERE `pool_id` = 7735;
UPDATE `pool_pool` SET `description` = 'GO 1735,[1733,1734,1732],map=0' WHERE `pool_id` = 7427;
UPDATE `pool_pool` SET `description` = 'GO 1735,[1733,1734,1732],map=0' WHERE `pool_id` = 7117;
UPDATE `pool_pool` SET `description` = 'GO 1735,[1733,1734,1732],map=0' WHERE `pool_id` = 7736;
UPDATE `pool_pool` SET `description` = 'GO 1735,[1733,1734,1732],map=0' WHERE `pool_id` = 7428;
UPDATE `pool_pool` SET `description` = 'GO 1735,[1733,1734,1732],map=0' WHERE `pool_id` = 7118;
UPDATE `pool_pool` SET `description` = 'GO 1735,[1733,1734,1732],map=0' WHERE `pool_id` = 7753;
UPDATE `pool_pool` SET `description` = 'GO 1735,[1733,1734,1732],map=0' WHERE `pool_id` = 7119;
UPDATE `pool_pool` SET `description` = 'GO 1735,[1733,1734,1732],map=0' WHERE `pool_id` = 7754;
UPDATE `pool_pool` SET `description` = 'GO 1735,[1733,1734,1732],map=0' WHERE `pool_id` = 7120;
UPDATE `pool_pool` SET `description` = 'GO 1735,[1733,1734,1732],map=0' WHERE `pool_id` = 7755;
UPDATE `pool_pool` SET `description` = 'GO 1735,[1733,1734,1732],map=0' WHERE `pool_id` = 7189;
UPDATE `pool_pool` SET `description` = 'GO 1735,[1733,1734,1732],map=0' WHERE `pool_id` = 7756;
UPDATE `pool_pool` SET `description` = 'GO 1735,[1733,1734,1732],map=0' WHERE `pool_id` = 7190;
UPDATE `pool_pool` SET `description` = 'GO 1735,[1733,1734,1732],map=0' WHERE `pool_id` = 7769;
UPDATE `pool_pool` SET `description` = 'GO 1735,[1733,1734,1732],map=0' WHERE `pool_id` = 7493;
UPDATE `pool_pool` SET `description` = 'GO 1735,[1733,1734,1732],map=0' WHERE `pool_id` = 7191;
UPDATE `pool_pool` SET `description` = 'GO 1735,[1733,1734,1732],map=0' WHERE `pool_id` = 7770;
UPDATE `pool_pool` SET `description` = 'GO 1735,[1733,1734,1732],map=0' WHERE `pool_id` = 7494;
UPDATE `pool_pool` SET `description` = 'GO 1735,[1733,1734,1732],map=0' WHERE `pool_id` = 7192;
UPDATE `pool_pool` SET `description` = 'GO 1735,[1733,1734,1732],map=0' WHERE `pool_id` = 7771;
UPDATE `pool_pool` SET `description` = 'GO 1735,[1733,1734,1732],map=0' WHERE `pool_id` = 7495;
UPDATE `pool_pool` SET `description` = 'GO 1735,[1733,1734,1732],map=0' WHERE `pool_id` = 7772;
UPDATE `pool_pool` SET `description` = 'GO 1735,[1733,1734,1732],map=0' WHERE `pool_id` = 7496;
UPDATE `pool_pool` SET `description` = 'GO 1735,[1733,1734,1732],map=1' WHERE `pool_id` = 7533;
UPDATE `pool_pool` SET `description` = 'GO 1735,[1733,1734,1732],map=1' WHERE `pool_id` = 7211;
UPDATE `pool_pool` SET `description` = 'GO 1735,[1733,1734,1732],map=1' WHERE `pool_id` = 7534;
UPDATE `pool_pool` SET `description` = 'GO 1735,[1733,1734,1732],map=1' WHERE `pool_id` = 7212;
UPDATE `pool_pool` SET `description` = 'GO 1735,[1733,1734,1732],map=1' WHERE `pool_id` = 7535;
UPDATE `pool_pool` SET `description` = 'GO 1735,[1733,1734,1732],map=1' WHERE `pool_id` = 7536;
UPDATE `pool_pool` SET `description` = 'GO 1735,[1733,1734,1732],map=1' WHERE `pool_id` = 7701;
UPDATE `pool_pool` SET `description` = 'GO 1735,[1733,1734,1732],map=1' WHERE `pool_id` = 7702;
UPDATE `pool_pool` SET `description` = 'GO 1735,[1733,1734,1732],map=1' WHERE `pool_id` = 7703;
UPDATE `pool_pool` SET `description` = 'GO 1735,[1733,1734,1732],map=1' WHERE `pool_id` = 7704;
UPDATE `pool_pool` SET `description` = 'GO 1735,[1733,1734,1732],map=1' WHERE `pool_id` = 7705;
UPDATE `pool_pool` SET `description` = 'GO 1735,[1733,1734,1732],map=1' WHERE `pool_id` = 7397;
UPDATE `pool_pool` SET `description` = 'GO 1735,[1733,1734,1732],map=1' WHERE `pool_id` = 7706;
UPDATE `pool_pool` SET `description` = 'GO 1735,[1733,1734,1732],map=1' WHERE `pool_id` = 7398;
UPDATE `pool_pool` SET `description` = 'GO 1735,[1733,1734,1732],map=1' WHERE `pool_id` = 7707;
UPDATE `pool_pool` SET `description` = 'GO 1735,[1733,1734,1732],map=1' WHERE `pool_id` = 7399;
UPDATE `pool_pool` SET `description` = 'GO 1735,[1733,1734,1732],map=1' WHERE `pool_id` = 7708;
UPDATE `pool_pool` SET `description` = 'GO 1735,[1733,1734,1732],map=1' WHERE `pool_id` = 7400;
UPDATE `pool_pool` SET `description` = 'GO 1735,[1733,1734,1732],map=1' WHERE `pool_id` = 7473;
UPDATE `pool_pool` SET `description` = 'GO 1735,[1733,1734,1732],map=1' WHERE `pool_id` = 7474;
UPDATE `pool_pool` SET `description` = 'GO 1735,[1733,1734,1732],map=1' WHERE `pool_id` = 7475;
UPDATE `pool_pool` SET `description` = 'GO 1735,[1733,1734,1732],map=1' WHERE `pool_id` = 7476;
UPDATE `pool_pool` SET `description` = 'GO 1735,[1733,1734,1732],map=1' WHERE `pool_id` = 7209;
UPDATE `pool_pool` SET `description` = 'GO 1735,[1733,1734,1732],map=1' WHERE `pool_id` = 7210;
UPDATE `pool_pool` SET `description` = 'GO 175404,[2047,2040],map=0' WHERE `pool_id` = 8813;
UPDATE `pool_pool` SET `description` = 'GO 175404,[2047,2040],map=0' WHERE `pool_id` = 8814;
UPDATE `pool_pool` SET `description` = 'GO 175404,[2047,2040],map=0' WHERE `pool_id` = 8815;
UPDATE `pool_pool` SET `description` = 'GO 175404,[2047,2040],map=0' WHERE `pool_id` = 8816;
UPDATE `pool_pool` SET `description` = 'GO 175404,[2047,2040],map=0' WHERE `pool_id` = 8817;
UPDATE `pool_pool` SET `description` = 'GO 175404,[2047,2040],map=0' WHERE `pool_id` = 8818;
UPDATE `pool_pool` SET `description` = 'GO 175404,[2047,2040],map=0' WHERE `pool_id` = 8819;
UPDATE `pool_pool` SET `description` = 'GO 175404,[2047,2040],map=0' WHERE `pool_id` = 8820;
UPDATE `pool_pool` SET `description` = 'GO 175404,[2047,2040],map=0' WHERE `pool_id` = 8821;
UPDATE `pool_pool` SET `description` = 'GO 175404,[2047,2040],map=0' WHERE `pool_id` = 8822;
UPDATE `pool_pool` SET `description` = 'GO 175404,[2047,2040],map=0' WHERE `pool_id` = 8823;
UPDATE `pool_pool` SET `description` = 'GO 175404,[2047,2040],map=0' WHERE `pool_id` = 8824;
UPDATE `pool_pool` SET `description` = 'GO 175404,[2047,2040],map=1' WHERE `pool_id` = 8729;
UPDATE `pool_pool` SET `description` = 'GO 175404,[2047,2040],map=1' WHERE `pool_id` = 8730;
UPDATE `pool_pool` SET `description` = 'GO 175404,[2047,2040],map=1' WHERE `pool_id` = 8731;
UPDATE `pool_pool` SET `description` = 'GO 175404,[2047,2040],map=1' WHERE `pool_id` = 8732;
UPDATE `pool_pool` SET `description` = 'GO 175404,[2047,2040],map=1' WHERE `pool_id` = 8769;
UPDATE `pool_pool` SET `description` = 'GO 175404,[2047,2040],map=1' WHERE `pool_id` = 8770;
UPDATE `pool_pool` SET `description` = 'GO 175404,[2047,2040],map=1' WHERE `pool_id` = 8771;
UPDATE `pool_pool` SET `description` = 'GO 175404,[2047,2040],map=1' WHERE `pool_id` = 8772;
UPDATE `pool_pool` SET `description` = 'GO 175404,[2047,2040],map=1' WHERE `pool_id` = 8697;
UPDATE `pool_pool` SET `description` = 'GO 175404,[2047,2040],map=1' WHERE `pool_id` = 8698;
UPDATE `pool_pool` SET `description` = 'GO 175404,[2047,2040],map=1' WHERE `pool_id` = 8699;
UPDATE `pool_pool` SET `description` = 'GO 175404,[2047,2040],map=1' WHERE `pool_id` = 8700;
UPDATE `pool_pool` SET `description` = 'GO 175404,[2047,2040],map=1' WHERE `pool_id` = 8705;
UPDATE `pool_pool` SET `description` = 'GO 175404,[2047,2040],map=1' WHERE `pool_id` = 8706;
UPDATE `pool_pool` SET `description` = 'GO 175404,[2047,2040],map=1' WHERE `pool_id` = 8707;
UPDATE `pool_pool` SET `description` = 'GO 175404,[2047,2040],map=1' WHERE `pool_id` = 8708;
UPDATE `pool_pool` SET `description` = 'GO 175404,[2047,2040],map=1' WHERE `pool_id` = 8709;
UPDATE `pool_pool` SET `description` = 'GO 175404,[2047,2040],map=1' WHERE `pool_id` = 8710;
UPDATE `pool_pool` SET `description` = 'GO 175404,[2047,2040],map=1' WHERE `pool_id` = 8711;
UPDATE `pool_pool` SET `description` = 'GO 175404,[2047,2040],map=1' WHERE `pool_id` = 8712;
UPDATE `pool_pool` SET `description` = 'GO 175404,[2047,2040],map=1' WHERE `pool_id` = 8829;
UPDATE `pool_pool` SET `description` = 'GO 175404,[2047,2040],map=1' WHERE `pool_id` = 8717;
UPDATE `pool_pool` SET `description` = 'GO 175404,[2047,2040],map=1' WHERE `pool_id` = 8830;
UPDATE `pool_pool` SET `description` = 'GO 175404,[2047,2040],map=1' WHERE `pool_id` = 8718;
UPDATE `pool_pool` SET `description` = 'GO 175404,[2047,2040],map=1' WHERE `pool_id` = 8831;
UPDATE `pool_pool` SET `description` = 'GO 175404,[2047,2040],map=1' WHERE `pool_id` = 8719;
UPDATE `pool_pool` SET `description` = 'GO 175404,[2047,2040],map=1' WHERE `pool_id` = 8832;
UPDATE `pool_pool` SET `description` = 'GO 175404,[2047,2040],map=1' WHERE `pool_id` = 8720;
UPDATE `pool_pool` SET `description` = 'GO 175404,[2047,2040],map=1' WHERE `pool_id` = 8833;
UPDATE `pool_pool` SET `description` = 'GO 175404,[2047,2040],map=1' WHERE `pool_id` = 8721;
UPDATE `pool_pool` SET `description` = 'GO 175404,[2047,2040],map=1' WHERE `pool_id` = 8722;
UPDATE `pool_pool` SET `description` = 'GO 175404,[2047,2040],map=1' WHERE `pool_id` = 8723;
UPDATE `pool_pool` SET `description` = 'GO 175404,[2047,2040],map=1' WHERE `pool_id` = 8724;
UPDATE `pool_pool` SET `description` = 'GO 175404,[2047,2040],map=1' WHERE `pool_id` = 8725;
UPDATE `pool_pool` SET `description` = 'GO 175404,[2047,2040],map=1' WHERE `pool_id` = 8726;
UPDATE `pool_pool` SET `description` = 'GO 175404,[2047,2040],map=1' WHERE `pool_id` = 8727;
UPDATE `pool_pool` SET `description` = 'GO 175404,[2047,2040],map=1' WHERE `pool_id` = 8728;
UPDATE `pool_pool` SET `description` = 'GO 177388,[123309,73941],map=1' WHERE `pool_id` = 8900;
UPDATE `pool_pool` SET `description` = 'GO 177388,[123309,73941],map=1' WHERE `pool_id` = 8926;
UPDATE `pool_pool` SET `description` = 'GO 177388,[123309,73941],map=1' WHERE `pool_id` = 8901;
UPDATE `pool_pool` SET `description` = 'GO 177388,[123309,73941],map=1' WHERE `pool_id` = 8927;
UPDATE `pool_pool` SET `description` = 'GO 177388,[123309,73941],map=1' WHERE `pool_id` = 8902;
UPDATE `pool_pool` SET `description` = 'GO 177388,[123309,73941],map=1' WHERE `pool_id` = 8928;
UPDATE `pool_pool` SET `description` = 'GO 177388,[123309,73941],map=1' WHERE `pool_id` = 8903;
UPDATE `pool_pool` SET `description` = 'GO 177388,[123309,73941],map=1' WHERE `pool_id` = 8929;
UPDATE `pool_pool` SET `description` = 'GO 177388,[123309,73941],map=1' WHERE `pool_id` = 8904;
UPDATE `pool_pool` SET `description` = 'GO 177388,[123309,73941],map=1' WHERE `pool_id` = 8930;
UPDATE `pool_pool` SET `description` = 'GO 177388,[123309,73941],map=1' WHERE `pool_id` = 8905;
UPDATE `pool_pool` SET `description` = 'GO 177388,[123309,73941],map=1' WHERE `pool_id` = 8931;
UPDATE `pool_pool` SET `description` = 'GO 177388,[123309,73941],map=1' WHERE `pool_id` = 8906;
UPDATE `pool_pool` SET `description` = 'GO 177388,[123309,73941],map=1' WHERE `pool_id` = 8932;
UPDATE `pool_pool` SET `description` = 'GO 177388,[123309,73941],map=1' WHERE `pool_id` = 8907;
UPDATE `pool_pool` SET `description` = 'GO 177388,[123309,73941],map=1' WHERE `pool_id` = 8908;
UPDATE `pool_pool` SET `description` = 'GO 177388,[123309,73941],map=1' WHERE `pool_id` = 8909;
UPDATE `pool_pool` SET `description` = 'GO 177388,[123309,73941],map=1' WHERE `pool_id` = 8910;
UPDATE `pool_pool` SET `description` = 'GO 177388,[123309,73941],map=1' WHERE `pool_id` = 8911;
UPDATE `pool_pool` SET `description` = 'GO 177388,[123309,73941],map=1' WHERE `pool_id` = 8912;
UPDATE `pool_pool` SET `description` = 'GO 177388,[123309,73941],map=1' WHERE `pool_id` = 8913;
UPDATE `pool_pool` SET `description` = 'GO 177388,[123309,73941],map=1' WHERE `pool_id` = 8914;
UPDATE `pool_pool` SET `description` = 'GO 177388,[123309,73941],map=1' WHERE `pool_id` = 8915;
UPDATE `pool_pool` SET `description` = 'GO 177388,[123309,73941],map=1' WHERE `pool_id` = 8916;
UPDATE `pool_pool` SET `description` = 'GO 177388,[123309,73941],map=1' WHERE `pool_id` = 8917;
UPDATE `pool_pool` SET `description` = 'GO 177388,[123309,73941],map=1' WHERE `pool_id` = 8918;
UPDATE `pool_pool` SET `description` = 'GO 177388,[123309,73941],map=1' WHERE `pool_id` = 8919;
UPDATE `pool_pool` SET `description` = 'GO 177388,[123309,73941],map=1' WHERE `pool_id` = 8920;
UPDATE `pool_pool` SET `description` = 'GO 177388,[123309,73941],map=1' WHERE `pool_id` = 8921;
UPDATE `pool_pool` SET `description` = 'GO 177388,[123309,73941],map=1' WHERE `pool_id` = 8889;
UPDATE `pool_pool` SET `description` = 'GO 177388,[123309,73941],map=1' WHERE `pool_id` = 8922;
UPDATE `pool_pool` SET `description` = 'GO 177388,[123309,73941],map=1' WHERE `pool_id` = 8890;
UPDATE `pool_pool` SET `description` = 'GO 177388,[123309,73941],map=1' WHERE `pool_id` = 8923;
UPDATE `pool_pool` SET `description` = 'GO 177388,[123309,73941],map=1' WHERE `pool_id` = 8891;
UPDATE `pool_pool` SET `description` = 'GO 177388,[123309,73941],map=1' WHERE `pool_id` = 8924;
UPDATE `pool_pool` SET `description` = 'GO 177388,[123309,73941],map=1' WHERE `pool_id` = 8892;
UPDATE `pool_pool` SET `description` = 'GO 177388,[123309,73941],map=1' WHERE `pool_id` = 8893;
UPDATE `pool_pool` SET `description` = 'GO 177388,[123309,73941],map=1' WHERE `pool_id` = 8925;
UPDATE `pool_pool` SET `description` = 'GO 177388,[123309,73941],map=1' WHERE `pool_id` = 8894;
UPDATE `pool_pool` SET `description` = 'GO 177388,[123309,73941],map=1' WHERE `pool_id` = 8895;
UPDATE `pool_pool` SET `description` = 'GO 177388,[123309,73941],map=1' WHERE `pool_id` = 8896;
UPDATE `pool_pool` SET `description` = 'GO 177388,[123309,73941],map=1' WHERE `pool_id` = 8897;
UPDATE `pool_pool` SET `description` = 'GO 177388,[123309,73941],map=1' WHERE `pool_id` = 8898;
UPDATE `pool_pool` SET `description` = 'GO 177388,[123309,73941],map=1' WHERE `pool_id` = 8899;
UPDATE `pool_pool` SET `description` = 'GO 181275,[181276],map=530' WHERE `pool_id` = 10500;
UPDATE `pool_pool` SET `description` = 'GO 181275,[181276],map=530' WHERE `pool_id` = 10590;
UPDATE `pool_pool` SET `description` = 'GO 181275,[181276],map=530' WHERE `pool_id` = 10442;
UPDATE `pool_pool` SET `description` = 'GO 181275,[181276],map=530' WHERE `pool_id` = 10532;
UPDATE `pool_pool` SET `description` = 'GO 181275,[181276],map=530' WHERE `pool_id` = 10474;
UPDATE `pool_pool` SET `description` = 'GO 181275,[181276],map=530' WHERE `pool_id` = 10564;
UPDATE `pool_pool` SET `description` = 'GO 181275,[181276],map=530' WHERE `pool_id` = 10501;
UPDATE `pool_pool` SET `description` = 'GO 181275,[181276],map=530' WHERE `pool_id` = 10591;
UPDATE `pool_pool` SET `description` = 'GO 181275,[181276],map=530' WHERE `pool_id` = 10443;
UPDATE `pool_pool` SET `description` = 'GO 181275,[181276],map=530' WHERE `pool_id` = 10533;
UPDATE `pool_pool` SET `description` = 'GO 181275,[181276],map=530' WHERE `pool_id` = 10475;
UPDATE `pool_pool` SET `description` = 'GO 181275,[181276],map=530' WHERE `pool_id` = 10565;
UPDATE `pool_pool` SET `description` = 'GO 181275,[181276],map=530' WHERE `pool_id` = 10502;
UPDATE `pool_pool` SET `description` = 'GO 181275,[181276],map=530' WHERE `pool_id` = 10592;
UPDATE `pool_pool` SET `description` = 'GO 181275,[181276],map=530' WHERE `pool_id` = 10444;
UPDATE `pool_pool` SET `description` = 'GO 181275,[181276],map=530' WHERE `pool_id` = 10534;
UPDATE `pool_pool` SET `description` = 'GO 181275,[181276],map=530' WHERE `pool_id` = 10476;
UPDATE `pool_pool` SET `description` = 'GO 181275,[181276],map=530' WHERE `pool_id` = 10566;
UPDATE `pool_pool` SET `description` = 'GO 181275,[181276],map=530' WHERE `pool_id` = 10503;
UPDATE `pool_pool` SET `description` = 'GO 181275,[181276],map=530' WHERE `pool_id` = 10593;
UPDATE `pool_pool` SET `description` = 'GO 181275,[181276],map=530' WHERE `pool_id` = 10445;
UPDATE `pool_pool` SET `description` = 'GO 181275,[181276],map=530' WHERE `pool_id` = 10535;
UPDATE `pool_pool` SET `description` = 'GO 181275,[181276],map=530' WHERE `pool_id` = 10477;
UPDATE `pool_pool` SET `description` = 'GO 181275,[181276],map=530' WHERE `pool_id` = 10567;
UPDATE `pool_pool` SET `description` = 'GO 181275,[181276],map=530' WHERE `pool_id` = 10504;
UPDATE `pool_pool` SET `description` = 'GO 181275,[181276],map=530' WHERE `pool_id` = 10594;
UPDATE `pool_pool` SET `description` = 'GO 181275,[181276],map=530' WHERE `pool_id` = 10446;
UPDATE `pool_pool` SET `description` = 'GO 181275,[181276],map=530' WHERE `pool_id` = 10536;
UPDATE `pool_pool` SET `description` = 'GO 181275,[181276],map=530' WHERE `pool_id` = 10478;
UPDATE `pool_pool` SET `description` = 'GO 181275,[181276],map=530' WHERE `pool_id` = 10568;
UPDATE `pool_pool` SET `description` = 'GO 181275,[181276],map=530' WHERE `pool_id` = 10505;
UPDATE `pool_pool` SET `description` = 'GO 181275,[181276],map=530' WHERE `pool_id` = 10447;
UPDATE `pool_pool` SET `description` = 'GO 181275,[181276],map=530' WHERE `pool_id` = 10537;
UPDATE `pool_pool` SET `description` = 'GO 181275,[181276],map=530' WHERE `pool_id` = 10479;
UPDATE `pool_pool` SET `description` = 'GO 181275,[181276],map=530' WHERE `pool_id` = 10569;
UPDATE `pool_pool` SET `description` = 'GO 181275,[181276],map=530' WHERE `pool_id` = 10506;
UPDATE `pool_pool` SET `description` = 'GO 181275,[181276],map=530' WHERE `pool_id` = 10448;
UPDATE `pool_pool` SET `description` = 'GO 181275,[181276],map=530' WHERE `pool_id` = 10538;
UPDATE `pool_pool` SET `description` = 'GO 181275,[181276],map=530' WHERE `pool_id` = 10480;
UPDATE `pool_pool` SET `description` = 'GO 181275,[181276],map=530' WHERE `pool_id` = 10570;
UPDATE `pool_pool` SET `description` = 'GO 181275,[181276],map=530' WHERE `pool_id` = 10507;
UPDATE `pool_pool` SET `description` = 'GO 181275,[181276],map=530' WHERE `pool_id` = 10449;
UPDATE `pool_pool` SET `description` = 'GO 181275,[181276],map=530' WHERE `pool_id` = 10539;
UPDATE `pool_pool` SET `description` = 'GO 181275,[181276],map=530' WHERE `pool_id` = 10481;
UPDATE `pool_pool` SET `description` = 'GO 181275,[181276],map=530' WHERE `pool_id` = 10571;
UPDATE `pool_pool` SET `description` = 'GO 181275,[181276],map=530' WHERE `pool_id` = 10508;
UPDATE `pool_pool` SET `description` = 'GO 181275,[181276],map=530' WHERE `pool_id` = 10450;
UPDATE `pool_pool` SET `description` = 'GO 181275,[181276],map=530' WHERE `pool_id` = 10540;
UPDATE `pool_pool` SET `description` = 'GO 181275,[181276],map=530' WHERE `pool_id` = 10482;
UPDATE `pool_pool` SET `description` = 'GO 181275,[181276],map=530' WHERE `pool_id` = 10572;
UPDATE `pool_pool` SET `description` = 'GO 181275,[181276],map=530' WHERE `pool_id` = 10509;
UPDATE `pool_pool` SET `description` = 'GO 181275,[181276],map=530' WHERE `pool_id` = 10451;
UPDATE `pool_pool` SET `description` = 'GO 181275,[181276],map=530' WHERE `pool_id` = 10541;
UPDATE `pool_pool` SET `description` = 'GO 181275,[181276],map=530' WHERE `pool_id` = 10483;
UPDATE `pool_pool` SET `description` = 'GO 181275,[181276],map=530' WHERE `pool_id` = 10573;
UPDATE `pool_pool` SET `description` = 'GO 181275,[181276],map=530' WHERE `pool_id` = 10510;
UPDATE `pool_pool` SET `description` = 'GO 181275,[181276],map=530' WHERE `pool_id` = 10452;
UPDATE `pool_pool` SET `description` = 'GO 181275,[181276],map=530' WHERE `pool_id` = 10542;
UPDATE `pool_pool` SET `description` = 'GO 181275,[181276],map=530' WHERE `pool_id` = 10484;
UPDATE `pool_pool` SET `description` = 'GO 181275,[181276],map=530' WHERE `pool_id` = 10574;
UPDATE `pool_pool` SET `description` = 'GO 181275,[181276],map=530' WHERE `pool_id` = 10511;
UPDATE `pool_pool` SET `description` = 'GO 181275,[181276],map=530' WHERE `pool_id` = 10453;
UPDATE `pool_pool` SET `description` = 'GO 181275,[181276],map=530' WHERE `pool_id` = 10543;
UPDATE `pool_pool` SET `description` = 'GO 181275,[181276],map=530' WHERE `pool_id` = 10485;
UPDATE `pool_pool` SET `description` = 'GO 181275,[181276],map=530' WHERE `pool_id` = 10575;
UPDATE `pool_pool` SET `description` = 'GO 181275,[181276],map=530' WHERE `pool_id` = 10512;
UPDATE `pool_pool` SET `description` = 'GO 181275,[181276],map=530' WHERE `pool_id` = 10454;
UPDATE `pool_pool` SET `description` = 'GO 181275,[181276],map=530' WHERE `pool_id` = 10544;
UPDATE `pool_pool` SET `description` = 'GO 181275,[181276],map=530' WHERE `pool_id` = 10486;
UPDATE `pool_pool` SET `description` = 'GO 181275,[181276],map=530' WHERE `pool_id` = 10513;
UPDATE `pool_pool` SET `description` = 'GO 181275,[181276],map=530' WHERE `pool_id` = 10455;
UPDATE `pool_pool` SET `description` = 'GO 181275,[181276],map=530' WHERE `pool_id` = 10545;
UPDATE `pool_pool` SET `description` = 'GO 181275,[181276],map=530' WHERE `pool_id` = 10487;
UPDATE `pool_pool` SET `description` = 'GO 181275,[181276],map=530' WHERE `pool_id` = 10514;
UPDATE `pool_pool` SET `description` = 'GO 181275,[181276],map=530' WHERE `pool_id` = 10456;
UPDATE `pool_pool` SET `description` = 'GO 181275,[181276],map=530' WHERE `pool_id` = 10546;
UPDATE `pool_pool` SET `description` = 'GO 181275,[181276],map=530' WHERE `pool_id` = 10488;
UPDATE `pool_pool` SET `description` = 'GO 181275,[181276],map=530' WHERE `pool_id` = 10515;
UPDATE `pool_pool` SET `description` = 'GO 181275,[181276],map=530' WHERE `pool_id` = 10457;
UPDATE `pool_pool` SET `description` = 'GO 181275,[181276],map=530' WHERE `pool_id` = 10547;
UPDATE `pool_pool` SET `description` = 'GO 181275,[181276],map=530' WHERE `pool_id` = 10489;
UPDATE `pool_pool` SET `description` = 'GO 181275,[181276],map=530' WHERE `pool_id` = 10516;
UPDATE `pool_pool` SET `description` = 'GO 181275,[181276],map=530' WHERE `pool_id` = 10458;
UPDATE `pool_pool` SET `description` = 'GO 181275,[181276],map=530' WHERE `pool_id` = 10548;
UPDATE `pool_pool` SET `description` = 'GO 181275,[181276],map=530' WHERE `pool_id` = 10490;
UPDATE `pool_pool` SET `description` = 'GO 181275,[181276],map=530' WHERE `pool_id` = 10517;
UPDATE `pool_pool` SET `description` = 'GO 181275,[181276],map=530' WHERE `pool_id` = 10459;
UPDATE `pool_pool` SET `description` = 'GO 181275,[181276],map=530' WHERE `pool_id` = 10549;
UPDATE `pool_pool` SET `description` = 'GO 181275,[181276],map=530' WHERE `pool_id` = 10491;
UPDATE `pool_pool` SET `description` = 'GO 181275,[181276],map=530' WHERE `pool_id` = 10576;
UPDATE `pool_pool` SET `description` = 'GO 181275,[181276],map=530' WHERE `pool_id` = 10518;
UPDATE `pool_pool` SET `description` = 'GO 181275,[181276],map=530' WHERE `pool_id` = 10460;
UPDATE `pool_pool` SET `description` = 'GO 181275,[181276],map=530' WHERE `pool_id` = 10550;
UPDATE `pool_pool` SET `description` = 'GO 181275,[181276],map=530' WHERE `pool_id` = 10492;
UPDATE `pool_pool` SET `description` = 'GO 181275,[181276],map=530' WHERE `pool_id` = 10493;
UPDATE `pool_pool` SET `description` = 'GO 181275,[181276],map=530' WHERE `pool_id` = 10577;
UPDATE `pool_pool` SET `description` = 'GO 181275,[181276],map=530' WHERE `pool_id` = 10519;
UPDATE `pool_pool` SET `description` = 'GO 181275,[181276],map=530' WHERE `pool_id` = 10461;
UPDATE `pool_pool` SET `description` = 'GO 181275,[181276],map=530' WHERE `pool_id` = 10551;
UPDATE `pool_pool` SET `description` = 'GO 181275,[181276],map=530' WHERE `pool_id` = 10494;
UPDATE `pool_pool` SET `description` = 'GO 181275,[181276],map=530' WHERE `pool_id` = 10578;
UPDATE `pool_pool` SET `description` = 'GO 181275,[181276],map=530' WHERE `pool_id` = 10520;
UPDATE `pool_pool` SET `description` = 'GO 181275,[181276],map=530' WHERE `pool_id` = 10462;
UPDATE `pool_pool` SET `description` = 'GO 181275,[181276],map=530' WHERE `pool_id` = 10552;
UPDATE `pool_pool` SET `description` = 'GO 181275,[181276],map=530' WHERE `pool_id` = 10495;
UPDATE `pool_pool` SET `description` = 'GO 181275,[181276],map=530' WHERE `pool_id` = 10579;
UPDATE `pool_pool` SET `description` = 'GO 181275,[181276],map=530' WHERE `pool_id` = 10521;
UPDATE `pool_pool` SET `description` = 'GO 181275,[181276],map=530' WHERE `pool_id` = 10463;
UPDATE `pool_pool` SET `description` = 'GO 181275,[181276],map=530' WHERE `pool_id` = 10553;
UPDATE `pool_pool` SET `description` = 'GO 181275,[181276],map=530' WHERE `pool_id` = 10580;
UPDATE `pool_pool` SET `description` = 'GO 181275,[181276],map=530' WHERE `pool_id` = 10432;
UPDATE `pool_pool` SET `description` = 'GO 181275,[181276],map=530' WHERE `pool_id` = 10522;
UPDATE `pool_pool` SET `description` = 'GO 181275,[181276],map=530' WHERE `pool_id` = 10464;
UPDATE `pool_pool` SET `description` = 'GO 181275,[181276],map=530' WHERE `pool_id` = 10554;
UPDATE `pool_pool` SET `description` = 'GO 181275,[181276],map=530' WHERE `pool_id` = 10581;
UPDATE `pool_pool` SET `description` = 'GO 181275,[181276],map=530' WHERE `pool_id` = 10433;
UPDATE `pool_pool` SET `description` = 'GO 181275,[181276],map=530' WHERE `pool_id` = 10523;
UPDATE `pool_pool` SET `description` = 'GO 181275,[181276],map=530' WHERE `pool_id` = 10465;
UPDATE `pool_pool` SET `description` = 'GO 181275,[181276],map=530' WHERE `pool_id` = 10555;
UPDATE `pool_pool` SET `description` = 'GO 181275,[181276],map=530' WHERE `pool_id` = 10582;
UPDATE `pool_pool` SET `description` = 'GO 181275,[181276],map=530' WHERE `pool_id` = 10434;
UPDATE `pool_pool` SET `description` = 'GO 181275,[181276],map=530' WHERE `pool_id` = 10524;
UPDATE `pool_pool` SET `description` = 'GO 181275,[181276],map=530' WHERE `pool_id` = 10466;
UPDATE `pool_pool` SET `description` = 'GO 181275,[181276],map=530' WHERE `pool_id` = 10556;
UPDATE `pool_pool` SET `description` = 'GO 181275,[181276],map=530' WHERE `pool_id` = 10583;
UPDATE `pool_pool` SET `description` = 'GO 181275,[181276],map=530' WHERE `pool_id` = 10435;
UPDATE `pool_pool` SET `description` = 'GO 181275,[181276],map=530' WHERE `pool_id` = 10525;
UPDATE `pool_pool` SET `description` = 'GO 181275,[181276],map=530' WHERE `pool_id` = 10467;
UPDATE `pool_pool` SET `description` = 'GO 181275,[181276],map=530' WHERE `pool_id` = 10557;
UPDATE `pool_pool` SET `description` = 'GO 181275,[181276],map=530' WHERE `pool_id` = 10584;
UPDATE `pool_pool` SET `description` = 'GO 181275,[181276],map=530' WHERE `pool_id` = 10436;
UPDATE `pool_pool` SET `description` = 'GO 181275,[181276],map=530' WHERE `pool_id` = 10526;
UPDATE `pool_pool` SET `description` = 'GO 181275,[181276],map=530' WHERE `pool_id` = 10468;
UPDATE `pool_pool` SET `description` = 'GO 181275,[181276],map=530' WHERE `pool_id` = 10558;
UPDATE `pool_pool` SET `description` = 'GO 181275,[181276],map=530' WHERE `pool_id` = 10585;
UPDATE `pool_pool` SET `description` = 'GO 181275,[181276],map=530' WHERE `pool_id` = 10437;
UPDATE `pool_pool` SET `description` = 'GO 181275,[181276],map=530' WHERE `pool_id` = 10527;
UPDATE `pool_pool` SET `description` = 'GO 181275,[181276],map=530' WHERE `pool_id` = 10469;
UPDATE `pool_pool` SET `description` = 'GO 181275,[181276],map=530' WHERE `pool_id` = 10559;
UPDATE `pool_pool` SET `description` = 'GO 181275,[181276],map=530' WHERE `pool_id` = 10496;
UPDATE `pool_pool` SET `description` = 'GO 181275,[181276],map=530' WHERE `pool_id` = 10586;
UPDATE `pool_pool` SET `description` = 'GO 181275,[181276],map=530' WHERE `pool_id` = 10438;
UPDATE `pool_pool` SET `description` = 'GO 181275,[181276],map=530' WHERE `pool_id` = 10528;
UPDATE `pool_pool` SET `description` = 'GO 181275,[181276],map=530' WHERE `pool_id` = 10470;
UPDATE `pool_pool` SET `description` = 'GO 181275,[181276],map=530' WHERE `pool_id` = 10560;
UPDATE `pool_pool` SET `description` = 'GO 181275,[181276],map=530' WHERE `pool_id` = 10497;
UPDATE `pool_pool` SET `description` = 'GO 181275,[181276],map=530' WHERE `pool_id` = 10587;
UPDATE `pool_pool` SET `description` = 'GO 181275,[181276],map=530' WHERE `pool_id` = 10439;
UPDATE `pool_pool` SET `description` = 'GO 181275,[181276],map=530' WHERE `pool_id` = 10529;
UPDATE `pool_pool` SET `description` = 'GO 181275,[181276],map=530' WHERE `pool_id` = 10471;
UPDATE `pool_pool` SET `description` = 'GO 181275,[181276],map=530' WHERE `pool_id` = 10561;
UPDATE `pool_pool` SET `description` = 'GO 181275,[181276],map=530' WHERE `pool_id` = 10498;
UPDATE `pool_pool` SET `description` = 'GO 181275,[181276],map=530' WHERE `pool_id` = 10588;
UPDATE `pool_pool` SET `description` = 'GO 181275,[181276],map=530' WHERE `pool_id` = 10440;
UPDATE `pool_pool` SET `description` = 'GO 181275,[181276],map=530' WHERE `pool_id` = 10530;
UPDATE `pool_pool` SET `description` = 'GO 181275,[181276],map=530' WHERE `pool_id` = 10472;
UPDATE `pool_pool` SET `description` = 'GO 181275,[181276],map=530' WHERE `pool_id` = 10562;
UPDATE `pool_pool` SET `description` = 'GO 181275,[181276],map=530' WHERE `pool_id` = 10499;
UPDATE `pool_pool` SET `description` = 'GO 181275,[181276],map=530' WHERE `pool_id` = 10589;
UPDATE `pool_pool` SET `description` = 'GO 181275,[181276],map=530' WHERE `pool_id` = 10441;
UPDATE `pool_pool` SET `description` = 'GO 181275,[181276],map=530' WHERE `pool_id` = 10531;
UPDATE `pool_pool` SET `description` = 'GO 181275,[181276],map=530' WHERE `pool_id` = 10473;
UPDATE `pool_pool` SET `description` = 'GO 181275,[181276],map=530' WHERE `pool_id` = 10563;
UPDATE `pool_pool` SET `description` = 'GO 181555,181557 map=530' WHERE `pool_id` = 2796;
UPDATE `pool_pool` SET `description` = 'GO 181555,181557 map=530' WHERE `pool_id` = 2497;
UPDATE `pool_pool` SET `description` = 'GO 181555,181557 map=530' WHERE `pool_id` = 2557;
UPDATE `pool_pool` SET `description` = 'GO 181555,181557 map=530' WHERE `pool_id` = 2200;
UPDATE `pool_pool` SET `description` = 'GO 181555,181557 map=530' WHERE `pool_id` = 2647;
UPDATE `pool_pool` SET `description` = 'GO 181555,181557 map=530' WHERE `pool_id` = 2349;
UPDATE `pool_pool` SET `description` = 'GO 181555,181557 map=530' WHERE `pool_id` = 2738;
UPDATE `pool_pool` SET `description` = 'GO 181555,181557 map=530' WHERE `pool_id` = 2439;
UPDATE `pool_pool` SET `description` = 'GO 181555,181557 map=530' WHERE `pool_id` = 2828;
UPDATE `pool_pool` SET `description` = 'GO 181555,181557 map=530' WHERE `pool_id` = 2529;
UPDATE `pool_pool` SET `description` = 'GO 181555,181557 map=530' WHERE `pool_id` = 2589;
UPDATE `pool_pool` SET `description` = 'GO 181555,181557 map=530' WHERE `pool_id` = 2232;
UPDATE `pool_pool` SET `description` = 'GO 181555,181557 map=530' WHERE `pool_id` = 2679;
UPDATE `pool_pool` SET `description` = 'GO 181555,181557 map=530' WHERE `pool_id` = 2381;
UPDATE `pool_pool` SET `description` = 'GO 181555,181557 map=530' WHERE `pool_id` = 2465;
UPDATE `pool_pool` SET `description` = 'GO 181555,181557 map=530' WHERE `pool_id` = 2770;
UPDATE `pool_pool` SET `description` = 'GO 181555,181557 map=530' WHERE `pool_id` = 2860;
UPDATE `pool_pool` SET `description` = 'GO 181555,181557 map=530' WHERE `pool_id` = 2621;
UPDATE `pool_pool` SET `description` = 'GO 181555,181557 map=530' WHERE `pool_id` = 2706;
UPDATE `pool_pool` SET `description` = 'GO 181555,181557 map=530' WHERE `pool_id` = 2407;
UPDATE `pool_pool` SET `description` = 'GO 181555,181557 map=530' WHERE `pool_id` = 2797;
UPDATE `pool_pool` SET `description` = 'GO 181555,181557 map=530' WHERE `pool_id` = 2498;
UPDATE `pool_pool` SET `description` = 'GO 181555,181557 map=530' WHERE `pool_id` = 2558;
UPDATE `pool_pool` SET `description` = 'GO 181555,181557 map=530' WHERE `pool_id` = 2201;
UPDATE `pool_pool` SET `description` = 'GO 181555,181557 map=530' WHERE `pool_id` = 2648;
UPDATE `pool_pool` SET `description` = 'GO 181555,181557 map=530' WHERE `pool_id` = 2350;
UPDATE `pool_pool` SET `description` = 'GO 181555,181557 map=530' WHERE `pool_id` = 2739;
UPDATE `pool_pool` SET `description` = 'GO 181555,181557 map=530' WHERE `pool_id` = 2440;
UPDATE `pool_pool` SET `description` = 'GO 181555,181557 map=530' WHERE `pool_id` = 2829;
UPDATE `pool_pool` SET `description` = 'GO 181555,181557 map=530' WHERE `pool_id` = 2530;
UPDATE `pool_pool` SET `description` = 'GO 181555,181557 map=530' WHERE `pool_id` = 2590;
UPDATE `pool_pool` SET `description` = 'GO 181555,181557 map=530' WHERE `pool_id` = 2233;
UPDATE `pool_pool` SET `description` = 'GO 181555,181557 map=530' WHERE `pool_id` = 2680;
UPDATE `pool_pool` SET `description` = 'GO 181555,181557 map=530' WHERE `pool_id` = 2382;
UPDATE `pool_pool` SET `description` = 'GO 181555,181557 map=530' WHERE `pool_id` = 2466;
UPDATE `pool_pool` SET `description` = 'GO 181555,181557 map=530' WHERE `pool_id` = 2771;
UPDATE `pool_pool` SET `description` = 'GO 181555,181557 map=530' WHERE `pool_id` = 2861;
UPDATE `pool_pool` SET `description` = 'GO 181555,181557 map=530' WHERE `pool_id` = 2259;
UPDATE `pool_pool` SET `description` = 'GO 181555,181557 map=530' WHERE `pool_id` = 2622;
UPDATE `pool_pool` SET `description` = 'GO 181555,181557 map=530' WHERE `pool_id` = 2707;
UPDATE `pool_pool` SET `description` = 'GO 181555,181557 map=530' WHERE `pool_id` = 2408;
UPDATE `pool_pool` SET `description` = 'GO 181555,181557 map=530' WHERE `pool_id` = 2409;
UPDATE `pool_pool` SET `description` = 'GO 181555,181557 map=530' WHERE `pool_id` = 2798;
UPDATE `pool_pool` SET `description` = 'GO 181555,181557 map=530' WHERE `pool_id` = 2499;
UPDATE `pool_pool` SET `description` = 'GO 181555,181557 map=530' WHERE `pool_id` = 2559;
UPDATE `pool_pool` SET `description` = 'GO 181555,181557 map=530' WHERE `pool_id` = 2202;
UPDATE `pool_pool` SET `description` = 'GO 181555,181557 map=530' WHERE `pool_id` = 2649;
UPDATE `pool_pool` SET `description` = 'GO 181555,181557 map=530' WHERE `pool_id` = 2351;
UPDATE `pool_pool` SET `description` = 'GO 181555,181557 map=530' WHERE `pool_id` = 2740;
UPDATE `pool_pool` SET `description` = 'GO 181555,181557 map=530' WHERE `pool_id` = 2441;
UPDATE `pool_pool` SET `description` = 'GO 181555,181557 map=530' WHERE `pool_id` = 2830;
UPDATE `pool_pool` SET `description` = 'GO 181555,181557 map=530' WHERE `pool_id` = 2531;
UPDATE `pool_pool` SET `description` = 'GO 181555,181557 map=530' WHERE `pool_id` = 2591;
UPDATE `pool_pool` SET `description` = 'GO 181555,181557 map=530' WHERE `pool_id` = 2234;
UPDATE `pool_pool` SET `description` = 'GO 181555,181557 map=530' WHERE `pool_id` = 2681;
UPDATE `pool_pool` SET `description` = 'GO 181555,181557 map=530' WHERE `pool_id` = 2383;
UPDATE `pool_pool` SET `description` = 'GO 181555,181557 map=530' WHERE `pool_id` = 2467;
UPDATE `pool_pool` SET `description` = 'GO 181555,181557 map=530' WHERE `pool_id` = 2772;
UPDATE `pool_pool` SET `description` = 'GO 181555,181557 map=530' WHERE `pool_id` = 2862;
UPDATE `pool_pool` SET `description` = 'GO 181555,181557 map=530' WHERE `pool_id` = 2260;
UPDATE `pool_pool` SET `description` = 'GO 181555,181557 map=530' WHERE `pool_id` = 2623;
UPDATE `pool_pool` SET `description` = 'GO 181555,181557 map=530' WHERE `pool_id` = 2708;
UPDATE `pool_pool` SET `description` = 'GO 181555,181557 map=530' WHERE `pool_id` = 2410;
UPDATE `pool_pool` SET `description` = 'GO 181555,181557 map=530' WHERE `pool_id` = 2799;
UPDATE `pool_pool` SET `description` = 'GO 181555,181557 map=530' WHERE `pool_id` = 2500;
UPDATE `pool_pool` SET `description` = 'GO 181555,181557 map=530' WHERE `pool_id` = 2560;
UPDATE `pool_pool` SET `description` = 'GO 181555,181557 map=530' WHERE `pool_id` = 2203;
UPDATE `pool_pool` SET `description` = 'GO 181555,181557 map=530' WHERE `pool_id` = 2650;
UPDATE `pool_pool` SET `description` = 'GO 181555,181557 map=530' WHERE `pool_id` = 2352;
UPDATE `pool_pool` SET `description` = 'GO 181555,181557 map=530' WHERE `pool_id` = 2741;
UPDATE `pool_pool` SET `description` = 'GO 181555,181557 map=530' WHERE `pool_id` = 2442;
UPDATE `pool_pool` SET `description` = 'GO 181555,181557 map=530' WHERE `pool_id` = 2831;
UPDATE `pool_pool` SET `description` = 'GO 181555,181557 map=530' WHERE `pool_id` = 2532;
UPDATE `pool_pool` SET `description` = 'GO 181555,181557 map=530' WHERE `pool_id` = 2592;
UPDATE `pool_pool` SET `description` = 'GO 181555,181557 map=530' WHERE `pool_id` = 2235;
UPDATE `pool_pool` SET `description` = 'GO 181555,181557 map=530' WHERE `pool_id` = 2682;
UPDATE `pool_pool` SET `description` = 'GO 181555,181557 map=530' WHERE `pool_id` = 2384;
UPDATE `pool_pool` SET `description` = 'GO 181555,181557 map=530' WHERE `pool_id` = 2468;
UPDATE `pool_pool` SET `description` = 'GO 181555,181557 map=530' WHERE `pool_id` = 2773;
UPDATE `pool_pool` SET `description` = 'GO 181555,181557 map=530' WHERE `pool_id` = 2863;
UPDATE `pool_pool` SET `description` = 'GO 181555,181557 map=530' WHERE `pool_id` = 2171;
UPDATE `pool_pool` SET `description` = 'GO 181555,181557 map=530' WHERE `pool_id` = 2261;
UPDATE `pool_pool` SET `description` = 'GO 181555,181557 map=530' WHERE `pool_id` = 2624;
UPDATE `pool_pool` SET `description` = 'GO 181555,181557 map=530' WHERE `pool_id` = 2709;
UPDATE `pool_pool` SET `description` = 'GO 181555,181557 map=530' WHERE `pool_id` = 2411;
UPDATE `pool_pool` SET `description` = 'GO 181555,181557 map=530' WHERE `pool_id` = 2800;
UPDATE `pool_pool` SET `description` = 'GO 181555,181557 map=530' WHERE `pool_id` = 2501;
UPDATE `pool_pool` SET `description` = 'GO 181555,181557 map=530' WHERE `pool_id` = 2561;
UPDATE `pool_pool` SET `description` = 'GO 181555,181557 map=530' WHERE `pool_id` = 2204;
UPDATE `pool_pool` SET `description` = 'GO 181555,181557 map=530' WHERE `pool_id` = 2651;
UPDATE `pool_pool` SET `description` = 'GO 181555,181557 map=530' WHERE `pool_id` = 2353;
UPDATE `pool_pool` SET `description` = 'GO 181555,181557 map=530' WHERE `pool_id` = 2742;
UPDATE `pool_pool` SET `description` = 'GO 181555,181557 map=530' WHERE `pool_id` = 2443;
UPDATE `pool_pool` SET `description` = 'GO 181555,181557 map=530' WHERE `pool_id` = 2832;
UPDATE `pool_pool` SET `description` = 'GO 181555,181557 map=530' WHERE `pool_id` = 2533;
UPDATE `pool_pool` SET `description` = 'GO 181555,181557 map=530' WHERE `pool_id` = 2593;
UPDATE `pool_pool` SET `description` = 'GO 181555,181557 map=530' WHERE `pool_id` = 2236;
UPDATE `pool_pool` SET `description` = 'GO 181555,181557 map=530' WHERE `pool_id` = 2683;
UPDATE `pool_pool` SET `description` = 'GO 181555,181557 map=530' WHERE `pool_id` = 2469;
UPDATE `pool_pool` SET `description` = 'GO 181555,181557 map=530' WHERE `pool_id` = 2774;
UPDATE `pool_pool` SET `description` = 'GO 181555,181557 map=530' WHERE `pool_id` = 2864;
UPDATE `pool_pool` SET `description` = 'GO 181555,181557 map=530' WHERE `pool_id` = 2172;
UPDATE `pool_pool` SET `description` = 'GO 181555,181557 map=530' WHERE `pool_id` = 2710;
UPDATE `pool_pool` SET `description` = 'GO 181555,181557 map=530' WHERE `pool_id` = 2412;
UPDATE `pool_pool` SET `description` = 'GO 181555,181557 map=530' WHERE `pool_id` = 2801;
UPDATE `pool_pool` SET `description` = 'GO 181555,181557 map=530' WHERE `pool_id` = 2502;
UPDATE `pool_pool` SET `description` = 'GO 181555,181557 map=530' WHERE `pool_id` = 2562;
UPDATE `pool_pool` SET `description` = 'GO 181555,181557 map=530' WHERE `pool_id` = 2205;
UPDATE `pool_pool` SET `description` = 'GO 181555,181557 map=530' WHERE `pool_id` = 2652;
UPDATE `pool_pool` SET `description` = 'GO 181555,181557 map=530' WHERE `pool_id` = 2354;
UPDATE `pool_pool` SET `description` = 'GO 181555,181557 map=530' WHERE `pool_id` = 2743;
UPDATE `pool_pool` SET `description` = 'GO 181555,181557 map=530' WHERE `pool_id` = 2444;
UPDATE `pool_pool` SET `description` = 'GO 181555,181557 map=530' WHERE `pool_id` = 2833;
UPDATE `pool_pool` SET `description` = 'GO 181555,181557 map=530' WHERE `pool_id` = 2534;
UPDATE `pool_pool` SET `description` = 'GO 181555,181557 map=530' WHERE `pool_id` = 2594;
UPDATE `pool_pool` SET `description` = 'GO 181555,181557 map=530' WHERE `pool_id` = 2684;
UPDATE `pool_pool` SET `description` = 'GO 181555,181557 map=530' WHERE `pool_id` = 2470;
UPDATE `pool_pool` SET `description` = 'GO 181555,181557 map=530' WHERE `pool_id` = 2775;
UPDATE `pool_pool` SET `description` = 'GO 181555,181557 map=530' WHERE `pool_id` = 2865;
UPDATE `pool_pool` SET `description` = 'GO 181555,181557 map=530' WHERE `pool_id` = 2173;
UPDATE `pool_pool` SET `description` = 'GO 181555,181557 map=530' WHERE `pool_id` = 2322;
UPDATE `pool_pool` SET `description` = 'GO 181555,181557 map=530' WHERE `pool_id` = 2711;
UPDATE `pool_pool` SET `description` = 'GO 181555,181557 map=530' WHERE `pool_id` = 2712;
UPDATE `pool_pool` SET `description` = 'GO 181555,181557 map=530' WHERE `pool_id` = 2413;
UPDATE `pool_pool` SET `description` = 'GO 181555,181557 map=530' WHERE `pool_id` = 2802;
UPDATE `pool_pool` SET `description` = 'GO 181555,181557 map=530' WHERE `pool_id` = 2503;
UPDATE `pool_pool` SET `description` = 'GO 181555,181557 map=530' WHERE `pool_id` = 2563;
UPDATE `pool_pool` SET `description` = 'GO 181555,181557 map=530' WHERE `pool_id` = 2206;
UPDATE `pool_pool` SET `description` = 'GO 181555,181557 map=530' WHERE `pool_id` = 2653;
UPDATE `pool_pool` SET `description` = 'GO 181555,181557 map=530' WHERE `pool_id` = 2355;
UPDATE `pool_pool` SET `description` = 'GO 181555,181557 map=530' WHERE `pool_id` = 2744;
UPDATE `pool_pool` SET `description` = 'GO 181555,181557 map=530' WHERE `pool_id` = 2445;
UPDATE `pool_pool` SET `description` = 'GO 181555,181557 map=530' WHERE `pool_id` = 2834;
UPDATE `pool_pool` SET `description` = 'GO 181555,181557 map=530' WHERE `pool_id` = 2535;
UPDATE `pool_pool` SET `description` = 'GO 181555,181557 map=530' WHERE `pool_id` = 2595;
UPDATE `pool_pool` SET `description` = 'GO 181555,181557 map=530' WHERE `pool_id` = 2685;
UPDATE `pool_pool` SET `description` = 'GO 181555,181557 map=530' WHERE `pool_id` = 2471;
UPDATE `pool_pool` SET `description` = 'GO 181555,181557 map=530' WHERE `pool_id` = 2776;
UPDATE `pool_pool` SET `description` = 'GO 181555,181557 map=530' WHERE `pool_id` = 2323;
UPDATE `pool_pool` SET `description` = 'GO 181555,181557 map=530' WHERE `pool_id` = 2713;
UPDATE `pool_pool` SET `description` = 'GO 181555,181557 map=530' WHERE `pool_id` = 2414;
UPDATE `pool_pool` SET `description` = 'GO 181555,181557 map=530' WHERE `pool_id` = 2803;
UPDATE `pool_pool` SET `description` = 'GO 181555,181557 map=530' WHERE `pool_id` = 2504;
UPDATE `pool_pool` SET `description` = 'GO 181555,181557 map=530' WHERE `pool_id` = 2564;
UPDATE `pool_pool` SET `description` = 'GO 181555,181557 map=530' WHERE `pool_id` = 2207;
UPDATE `pool_pool` SET `description` = 'GO 181555,181557 map=530' WHERE `pool_id` = 2654;
UPDATE `pool_pool` SET `description` = 'GO 181555,181557 map=530' WHERE `pool_id` = 2356;
UPDATE `pool_pool` SET `description` = 'GO 181555,181557 map=530' WHERE `pool_id` = 2745;
UPDATE `pool_pool` SET `description` = 'GO 181555,181557 map=530' WHERE `pool_id` = 2446;
UPDATE `pool_pool` SET `description` = 'GO 181555,181557 map=530' WHERE `pool_id` = 2835;
UPDATE `pool_pool` SET `description` = 'GO 181555,181557 map=530' WHERE `pool_id` = 2536;
UPDATE `pool_pool` SET `description` = 'GO 181555,181557 map=530' WHERE `pool_id` = 2596;
UPDATE `pool_pool` SET `description` = 'GO 181555,181557 map=530' WHERE `pool_id` = 2239;
UPDATE `pool_pool` SET `description` = 'GO 181555,181557 map=530' WHERE `pool_id` = 2687;
UPDATE `pool_pool` SET `description` = 'GO 181555,181557 map=530' WHERE `pool_id` = 2472;
UPDATE `pool_pool` SET `description` = 'GO 181555,181557 map=530' WHERE `pool_id` = 2777;
UPDATE `pool_pool` SET `description` = 'GO 181555,181557 map=530' WHERE `pool_id` = 2324;
UPDATE `pool_pool` SET `description` = 'GO 181555,181557 map=530' WHERE `pool_id` = 2714;
UPDATE `pool_pool` SET `description` = 'GO 181555,181557 map=530' WHERE `pool_id` = 2415;
UPDATE `pool_pool` SET `description` = 'GO 181555,181557 map=530' WHERE `pool_id` = 2804;
UPDATE `pool_pool` SET `description` = 'GO 181555,181557 map=530' WHERE `pool_id` = 2505;
UPDATE `pool_pool` SET `description` = 'GO 181555,181557 map=530' WHERE `pool_id` = 2565;
UPDATE `pool_pool` SET `description` = 'GO 181555,181557 map=530' WHERE `pool_id` = 2208;
UPDATE `pool_pool` SET `description` = 'GO 181555,181557 map=530' WHERE `pool_id` = 2655;
UPDATE `pool_pool` SET `description` = 'GO 181555,181557 map=530' WHERE `pool_id` = 2357;
UPDATE `pool_pool` SET `description` = 'GO 181555,181557 map=530' WHERE `pool_id` = 2746;
UPDATE `pool_pool` SET `description` = 'GO 181555,181557 map=530' WHERE `pool_id` = 2447;
UPDATE `pool_pool` SET `description` = 'GO 181555,181557 map=530' WHERE `pool_id` = 2836;
UPDATE `pool_pool` SET `description` = 'GO 181555,181557 map=530' WHERE `pool_id` = 2537;
UPDATE `pool_pool` SET `description` = 'GO 181555,181557 map=530' WHERE `pool_id` = 2597;
UPDATE `pool_pool` SET `description` = 'GO 181555,181557 map=530' WHERE `pool_id` = 2688;
UPDATE `pool_pool` SET `description` = 'GO 181555,181557 map=530' WHERE `pool_id` = 2473;
UPDATE `pool_pool` SET `description` = 'GO 181555,181557 map=530' WHERE `pool_id` = 2778;
UPDATE `pool_pool` SET `description` = 'GO 181555,181557 map=530' WHERE `pool_id` = 2325;
UPDATE `pool_pool` SET `description` = 'GO 181555,181557 map=530' WHERE `pool_id` = 2326;
UPDATE `pool_pool` SET `description` = 'GO 181555,181557 map=530' WHERE `pool_id` = 2715;
UPDATE `pool_pool` SET `description` = 'GO 181555,181557 map=530' WHERE `pool_id` = 2416;
UPDATE `pool_pool` SET `description` = 'GO 181555,181557 map=530' WHERE `pool_id` = 2805;
UPDATE `pool_pool` SET `description` = 'GO 181555,181557 map=530' WHERE `pool_id` = 2506;
UPDATE `pool_pool` SET `description` = 'GO 181555,181557 map=530' WHERE `pool_id` = 2566;
UPDATE `pool_pool` SET `description` = 'GO 181555,181557 map=530' WHERE `pool_id` = 2209;
UPDATE `pool_pool` SET `description` = 'GO 181555,181557 map=530' WHERE `pool_id` = 2656;
UPDATE `pool_pool` SET `description` = 'GO 181555,181557 map=530' WHERE `pool_id` = 2358;
UPDATE `pool_pool` SET `description` = 'GO 181555,181557 map=530' WHERE `pool_id` = 2747;
UPDATE `pool_pool` SET `description` = 'GO 181555,181557 map=530' WHERE `pool_id` = 2448;
UPDATE `pool_pool` SET `description` = 'GO 181555,181557 map=530' WHERE `pool_id` = 2837;
UPDATE `pool_pool` SET `description` = 'GO 181555,181557 map=530' WHERE `pool_id` = 2538;
UPDATE `pool_pool` SET `description` = 'GO 181555,181557 map=530' WHERE `pool_id` = 2598;
UPDATE `pool_pool` SET `description` = 'GO 181555,181557 map=530' WHERE `pool_id` = 2241;
UPDATE `pool_pool` SET `description` = 'GO 181555,181557 map=530' WHERE `pool_id` = 2689;
UPDATE `pool_pool` SET `description` = 'GO 181555,181557 map=530' WHERE `pool_id` = 2474;
UPDATE `pool_pool` SET `description` = 'GO 181555,181557 map=530' WHERE `pool_id` = 2779;
UPDATE `pool_pool` SET `description` = 'GO 181555,181557 map=530' WHERE `pool_id` = 2177;
UPDATE `pool_pool` SET `description` = 'GO 181555,181557 map=530' WHERE `pool_id` = 2327;
UPDATE `pool_pool` SET `description` = 'GO 181555,181557 map=530' WHERE `pool_id` = 2716;
UPDATE `pool_pool` SET `description` = 'GO 181555,181557 map=530' WHERE `pool_id` = 2417;
UPDATE `pool_pool` SET `description` = 'GO 181555,181557 map=530' WHERE `pool_id` = 2806;
UPDATE `pool_pool` SET `description` = 'GO 181555,181557 map=530' WHERE `pool_id` = 2507;
UPDATE `pool_pool` SET `description` = 'GO 181555,181557 map=530' WHERE `pool_id` = 2567;
UPDATE `pool_pool` SET `description` = 'GO 181555,181557 map=530' WHERE `pool_id` = 2657;
UPDATE `pool_pool` SET `description` = 'GO 181555,181557 map=530' WHERE `pool_id` = 2359;
UPDATE `pool_pool` SET `description` = 'GO 181555,181557 map=530' WHERE `pool_id` = 2748;
UPDATE `pool_pool` SET `description` = 'GO 181555,181557 map=530' WHERE `pool_id` = 2449;
UPDATE `pool_pool` SET `description` = 'GO 181555,181557 map=530' WHERE `pool_id` = 2838;
UPDATE `pool_pool` SET `description` = 'GO 181555,181557 map=530' WHERE `pool_id` = 2539;
UPDATE `pool_pool` SET `description` = 'GO 181555,181557 map=530' WHERE `pool_id` = 2599;
UPDATE `pool_pool` SET `description` = 'GO 181555,181557 map=530' WHERE `pool_id` = 2242;
UPDATE `pool_pool` SET `description` = 'GO 181555,181557 map=530' WHERE `pool_id` = 2385;
UPDATE `pool_pool` SET `description` = 'GO 181555,181557 map=530' WHERE `pool_id` = 2690;
UPDATE `pool_pool` SET `description` = 'GO 181555,181557 map=530' WHERE `pool_id` = 2475;
UPDATE `pool_pool` SET `description` = 'GO 181555,181557 map=530' WHERE `pool_id` = 2780;
UPDATE `pool_pool` SET `description` = 'GO 181555,181557 map=530' WHERE `pool_id` = 2178;
UPDATE `pool_pool` SET `description` = 'GO 181555,181557 map=530' WHERE `pool_id` = 2625;
UPDATE `pool_pool` SET `description` = 'GO 181555,181557 map=530' WHERE `pool_id` = 2328;
UPDATE `pool_pool` SET `description` = 'GO 181555,181557 map=530' WHERE `pool_id` = 2717;
UPDATE `pool_pool` SET `description` = 'GO 181555,181557 map=530' WHERE `pool_id` = 2418;
UPDATE `pool_pool` SET `description` = 'GO 181555,181557 map=530' WHERE `pool_id` = 2807;
UPDATE `pool_pool` SET `description` = 'GO 181555,181557 map=530' WHERE `pool_id` = 2508;
UPDATE `pool_pool` SET `description` = 'GO 181555,181557 map=530' WHERE `pool_id` = 2568;
UPDATE `pool_pool` SET `description` = 'GO 181555,181557 map=530' WHERE `pool_id` = 2211;
UPDATE `pool_pool` SET `description` = 'GO 181555,181557 map=530' WHERE `pool_id` = 2658;
UPDATE `pool_pool` SET `description` = 'GO 181555,181557 map=530' WHERE `pool_id` = 2360;
UPDATE `pool_pool` SET `description` = 'GO 181555,181557 map=530' WHERE `pool_id` = 2749;
UPDATE `pool_pool` SET `description` = 'GO 181555,181557 map=530' WHERE `pool_id` = 2450;
UPDATE `pool_pool` SET `description` = 'GO 181555,181557 map=530' WHERE `pool_id` = 2839;
UPDATE `pool_pool` SET `description` = 'GO 181555,181557 map=530' WHERE `pool_id` = 2540;
UPDATE `pool_pool` SET `description` = 'GO 181555,181557 map=530' WHERE `pool_id` = 2600;
UPDATE `pool_pool` SET `description` = 'GO 181555,181557 map=530' WHERE `pool_id` = 2243;
UPDATE `pool_pool` SET `description` = 'GO 181555,181557 map=530' WHERE `pool_id` = 2386;
UPDATE `pool_pool` SET `description` = 'GO 181555,181557 map=530' WHERE `pool_id` = 2691;
UPDATE `pool_pool` SET `description` = 'GO 181555,181557 map=530' WHERE `pool_id` = 2476;
UPDATE `pool_pool` SET `description` = 'GO 181555,181557 map=530' WHERE `pool_id` = 2781;
UPDATE `pool_pool` SET `description` = 'GO 181555,181557 map=530' WHERE `pool_id` = 2626;
UPDATE `pool_pool` SET `description` = 'GO 181555,181557 map=530' WHERE `pool_id` = 2329;
UPDATE `pool_pool` SET `description` = 'GO 181555,181557 map=530' WHERE `pool_id` = 2718;
UPDATE `pool_pool` SET `description` = 'GO 181555,181557 map=530' WHERE `pool_id` = 2419;
UPDATE `pool_pool` SET `description` = 'GO 181555,181557 map=530' WHERE `pool_id` = 2808;
UPDATE `pool_pool` SET `description` = 'GO 181555,181557 map=530' WHERE `pool_id` = 2509;
UPDATE `pool_pool` SET `description` = 'GO 181555,181557 map=530' WHERE `pool_id` = 2569;
UPDATE `pool_pool` SET `description` = 'GO 181555,181557 map=530' WHERE `pool_id` = 2212;
UPDATE `pool_pool` SET `description` = 'GO 181555,181557 map=530' WHERE `pool_id` = 2659;
UPDATE `pool_pool` SET `description` = 'GO 181555,181557 map=530' WHERE `pool_id` = 2361;
UPDATE `pool_pool` SET `description` = 'GO 181555,181557 map=530' WHERE `pool_id` = 2750;
UPDATE `pool_pool` SET `description` = 'GO 181555,181557 map=530' WHERE `pool_id` = 2451;
UPDATE `pool_pool` SET `description` = 'GO 181555,181557 map=530' WHERE `pool_id` = 2840;
UPDATE `pool_pool` SET `description` = 'GO 181555,181557 map=530' WHERE `pool_id` = 2541;
UPDATE `pool_pool` SET `description` = 'GO 181555,181557 map=530' WHERE `pool_id` = 2601;
UPDATE `pool_pool` SET `description` = 'GO 181555,181557 map=530' WHERE `pool_id` = 2244;
UPDATE `pool_pool` SET `description` = 'GO 181555,181557 map=530' WHERE `pool_id` = 2387;
UPDATE `pool_pool` SET `description` = 'GO 181555,181557 map=530' WHERE `pool_id` = 2692;
UPDATE `pool_pool` SET `description` = 'GO 181555,181557 map=530' WHERE `pool_id` = 2477;
UPDATE `pool_pool` SET `description` = 'GO 181555,181557 map=530' WHERE `pool_id` = 2782;
UPDATE `pool_pool` SET `description` = 'GO 181555,181557 map=530' WHERE `pool_id` = 2866;
UPDATE `pool_pool` SET `description` = 'GO 181555,181557 map=530' WHERE `pool_id` = 2627;
UPDATE `pool_pool` SET `description` = 'GO 181555,181557 map=530' WHERE `pool_id` = 2628;
UPDATE `pool_pool` SET `description` = 'GO 181555,181557 map=530' WHERE `pool_id` = 2330;
UPDATE `pool_pool` SET `description` = 'GO 181555,181557 map=530' WHERE `pool_id` = 2719;
UPDATE `pool_pool` SET `description` = 'GO 181555,181557 map=530' WHERE `pool_id` = 2420;
UPDATE `pool_pool` SET `description` = 'GO 181555,181557 map=530' WHERE `pool_id` = 2809;
UPDATE `pool_pool` SET `description` = 'GO 181555,181557 map=530' WHERE `pool_id` = 2510;
UPDATE `pool_pool` SET `description` = 'GO 181555,181557 map=530' WHERE `pool_id` = 2570;
UPDATE `pool_pool` SET `description` = 'GO 181555,181557 map=530' WHERE `pool_id` = 2213;
UPDATE `pool_pool` SET `description` = 'GO 181555,181557 map=530' WHERE `pool_id` = 2660;
UPDATE `pool_pool` SET `description` = 'GO 181555,181557 map=530' WHERE `pool_id` = 2362;
UPDATE `pool_pool` SET `description` = 'GO 181555,181557 map=530' WHERE `pool_id` = 2751;
UPDATE `pool_pool` SET `description` = 'GO 181555,181557 map=530' WHERE `pool_id` = 2452;
UPDATE `pool_pool` SET `description` = 'GO 181555,181557 map=530' WHERE `pool_id` = 2841;
UPDATE `pool_pool` SET `description` = 'GO 181555,181557 map=530' WHERE `pool_id` = 2542;
UPDATE `pool_pool` SET `description` = 'GO 181555,181557 map=530' WHERE `pool_id` = 2602;
UPDATE `pool_pool` SET `description` = 'GO 181555,181557 map=530' WHERE `pool_id` = 2245;
UPDATE `pool_pool` SET `description` = 'GO 181555,181557 map=530' WHERE `pool_id` = 2388;
UPDATE `pool_pool` SET `description` = 'GO 181555,181557 map=530' WHERE `pool_id` = 2693;
UPDATE `pool_pool` SET `description` = 'GO 181555,181557 map=530' WHERE `pool_id` = 2478;
UPDATE `pool_pool` SET `description` = 'GO 181555,181557 map=530' WHERE `pool_id` = 2783;
UPDATE `pool_pool` SET `description` = 'GO 181555,181557 map=530' WHERE `pool_id` = 2867;
UPDATE `pool_pool` SET `description` = 'GO 181555,181557 map=530' WHERE `pool_id` = 2181;
UPDATE `pool_pool` SET `description` = 'GO 181555,181557 map=530' WHERE `pool_id` = 2629;
UPDATE `pool_pool` SET `description` = 'GO 181555,181557 map=530' WHERE `pool_id` = 2331;
UPDATE `pool_pool` SET `description` = 'GO 181555,181557 map=530' WHERE `pool_id` = 2720;
UPDATE `pool_pool` SET `description` = 'GO 181555,181557 map=530' WHERE `pool_id` = 2421;
UPDATE `pool_pool` SET `description` = 'GO 181555,181557 map=530' WHERE `pool_id` = 2810;
UPDATE `pool_pool` SET `description` = 'GO 181555,181557 map=530' WHERE `pool_id` = 2511;
UPDATE `pool_pool` SET `description` = 'GO 181555,181557 map=530' WHERE `pool_id` = 2571;
UPDATE `pool_pool` SET `description` = 'GO 181555,181557 map=530' WHERE `pool_id` = 2214;
UPDATE `pool_pool` SET `description` = 'GO 181555,181557 map=530' WHERE `pool_id` = 2661;
UPDATE `pool_pool` SET `description` = 'GO 181555,181557 map=530' WHERE `pool_id` = 2363;
UPDATE `pool_pool` SET `description` = 'GO 181555,181557 map=530' WHERE `pool_id` = 2752;
UPDATE `pool_pool` SET `description` = 'GO 181555,181557 map=530' WHERE `pool_id` = 2453;
UPDATE `pool_pool` SET `description` = 'GO 181555,181557 map=530' WHERE `pool_id` = 2842;
UPDATE `pool_pool` SET `description` = 'GO 181555,181557 map=530' WHERE `pool_id` = 2543;
UPDATE `pool_pool` SET `description` = 'GO 181555,181557 map=530' WHERE `pool_id` = 2603;
UPDATE `pool_pool` SET `description` = 'GO 181555,181557 map=530' WHERE `pool_id` = 2389;
UPDATE `pool_pool` SET `description` = 'GO 181555,181557 map=530' WHERE `pool_id` = 2694;
UPDATE `pool_pool` SET `description` = 'GO 181555,181557 map=530' WHERE `pool_id` = 2479;
UPDATE `pool_pool` SET `description` = 'GO 181555,181557 map=530' WHERE `pool_id` = 2784;
UPDATE `pool_pool` SET `description` = 'GO 181555,181557 map=530' WHERE `pool_id` = 2868;
UPDATE `pool_pool` SET `description` = 'GO 181555,181557 map=530' WHERE `pool_id` = 2630;
UPDATE `pool_pool` SET `description` = 'GO 181555,181557 map=530' WHERE `pool_id` = 2332;
UPDATE `pool_pool` SET `description` = 'GO 181555,181557 map=530' WHERE `pool_id` = 2721;
UPDATE `pool_pool` SET `description` = 'GO 181555,181557 map=530' WHERE `pool_id` = 2422;
UPDATE `pool_pool` SET `description` = 'GO 181555,181557 map=530' WHERE `pool_id` = 2811;
UPDATE `pool_pool` SET `description` = 'GO 181555,181557 map=530' WHERE `pool_id` = 2512;
UPDATE `pool_pool` SET `description` = 'GO 181555,181557 map=530' WHERE `pool_id` = 2572;
UPDATE `pool_pool` SET `description` = 'GO 181555,181557 map=530' WHERE `pool_id` = 2215;
UPDATE `pool_pool` SET `description` = 'GO 181555,181557 map=530' WHERE `pool_id` = 2662;
UPDATE `pool_pool` SET `description` = 'GO 181555,181557 map=530' WHERE `pool_id` = 2364;
UPDATE `pool_pool` SET `description` = 'GO 181555,181557 map=530' WHERE `pool_id` = 2753;
UPDATE `pool_pool` SET `description` = 'GO 181555,181557 map=530' WHERE `pool_id` = 2454;
UPDATE `pool_pool` SET `description` = 'GO 181555,181557 map=530' WHERE `pool_id` = 2843;
UPDATE `pool_pool` SET `description` = 'GO 181555,181557 map=530' WHERE `pool_id` = 2544;
UPDATE `pool_pool` SET `description` = 'GO 181555,181557 map=530' WHERE `pool_id` = 2604;
UPDATE `pool_pool` SET `description` = 'GO 181555,181557 map=530' WHERE `pool_id` = 2390;
UPDATE `pool_pool` SET `description` = 'GO 181555,181557 map=530' WHERE `pool_id` = 2695;
UPDATE `pool_pool` SET `description` = 'GO 181555,181557 map=530' WHERE `pool_id` = 2480;
UPDATE `pool_pool` SET `description` = 'GO 181555,181557 map=530' WHERE `pool_id` = 2785;
UPDATE `pool_pool` SET `description` = 'GO 181555,181557 map=530' WHERE `pool_id` = 2869;
UPDATE `pool_pool` SET `description` = 'GO 181555,181557 map=530' WHERE `pool_id` = 2631;
UPDATE `pool_pool` SET `description` = 'GO 181555,181557 map=530' WHERE `pool_id` = 2333;
UPDATE `pool_pool` SET `description` = 'GO 181555,181557 map=530' WHERE `pool_id` = 2722;
UPDATE `pool_pool` SET `description` = 'GO 181555,181557 map=530' WHERE `pool_id` = 2423;
UPDATE `pool_pool` SET `description` = 'GO 181555,181557 map=530' WHERE `pool_id` = 2812;
UPDATE `pool_pool` SET `description` = 'GO 181555,181557 map=530' WHERE `pool_id` = 2513;
UPDATE `pool_pool` SET `description` = 'GO 181555,181557 map=530' WHERE `pool_id` = 2573;
UPDATE `pool_pool` SET `description` = 'GO 181555,181557 map=530' WHERE `pool_id` = 2216;
UPDATE `pool_pool` SET `description` = 'GO 181555,181557 map=530' WHERE `pool_id` = 2663;
UPDATE `pool_pool` SET `description` = 'GO 181555,181557 map=530' WHERE `pool_id` = 2365;
UPDATE `pool_pool` SET `description` = 'GO 181555,181557 map=530' WHERE `pool_id` = 2754;
UPDATE `pool_pool` SET `description` = 'GO 181555,181557 map=530' WHERE `pool_id` = 2455;
UPDATE `pool_pool` SET `description` = 'GO 181555,181557 map=530' WHERE `pool_id` = 2844;
UPDATE `pool_pool` SET `description` = 'GO 181555,181557 map=530' WHERE `pool_id` = 2605;
UPDATE `pool_pool` SET `description` = 'GO 181555,181557 map=530' WHERE `pool_id` = 2391;
UPDATE `pool_pool` SET `description` = 'GO 181555,181557 map=530' WHERE `pool_id` = 2696;
UPDATE `pool_pool` SET `description` = 'GO 181555,181557 map=530' WHERE `pool_id` = 2481;
UPDATE `pool_pool` SET `description` = 'GO 181555,181557 map=530' WHERE `pool_id` = 2870;
UPDATE `pool_pool` SET `description` = 'GO 181555,181557 map=530' WHERE `pool_id` = 2185;
UPDATE `pool_pool` SET `description` = 'GO 181555,181557 map=530' WHERE `pool_id` = 2632;
UPDATE `pool_pool` SET `description` = 'GO 181555,181557 map=530' WHERE `pool_id` = 2334;
UPDATE `pool_pool` SET `description` = 'GO 181555,181557 map=530' WHERE `pool_id` = 2723;
UPDATE `pool_pool` SET `description` = 'GO 181555,181557 map=530' WHERE `pool_id` = 2424;
UPDATE `pool_pool` SET `description` = 'GO 181555,181557 map=530' WHERE `pool_id` = 2813;
UPDATE `pool_pool` SET `description` = 'GO 181555,181557 map=530' WHERE `pool_id` = 2514;
UPDATE `pool_pool` SET `description` = 'GO 181555,181557 map=530' WHERE `pool_id` = 2574;
UPDATE `pool_pool` SET `description` = 'GO 181555,181557 map=530' WHERE `pool_id` = 2664;
UPDATE `pool_pool` SET `description` = 'GO 181555,181557 map=530' WHERE `pool_id` = 2366;
UPDATE `pool_pool` SET `description` = 'GO 181555,181557 map=530' WHERE `pool_id` = 2755;
UPDATE `pool_pool` SET `description` = 'GO 181555,181557 map=530' WHERE `pool_id` = 2456;
UPDATE `pool_pool` SET `description` = 'GO 181555,181557 map=530' WHERE `pool_id` = 2845;
UPDATE `pool_pool` SET `description` = 'GO 181555,181557 map=530' WHERE `pool_id` = 2606;
UPDATE `pool_pool` SET `description` = 'GO 181555,181557 map=530' WHERE `pool_id` = 2392;
UPDATE `pool_pool` SET `description` = 'GO 181555,181557 map=530' WHERE `pool_id` = 2697;
UPDATE `pool_pool` SET `description` = 'GO 181555,181557 map=530' WHERE `pool_id` = 2482;
UPDATE `pool_pool` SET `description` = 'GO 181555,181557 map=530' WHERE `pool_id` = 2871;
UPDATE `pool_pool` SET `description` = 'GO 181555,181557 map=530' WHERE `pool_id` = 2633;
UPDATE `pool_pool` SET `description` = 'GO 181555,181557 map=530' WHERE `pool_id` = 2335;
UPDATE `pool_pool` SET `description` = 'GO 181555,181557 map=530' WHERE `pool_id` = 2724;
UPDATE `pool_pool` SET `description` = 'GO 181555,181557 map=530' WHERE `pool_id` = 2425;
UPDATE `pool_pool` SET `description` = 'GO 181555,181557 map=530' WHERE `pool_id` = 2814;
UPDATE `pool_pool` SET `description` = 'GO 181555,181557 map=530' WHERE `pool_id` = 2515;
UPDATE `pool_pool` SET `description` = 'GO 181555,181557 map=530' WHERE `pool_id` = 2575;
UPDATE `pool_pool` SET `description` = 'GO 181555,181557 map=530' WHERE `pool_id` = 2218;
UPDATE `pool_pool` SET `description` = 'GO 181555,181557 map=530' WHERE `pool_id` = 2665;
UPDATE `pool_pool` SET `description` = 'GO 181555,181557 map=530' WHERE `pool_id` = 2367;
UPDATE `pool_pool` SET `description` = 'GO 181555,181557 map=530' WHERE `pool_id` = 2756;
UPDATE `pool_pool` SET `description` = 'GO 181555,181557 map=530' WHERE `pool_id` = 2457;
UPDATE `pool_pool` SET `description` = 'GO 181555,181557 map=530' WHERE `pool_id` = 2846;
UPDATE `pool_pool` SET `description` = 'GO 181555,181557 map=530' WHERE `pool_id` = 2607;
UPDATE `pool_pool` SET `description` = 'GO 181555,181557 map=530' WHERE `pool_id` = 2393;
UPDATE `pool_pool` SET `description` = 'GO 181555,181557 map=530' WHERE `pool_id` = 2698;
UPDATE `pool_pool` SET `description` = 'GO 181555,181557 map=530' WHERE `pool_id` = 2483;
UPDATE `pool_pool` SET `description` = 'GO 181555,181557 map=530' WHERE `pool_id` = 2872;
UPDATE `pool_pool` SET `description` = 'GO 181555,181557 map=530' WHERE `pool_id` = 2187;
UPDATE `pool_pool` SET `description` = 'GO 181555,181557 map=530' WHERE `pool_id` = 2634;
UPDATE `pool_pool` SET `description` = 'GO 181555,181557 map=530' WHERE `pool_id` = 2336;
UPDATE `pool_pool` SET `description` = 'GO 181555,181557 map=530' WHERE `pool_id` = 2725;
UPDATE `pool_pool` SET `description` = 'GO 181555,181557 map=530' WHERE `pool_id` = 2426;
UPDATE `pool_pool` SET `description` = 'GO 181555,181557 map=530' WHERE `pool_id` = 2815;
UPDATE `pool_pool` SET `description` = 'GO 181555,181557 map=530' WHERE `pool_id` = 2516;
UPDATE `pool_pool` SET `description` = 'GO 181555,181557 map=530' WHERE `pool_id` = 2576;
UPDATE `pool_pool` SET `description` = 'GO 181555,181557 map=530' WHERE `pool_id` = 2666;
UPDATE `pool_pool` SET `description` = 'GO 181555,181557 map=530' WHERE `pool_id` = 2368;
UPDATE `pool_pool` SET `description` = 'GO 181555,181557 map=530' WHERE `pool_id` = 2757;
UPDATE `pool_pool` SET `description` = 'GO 181555,181557 map=530' WHERE `pool_id` = 2458;
UPDATE `pool_pool` SET `description` = 'GO 181555,181557 map=530' WHERE `pool_id` = 2847;
UPDATE `pool_pool` SET `description` = 'GO 181555,181557 map=530' WHERE `pool_id` = 2608;
UPDATE `pool_pool` SET `description` = 'GO 181555,181557 map=530' WHERE `pool_id` = 2394;
UPDATE `pool_pool` SET `description` = 'GO 181555,181557 map=530' WHERE `pool_id` = 2699;
UPDATE `pool_pool` SET `description` = 'GO 181555,181557 map=530' WHERE `pool_id` = 2484;
UPDATE `pool_pool` SET `description` = 'GO 181555,181557 map=530' WHERE `pool_id` = 2873;
UPDATE `pool_pool` SET `description` = 'GO 181555,181557 map=530' WHERE `pool_id` = 2545;
UPDATE `pool_pool` SET `description` = 'GO 181555,181557 map=530' WHERE `pool_id` = 2635;
UPDATE `pool_pool` SET `description` = 'GO 181555,181557 map=530' WHERE `pool_id` = 2337;
UPDATE `pool_pool` SET `description` = 'GO 181555,181557 map=530' WHERE `pool_id` = 2726;
UPDATE `pool_pool` SET `description` = 'GO 181555,181557 map=530' WHERE `pool_id` = 2427;
UPDATE `pool_pool` SET `description` = 'GO 181555,181557 map=530' WHERE `pool_id` = 2816;
UPDATE `pool_pool` SET `description` = 'GO 181555,181557 map=530' WHERE `pool_id` = 2517;
UPDATE `pool_pool` SET `description` = 'GO 181555,181557 map=530' WHERE `pool_id` = 2577;
UPDATE `pool_pool` SET `description` = 'GO 181555,181557 map=530' WHERE `pool_id` = 2667;
UPDATE `pool_pool` SET `description` = 'GO 181555,181557 map=530' WHERE `pool_id` = 2369;
UPDATE `pool_pool` SET `description` = 'GO 181555,181557 map=530' WHERE `pool_id` = 2758;
UPDATE `pool_pool` SET `description` = 'GO 181555,181557 map=530' WHERE `pool_id` = 2459;
UPDATE `pool_pool` SET `description` = 'GO 181555,181557 map=530' WHERE `pool_id` = 2848;
UPDATE `pool_pool` SET `description` = 'GO 181555,181557 map=530' WHERE `pool_id` = 2246;
UPDATE `pool_pool` SET `description` = 'GO 181555,181557 map=530' WHERE `pool_id` = 2609;
UPDATE `pool_pool` SET `description` = 'GO 181555,181557 map=530' WHERE `pool_id` = 2395;
UPDATE `pool_pool` SET `description` = 'GO 181555,181557 map=530' WHERE `pool_id` = 2700;
UPDATE `pool_pool` SET `description` = 'GO 181555,181557 map=530' WHERE `pool_id` = 2485;
UPDATE `pool_pool` SET `description` = 'GO 181555,181557 map=530' WHERE `pool_id` = 2874;
UPDATE `pool_pool` SET `description` = 'GO 181555,181557 map=530' WHERE `pool_id` = 2546;
UPDATE `pool_pool` SET `description` = 'GO 181555,181557 map=530' WHERE `pool_id` = 2636;
UPDATE `pool_pool` SET `description` = 'GO 181555,181557 map=530' WHERE `pool_id` = 2338;
UPDATE `pool_pool` SET `description` = 'GO 181555,181557 map=530' WHERE `pool_id` = 2727;
UPDATE `pool_pool` SET `description` = 'GO 181555,181557 map=530' WHERE `pool_id` = 2428;
UPDATE `pool_pool` SET `description` = 'GO 181555,181557 map=530' WHERE `pool_id` = 2817;
UPDATE `pool_pool` SET `description` = 'GO 181555,181557 map=530' WHERE `pool_id` = 2518;
UPDATE `pool_pool` SET `description` = 'GO 181555,181557 map=530' WHERE `pool_id` = 2578;
UPDATE `pool_pool` SET `description` = 'GO 181555,181557 map=530' WHERE `pool_id` = 2668;
UPDATE `pool_pool` SET `description` = 'GO 181555,181557 map=530' WHERE `pool_id` = 2370;
UPDATE `pool_pool` SET `description` = 'GO 181555,181557 map=530' WHERE `pool_id` = 2759;
UPDATE `pool_pool` SET `description` = 'GO 181555,181557 map=530' WHERE `pool_id` = 2460;
UPDATE `pool_pool` SET `description` = 'GO 181555,181557 map=530' WHERE `pool_id` = 2849;
UPDATE `pool_pool` SET `description` = 'GO 181555,181557 map=530' WHERE `pool_id` = 2247;
UPDATE `pool_pool` SET `description` = 'GO 181555,181557 map=530' WHERE `pool_id` = 2610;
UPDATE `pool_pool` SET `description` = 'GO 181555,181557 map=530' WHERE `pool_id` = 2396;
UPDATE `pool_pool` SET `description` = 'GO 181555,181557 map=530' WHERE `pool_id` = 2701;
UPDATE `pool_pool` SET `description` = 'GO 181555,181557 map=530' WHERE `pool_id` = 2486;
UPDATE `pool_pool` SET `description` = 'GO 181555,181557 map=530' WHERE `pool_id` = 2875;
UPDATE `pool_pool` SET `description` = 'GO 181555,181557 map=530' WHERE `pool_id` = 2547;
UPDATE `pool_pool` SET `description` = 'GO 181555,181557 map=530' WHERE `pool_id` = 2190;
UPDATE `pool_pool` SET `description` = 'GO 181555,181557 map=530' WHERE `pool_id` = 2637;
UPDATE `pool_pool` SET `description` = 'GO 181555,181557 map=530' WHERE `pool_id` = 2339;
UPDATE `pool_pool` SET `description` = 'GO 181555,181557 map=530' WHERE `pool_id` = 2728;
UPDATE `pool_pool` SET `description` = 'GO 181555,181557 map=530' WHERE `pool_id` = 2429;
UPDATE `pool_pool` SET `description` = 'GO 181555,181557 map=530' WHERE `pool_id` = 2818;
UPDATE `pool_pool` SET `description` = 'GO 181555,181557 map=530' WHERE `pool_id` = 2519;
UPDATE `pool_pool` SET `description` = 'GO 181555,181557 map=530' WHERE `pool_id` = 2579;
UPDATE `pool_pool` SET `description` = 'GO 181555,181557 map=530' WHERE `pool_id` = 2222;
UPDATE `pool_pool` SET `description` = 'GO 181555,181557 map=530' WHERE `pool_id` = 2669;
UPDATE `pool_pool` SET `description` = 'GO 181555,181557 map=530' WHERE `pool_id` = 2371;
UPDATE `pool_pool` SET `description` = 'GO 181555,181557 map=530' WHERE `pool_id` = 2760;
UPDATE `pool_pool` SET `description` = 'GO 181555,181557 map=530' WHERE `pool_id` = 2461;
UPDATE `pool_pool` SET `description` = 'GO 181555,181557 map=530' WHERE `pool_id` = 2850;
UPDATE `pool_pool` SET `description` = 'GO 181555,181557 map=530' WHERE `pool_id` = 2611;
UPDATE `pool_pool` SET `description` = 'GO 181555,181557 map=530' WHERE `pool_id` = 2397;
UPDATE `pool_pool` SET `description` = 'GO 181555,181557 map=530' WHERE `pool_id` = 2702;
UPDATE `pool_pool` SET `description` = 'GO 181555,181557 map=530' WHERE `pool_id` = 2786;
UPDATE `pool_pool` SET `description` = 'GO 181555,181557 map=530' WHERE `pool_id` = 2487;
UPDATE `pool_pool` SET `description` = 'GO 181555,181557 map=530' WHERE `pool_id` = 2876;
UPDATE `pool_pool` SET `description` = 'GO 181555,181557 map=530' WHERE `pool_id` = 2548;
UPDATE `pool_pool` SET `description` = 'GO 181555,181557 map=530' WHERE `pool_id` = 2638;
UPDATE `pool_pool` SET `description` = 'GO 181555,181557 map=530' WHERE `pool_id` = 2340;
UPDATE `pool_pool` SET `description` = 'GO 181555,181557 map=530' WHERE `pool_id` = 2729;
UPDATE `pool_pool` SET `description` = 'GO 181555,181557 map=530' WHERE `pool_id` = 2430;
UPDATE `pool_pool` SET `description` = 'GO 181555,181557 map=530' WHERE `pool_id` = 2819;
UPDATE `pool_pool` SET `description` = 'GO 181555,181557 map=530' WHERE `pool_id` = 2520;
UPDATE `pool_pool` SET `description` = 'GO 181555,181557 map=530' WHERE `pool_id` = 2580;
UPDATE `pool_pool` SET `description` = 'GO 181555,181557 map=530' WHERE `pool_id` = 2223;
UPDATE `pool_pool` SET `description` = 'GO 181555,181557 map=530' WHERE `pool_id` = 2670;
UPDATE `pool_pool` SET `description` = 'GO 181555,181557 map=530' WHERE `pool_id` = 2372;
UPDATE `pool_pool` SET `description` = 'GO 181555,181557 map=530' WHERE `pool_id` = 2761;
UPDATE `pool_pool` SET `description` = 'GO 181555,181557 map=530' WHERE `pool_id` = 2462;
UPDATE `pool_pool` SET `description` = 'GO 181555,181557 map=530' WHERE `pool_id` = 2851;
UPDATE `pool_pool` SET `description` = 'GO 181555,181557 map=530' WHERE `pool_id` = 2249;
UPDATE `pool_pool` SET `description` = 'GO 181555,181557 map=530' WHERE `pool_id` = 2612;
UPDATE `pool_pool` SET `description` = 'GO 181555,181557 map=530' WHERE `pool_id` = 2398;
UPDATE `pool_pool` SET `description` = 'GO 181555,181557 map=530' WHERE `pool_id` = 2703;
UPDATE `pool_pool` SET `description` = 'GO 181555,181557 map=530' WHERE `pool_id` = 2787;
UPDATE `pool_pool` SET `description` = 'GO 181555,181557 map=530' WHERE `pool_id` = 2488;
UPDATE `pool_pool` SET `description` = 'GO 181555,181557 map=530' WHERE `pool_id` = 2877;
UPDATE `pool_pool` SET `description` = 'GO 181555,181557 map=530' WHERE `pool_id` = 2549;
UPDATE `pool_pool` SET `description` = 'GO 181555,181557 map=530' WHERE `pool_id` = 2639;
UPDATE `pool_pool` SET `description` = 'GO 181555,181557 map=530' WHERE `pool_id` = 2341;
UPDATE `pool_pool` SET `description` = 'GO 181555,181557 map=530' WHERE `pool_id` = 2730;
UPDATE `pool_pool` SET `description` = 'GO 181555,181557 map=530' WHERE `pool_id` = 2431;
UPDATE `pool_pool` SET `description` = 'GO 181555,181557 map=530' WHERE `pool_id` = 2820;
UPDATE `pool_pool` SET `description` = 'GO 181555,181557 map=530' WHERE `pool_id` = 2521;
UPDATE `pool_pool` SET `description` = 'GO 181555,181557 map=530' WHERE `pool_id` = 2581;
UPDATE `pool_pool` SET `description` = 'GO 181555,181557 map=530' WHERE `pool_id` = 2671;
UPDATE `pool_pool` SET `description` = 'GO 181555,181557 map=530' WHERE `pool_id` = 2373;
UPDATE `pool_pool` SET `description` = 'GO 181555,181557 map=530' WHERE `pool_id` = 2762;
UPDATE `pool_pool` SET `description` = 'GO 181555,181557 map=530' WHERE `pool_id` = 2463;
UPDATE `pool_pool` SET `description` = 'GO 181555,181557 map=530' WHERE `pool_id` = 2852;
UPDATE `pool_pool` SET `description` = 'GO 181555,181557 map=530' WHERE `pool_id` = 2250;
UPDATE `pool_pool` SET `description` = 'GO 181555,181557 map=530' WHERE `pool_id` = 2613;
UPDATE `pool_pool` SET `description` = 'GO 181555,181557 map=530' WHERE `pool_id` = 2399;
UPDATE `pool_pool` SET `description` = 'GO 181555,181557 map=530' WHERE `pool_id` = 2704;
UPDATE `pool_pool` SET `description` = 'GO 181555,181557 map=530' WHERE `pool_id` = 2788;
UPDATE `pool_pool` SET `description` = 'GO 181555,181557 map=530' WHERE `pool_id` = 2489;
UPDATE `pool_pool` SET `description` = 'GO 181555,181557 map=530' WHERE `pool_id` = 2878;
UPDATE `pool_pool` SET `description` = 'GO 181555,181557 map=530' WHERE `pool_id` = 2879;
UPDATE `pool_pool` SET `description` = 'GO 181555,181557 map=530' WHERE `pool_id` = 2550;
UPDATE `pool_pool` SET `description` = 'GO 181555,181557 map=530' WHERE `pool_id` = 2193;
UPDATE `pool_pool` SET `description` = 'GO 181555,181557 map=530' WHERE `pool_id` = 2640;
UPDATE `pool_pool` SET `description` = 'GO 181555,181557 map=530' WHERE `pool_id` = 2342;
UPDATE `pool_pool` SET `description` = 'GO 181555,181557 map=530' WHERE `pool_id` = 2731;
UPDATE `pool_pool` SET `description` = 'GO 181555,181557 map=530' WHERE `pool_id` = 2432;
UPDATE `pool_pool` SET `description` = 'GO 181555,181557 map=530' WHERE `pool_id` = 2821;
UPDATE `pool_pool` SET `description` = 'GO 181555,181557 map=530' WHERE `pool_id` = 2522;
UPDATE `pool_pool` SET `description` = 'GO 181555,181557 map=530' WHERE `pool_id` = 2582;
UPDATE `pool_pool` SET `description` = 'GO 181555,181557 map=530' WHERE `pool_id` = 2225;
UPDATE `pool_pool` SET `description` = 'GO 181555,181557 map=530' WHERE `pool_id` = 2672;
UPDATE `pool_pool` SET `description` = 'GO 181555,181557 map=530' WHERE `pool_id` = 2374;
UPDATE `pool_pool` SET `description` = 'GO 181555,181557 map=530' WHERE `pool_id` = 2763;
UPDATE `pool_pool` SET `description` = 'GO 181555,181557 map=530' WHERE `pool_id` = 2464;
UPDATE `pool_pool` SET `description` = 'GO 181555,181557 map=530' WHERE `pool_id` = 2853;
UPDATE `pool_pool` SET `description` = 'GO 181555,181557 map=530' WHERE `pool_id` = 2251;
UPDATE `pool_pool` SET `description` = 'GO 181555,181557 map=530' WHERE `pool_id` = 2614;
UPDATE `pool_pool` SET `description` = 'GO 181555,181557 map=530' WHERE `pool_id` = 2400;
UPDATE `pool_pool` SET `description` = 'GO 181555,181557 map=530' WHERE `pool_id` = 2705;
UPDATE `pool_pool` SET `description` = 'GO 181555,181557 map=530' WHERE `pool_id` = 2789;
UPDATE `pool_pool` SET `description` = 'GO 181555,181557 map=530' WHERE `pool_id` = 2490;
UPDATE `pool_pool` SET `description` = 'GO 181555,181557 map=530' WHERE `pool_id` = 2880;
UPDATE `pool_pool` SET `description` = 'GO 181555,181557 map=530' WHERE `pool_id` = 2551;
UPDATE `pool_pool` SET `description` = 'GO 181555,181557 map=530' WHERE `pool_id` = 2641;
UPDATE `pool_pool` SET `description` = 'GO 181555,181557 map=530' WHERE `pool_id` = 2343;
UPDATE `pool_pool` SET `description` = 'GO 181555,181557 map=530' WHERE `pool_id` = 2732;
UPDATE `pool_pool` SET `description` = 'GO 181555,181557 map=530' WHERE `pool_id` = 2433;
UPDATE `pool_pool` SET `description` = 'GO 181555,181557 map=530' WHERE `pool_id` = 2822;
UPDATE `pool_pool` SET `description` = 'GO 181555,181557 map=530' WHERE `pool_id` = 2523;
UPDATE `pool_pool` SET `description` = 'GO 181555,181557 map=530' WHERE `pool_id` = 2583;
UPDATE `pool_pool` SET `description` = 'GO 181555,181557 map=530' WHERE `pool_id` = 2226;
UPDATE `pool_pool` SET `description` = 'GO 181555,181557 map=530' WHERE `pool_id` = 2673;
UPDATE `pool_pool` SET `description` = 'GO 181555,181557 map=530' WHERE `pool_id` = 2375;
UPDATE `pool_pool` SET `description` = 'GO 181555,181557 map=530' WHERE `pool_id` = 2764;
UPDATE `pool_pool` SET `description` = 'GO 181555,181557 map=530' WHERE `pool_id` = 2854;
UPDATE `pool_pool` SET `description` = 'GO 181555,181557 map=530' WHERE `pool_id` = 2615;
UPDATE `pool_pool` SET `description` = 'GO 181555,181557 map=530' WHERE `pool_id` = 2401;
UPDATE `pool_pool` SET `description` = 'GO 181555,181557 map=530' WHERE `pool_id` = 2790;
UPDATE `pool_pool` SET `description` = 'GO 181555,181557 map=530' WHERE `pool_id` = 2491;
UPDATE `pool_pool` SET `description` = 'GO 181555,181557 map=530' WHERE `pool_id` = 2492;
UPDATE `pool_pool` SET `description` = 'GO 181555,181557 map=530' WHERE `pool_id` = 2881;
UPDATE `pool_pool` SET `description` = 'GO 181555,181557 map=530' WHERE `pool_id` = 2552;
UPDATE `pool_pool` SET `description` = 'GO 181555,181557 map=530' WHERE `pool_id` = 2642;
UPDATE `pool_pool` SET `description` = 'GO 181555,181557 map=530' WHERE `pool_id` = 2344;
UPDATE `pool_pool` SET `description` = 'GO 181555,181557 map=530' WHERE `pool_id` = 2733;
UPDATE `pool_pool` SET `description` = 'GO 181555,181557 map=530' WHERE `pool_id` = 2434;
UPDATE `pool_pool` SET `description` = 'GO 181555,181557 map=530' WHERE `pool_id` = 2823;
UPDATE `pool_pool` SET `description` = 'GO 181555,181557 map=530' WHERE `pool_id` = 2524;
UPDATE `pool_pool` SET `description` = 'GO 181555,181557 map=530' WHERE `pool_id` = 2584;
UPDATE `pool_pool` SET `description` = 'GO 181555,181557 map=530' WHERE `pool_id` = 2227;
UPDATE `pool_pool` SET `description` = 'GO 181555,181557 map=530' WHERE `pool_id` = 2674;
UPDATE `pool_pool` SET `description` = 'GO 181555,181557 map=530' WHERE `pool_id` = 2376;
UPDATE `pool_pool` SET `description` = 'GO 181555,181557 map=530' WHERE `pool_id` = 2765;
UPDATE `pool_pool` SET `description` = 'GO 181555,181557 map=530' WHERE `pool_id` = 2855;
UPDATE `pool_pool` SET `description` = 'GO 181555,181557 map=530' WHERE `pool_id` = 2253;
UPDATE `pool_pool` SET `description` = 'GO 181555,181557 map=530' WHERE `pool_id` = 2616;
UPDATE `pool_pool` SET `description` = 'GO 181555,181557 map=530' WHERE `pool_id` = 2402;
UPDATE `pool_pool` SET `description` = 'GO 181555,181557 map=530' WHERE `pool_id` = 2791;
UPDATE `pool_pool` SET `description` = 'GO 181555,181557 map=530' WHERE `pool_id` = 2493;
UPDATE `pool_pool` SET `description` = 'GO 181555,181557 map=530' WHERE `pool_id` = 2553;
UPDATE `pool_pool` SET `description` = 'GO 181555,181557 map=530' WHERE `pool_id` = 2643;
UPDATE `pool_pool` SET `description` = 'GO 181555,181557 map=530' WHERE `pool_id` = 2345;
UPDATE `pool_pool` SET `description` = 'GO 181555,181557 map=530' WHERE `pool_id` = 2734;
UPDATE `pool_pool` SET `description` = 'GO 181555,181557 map=530' WHERE `pool_id` = 2435;
UPDATE `pool_pool` SET `description` = 'GO 181555,181557 map=530' WHERE `pool_id` = 2824;
UPDATE `pool_pool` SET `description` = 'GO 181555,181557 map=530' WHERE `pool_id` = 2525;
UPDATE `pool_pool` SET `description` = 'GO 181555,181557 map=530' WHERE `pool_id` = 2585;
UPDATE `pool_pool` SET `description` = 'GO 181555,181557 map=530' WHERE `pool_id` = 2675;
UPDATE `pool_pool` SET `description` = 'GO 181555,181557 map=530' WHERE `pool_id` = 2377;
UPDATE `pool_pool` SET `description` = 'GO 181555,181557 map=530' WHERE `pool_id` = 2766;
UPDATE `pool_pool` SET `description` = 'GO 181555,181557 map=530' WHERE `pool_id` = 2856;
UPDATE `pool_pool` SET `description` = 'GO 181555,181557 map=530' WHERE `pool_id` = 2254;
UPDATE `pool_pool` SET `description` = 'GO 181555,181557 map=530' WHERE `pool_id` = 2617;
UPDATE `pool_pool` SET `description` = 'GO 181555,181557 map=530' WHERE `pool_id` = 2403;
UPDATE `pool_pool` SET `description` = 'GO 181555,181557 map=530' WHERE `pool_id` = 2792;
UPDATE `pool_pool` SET `description` = 'GO 181555,181557 map=530' WHERE `pool_id` = 2494;
UPDATE `pool_pool` SET `description` = 'GO 181555,181557 map=530' WHERE `pool_id` = 2554;
UPDATE `pool_pool` SET `description` = 'GO 181555,181557 map=530' WHERE `pool_id` = 2197;
UPDATE `pool_pool` SET `description` = 'GO 181555,181557 map=530' WHERE `pool_id` = 2644;
UPDATE `pool_pool` SET `description` = 'GO 181555,181557 map=530' WHERE `pool_id` = 2346;
UPDATE `pool_pool` SET `description` = 'GO 181555,181557 map=530' WHERE `pool_id` = 2735;
UPDATE `pool_pool` SET `description` = 'GO 181555,181557 map=530' WHERE `pool_id` = 2436;
UPDATE `pool_pool` SET `description` = 'GO 181555,181557 map=530' WHERE `pool_id` = 2825;
UPDATE `pool_pool` SET `description` = 'GO 181555,181557 map=530' WHERE `pool_id` = 2526;
UPDATE `pool_pool` SET `description` = 'GO 181555,181557 map=530' WHERE `pool_id` = 2586;
UPDATE `pool_pool` SET `description` = 'GO 181555,181557 map=530' WHERE `pool_id` = 2676;
UPDATE `pool_pool` SET `description` = 'GO 181555,181557 map=530' WHERE `pool_id` = 2378;
UPDATE `pool_pool` SET `description` = 'GO 181555,181557 map=530' WHERE `pool_id` = 2767;
UPDATE `pool_pool` SET `description` = 'GO 181555,181557 map=530' WHERE `pool_id` = 2857;
UPDATE `pool_pool` SET `description` = 'GO 181555,181557 map=530' WHERE `pool_id` = 2618;
UPDATE `pool_pool` SET `description` = 'GO 181555,181557 map=530' WHERE `pool_id` = 2404;
UPDATE `pool_pool` SET `description` = 'GO 181555,181557 map=530' WHERE `pool_id` = 2793;
UPDATE `pool_pool` SET `description` = 'GO 181555,181557 map=530' WHERE `pool_id` = 2495;
UPDATE `pool_pool` SET `description` = 'GO 181555,181557 map=530' WHERE `pool_id` = 2555;
UPDATE `pool_pool` SET `description` = 'GO 181555,181557 map=530' WHERE `pool_id` = 2645;
UPDATE `pool_pool` SET `description` = 'GO 181555,181557 map=530' WHERE `pool_id` = 2347;
UPDATE `pool_pool` SET `description` = 'GO 181555,181557 map=530' WHERE `pool_id` = 2736;
UPDATE `pool_pool` SET `description` = 'GO 181555,181557 map=530' WHERE `pool_id` = 2437;
UPDATE `pool_pool` SET `description` = 'GO 181555,181557 map=530' WHERE `pool_id` = 2826;
UPDATE `pool_pool` SET `description` = 'GO 181555,181557 map=530' WHERE `pool_id` = 2527;
UPDATE `pool_pool` SET `description` = 'GO 181555,181557 map=530' WHERE `pool_id` = 2587;
UPDATE `pool_pool` SET `description` = 'GO 181555,181557 map=530' WHERE `pool_id` = 2230;
UPDATE `pool_pool` SET `description` = 'GO 181555,181557 map=530' WHERE `pool_id` = 2677;
UPDATE `pool_pool` SET `description` = 'GO 181555,181557 map=530' WHERE `pool_id` = 2379;
UPDATE `pool_pool` SET `description` = 'GO 181555,181557 map=530' WHERE `pool_id` = 2768;
UPDATE `pool_pool` SET `description` = 'GO 181555,181557 map=530' WHERE `pool_id` = 2858;
UPDATE `pool_pool` SET `description` = 'GO 181555,181557 map=530' WHERE `pool_id` = 2256;
UPDATE `pool_pool` SET `description` = 'GO 181555,181557 map=530' WHERE `pool_id` = 2619;
UPDATE `pool_pool` SET `description` = 'GO 181555,181557 map=530' WHERE `pool_id` = 2405;
UPDATE `pool_pool` SET `description` = 'GO 181555,181557 map=530' WHERE `pool_id` = 2794;
UPDATE `pool_pool` SET `description` = 'GO 181555,181557 map=530' WHERE `pool_id` = 2496;
UPDATE `pool_pool` SET `description` = 'GO 181555,181557 map=530' WHERE `pool_id` = 2556;
UPDATE `pool_pool` SET `description` = 'GO 181555,181557 map=530' WHERE `pool_id` = 2199;
UPDATE `pool_pool` SET `description` = 'GO 181555,181557 map=530' WHERE `pool_id` = 2646;
UPDATE `pool_pool` SET `description` = 'GO 181555,181557 map=530' WHERE `pool_id` = 2348;
UPDATE `pool_pool` SET `description` = 'GO 181555,181557 map=530' WHERE `pool_id` = 2737;
UPDATE `pool_pool` SET `description` = 'GO 181555,181557 map=530' WHERE `pool_id` = 2438;
UPDATE `pool_pool` SET `description` = 'GO 181555,181557 map=530' WHERE `pool_id` = 2827;
UPDATE `pool_pool` SET `description` = 'GO 181555,181557 map=530' WHERE `pool_id` = 2528;
UPDATE `pool_pool` SET `description` = 'GO 181555,181557 map=530' WHERE `pool_id` = 2588;
UPDATE `pool_pool` SET `description` = 'GO 181555,181557 map=530' WHERE `pool_id` = 2231;
UPDATE `pool_pool` SET `description` = 'GO 181555,181557 map=530' WHERE `pool_id` = 2678;
UPDATE `pool_pool` SET `description` = 'GO 181555,181557 map=530' WHERE `pool_id` = 2380;
UPDATE `pool_pool` SET `description` = 'GO 181555,181557 map=530' WHERE `pool_id` = 2769;
UPDATE `pool_pool` SET `description` = 'GO 181555,181557 map=530' WHERE `pool_id` = 2859;
UPDATE `pool_pool` SET `description` = 'GO 181555,181557 map=530' WHERE `pool_id` = 2257;
UPDATE `pool_pool` SET `description` = 'GO 181555,181557 map=530' WHERE `pool_id` = 2620;
UPDATE `pool_pool` SET `description` = 'GO 181555,181557 map=530' WHERE `pool_id` = 2406;
UPDATE `pool_pool` SET `description` = 'GO 181555,181557 map=530' WHERE `pool_id` = 2795;
UPDATE `pool_pool` SET `description` = 'GO 181556,181569,181557 map=530' WHERE `pool_id` = 1584;
UPDATE `pool_pool` SET `description` = 'GO 181556,181569,181557 map=530' WHERE `pool_id` = 1950;
UPDATE `pool_pool` SET `description` = 'GO 181556,181569,181557 map=530' WHERE `pool_id` = 1436;
UPDATE `pool_pool` SET `description` = 'GO 181556,181569,181557 map=530' WHERE `pool_id` = 1526;
UPDATE `pool_pool` SET `description` = 'GO 181556,181569,181557 map=530' WHERE `pool_id` = 1628;
UPDATE `pool_pool` SET `description` = 'GO 181556,181569,181557 map=530' WHERE `pool_id` = 2030;
UPDATE `pool_pool` SET `description` = 'GO 181556,181569,181557 map=530' WHERE `pool_id` = 1468;
UPDATE `pool_pool` SET `description` = 'GO 181556,181569,181557 map=530' WHERE `pool_id` = 1558;
UPDATE `pool_pool` SET `description` = 'GO 181556,181569,181557 map=530' WHERE `pool_id` = 1772;
UPDATE `pool_pool` SET `description` = 'GO 181556,181569,181557 map=530' WHERE `pool_id` = 2164;
UPDATE `pool_pool` SET `description` = 'GO 181556,181569,181557 map=530' WHERE `pool_id` = 1372;
UPDATE `pool_pool` SET `description` = 'GO 181556,181569,181557 map=530' WHERE `pool_id` = 2258;
UPDATE `pool_pool` SET `description` = 'GO 181556,181569,181557 map=530' WHERE `pool_id` = 1494;
UPDATE `pool_pool` SET `description` = 'GO 181556,181569,181557 map=530' WHERE `pool_id` = 1585;
UPDATE `pool_pool` SET `description` = 'GO 181556,181569,181557 map=530' WHERE `pool_id` = 1951;
UPDATE `pool_pool` SET `description` = 'GO 181556,181569,181557 map=530' WHERE `pool_id` = 1437;
UPDATE `pool_pool` SET `description` = 'GO 181556,181569,181557 map=530' WHERE `pool_id` = 1527;
UPDATE `pool_pool` SET `description` = 'GO 181556,181569,181557 map=530' WHERE `pool_id` = 1629;
UPDATE `pool_pool` SET `description` = 'GO 181556,181569,181557 map=530' WHERE `pool_id` = 2051;
UPDATE `pool_pool` SET `description` = 'GO 181556,181569,181557 map=530' WHERE `pool_id` = 1469;
UPDATE `pool_pool` SET `description` = 'GO 181556,181569,181557 map=530' WHERE `pool_id` = 1559;
UPDATE `pool_pool` SET `description` = 'GO 181556,181569,181557 map=530' WHERE `pool_id` = 1773;
UPDATE `pool_pool` SET `description` = 'GO 181556,181569,181557 map=530' WHERE `pool_id` = 2165;
UPDATE `pool_pool` SET `description` = 'GO 181556,181569,181557 map=530' WHERE `pool_id` = 1373;
UPDATE `pool_pool` SET `description` = 'GO 181556,181569,181557 map=530' WHERE `pool_id` = 1495;
UPDATE `pool_pool` SET `description` = 'GO 181556,181569,181557 map=530' WHERE `pool_id` = 1586;
UPDATE `pool_pool` SET `description` = 'GO 181556,181569,181557 map=530' WHERE `pool_id` = 1952;
UPDATE `pool_pool` SET `description` = 'GO 181556,181569,181557 map=530' WHERE `pool_id` = 1438;
UPDATE `pool_pool` SET `description` = 'GO 181556,181569,181557 map=530' WHERE `pool_id` = 1528;
UPDATE `pool_pool` SET `description` = 'GO 181556,181569,181557 map=530' WHERE `pool_id` = 1630;
UPDATE `pool_pool` SET `description` = 'GO 181556,181569,181557 map=530' WHERE `pool_id` = 2052;
UPDATE `pool_pool` SET `description` = 'GO 181556,181569,181557 map=530' WHERE `pool_id` = 1470;
UPDATE `pool_pool` SET `description` = 'GO 181556,181569,181557 map=530' WHERE `pool_id` = 1560;
UPDATE `pool_pool` SET `description` = 'GO 181556,181569,181557 map=530' WHERE `pool_id` = 2166;
UPDATE `pool_pool` SET `description` = 'GO 181556,181569,181557 map=530' WHERE `pool_id` = 1374;
UPDATE `pool_pool` SET `description` = 'GO 181556,181569,181557 map=530' WHERE `pool_id` = 1496;
UPDATE `pool_pool` SET `description` = 'GO 181556,181569,181557 map=530' WHERE `pool_id` = 1587;
UPDATE `pool_pool` SET `description` = 'GO 181556,181569,181557 map=530' WHERE `pool_id` = 1953;
UPDATE `pool_pool` SET `description` = 'GO 181556,181569,181557 map=530' WHERE `pool_id` = 1439;
UPDATE `pool_pool` SET `description` = 'GO 181556,181569,181557 map=530' WHERE `pool_id` = 1529;
UPDATE `pool_pool` SET `description` = 'GO 181556,181569,181557 map=530' WHERE `pool_id` = 1635;
UPDATE `pool_pool` SET `description` = 'GO 181556,181569,181557 map=530' WHERE `pool_id` = 2053;
UPDATE `pool_pool` SET `description` = 'GO 181556,181569,181557 map=530' WHERE `pool_id` = 1471;
UPDATE `pool_pool` SET `description` = 'GO 181556,181569,181557 map=530' WHERE `pool_id` = 1561;
UPDATE `pool_pool` SET `description` = 'GO 181556,181569,181557 map=530' WHERE `pool_id` = 1375;
UPDATE `pool_pool` SET `description` = 'GO 181556,181569,181557 map=530' WHERE `pool_id` = 1497;
UPDATE `pool_pool` SET `description` = 'GO 181556,181569,181557 map=530' WHERE `pool_id` = 1588;
UPDATE `pool_pool` SET `description` = 'GO 181556,181569,181557 map=530' WHERE `pool_id` = 1954;
UPDATE `pool_pool` SET `description` = 'GO 181556,181569,181557 map=530' WHERE `pool_id` = 1440;
UPDATE `pool_pool` SET `description` = 'GO 181556,181569,181557 map=530' WHERE `pool_id` = 1530;
UPDATE `pool_pool` SET `description` = 'GO 181556,181569,181557 map=530' WHERE `pool_id` = 1636;
UPDATE `pool_pool` SET `description` = 'GO 181556,181569,181557 map=530' WHERE `pool_id` = 2054;
UPDATE `pool_pool` SET `description` = 'GO 181556,181569,181557 map=530' WHERE `pool_id` = 1472;
UPDATE `pool_pool` SET `description` = 'GO 181556,181569,181557 map=530' WHERE `pool_id` = 1562;
UPDATE `pool_pool` SET `description` = 'GO 181556,181569,181557 map=530' WHERE `pool_id` = 1376;
UPDATE `pool_pool` SET `description` = 'GO 181556,181569,181557 map=530' WHERE `pool_id` = 2262;
UPDATE `pool_pool` SET `description` = 'GO 181556,181569,181557 map=530' WHERE `pool_id` = 1498;
UPDATE `pool_pool` SET `description` = 'GO 181556,181569,181557 map=530' WHERE `pool_id` = 1499;
UPDATE `pool_pool` SET `description` = 'GO 181556,181569,181557 map=530' WHERE `pool_id` = 1589;
UPDATE `pool_pool` SET `description` = 'GO 181556,181569,181557 map=530' WHERE `pool_id` = 1959;
UPDATE `pool_pool` SET `description` = 'GO 181556,181569,181557 map=530' WHERE `pool_id` = 1441;
UPDATE `pool_pool` SET `description` = 'GO 181556,181569,181557 map=530' WHERE `pool_id` = 1531;
UPDATE `pool_pool` SET `description` = 'GO 181556,181569,181557 map=530' WHERE `pool_id` = 1637;
UPDATE `pool_pool` SET `description` = 'GO 181556,181569,181557 map=530' WHERE `pool_id` = 1343;
UPDATE `pool_pool` SET `description` = 'GO 181556,181569,181557 map=530' WHERE `pool_id` = 2063;
UPDATE `pool_pool` SET `description` = 'GO 181556,181569,181557 map=530' WHERE `pool_id` = 2237;
UPDATE `pool_pool` SET `description` = 'GO 181556,181569,181557 map=530' WHERE `pool_id` = 1473;
UPDATE `pool_pool` SET `description` = 'GO 181556,181569,181557 map=530' WHERE `pool_id` = 1563;
UPDATE `pool_pool` SET `description` = 'GO 181556,181569,181557 map=530' WHERE `pool_id` = 1377;
UPDATE `pool_pool` SET `description` = 'GO 181556,181569,181557 map=530' WHERE `pool_id` = 1500;
UPDATE `pool_pool` SET `description` = 'GO 181556,181569,181557 map=530' WHERE `pool_id` = 1590;
UPDATE `pool_pool` SET `description` = 'GO 181556,181569,181557 map=530' WHERE `pool_id` = 1960;
UPDATE `pool_pool` SET `description` = 'GO 181556,181569,181557 map=530' WHERE `pool_id` = 1442;
UPDATE `pool_pool` SET `description` = 'GO 181556,181569,181557 map=530' WHERE `pool_id` = 1532;
UPDATE `pool_pool` SET `description` = 'GO 181556,181569,181557 map=530' WHERE `pool_id` = 1638;
UPDATE `pool_pool` SET `description` = 'GO 181556,181569,181557 map=530' WHERE `pool_id` = 2064;
UPDATE `pool_pool` SET `description` = 'GO 181556,181569,181557 map=530' WHERE `pool_id` = 2238;
UPDATE `pool_pool` SET `description` = 'GO 181556,181569,181557 map=530' WHERE `pool_id` = 1474;
UPDATE `pool_pool` SET `description` = 'GO 181556,181569,181557 map=530' WHERE `pool_id` = 1564;
UPDATE `pool_pool` SET `description` = 'GO 181556,181569,181557 map=530' WHERE `pool_id` = 2174;
UPDATE `pool_pool` SET `description` = 'GO 181556,181569,181557 map=530' WHERE `pool_id` = 1378;
UPDATE `pool_pool` SET `description` = 'GO 181556,181569,181557 map=530' WHERE `pool_id` = 1398;
UPDATE `pool_pool` SET `description` = 'GO 181556,181569,181557 map=530' WHERE `pool_id` = 1501;
UPDATE `pool_pool` SET `description` = 'GO 181556,181569,181557 map=530' WHERE `pool_id` = 1595;
UPDATE `pool_pool` SET `description` = 'GO 181556,181569,181557 map=530' WHERE `pool_id` = 1961;
UPDATE `pool_pool` SET `description` = 'GO 181556,181569,181557 map=530' WHERE `pool_id` = 1443;
UPDATE `pool_pool` SET `description` = 'GO 181556,181569,181557 map=530' WHERE `pool_id` = 1533;
UPDATE `pool_pool` SET `description` = 'GO 181556,181569,181557 map=530' WHERE `pool_id` = 1639;
UPDATE `pool_pool` SET `description` = 'GO 181556,181569,181557 map=530' WHERE `pool_id` = 2065;
UPDATE `pool_pool` SET `description` = 'GO 181556,181569,181557 map=530' WHERE `pool_id` = 1475;
UPDATE `pool_pool` SET `description` = 'GO 181556,181569,181557 map=530' WHERE `pool_id` = 1565;
UPDATE `pool_pool` SET `description` = 'GO 181556,181569,181557 map=530' WHERE `pool_id` = 2175;
UPDATE `pool_pool` SET `description` = 'GO 181556,181569,181557 map=530' WHERE `pool_id` = 1379;
UPDATE `pool_pool` SET `description` = 'GO 181556,181569,181557 map=530' WHERE `pool_id` = 1399;
UPDATE `pool_pool` SET `description` = 'GO 181556,181569,181557 map=530' WHERE `pool_id` = 1502;
UPDATE `pool_pool` SET `description` = 'GO 181556,181569,181557 map=530' WHERE `pool_id` = 1596;
UPDATE `pool_pool` SET `description` = 'GO 181556,181569,181557 map=530' WHERE `pool_id` = 1962;
UPDATE `pool_pool` SET `description` = 'GO 181556,181569,181557 map=530' WHERE `pool_id` = 1444;
UPDATE `pool_pool` SET `description` = 'GO 181556,181569,181557 map=530' WHERE `pool_id` = 1534;
UPDATE `pool_pool` SET `description` = 'GO 181556,181569,181557 map=530' WHERE `pool_id` = 1640;
UPDATE `pool_pool` SET `description` = 'GO 181556,181569,181557 map=530' WHERE `pool_id` = 2066;
UPDATE `pool_pool` SET `description` = 'GO 181556,181569,181557 map=530' WHERE `pool_id` = 2240;
UPDATE `pool_pool` SET `description` = 'GO 181556,181569,181557 map=530' WHERE `pool_id` = 1476;
UPDATE `pool_pool` SET `description` = 'GO 181556,181569,181557 map=530' WHERE `pool_id` = 1566;
UPDATE `pool_pool` SET `description` = 'GO 181556,181569,181557 map=530' WHERE `pool_id` = 1774;
UPDATE `pool_pool` SET `description` = 'GO 181556,181569,181557 map=530' WHERE `pool_id` = 2176;
UPDATE `pool_pool` SET `description` = 'GO 181556,181569,181557 map=530' WHERE `pool_id` = 1380;
UPDATE `pool_pool` SET `description` = 'GO 181556,181569,181557 map=530' WHERE `pool_id` = 1400;
UPDATE `pool_pool` SET `description` = 'GO 181556,181569,181557 map=530' WHERE `pool_id` = 1503;
UPDATE `pool_pool` SET `description` = 'GO 181556,181569,181557 map=530' WHERE `pool_id` = 1597;
UPDATE `pool_pool` SET `description` = 'GO 181556,181569,181557 map=530' WHERE `pool_id` = 1963;
UPDATE `pool_pool` SET `description` = 'GO 181556,181569,181557 map=530' WHERE `pool_id` = 1445;
UPDATE `pool_pool` SET `description` = 'GO 181556,181569,181557 map=530' WHERE `pool_id` = 1535;
UPDATE `pool_pool` SET `description` = 'GO 181556,181569,181557 map=530' WHERE `pool_id` = 1641;
UPDATE `pool_pool` SET `description` = 'GO 181556,181569,181557 map=530' WHERE `pool_id` = 2067;
UPDATE `pool_pool` SET `description` = 'GO 181556,181569,181557 map=530' WHERE `pool_id` = 1477;
UPDATE `pool_pool` SET `description` = 'GO 181556,181569,181557 map=530' WHERE `pool_id` = 1567;
UPDATE `pool_pool` SET `description` = 'GO 181556,181569,181557 map=530' WHERE `pool_id` = 1775;
UPDATE `pool_pool` SET `description` = 'GO 181556,181569,181557 map=530' WHERE `pool_id` = 1381;
UPDATE `pool_pool` SET `description` = 'GO 181556,181569,181557 map=530' WHERE `pool_id` = 1401;
UPDATE `pool_pool` SET `description` = 'GO 181556,181569,181557 map=530' WHERE `pool_id` = 1402;
UPDATE `pool_pool` SET `description` = 'GO 181556,181569,181557 map=530' WHERE `pool_id` = 1504;
UPDATE `pool_pool` SET `description` = 'GO 181556,181569,181557 map=530' WHERE `pool_id` = 1598;
UPDATE `pool_pool` SET `description` = 'GO 181556,181569,181557 map=530' WHERE `pool_id` = 1964;
UPDATE `pool_pool` SET `description` = 'GO 181556,181569,181557 map=530' WHERE `pool_id` = 2210;
UPDATE `pool_pool` SET `description` = 'GO 181556,181569,181557 map=530' WHERE `pool_id` = 1446;
UPDATE `pool_pool` SET `description` = 'GO 181556,181569,181557 map=530' WHERE `pool_id` = 1536;
UPDATE `pool_pool` SET `description` = 'GO 181556,181569,181557 map=530' WHERE `pool_id` = 1642;
UPDATE `pool_pool` SET `description` = 'GO 181556,181569,181557 map=530' WHERE `pool_id` = 2068;
UPDATE `pool_pool` SET `description` = 'GO 181556,181569,181557 map=530' WHERE `pool_id` = 1478;
UPDATE `pool_pool` SET `description` = 'GO 181556,181569,181557 map=530' WHERE `pool_id` = 1568;
UPDATE `pool_pool` SET `description` = 'GO 181556,181569,181557 map=530' WHERE `pool_id` = 1776;
UPDATE `pool_pool` SET `description` = 'GO 181556,181569,181557 map=530' WHERE `pool_id` = 1382;
UPDATE `pool_pool` SET `description` = 'GO 181556,181569,181557 map=530' WHERE `pool_id` = 1403;
UPDATE `pool_pool` SET `description` = 'GO 181556,181569,181557 map=530' WHERE `pool_id` = 1505;
UPDATE `pool_pool` SET `description` = 'GO 181556,181569,181557 map=530' WHERE `pool_id` = 1599;
UPDATE `pool_pool` SET `description` = 'GO 181556,181569,181557 map=530' WHERE `pool_id` = 1965;
UPDATE `pool_pool` SET `description` = 'GO 181556,181569,181557 map=530' WHERE `pool_id` = 1447;
UPDATE `pool_pool` SET `description` = 'GO 181556,181569,181557 map=530' WHERE `pool_id` = 1537;
UPDATE `pool_pool` SET `description` = 'GO 181556,181569,181557 map=530' WHERE `pool_id` = 1683;
UPDATE `pool_pool` SET `description` = 'GO 181556,181569,181557 map=530' WHERE `pool_id` = 1349;
UPDATE `pool_pool` SET `description` = 'GO 181556,181569,181557 map=530' WHERE `pool_id` = 2069;
UPDATE `pool_pool` SET `description` = 'GO 181556,181569,181557 map=530' WHERE `pool_id` = 1479;
UPDATE `pool_pool` SET `description` = 'GO 181556,181569,181557 map=530' WHERE `pool_id` = 1569;
UPDATE `pool_pool` SET `description` = 'GO 181556,181569,181557 map=530' WHERE `pool_id` = 1777;
UPDATE `pool_pool` SET `description` = 'GO 181556,181569,181557 map=530' WHERE `pool_id` = 2179;
UPDATE `pool_pool` SET `description` = 'GO 181556,181569,181557 map=530' WHERE `pool_id` = 1383;
UPDATE `pool_pool` SET `description` = 'GO 181556,181569,181557 map=530' WHERE `pool_id` = 1384;
UPDATE `pool_pool` SET `description` = 'GO 181556,181569,181557 map=530' WHERE `pool_id` = 1404;
UPDATE `pool_pool` SET `description` = 'GO 181556,181569,181557 map=530' WHERE `pool_id` = 1506;
UPDATE `pool_pool` SET `description` = 'GO 181556,181569,181557 map=530' WHERE `pool_id` = 1600;
UPDATE `pool_pool` SET `description` = 'GO 181556,181569,181557 map=530' WHERE `pool_id` = 1966;
UPDATE `pool_pool` SET `description` = 'GO 181556,181569,181557 map=530' WHERE `pool_id` = 1448;
UPDATE `pool_pool` SET `description` = 'GO 181556,181569,181557 map=530' WHERE `pool_id` = 1538;
UPDATE `pool_pool` SET `description` = 'GO 181556,181569,181557 map=530' WHERE `pool_id` = 1684;
UPDATE `pool_pool` SET `description` = 'GO 181556,181569,181557 map=530' WHERE `pool_id` = 2070;
UPDATE `pool_pool` SET `description` = 'GO 181556,181569,181557 map=530' WHERE `pool_id` = 1480;
UPDATE `pool_pool` SET `description` = 'GO 181556,181569,181557 map=530' WHERE `pool_id` = 1778;
UPDATE `pool_pool` SET `description` = 'GO 181556,181569,181557 map=530' WHERE `pool_id` = 2180;
UPDATE `pool_pool` SET `description` = 'GO 181556,181569,181557 map=530' WHERE `pool_id` = 1385;
UPDATE `pool_pool` SET `description` = 'GO 181556,181569,181557 map=530' WHERE `pool_id` = 1405;
UPDATE `pool_pool` SET `description` = 'GO 181556,181569,181557 map=530' WHERE `pool_id` = 1507;
UPDATE `pool_pool` SET `description` = 'GO 181556,181569,181557 map=530' WHERE `pool_id` = 1601;
UPDATE `pool_pool` SET `description` = 'GO 181556,181569,181557 map=530' WHERE `pool_id` = 1979;
UPDATE `pool_pool` SET `description` = 'GO 181556,181569,181557 map=530' WHERE `pool_id` = 1449;
UPDATE `pool_pool` SET `description` = 'GO 181556,181569,181557 map=530' WHERE `pool_id` = 1539;
UPDATE `pool_pool` SET `description` = 'GO 181556,181569,181557 map=530' WHERE `pool_id` = 1685;
UPDATE `pool_pool` SET `description` = 'GO 181556,181569,181557 map=530' WHERE `pool_id` = 2095;
UPDATE `pool_pool` SET `description` = 'GO 181556,181569,181557 map=530' WHERE `pool_id` = 1481;
UPDATE `pool_pool` SET `description` = 'GO 181556,181569,181557 map=530' WHERE `pool_id` = 1791;
UPDATE `pool_pool` SET `description` = 'GO 181556,181569,181557 map=530' WHERE `pool_id` = 1386;
UPDATE `pool_pool` SET `description` = 'GO 181556,181569,181557 map=530' WHERE `pool_id` = 1406;
UPDATE `pool_pool` SET `description` = 'GO 181556,181569,181557 map=530' WHERE `pool_id` = 1508;
UPDATE `pool_pool` SET `description` = 'GO 181556,181569,181557 map=530' WHERE `pool_id` = 1602;
UPDATE `pool_pool` SET `description` = 'GO 181556,181569,181557 map=530' WHERE `pool_id` = 1980;
UPDATE `pool_pool` SET `description` = 'GO 181556,181569,181557 map=530' WHERE `pool_id` = 1450;
UPDATE `pool_pool` SET `description` = 'GO 181556,181569,181557 map=530' WHERE `pool_id` = 1540;
UPDATE `pool_pool` SET `description` = 'GO 181556,181569,181557 map=530' WHERE `pool_id` = 1686;
UPDATE `pool_pool` SET `description` = 'GO 181556,181569,181557 map=530' WHERE `pool_id` = 2096;
UPDATE `pool_pool` SET `description` = 'GO 181556,181569,181557 map=530' WHERE `pool_id` = 1482;
UPDATE `pool_pool` SET `description` = 'GO 181556,181569,181557 map=530' WHERE `pool_id` = 1792;
UPDATE `pool_pool` SET `description` = 'GO 181556,181569,181557 map=530' WHERE `pool_id` = 2182;
UPDATE `pool_pool` SET `description` = 'GO 181556,181569,181557 map=530' WHERE `pool_id` = 1387;
UPDATE `pool_pool` SET `description` = 'GO 181556,181569,181557 map=530' WHERE `pool_id` = 1407;
UPDATE `pool_pool` SET `description` = 'GO 181556,181569,181557 map=530' WHERE `pool_id` = 1509;
UPDATE `pool_pool` SET `description` = 'GO 181556,181569,181557 map=530' WHERE `pool_id` = 1603;
UPDATE `pool_pool` SET `description` = 'GO 181556,181569,181557 map=530' WHERE `pool_id` = 1981;
UPDATE `pool_pool` SET `description` = 'GO 181556,181569,181557 map=530' WHERE `pool_id` = 1451;
UPDATE `pool_pool` SET `description` = 'GO 181556,181569,181557 map=530' WHERE `pool_id` = 1541;
UPDATE `pool_pool` SET `description` = 'GO 181556,181569,181557 map=530' WHERE `pool_id` = 1687;
UPDATE `pool_pool` SET `description` = 'GO 181556,181569,181557 map=530' WHERE `pool_id` = 2097;
UPDATE `pool_pool` SET `description` = 'GO 181556,181569,181557 map=530' WHERE `pool_id` = 1483;
UPDATE `pool_pool` SET `description` = 'GO 181556,181569,181557 map=530' WHERE `pool_id` = 1793;
UPDATE `pool_pool` SET `description` = 'GO 181556,181569,181557 map=530' WHERE `pool_id` = 2183;
UPDATE `pool_pool` SET `description` = 'GO 181556,181569,181557 map=530' WHERE `pool_id` = 2184;
UPDATE `pool_pool` SET `description` = 'GO 181556,181569,181557 map=530' WHERE `pool_id` = 1388;
UPDATE `pool_pool` SET `description` = 'GO 181556,181569,181557 map=530' WHERE `pool_id` = 1408;
UPDATE `pool_pool` SET `description` = 'GO 181556,181569,181557 map=530' WHERE `pool_id` = 1510;
UPDATE `pool_pool` SET `description` = 'GO 181556,181569,181557 map=530' WHERE `pool_id` = 1604;
UPDATE `pool_pool` SET `description` = 'GO 181556,181569,181557 map=530' WHERE `pool_id` = 1982;
UPDATE `pool_pool` SET `description` = 'GO 181556,181569,181557 map=530' WHERE `pool_id` = 1452;
UPDATE `pool_pool` SET `description` = 'GO 181556,181569,181557 map=530' WHERE `pool_id` = 1542;
UPDATE `pool_pool` SET `description` = 'GO 181556,181569,181557 map=530' WHERE `pool_id` = 1688;
UPDATE `pool_pool` SET `description` = 'GO 181556,181569,181557 map=530' WHERE `pool_id` = 2098;
UPDATE `pool_pool` SET `description` = 'GO 181556,181569,181557 map=530' WHERE `pool_id` = 1484;
UPDATE `pool_pool` SET `description` = 'GO 181556,181569,181557 map=530' WHERE `pool_id` = 1794;
UPDATE `pool_pool` SET `description` = 'GO 181556,181569,181557 map=530' WHERE `pool_id` = 1389;
UPDATE `pool_pool` SET `description` = 'GO 181556,181569,181557 map=530' WHERE `pool_id` = 1409;
UPDATE `pool_pool` SET `description` = 'GO 181556,181569,181557 map=530' WHERE `pool_id` = 1511;
UPDATE `pool_pool` SET `description` = 'GO 181556,181569,181557 map=530' WHERE `pool_id` = 1605;
UPDATE `pool_pool` SET `description` = 'GO 181556,181569,181557 map=530' WHERE `pool_id` = 1987;
UPDATE `pool_pool` SET `description` = 'GO 181556,181569,181557 map=530' WHERE `pool_id` = 2217;
UPDATE `pool_pool` SET `description` = 'GO 181556,181569,181557 map=530' WHERE `pool_id` = 1453;
UPDATE `pool_pool` SET `description` = 'GO 181556,181569,181557 map=530' WHERE `pool_id` = 1543;
UPDATE `pool_pool` SET `description` = 'GO 181556,181569,181557 map=530' WHERE `pool_id` = 1689;
UPDATE `pool_pool` SET `description` = 'GO 181556,181569,181557 map=530' WHERE `pool_id` = 2115;
UPDATE `pool_pool` SET `description` = 'GO 181556,181569,181557 map=530' WHERE `pool_id` = 1485;
UPDATE `pool_pool` SET `description` = 'GO 181556,181569,181557 map=530' WHERE `pool_id` = 1815;
UPDATE `pool_pool` SET `description` = 'GO 181556,181569,181557 map=530' WHERE `pool_id` = 2186;
UPDATE `pool_pool` SET `description` = 'GO 181556,181569,181557 map=530' WHERE `pool_id` = 1390;
UPDATE `pool_pool` SET `description` = 'GO 181556,181569,181557 map=530' WHERE `pool_id` = 1410;
UPDATE `pool_pool` SET `description` = 'GO 181556,181569,181557 map=530' WHERE `pool_id` = 1512;
UPDATE `pool_pool` SET `description` = 'GO 181556,181569,181557 map=530' WHERE `pool_id` = 1606;
UPDATE `pool_pool` SET `description` = 'GO 181556,181569,181557 map=530' WHERE `pool_id` = 1988;
UPDATE `pool_pool` SET `description` = 'GO 181556,181569,181557 map=530' WHERE `pool_id` = 1454;
UPDATE `pool_pool` SET `description` = 'GO 181556,181569,181557 map=530' WHERE `pool_id` = 1544;
UPDATE `pool_pool` SET `description` = 'GO 181556,181569,181557 map=530' WHERE `pool_id` = 1690;
UPDATE `pool_pool` SET `description` = 'GO 181556,181569,181557 map=530' WHERE `pool_id` = 2116;
UPDATE `pool_pool` SET `description` = 'GO 181556,181569,181557 map=530' WHERE `pool_id` = 1486;
UPDATE `pool_pool` SET `description` = 'GO 181556,181569,181557 map=530' WHERE `pool_id` = 1570;
UPDATE `pool_pool` SET `description` = 'GO 181556,181569,181557 map=530' WHERE `pool_id` = 1816;
UPDATE `pool_pool` SET `description` = 'GO 181556,181569,181557 map=530' WHERE `pool_id` = 1391;
UPDATE `pool_pool` SET `description` = 'GO 181556,181569,181557 map=530' WHERE `pool_id` = 1411;
UPDATE `pool_pool` SET `description` = 'GO 181556,181569,181557 map=530' WHERE `pool_id` = 1513;
UPDATE `pool_pool` SET `description` = 'GO 181556,181569,181557 map=530' WHERE `pool_id` = 1607;
UPDATE `pool_pool` SET `description` = 'GO 181556,181569,181557 map=530' WHERE `pool_id` = 1989;
UPDATE `pool_pool` SET `description` = 'GO 181556,181569,181557 map=530' WHERE `pool_id` = 2219;
UPDATE `pool_pool` SET `description` = 'GO 181556,181569,181557 map=530' WHERE `pool_id` = 1455;
UPDATE `pool_pool` SET `description` = 'GO 181556,181569,181557 map=530' WHERE `pool_id` = 1545;
UPDATE `pool_pool` SET `description` = 'GO 181556,181569,181557 map=530' WHERE `pool_id` = 1703;
UPDATE `pool_pool` SET `description` = 'GO 181556,181569,181557 map=530' WHERE `pool_id` = 2117;
UPDATE `pool_pool` SET `description` = 'GO 181556,181569,181557 map=530' WHERE `pool_id` = 1487;
UPDATE `pool_pool` SET `description` = 'GO 181556,181569,181557 map=530' WHERE `pool_id` = 1571;
UPDATE `pool_pool` SET `description` = 'GO 181556,181569,181557 map=530' WHERE `pool_id` = 1817;
UPDATE `pool_pool` SET `description` = 'GO 181556,181569,181557 map=530' WHERE `pool_id` = 2188;
UPDATE `pool_pool` SET `description` = 'GO 181556,181569,181557 map=530' WHERE `pool_id` = 1392;
UPDATE `pool_pool` SET `description` = 'GO 181556,181569,181557 map=530' WHERE `pool_id` = 1412;
UPDATE `pool_pool` SET `description` = 'GO 181556,181569,181557 map=530' WHERE `pool_id` = 1514;
UPDATE `pool_pool` SET `description` = 'GO 181556,181569,181557 map=530' WHERE `pool_id` = 1608;
UPDATE `pool_pool` SET `description` = 'GO 181556,181569,181557 map=530' WHERE `pool_id` = 1990;
UPDATE `pool_pool` SET `description` = 'GO 181556,181569,181557 map=530' WHERE `pool_id` = 2220;
UPDATE `pool_pool` SET `description` = 'GO 181556,181569,181557 map=530' WHERE `pool_id` = 1456;
UPDATE `pool_pool` SET `description` = 'GO 181556,181569,181557 map=530' WHERE `pool_id` = 1546;
UPDATE `pool_pool` SET `description` = 'GO 181556,181569,181557 map=530' WHERE `pool_id` = 1704;
UPDATE `pool_pool` SET `description` = 'GO 181556,181569,181557 map=530' WHERE `pool_id` = 2118;
UPDATE `pool_pool` SET `description` = 'GO 181556,181569,181557 map=530' WHERE `pool_id` = 1488;
UPDATE `pool_pool` SET `description` = 'GO 181556,181569,181557 map=530' WHERE `pool_id` = 1572;
UPDATE `pool_pool` SET `description` = 'GO 181556,181569,181557 map=530' WHERE `pool_id` = 1818;
UPDATE `pool_pool` SET `description` = 'GO 181556,181569,181557 map=530' WHERE `pool_id` = 2189;
UPDATE `pool_pool` SET `description` = 'GO 181556,181569,181557 map=530' WHERE `pool_id` = 1393;
UPDATE `pool_pool` SET `description` = 'GO 181556,181569,181557 map=530' WHERE `pool_id` = 1413;
UPDATE `pool_pool` SET `description` = 'GO 181556,181569,181557 map=530' WHERE `pool_id` = 1515;
UPDATE `pool_pool` SET `description` = 'GO 181556,181569,181557 map=530' WHERE `pool_id` = 1609;
UPDATE `pool_pool` SET `description` = 'GO 181556,181569,181557 map=530' WHERE `pool_id` = 2003;
UPDATE `pool_pool` SET `description` = 'GO 181556,181569,181557 map=530' WHERE `pool_id` = 2221;
UPDATE `pool_pool` SET `description` = 'GO 181556,181569,181557 map=530' WHERE `pool_id` = 1457;
UPDATE `pool_pool` SET `description` = 'GO 181556,181569,181557 map=530' WHERE `pool_id` = 1547;
UPDATE `pool_pool` SET `description` = 'GO 181556,181569,181557 map=530' WHERE `pool_id` = 1705;
UPDATE `pool_pool` SET `description` = 'GO 181556,181569,181557 map=530' WHERE `pool_id` = 2155;
UPDATE `pool_pool` SET `description` = 'GO 181556,181569,181557 map=530' WHERE `pool_id` = 1489;
UPDATE `pool_pool` SET `description` = 'GO 181556,181569,181557 map=530' WHERE `pool_id` = 1573;
UPDATE `pool_pool` SET `description` = 'GO 181556,181569,181557 map=530' WHERE `pool_id` = 1831;
UPDATE `pool_pool` SET `description` = 'GO 181556,181569,181557 map=530' WHERE `pool_id` = 1394;
UPDATE `pool_pool` SET `description` = 'GO 181556,181569,181557 map=530' WHERE `pool_id` = 1414;
UPDATE `pool_pool` SET `description` = 'GO 181556,181569,181557 map=530' WHERE `pool_id` = 1516;
UPDATE `pool_pool` SET `description` = 'GO 181556,181569,181557 map=530' WHERE `pool_id` = 1610;
UPDATE `pool_pool` SET `description` = 'GO 181556,181569,181557 map=530' WHERE `pool_id` = 2004;
UPDATE `pool_pool` SET `description` = 'GO 181556,181569,181557 map=530' WHERE `pool_id` = 1458;
UPDATE `pool_pool` SET `description` = 'GO 181556,181569,181557 map=530' WHERE `pool_id` = 1548;
UPDATE `pool_pool` SET `description` = 'GO 181556,181569,181557 map=530' WHERE `pool_id` = 1706;
UPDATE `pool_pool` SET `description` = 'GO 181556,181569,181557 map=530' WHERE `pool_id` = 2156;
UPDATE `pool_pool` SET `description` = 'GO 181556,181569,181557 map=530' WHERE `pool_id` = 2248;
UPDATE `pool_pool` SET `description` = 'GO 181556,181569,181557 map=530' WHERE `pool_id` = 1574;
UPDATE `pool_pool` SET `description` = 'GO 181556,181569,181557 map=530' WHERE `pool_id` = 1832;
UPDATE `pool_pool` SET `description` = 'GO 181556,181569,181557 map=530' WHERE `pool_id` = 1833;
UPDATE `pool_pool` SET `description` = 'GO 181556,181569,181557 map=530' WHERE `pool_id` = 2191;
UPDATE `pool_pool` SET `description` = 'GO 181556,181569,181557 map=530' WHERE `pool_id` = 1395;
UPDATE `pool_pool` SET `description` = 'GO 181556,181569,181557 map=530' WHERE `pool_id` = 1427;
UPDATE `pool_pool` SET `description` = 'GO 181556,181569,181557 map=530' WHERE `pool_id` = 1517;
UPDATE `pool_pool` SET `description` = 'GO 181556,181569,181557 map=530' WHERE `pool_id` = 1611;
UPDATE `pool_pool` SET `description` = 'GO 181556,181569,181557 map=530' WHERE `pool_id` = 2005;
UPDATE `pool_pool` SET `description` = 'GO 181556,181569,181557 map=530' WHERE `pool_id` = 1459;
UPDATE `pool_pool` SET `description` = 'GO 181556,181569,181557 map=530' WHERE `pool_id` = 1549;
UPDATE `pool_pool` SET `description` = 'GO 181556,181569,181557 map=530' WHERE `pool_id` = 1711;
UPDATE `pool_pool` SET `description` = 'GO 181556,181569,181557 map=530' WHERE `pool_id` = 2157;
UPDATE `pool_pool` SET `description` = 'GO 181556,181569,181557 map=530' WHERE `pool_id` = 1575;
UPDATE `pool_pool` SET `description` = 'GO 181556,181569,181557 map=530' WHERE `pool_id` = 1834;
UPDATE `pool_pool` SET `description` = 'GO 181556,181569,181557 map=530' WHERE `pool_id` = 2192;
UPDATE `pool_pool` SET `description` = 'GO 181556,181569,181557 map=530' WHERE `pool_id` = 1396;
UPDATE `pool_pool` SET `description` = 'GO 181556,181569,181557 map=530' WHERE `pool_id` = 1428;
UPDATE `pool_pool` SET `description` = 'GO 181556,181569,181557 map=530' WHERE `pool_id` = 1518;
UPDATE `pool_pool` SET `description` = 'GO 181556,181569,181557 map=530' WHERE `pool_id` = 1612;
UPDATE `pool_pool` SET `description` = 'GO 181556,181569,181557 map=530' WHERE `pool_id` = 2006;
UPDATE `pool_pool` SET `description` = 'GO 181556,181569,181557 map=530' WHERE `pool_id` = 2224;
UPDATE `pool_pool` SET `description` = 'GO 181556,181569,181557 map=530' WHERE `pool_id` = 1460;
UPDATE `pool_pool` SET `description` = 'GO 181556,181569,181557 map=530' WHERE `pool_id` = 1550;
UPDATE `pool_pool` SET `description` = 'GO 181556,181569,181557 map=530' WHERE `pool_id` = 1712;
UPDATE `pool_pool` SET `description` = 'GO 181556,181569,181557 map=530' WHERE `pool_id` = 1363;
UPDATE `pool_pool` SET `description` = 'GO 181556,181569,181557 map=530' WHERE `pool_id` = 1576;
UPDATE `pool_pool` SET `description` = 'GO 181556,181569,181557 map=530' WHERE `pool_id` = 1939;
UPDATE `pool_pool` SET `description` = 'GO 181556,181569,181557 map=530' WHERE `pool_id` = 1397;
UPDATE `pool_pool` SET `description` = 'GO 181556,181569,181557 map=530' WHERE `pool_id` = 1429;
UPDATE `pool_pool` SET `description` = 'GO 181556,181569,181557 map=530' WHERE `pool_id` = 1519;
UPDATE `pool_pool` SET `description` = 'GO 181556,181569,181557 map=530' WHERE `pool_id` = 1613;
UPDATE `pool_pool` SET `description` = 'GO 181556,181569,181557 map=530' WHERE `pool_id` = 2011;
UPDATE `pool_pool` SET `description` = 'GO 181556,181569,181557 map=530' WHERE `pool_id` = 1461;
UPDATE `pool_pool` SET `description` = 'GO 181556,181569,181557 map=530' WHERE `pool_id` = 1551;
UPDATE `pool_pool` SET `description` = 'GO 181556,181569,181557 map=530' WHERE `pool_id` = 1713;
UPDATE `pool_pool` SET `description` = 'GO 181556,181569,181557 map=530' WHERE `pool_id` = 1365;
UPDATE `pool_pool` SET `description` = 'GO 181556,181569,181557 map=530' WHERE `pool_id` = 1577;
UPDATE `pool_pool` SET `description` = 'GO 181556,181569,181557 map=530' WHERE `pool_id` = 1940;
UPDATE `pool_pool` SET `description` = 'GO 181556,181569,181557 map=530' WHERE `pool_id` = 2194;
UPDATE `pool_pool` SET `description` = 'GO 181556,181569,181557 map=530' WHERE `pool_id` = 1430;
UPDATE `pool_pool` SET `description` = 'GO 181556,181569,181557 map=530' WHERE `pool_id` = 1520;
UPDATE `pool_pool` SET `description` = 'GO 181556,181569,181557 map=530' WHERE `pool_id` = 1614;
UPDATE `pool_pool` SET `description` = 'GO 181556,181569,181557 map=530' WHERE `pool_id` = 2012;
UPDATE `pool_pool` SET `description` = 'GO 181556,181569,181557 map=530' WHERE `pool_id` = 1462;
UPDATE `pool_pool` SET `description` = 'GO 181556,181569,181557 map=530' WHERE `pool_id` = 1552;
UPDATE `pool_pool` SET `description` = 'GO 181556,181569,181557 map=530' WHERE `pool_id` = 1714;
UPDATE `pool_pool` SET `description` = 'GO 181556,181569,181557 map=530' WHERE `pool_id` = 1366;
UPDATE `pool_pool` SET `description` = 'GO 181556,181569,181557 map=530' WHERE `pool_id` = 2252;
UPDATE `pool_pool` SET `description` = 'GO 181556,181569,181557 map=530' WHERE `pool_id` = 1578;
UPDATE `pool_pool` SET `description` = 'GO 181556,181569,181557 map=530' WHERE `pool_id` = 1941;
UPDATE `pool_pool` SET `description` = 'GO 181556,181569,181557 map=530' WHERE `pool_id` = 2195;
UPDATE `pool_pool` SET `description` = 'GO 181556,181569,181557 map=530' WHERE `pool_id` = 1431;
UPDATE `pool_pool` SET `description` = 'GO 181556,181569,181557 map=530' WHERE `pool_id` = 1521;
UPDATE `pool_pool` SET `description` = 'GO 181556,181569,181557 map=530' WHERE `pool_id` = 1615;
UPDATE `pool_pool` SET `description` = 'GO 181556,181569,181557 map=530' WHERE `pool_id` = 2013;
UPDATE `pool_pool` SET `description` = 'GO 181556,181569,181557 map=530' WHERE `pool_id` = 1463;
UPDATE `pool_pool` SET `description` = 'GO 181556,181569,181557 map=530' WHERE `pool_id` = 1553;
UPDATE `pool_pool` SET `description` = 'GO 181556,181569,181557 map=530' WHERE `pool_id` = 1743;
UPDATE `pool_pool` SET `description` = 'GO 181556,181569,181557 map=530' WHERE `pool_id` = 1367;
UPDATE `pool_pool` SET `description` = 'GO 181556,181569,181557 map=530' WHERE `pool_id` = 1579;
UPDATE `pool_pool` SET `description` = 'GO 181556,181569,181557 map=530' WHERE `pool_id` = 1942;
UPDATE `pool_pool` SET `description` = 'GO 181556,181569,181557 map=530' WHERE `pool_id` = 2196;
UPDATE `pool_pool` SET `description` = 'GO 181556,181569,181557 map=530' WHERE `pool_id` = 1432;
UPDATE `pool_pool` SET `description` = 'GO 181556,181569,181557 map=530' WHERE `pool_id` = 1522;
UPDATE `pool_pool` SET `description` = 'GO 181556,181569,181557 map=530' WHERE `pool_id` = 1616;
UPDATE `pool_pool` SET `description` = 'GO 181556,181569,181557 map=530' WHERE `pool_id` = 2014;
UPDATE `pool_pool` SET `description` = 'GO 181556,181569,181557 map=530' WHERE `pool_id` = 2228;
UPDATE `pool_pool` SET `description` = 'GO 181556,181569,181557 map=530' WHERE `pool_id` = 1464;
UPDATE `pool_pool` SET `description` = 'GO 181556,181569,181557 map=530' WHERE `pool_id` = 1554;
UPDATE `pool_pool` SET `description` = 'GO 181556,181569,181557 map=530' WHERE `pool_id` = 1744;
UPDATE `pool_pool` SET `description` = 'GO 181556,181569,181557 map=530' WHERE `pool_id` = 1368;
UPDATE `pool_pool` SET `description` = 'GO 181556,181569,181557 map=530' WHERE `pool_id` = 1490;
UPDATE `pool_pool` SET `description` = 'GO 181556,181569,181557 map=530' WHERE `pool_id` = 1580;
UPDATE `pool_pool` SET `description` = 'GO 181556,181569,181557 map=530' WHERE `pool_id` = 1947;
UPDATE `pool_pool` SET `description` = 'GO 181556,181569,181557 map=530' WHERE `pool_id` = 1433;
UPDATE `pool_pool` SET `description` = 'GO 181556,181569,181557 map=530' WHERE `pool_id` = 1523;
UPDATE `pool_pool` SET `description` = 'GO 181556,181569,181557 map=530' WHERE `pool_id` = 1617;
UPDATE `pool_pool` SET `description` = 'GO 181556,181569,181557 map=530' WHERE `pool_id` = 2027;
UPDATE `pool_pool` SET `description` = 'GO 181556,181569,181557 map=530' WHERE `pool_id` = 2229;
UPDATE `pool_pool` SET `description` = 'GO 181556,181569,181557 map=530' WHERE `pool_id` = 1465;
UPDATE `pool_pool` SET `description` = 'GO 181556,181569,181557 map=530' WHERE `pool_id` = 1555;
UPDATE `pool_pool` SET `description` = 'GO 181556,181569,181557 map=530' WHERE `pool_id` = 1745;
UPDATE `pool_pool` SET `description` = 'GO 181556,181569,181557 map=530' WHERE `pool_id` = 1369;
UPDATE `pool_pool` SET `description` = 'GO 181556,181569,181557 map=530' WHERE `pool_id` = 2255;
UPDATE `pool_pool` SET `description` = 'GO 181556,181569,181557 map=530' WHERE `pool_id` = 1491;
UPDATE `pool_pool` SET `description` = 'GO 181556,181569,181557 map=530' WHERE `pool_id` = 1581;
UPDATE `pool_pool` SET `description` = 'GO 181556,181569,181557 map=530' WHERE `pool_id` = 1582;
UPDATE `pool_pool` SET `description` = 'GO 181556,181569,181557 map=530' WHERE `pool_id` = 1948;
UPDATE `pool_pool` SET `description` = 'GO 181556,181569,181557 map=530' WHERE `pool_id` = 2198;
UPDATE `pool_pool` SET `description` = 'GO 181556,181569,181557 map=530' WHERE `pool_id` = 1434;
UPDATE `pool_pool` SET `description` = 'GO 181556,181569,181557 map=530' WHERE `pool_id` = 1524;
UPDATE `pool_pool` SET `description` = 'GO 181556,181569,181557 map=530' WHERE `pool_id` = 1618;
UPDATE `pool_pool` SET `description` = 'GO 181556,181569,181557 map=530' WHERE `pool_id` = 2028;
UPDATE `pool_pool` SET `description` = 'GO 181556,181569,181557 map=530' WHERE `pool_id` = 1466;
UPDATE `pool_pool` SET `description` = 'GO 181556,181569,181557 map=530' WHERE `pool_id` = 1556;
UPDATE `pool_pool` SET `description` = 'GO 181556,181569,181557 map=530' WHERE `pool_id` = 1746;
UPDATE `pool_pool` SET `description` = 'GO 181556,181569,181557 map=530' WHERE `pool_id` = 2158;
UPDATE `pool_pool` SET `description` = 'GO 181556,181569,181557 map=530' WHERE `pool_id` = 1370;
UPDATE `pool_pool` SET `description` = 'GO 181556,181569,181557 map=530' WHERE `pool_id` = 1492;
UPDATE `pool_pool` SET `description` = 'GO 181556,181569,181557 map=530' WHERE `pool_id` = 1583;
UPDATE `pool_pool` SET `description` = 'GO 181556,181569,181557 map=530' WHERE `pool_id` = 1949;
UPDATE `pool_pool` SET `description` = 'GO 181556,181569,181557 map=530' WHERE `pool_id` = 1435;
UPDATE `pool_pool` SET `description` = 'GO 181556,181569,181557 map=530' WHERE `pool_id` = 1525;
UPDATE `pool_pool` SET `description` = 'GO 181556,181569,181557 map=530' WHERE `pool_id` = 1627;
UPDATE `pool_pool` SET `description` = 'GO 181556,181569,181557 map=530' WHERE `pool_id` = 2029;
UPDATE `pool_pool` SET `description` = 'GO 181556,181569,181557 map=530' WHERE `pool_id` = 1467;
UPDATE `pool_pool` SET `description` = 'GO 181556,181569,181557 map=530' WHERE `pool_id` = 1557;
UPDATE `pool_pool` SET `description` = 'GO 181556,181569,181557 map=530' WHERE `pool_id` = 1771;
UPDATE `pool_pool` SET `description` = 'GO 181556,181569,181557 map=530' WHERE `pool_id` = 2163;
UPDATE `pool_pool` SET `description` = 'GO 181556,181569,181557 map=530' WHERE `pool_id` = 1371;
UPDATE `pool_pool` SET `description` = 'GO 181556,181569,181557 map=530' WHERE `pool_id` = 1493;
UPDATE `pool_pool` SET `description` = 'GO 189978,189979 map=571' WHERE `pool_id` = 3214;
UPDATE `pool_pool` SET `description` = 'GO 189978,189979 map=571' WHERE `pool_id` = 2886;
UPDATE `pool_pool` SET `description` = 'GO 189978,189979 map=571' WHERE `pool_id` = 3304;
UPDATE `pool_pool` SET `description` = 'GO 189978,189979 map=571' WHERE `pool_id` = 2976;
UPDATE `pool_pool` SET `description` = 'GO 189978,189979 map=571' WHERE `pool_id` = 3394;
UPDATE `pool_pool` SET `description` = 'GO 189978,189979 map=571' WHERE `pool_id` = 3066;
UPDATE `pool_pool` SET `description` = 'GO 189978,189979 map=571' WHERE `pool_id` = 3156;
UPDATE `pool_pool` SET `description` = 'GO 189978,189979 map=571' WHERE `pool_id` = 3246;
UPDATE `pool_pool` SET `description` = 'GO 189978,189979 map=571' WHERE `pool_id` = 2918;
UPDATE `pool_pool` SET `description` = 'GO 189978,189979 map=571' WHERE `pool_id` = 3336;
UPDATE `pool_pool` SET `description` = 'GO 189978,189979 map=571' WHERE `pool_id` = 3008;
UPDATE `pool_pool` SET `description` = 'GO 189978,189979 map=571' WHERE `pool_id` = 3098;
UPDATE `pool_pool` SET `description` = 'GO 189978,189979 map=571' WHERE `pool_id` = 3272;
UPDATE `pool_pool` SET `description` = 'GO 189978,189979 map=571' WHERE `pool_id` = 3362;
UPDATE `pool_pool` SET `description` = 'GO 189978,189979 map=571' WHERE `pool_id` = 3034;
UPDATE `pool_pool` SET `description` = 'GO 189978,189979 map=571' WHERE `pool_id` = 3124;
UPDATE `pool_pool` SET `description` = 'GO 189978,189979 map=571' WHERE `pool_id` = 3452;
UPDATE `pool_pool` SET `description` = 'GO 189978,189979 map=571' WHERE `pool_id` = 3453;
UPDATE `pool_pool` SET `description` = 'GO 189978,189979 map=571' WHERE `pool_id` = 3215;
UPDATE `pool_pool` SET `description` = 'GO 189978,189979 map=571' WHERE `pool_id` = 2887;
UPDATE `pool_pool` SET `description` = 'GO 189978,189979 map=571' WHERE `pool_id` = 3305;
UPDATE `pool_pool` SET `description` = 'GO 189978,189979 map=571' WHERE `pool_id` = 2977;
UPDATE `pool_pool` SET `description` = 'GO 189978,189979 map=571' WHERE `pool_id` = 3395;
UPDATE `pool_pool` SET `description` = 'GO 189978,189979 map=571' WHERE `pool_id` = 3067;
UPDATE `pool_pool` SET `description` = 'GO 189978,189979 map=571' WHERE `pool_id` = 3157;
UPDATE `pool_pool` SET `description` = 'GO 189978,189979 map=571' WHERE `pool_id` = 3247;
UPDATE `pool_pool` SET `description` = 'GO 189978,189979 map=571' WHERE `pool_id` = 2919;
UPDATE `pool_pool` SET `description` = 'GO 189978,189979 map=571' WHERE `pool_id` = 3337;
UPDATE `pool_pool` SET `description` = 'GO 189978,189979 map=571' WHERE `pool_id` = 3009;
UPDATE `pool_pool` SET `description` = 'GO 189978,189979 map=571' WHERE `pool_id` = 3099;
UPDATE `pool_pool` SET `description` = 'GO 189978,189979 map=571' WHERE `pool_id` = 3273;
UPDATE `pool_pool` SET `description` = 'GO 189978,189979 map=571' WHERE `pool_id` = 3363;
UPDATE `pool_pool` SET `description` = 'GO 189978,189979 map=571' WHERE `pool_id` = 3035;
UPDATE `pool_pool` SET `description` = 'GO 189978,189979 map=571' WHERE `pool_id` = 3125;
UPDATE `pool_pool` SET `description` = 'GO 189978,189979 map=571' WHERE `pool_id` = 3454;
UPDATE `pool_pool` SET `description` = 'GO 189978,189979 map=571' WHERE `pool_id` = 3216;
UPDATE `pool_pool` SET `description` = 'GO 189978,189979 map=571' WHERE `pool_id` = 2888;
UPDATE `pool_pool` SET `description` = 'GO 189978,189979 map=571' WHERE `pool_id` = 3306;
UPDATE `pool_pool` SET `description` = 'GO 189978,189979 map=571' WHERE `pool_id` = 2978;
UPDATE `pool_pool` SET `description` = 'GO 189978,189979 map=571' WHERE `pool_id` = 3396;
UPDATE `pool_pool` SET `description` = 'GO 189978,189979 map=571' WHERE `pool_id` = 3068;
UPDATE `pool_pool` SET `description` = 'GO 189978,189979 map=571' WHERE `pool_id` = 3158;
UPDATE `pool_pool` SET `description` = 'GO 189978,189979 map=571' WHERE `pool_id` = 3248;
UPDATE `pool_pool` SET `description` = 'GO 189978,189979 map=571' WHERE `pool_id` = 2920;
UPDATE `pool_pool` SET `description` = 'GO 189978,189979 map=571' WHERE `pool_id` = 3338;
UPDATE `pool_pool` SET `description` = 'GO 189978,189979 map=571' WHERE `pool_id` = 3010;
UPDATE `pool_pool` SET `description` = 'GO 189978,189979 map=571' WHERE `pool_id` = 3100;
UPDATE `pool_pool` SET `description` = 'GO 189978,189979 map=571' WHERE `pool_id` = 3274;
UPDATE `pool_pool` SET `description` = 'GO 189978,189979 map=571' WHERE `pool_id` = 2946;
UPDATE `pool_pool` SET `description` = 'GO 189978,189979 map=571' WHERE `pool_id` = 3364;
UPDATE `pool_pool` SET `description` = 'GO 189978,189979 map=571' WHERE `pool_id` = 3036;
UPDATE `pool_pool` SET `description` = 'GO 189978,189979 map=571' WHERE `pool_id` = 3126;
UPDATE `pool_pool` SET `description` = 'GO 189978,189979 map=571' WHERE `pool_id` = 3455;
UPDATE `pool_pool` SET `description` = 'GO 189978,189979 map=571' WHERE `pool_id` = 3217;
UPDATE `pool_pool` SET `description` = 'GO 189978,189979 map=571' WHERE `pool_id` = 2889;
UPDATE `pool_pool` SET `description` = 'GO 189978,189979 map=571' WHERE `pool_id` = 3307;
UPDATE `pool_pool` SET `description` = 'GO 189978,189979 map=571' WHERE `pool_id` = 2979;
UPDATE `pool_pool` SET `description` = 'GO 189978,189979 map=571' WHERE `pool_id` = 3397;
UPDATE `pool_pool` SET `description` = 'GO 189978,189979 map=571' WHERE `pool_id` = 3069;
UPDATE `pool_pool` SET `description` = 'GO 189978,189979 map=571' WHERE `pool_id` = 3159;
UPDATE `pool_pool` SET `description` = 'GO 189978,189979 map=571' WHERE `pool_id` = 3249;
UPDATE `pool_pool` SET `description` = 'GO 189978,189979 map=571' WHERE `pool_id` = 2921;
UPDATE `pool_pool` SET `description` = 'GO 189978,189979 map=571' WHERE `pool_id` = 3339;
UPDATE `pool_pool` SET `description` = 'GO 189978,189979 map=571' WHERE `pool_id` = 3011;
UPDATE `pool_pool` SET `description` = 'GO 189978,189979 map=571' WHERE `pool_id` = 3101;
UPDATE `pool_pool` SET `description` = 'GO 189978,189979 map=571' WHERE `pool_id` = 3275;
UPDATE `pool_pool` SET `description` = 'GO 189978,189979 map=571' WHERE `pool_id` = 2947;
UPDATE `pool_pool` SET `description` = 'GO 189978,189979 map=571' WHERE `pool_id` = 3365;
UPDATE `pool_pool` SET `description` = 'GO 189978,189979 map=571' WHERE `pool_id` = 3037;
UPDATE `pool_pool` SET `description` = 'GO 189978,189979 map=571' WHERE `pool_id` = 3127;
UPDATE `pool_pool` SET `description` = 'GO 189978,189979 map=571' WHERE `pool_id` = 3128;
UPDATE `pool_pool` SET `description` = 'GO 189978,189979 map=571' WHERE `pool_id` = 3456;
UPDATE `pool_pool` SET `description` = 'GO 189978,189979 map=571' WHERE `pool_id` = 3218;
UPDATE `pool_pool` SET `description` = 'GO 189978,189979 map=571' WHERE `pool_id` = 2890;
UPDATE `pool_pool` SET `description` = 'GO 189978,189979 map=571' WHERE `pool_id` = 3308;
UPDATE `pool_pool` SET `description` = 'GO 189978,189979 map=571' WHERE `pool_id` = 2980;
UPDATE `pool_pool` SET `description` = 'GO 189978,189979 map=571' WHERE `pool_id` = 3398;
UPDATE `pool_pool` SET `description` = 'GO 189978,189979 map=571' WHERE `pool_id` = 3070;
UPDATE `pool_pool` SET `description` = 'GO 189978,189979 map=571' WHERE `pool_id` = 3160;
UPDATE `pool_pool` SET `description` = 'GO 189978,189979 map=571' WHERE `pool_id` = 3250;
UPDATE `pool_pool` SET `description` = 'GO 189978,189979 map=571' WHERE `pool_id` = 2922;
UPDATE `pool_pool` SET `description` = 'GO 189978,189979 map=571' WHERE `pool_id` = 3340;
UPDATE `pool_pool` SET `description` = 'GO 189978,189979 map=571' WHERE `pool_id` = 3012;
UPDATE `pool_pool` SET `description` = 'GO 189978,189979 map=571' WHERE `pool_id` = 3102;
UPDATE `pool_pool` SET `description` = 'GO 189978,189979 map=571' WHERE `pool_id` = 3186;
UPDATE `pool_pool` SET `description` = 'GO 189978,189979 map=571' WHERE `pool_id` = 3276;
UPDATE `pool_pool` SET `description` = 'GO 189978,189979 map=571' WHERE `pool_id` = 2948;
UPDATE `pool_pool` SET `description` = 'GO 189978,189979 map=571' WHERE `pool_id` = 3366;
UPDATE `pool_pool` SET `description` = 'GO 189978,189979 map=571' WHERE `pool_id` = 3038;
UPDATE `pool_pool` SET `description` = 'GO 189978,189979 map=571' WHERE `pool_id` = 3129;
UPDATE `pool_pool` SET `description` = 'GO 189978,189979 map=571' WHERE `pool_id` = 3457;
UPDATE `pool_pool` SET `description` = 'GO 189978,189979 map=571' WHERE `pool_id` = 3219;
UPDATE `pool_pool` SET `description` = 'GO 189978,189979 map=571' WHERE `pool_id` = 2891;
UPDATE `pool_pool` SET `description` = 'GO 189978,189979 map=571' WHERE `pool_id` = 3309;
UPDATE `pool_pool` SET `description` = 'GO 189978,189979 map=571' WHERE `pool_id` = 2981;
UPDATE `pool_pool` SET `description` = 'GO 189978,189979 map=571' WHERE `pool_id` = 3399;
UPDATE `pool_pool` SET `description` = 'GO 189978,189979 map=571' WHERE `pool_id` = 3071;
UPDATE `pool_pool` SET `description` = 'GO 189978,189979 map=571' WHERE `pool_id` = 3161;
UPDATE `pool_pool` SET `description` = 'GO 189978,189979 map=571' WHERE `pool_id` = 3251;
UPDATE `pool_pool` SET `description` = 'GO 189978,189979 map=571' WHERE `pool_id` = 2923;
UPDATE `pool_pool` SET `description` = 'GO 189978,189979 map=571' WHERE `pool_id` = 3341;
UPDATE `pool_pool` SET `description` = 'GO 189978,189979 map=571' WHERE `pool_id` = 3013;
UPDATE `pool_pool` SET `description` = 'GO 189978,189979 map=571' WHERE `pool_id` = 3103;
UPDATE `pool_pool` SET `description` = 'GO 189978,189979 map=571' WHERE `pool_id` = 3187;
UPDATE `pool_pool` SET `description` = 'GO 189978,189979 map=571' WHERE `pool_id` = 3277;
UPDATE `pool_pool` SET `description` = 'GO 189978,189979 map=571' WHERE `pool_id` = 2949;
UPDATE `pool_pool` SET `description` = 'GO 189978,189979 map=571' WHERE `pool_id` = 3367;
UPDATE `pool_pool` SET `description` = 'GO 189978,189979 map=571' WHERE `pool_id` = 3039;
UPDATE `pool_pool` SET `description` = 'GO 189978,189979 map=571' WHERE `pool_id` = 3130;
UPDATE `pool_pool` SET `description` = 'GO 189978,189979 map=571' WHERE `pool_id` = 3458;
UPDATE `pool_pool` SET `description` = 'GO 189978,189979 map=571' WHERE `pool_id` = 3220;
UPDATE `pool_pool` SET `description` = 'GO 189978,189979 map=571' WHERE `pool_id` = 2892;
UPDATE `pool_pool` SET `description` = 'GO 189978,189979 map=571' WHERE `pool_id` = 3310;
UPDATE `pool_pool` SET `description` = 'GO 189978,189979 map=571' WHERE `pool_id` = 2982;
UPDATE `pool_pool` SET `description` = 'GO 189978,189979 map=571' WHERE `pool_id` = 3400;
UPDATE `pool_pool` SET `description` = 'GO 189978,189979 map=571' WHERE `pool_id` = 3072;
UPDATE `pool_pool` SET `description` = 'GO 189978,189979 map=571' WHERE `pool_id` = 3162;
UPDATE `pool_pool` SET `description` = 'GO 189978,189979 map=571' WHERE `pool_id` = 3252;
UPDATE `pool_pool` SET `description` = 'GO 189978,189979 map=571' WHERE `pool_id` = 2924;
UPDATE `pool_pool` SET `description` = 'GO 189978,189979 map=571' WHERE `pool_id` = 3342;
UPDATE `pool_pool` SET `description` = 'GO 189978,189979 map=571' WHERE `pool_id` = 3014;
UPDATE `pool_pool` SET `description` = 'GO 189978,189979 map=571' WHERE `pool_id` = 3426;
UPDATE `pool_pool` SET `description` = 'GO 189978,189979 map=571' WHERE `pool_id` = 3104;
UPDATE `pool_pool` SET `description` = 'GO 189978,189979 map=571' WHERE `pool_id` = 3188;
UPDATE `pool_pool` SET `description` = 'GO 189978,189979 map=571' WHERE `pool_id` = 3278;
UPDATE `pool_pool` SET `description` = 'GO 189978,189979 map=571' WHERE `pool_id` = 2950;
UPDATE `pool_pool` SET `description` = 'GO 189978,189979 map=571' WHERE `pool_id` = 3368;
UPDATE `pool_pool` SET `description` = 'GO 189978,189979 map=571' WHERE `pool_id` = 3040;
UPDATE `pool_pool` SET `description` = 'GO 189978,189979 map=571' WHERE `pool_id` = 3131;
UPDATE `pool_pool` SET `description` = 'GO 189978,189979 map=571' WHERE `pool_id` = 3459;
UPDATE `pool_pool` SET `description` = 'GO 189978,189979 map=571' WHERE `pool_id` = 3221;
UPDATE `pool_pool` SET `description` = 'GO 189978,189979 map=571' WHERE `pool_id` = 2893;
UPDATE `pool_pool` SET `description` = 'GO 189978,189979 map=571' WHERE `pool_id` = 3311;
UPDATE `pool_pool` SET `description` = 'GO 189978,189979 map=571' WHERE `pool_id` = 2983;
UPDATE `pool_pool` SET `description` = 'GO 189978,189979 map=571' WHERE `pool_id` = 3401;
UPDATE `pool_pool` SET `description` = 'GO 189978,189979 map=571' WHERE `pool_id` = 3073;
UPDATE `pool_pool` SET `description` = 'GO 189978,189979 map=571' WHERE `pool_id` = 3163;
UPDATE `pool_pool` SET `description` = 'GO 189978,189979 map=571' WHERE `pool_id` = 3253;
UPDATE `pool_pool` SET `description` = 'GO 189978,189979 map=571' WHERE `pool_id` = 2925;
UPDATE `pool_pool` SET `description` = 'GO 189978,189979 map=571' WHERE `pool_id` = 3343;
UPDATE `pool_pool` SET `description` = 'GO 189978,189979 map=571' WHERE `pool_id` = 3015;
UPDATE `pool_pool` SET `description` = 'GO 189978,189979 map=571' WHERE `pool_id` = 3427;
UPDATE `pool_pool` SET `description` = 'GO 189978,189979 map=571' WHERE `pool_id` = 3105;
UPDATE `pool_pool` SET `description` = 'GO 189978,189979 map=571' WHERE `pool_id` = 3189;
UPDATE `pool_pool` SET `description` = 'GO 189978,189979 map=571' WHERE `pool_id` = 3279;
UPDATE `pool_pool` SET `description` = 'GO 189978,189979 map=571' WHERE `pool_id` = 2951;
UPDATE `pool_pool` SET `description` = 'GO 189978,189979 map=571' WHERE `pool_id` = 3369;
UPDATE `pool_pool` SET `description` = 'GO 189978,189979 map=571' WHERE `pool_id` = 3041;
UPDATE `pool_pool` SET `description` = 'GO 189978,189979 map=571' WHERE `pool_id` = 3132;
UPDATE `pool_pool` SET `description` = 'GO 189978,189979 map=571' WHERE `pool_id` = 3460;
UPDATE `pool_pool` SET `description` = 'GO 189978,189979 map=571' WHERE `pool_id` = 3222;
UPDATE `pool_pool` SET `description` = 'GO 189978,189979 map=571' WHERE `pool_id` = 2894;
UPDATE `pool_pool` SET `description` = 'GO 189978,189979 map=571' WHERE `pool_id` = 3312;
UPDATE `pool_pool` SET `description` = 'GO 189978,189979 map=571' WHERE `pool_id` = 2984;
UPDATE `pool_pool` SET `description` = 'GO 189978,189979 map=571' WHERE `pool_id` = 3402;
UPDATE `pool_pool` SET `description` = 'GO 189978,189979 map=571' WHERE `pool_id` = 3074;
UPDATE `pool_pool` SET `description` = 'GO 189978,189979 map=571' WHERE `pool_id` = 3164;
UPDATE `pool_pool` SET `description` = 'GO 189978,189979 map=571' WHERE `pool_id` = 3254;
UPDATE `pool_pool` SET `description` = 'GO 189978,189979 map=571' WHERE `pool_id` = 2926;
UPDATE `pool_pool` SET `description` = 'GO 189978,189979 map=571' WHERE `pool_id` = 3344;
UPDATE `pool_pool` SET `description` = 'GO 189978,189979 map=571' WHERE `pool_id` = 3016;
UPDATE `pool_pool` SET `description` = 'GO 189978,189979 map=571' WHERE `pool_id` = 3428;
UPDATE `pool_pool` SET `description` = 'GO 189978,189979 map=571' WHERE `pool_id` = 3190;
UPDATE `pool_pool` SET `description` = 'GO 189978,189979 map=571' WHERE `pool_id` = 3280;
UPDATE `pool_pool` SET `description` = 'GO 189978,189979 map=571' WHERE `pool_id` = 2952;
UPDATE `pool_pool` SET `description` = 'GO 189978,189979 map=571' WHERE `pool_id` = 3370;
UPDATE `pool_pool` SET `description` = 'GO 189978,189979 map=571' WHERE `pool_id` = 3042;
UPDATE `pool_pool` SET `description` = 'GO 189978,189979 map=571' WHERE `pool_id` = 3133;
UPDATE `pool_pool` SET `description` = 'GO 189978,189979 map=571' WHERE `pool_id` = 3461;
UPDATE `pool_pool` SET `description` = 'GO 189978,189979 map=571' WHERE `pool_id` = 3223;
UPDATE `pool_pool` SET `description` = 'GO 189978,189979 map=571' WHERE `pool_id` = 2895;
UPDATE `pool_pool` SET `description` = 'GO 189978,189979 map=571' WHERE `pool_id` = 3313;
UPDATE `pool_pool` SET `description` = 'GO 189978,189979 map=571' WHERE `pool_id` = 2985;
UPDATE `pool_pool` SET `description` = 'GO 189978,189979 map=571' WHERE `pool_id` = 3403;
UPDATE `pool_pool` SET `description` = 'GO 189978,189979 map=571' WHERE `pool_id` = 3075;
UPDATE `pool_pool` SET `description` = 'GO 189978,189979 map=571' WHERE `pool_id` = 3165;
UPDATE `pool_pool` SET `description` = 'GO 189978,189979 map=571' WHERE `pool_id` = 3255;
UPDATE `pool_pool` SET `description` = 'GO 189978,189979 map=571' WHERE `pool_id` = 2927;
UPDATE `pool_pool` SET `description` = 'GO 189978,189979 map=571' WHERE `pool_id` = 3345;
UPDATE `pool_pool` SET `description` = 'GO 189978,189979 map=571' WHERE `pool_id` = 3017;
UPDATE `pool_pool` SET `description` = 'GO 189978,189979 map=571' WHERE `pool_id` = 3429;
UPDATE `pool_pool` SET `description` = 'GO 189978,189979 map=571' WHERE `pool_id` = 3191;
UPDATE `pool_pool` SET `description` = 'GO 189978,189979 map=571' WHERE `pool_id` = 3281;
UPDATE `pool_pool` SET `description` = 'GO 189978,189979 map=571' WHERE `pool_id` = 2953;
UPDATE `pool_pool` SET `description` = 'GO 189978,189979 map=571' WHERE `pool_id` = 3371;
UPDATE `pool_pool` SET `description` = 'GO 189978,189979 map=571' WHERE `pool_id` = 3043;
UPDATE `pool_pool` SET `description` = 'GO 189978,189979 map=571' WHERE `pool_id` = 3134;
UPDATE `pool_pool` SET `description` = 'GO 189978,189979 map=571' WHERE `pool_id` = 3462;
UPDATE `pool_pool` SET `description` = 'GO 189978,189979 map=571' WHERE `pool_id` = 3224;
UPDATE `pool_pool` SET `description` = 'GO 189978,189979 map=571' WHERE `pool_id` = 2896;
UPDATE `pool_pool` SET `description` = 'GO 189978,189979 map=571' WHERE `pool_id` = 3314;
UPDATE `pool_pool` SET `description` = 'GO 189978,189979 map=571' WHERE `pool_id` = 2986;
UPDATE `pool_pool` SET `description` = 'GO 189978,189979 map=571' WHERE `pool_id` = 3404;
UPDATE `pool_pool` SET `description` = 'GO 189978,189979 map=571' WHERE `pool_id` = 3076;
UPDATE `pool_pool` SET `description` = 'GO 189978,189979 map=571' WHERE `pool_id` = 3166;
UPDATE `pool_pool` SET `description` = 'GO 189978,189979 map=571' WHERE `pool_id` = 3256;
UPDATE `pool_pool` SET `description` = 'GO 189978,189979 map=571' WHERE `pool_id` = 2928;
UPDATE `pool_pool` SET `description` = 'GO 189978,189979 map=571' WHERE `pool_id` = 3018;
UPDATE `pool_pool` SET `description` = 'GO 189978,189979 map=571' WHERE `pool_id` = 3430;
UPDATE `pool_pool` SET `description` = 'GO 189978,189979 map=571' WHERE `pool_id` = 3192;
UPDATE `pool_pool` SET `description` = 'GO 189978,189979 map=571' WHERE `pool_id` = 3282;
UPDATE `pool_pool` SET `description` = 'GO 189978,189979 map=571' WHERE `pool_id` = 2954;
UPDATE `pool_pool` SET `description` = 'GO 189978,189979 map=571' WHERE `pool_id` = 3372;
UPDATE `pool_pool` SET `description` = 'GO 189978,189979 map=571' WHERE `pool_id` = 3044;
UPDATE `pool_pool` SET `description` = 'GO 189978,189979 map=571' WHERE `pool_id` = 3045;
UPDATE `pool_pool` SET `description` = 'GO 189978,189979 map=571' WHERE `pool_id` = 3135;
UPDATE `pool_pool` SET `description` = 'GO 189978,189979 map=571' WHERE `pool_id` = 3225;
UPDATE `pool_pool` SET `description` = 'GO 189978,189979 map=571' WHERE `pool_id` = 2897;
UPDATE `pool_pool` SET `description` = 'GO 189978,189979 map=571' WHERE `pool_id` = 3315;
UPDATE `pool_pool` SET `description` = 'GO 189978,189979 map=571' WHERE `pool_id` = 2987;
UPDATE `pool_pool` SET `description` = 'GO 189978,189979 map=571' WHERE `pool_id` = 3405;
UPDATE `pool_pool` SET `description` = 'GO 189978,189979 map=571' WHERE `pool_id` = 3077;
UPDATE `pool_pool` SET `description` = 'GO 189978,189979 map=571' WHERE `pool_id` = 3167;
UPDATE `pool_pool` SET `description` = 'GO 189978,189979 map=571' WHERE `pool_id` = 3257;
UPDATE `pool_pool` SET `description` = 'GO 189978,189979 map=571' WHERE `pool_id` = 2929;
UPDATE `pool_pool` SET `description` = 'GO 189978,189979 map=571' WHERE `pool_id` = 3019;
UPDATE `pool_pool` SET `description` = 'GO 189978,189979 map=571' WHERE `pool_id` = 3431;
UPDATE `pool_pool` SET `description` = 'GO 189978,189979 map=571' WHERE `pool_id` = 3193;
UPDATE `pool_pool` SET `description` = 'GO 189978,189979 map=571' WHERE `pool_id` = 3283;
UPDATE `pool_pool` SET `description` = 'GO 189978,189979 map=571' WHERE `pool_id` = 2955;
UPDATE `pool_pool` SET `description` = 'GO 189978,189979 map=571' WHERE `pool_id` = 3373;
UPDATE `pool_pool` SET `description` = 'GO 189978,189979 map=571' WHERE `pool_id` = 3046;
UPDATE `pool_pool` SET `description` = 'GO 189978,189979 map=571' WHERE `pool_id` = 3136;
UPDATE `pool_pool` SET `description` = 'GO 189978,189979 map=571' WHERE `pool_id` = 3226;
UPDATE `pool_pool` SET `description` = 'GO 189978,189979 map=571' WHERE `pool_id` = 2898;
UPDATE `pool_pool` SET `description` = 'GO 189978,189979 map=571' WHERE `pool_id` = 3316;
UPDATE `pool_pool` SET `description` = 'GO 189978,189979 map=571' WHERE `pool_id` = 2988;
UPDATE `pool_pool` SET `description` = 'GO 189978,189979 map=571' WHERE `pool_id` = 3406;
UPDATE `pool_pool` SET `description` = 'GO 189978,189979 map=571' WHERE `pool_id` = 3078;
UPDATE `pool_pool` SET `description` = 'GO 189978,189979 map=571' WHERE `pool_id` = 3168;
UPDATE `pool_pool` SET `description` = 'GO 189978,189979 map=571' WHERE `pool_id` = 3258;
UPDATE `pool_pool` SET `description` = 'GO 189978,189979 map=571' WHERE `pool_id` = 2930;
UPDATE `pool_pool` SET `description` = 'GO 189978,189979 map=571' WHERE `pool_id` = 3020;
UPDATE `pool_pool` SET `description` = 'GO 189978,189979 map=571' WHERE `pool_id` = 3432;
UPDATE `pool_pool` SET `description` = 'GO 189978,189979 map=571' WHERE `pool_id` = 3194;
UPDATE `pool_pool` SET `description` = 'GO 189978,189979 map=571' WHERE `pool_id` = 3284;
UPDATE `pool_pool` SET `description` = 'GO 189978,189979 map=571' WHERE `pool_id` = 2956;
UPDATE `pool_pool` SET `description` = 'GO 189978,189979 map=571' WHERE `pool_id` = 3374;
UPDATE `pool_pool` SET `description` = 'GO 189978,189979 map=571' WHERE `pool_id` = 3047;
UPDATE `pool_pool` SET `description` = 'GO 189978,189979 map=571' WHERE `pool_id` = 3137;
UPDATE `pool_pool` SET `description` = 'GO 189978,189979 map=571' WHERE `pool_id` = 3227;
UPDATE `pool_pool` SET `description` = 'GO 189978,189979 map=571' WHERE `pool_id` = 2899;
UPDATE `pool_pool` SET `description` = 'GO 189978,189979 map=571' WHERE `pool_id` = 3317;
UPDATE `pool_pool` SET `description` = 'GO 189978,189979 map=571' WHERE `pool_id` = 2989;
UPDATE `pool_pool` SET `description` = 'GO 189978,189979 map=571' WHERE `pool_id` = 3407;
UPDATE `pool_pool` SET `description` = 'GO 189978,189979 map=571' WHERE `pool_id` = 3079;
UPDATE `pool_pool` SET `description` = 'GO 189978,189979 map=571' WHERE `pool_id` = 3169;
UPDATE `pool_pool` SET `description` = 'GO 189978,189979 map=571' WHERE `pool_id` = 3259;
UPDATE `pool_pool` SET `description` = 'GO 189978,189979 map=571' WHERE `pool_id` = 2931;
UPDATE `pool_pool` SET `description` = 'GO 189978,189979 map=571' WHERE `pool_id` = 3021;
UPDATE `pool_pool` SET `description` = 'GO 189978,189979 map=571' WHERE `pool_id` = 3433;
UPDATE `pool_pool` SET `description` = 'GO 189978,189979 map=571' WHERE `pool_id` = 3195;
UPDATE `pool_pool` SET `description` = 'GO 189978,189979 map=571' WHERE `pool_id` = 3285;
UPDATE `pool_pool` SET `description` = 'GO 189978,189979 map=571' WHERE `pool_id` = 2957;
UPDATE `pool_pool` SET `description` = 'GO 189978,189979 map=571' WHERE `pool_id` = 3375;
UPDATE `pool_pool` SET `description` = 'GO 189978,189979 map=571' WHERE `pool_id` = 3048;
UPDATE `pool_pool` SET `description` = 'GO 189978,189979 map=571' WHERE `pool_id` = 3138;
UPDATE `pool_pool` SET `description` = 'GO 189978,189979 map=571' WHERE `pool_id` = 3228;
UPDATE `pool_pool` SET `description` = 'GO 189978,189979 map=571' WHERE `pool_id` = 2900;
UPDATE `pool_pool` SET `description` = 'GO 189978,189979 map=571' WHERE `pool_id` = 3318;
UPDATE `pool_pool` SET `description` = 'GO 189978,189979 map=571' WHERE `pool_id` = 2990;
UPDATE `pool_pool` SET `description` = 'GO 189978,189979 map=571' WHERE `pool_id` = 3408;
UPDATE `pool_pool` SET `description` = 'GO 189978,189979 map=571' WHERE `pool_id` = 3080;
UPDATE `pool_pool` SET `description` = 'GO 189978,189979 map=571' WHERE `pool_id` = 3170;
UPDATE `pool_pool` SET `description` = 'GO 189978,189979 map=571' WHERE `pool_id` = 3260;
UPDATE `pool_pool` SET `description` = 'GO 189978,189979 map=571' WHERE `pool_id` = 2932;
UPDATE `pool_pool` SET `description` = 'GO 189978,189979 map=571' WHERE `pool_id` = 3022;
UPDATE `pool_pool` SET `description` = 'GO 189978,189979 map=571' WHERE `pool_id` = 3106;
UPDATE `pool_pool` SET `description` = 'GO 189978,189979 map=571' WHERE `pool_id` = 3434;
UPDATE `pool_pool` SET `description` = 'GO 189978,189979 map=571' WHERE `pool_id` = 3196;
UPDATE `pool_pool` SET `description` = 'GO 189978,189979 map=571' WHERE `pool_id` = 3286;
UPDATE `pool_pool` SET `description` = 'GO 189978,189979 map=571' WHERE `pool_id` = 2958;
UPDATE `pool_pool` SET `description` = 'GO 189978,189979 map=571' WHERE `pool_id` = 3376;
UPDATE `pool_pool` SET `description` = 'GO 189978,189979 map=571' WHERE `pool_id` = 3377;
UPDATE `pool_pool` SET `description` = 'GO 189978,189979 map=571' WHERE `pool_id` = 3049;
UPDATE `pool_pool` SET `description` = 'GO 189978,189979 map=571' WHERE `pool_id` = 3139;
UPDATE `pool_pool` SET `description` = 'GO 189978,189979 map=571' WHERE `pool_id` = 3229;
UPDATE `pool_pool` SET `description` = 'GO 189978,189979 map=571' WHERE `pool_id` = 2901;
UPDATE `pool_pool` SET `description` = 'GO 189978,189979 map=571' WHERE `pool_id` = 3319;
UPDATE `pool_pool` SET `description` = 'GO 189978,189979 map=571' WHERE `pool_id` = 2991;
UPDATE `pool_pool` SET `description` = 'GO 189978,189979 map=571' WHERE `pool_id` = 3409;
UPDATE `pool_pool` SET `description` = 'GO 189978,189979 map=571' WHERE `pool_id` = 3081;
UPDATE `pool_pool` SET `description` = 'GO 189978,189979 map=571' WHERE `pool_id` = 3171;
UPDATE `pool_pool` SET `description` = 'GO 189978,189979 map=571' WHERE `pool_id` = 3261;
UPDATE `pool_pool` SET `description` = 'GO 189978,189979 map=571' WHERE `pool_id` = 2933;
UPDATE `pool_pool` SET `description` = 'GO 189978,189979 map=571' WHERE `pool_id` = 3023;
UPDATE `pool_pool` SET `description` = 'GO 189978,189979 map=571' WHERE `pool_id` = 3107;
UPDATE `pool_pool` SET `description` = 'GO 189978,189979 map=571' WHERE `pool_id` = 3435;
UPDATE `pool_pool` SET `description` = 'GO 189978,189979 map=571' WHERE `pool_id` = 3197;
UPDATE `pool_pool` SET `description` = 'GO 189978,189979 map=571' WHERE `pool_id` = 3287;
UPDATE `pool_pool` SET `description` = 'GO 189978,189979 map=571' WHERE `pool_id` = 2959;
UPDATE `pool_pool` SET `description` = 'GO 189978,189979 map=571' WHERE `pool_id` = 3378;
UPDATE `pool_pool` SET `description` = 'GO 189978,189979 map=571' WHERE `pool_id` = 3050;
UPDATE `pool_pool` SET `description` = 'GO 189978,189979 map=571' WHERE `pool_id` = 3140;
UPDATE `pool_pool` SET `description` = 'GO 189978,189979 map=571' WHERE `pool_id` = 3230;
UPDATE `pool_pool` SET `description` = 'GO 189978,189979 map=571' WHERE `pool_id` = 2902;
UPDATE `pool_pool` SET `description` = 'GO 189978,189979 map=571' WHERE `pool_id` = 3320;
UPDATE `pool_pool` SET `description` = 'GO 189978,189979 map=571' WHERE `pool_id` = 2992;
UPDATE `pool_pool` SET `description` = 'GO 189978,189979 map=571' WHERE `pool_id` = 3410;
UPDATE `pool_pool` SET `description` = 'GO 189978,189979 map=571' WHERE `pool_id` = 3082;
UPDATE `pool_pool` SET `description` = 'GO 189978,189979 map=571' WHERE `pool_id` = 3172;
UPDATE `pool_pool` SET `description` = 'GO 189978,189979 map=571' WHERE `pool_id` = 3262;
UPDATE `pool_pool` SET `description` = 'GO 189978,189979 map=571' WHERE `pool_id` = 3346;
UPDATE `pool_pool` SET `description` = 'GO 189978,189979 map=571' WHERE `pool_id` = 2934;
UPDATE `pool_pool` SET `description` = 'GO 189978,189979 map=571' WHERE `pool_id` = 3024;
UPDATE `pool_pool` SET `description` = 'GO 189978,189979 map=571' WHERE `pool_id` = 3108;
UPDATE `pool_pool` SET `description` = 'GO 189978,189979 map=571' WHERE `pool_id` = 3436;
UPDATE `pool_pool` SET `description` = 'GO 189978,189979 map=571' WHERE `pool_id` = 3198;
UPDATE `pool_pool` SET `description` = 'GO 189978,189979 map=571' WHERE `pool_id` = 3288;
UPDATE `pool_pool` SET `description` = 'GO 189978,189979 map=571' WHERE `pool_id` = 2960;
UPDATE `pool_pool` SET `description` = 'GO 189978,189979 map=571' WHERE `pool_id` = 3379;
UPDATE `pool_pool` SET `description` = 'GO 189978,189979 map=571' WHERE `pool_id` = 3051;
UPDATE `pool_pool` SET `description` = 'GO 189978,189979 map=571' WHERE `pool_id` = 3141;
UPDATE `pool_pool` SET `description` = 'GO 189978,189979 map=571' WHERE `pool_id` = 3231;
UPDATE `pool_pool` SET `description` = 'GO 189978,189979 map=571' WHERE `pool_id` = 2903;
UPDATE `pool_pool` SET `description` = 'GO 189978,189979 map=571' WHERE `pool_id` = 3321;
UPDATE `pool_pool` SET `description` = 'GO 189978,189979 map=571' WHERE `pool_id` = 2993;
UPDATE `pool_pool` SET `description` = 'GO 189978,189979 map=571' WHERE `pool_id` = 3411;
UPDATE `pool_pool` SET `description` = 'GO 189978,189979 map=571' WHERE `pool_id` = 3083;
UPDATE `pool_pool` SET `description` = 'GO 189978,189979 map=571' WHERE `pool_id` = 3173;
UPDATE `pool_pool` SET `description` = 'GO 189978,189979 map=571' WHERE `pool_id` = 3263;
UPDATE `pool_pool` SET `description` = 'GO 189978,189979 map=571' WHERE `pool_id` = 3347;
UPDATE `pool_pool` SET `description` = 'GO 189978,189979 map=571' WHERE `pool_id` = 2935;
UPDATE `pool_pool` SET `description` = 'GO 189978,189979 map=571' WHERE `pool_id` = 3025;
UPDATE `pool_pool` SET `description` = 'GO 189978,189979 map=571' WHERE `pool_id` = 3109;
UPDATE `pool_pool` SET `description` = 'GO 189978,189979 map=571' WHERE `pool_id` = 3437;
UPDATE `pool_pool` SET `description` = 'GO 189978,189979 map=571' WHERE `pool_id` = 3199;
UPDATE `pool_pool` SET `description` = 'GO 189978,189979 map=571' WHERE `pool_id` = 3289;
UPDATE `pool_pool` SET `description` = 'GO 189978,189979 map=571' WHERE `pool_id` = 2961;
UPDATE `pool_pool` SET `description` = 'GO 189978,189979 map=571' WHERE `pool_id` = 2962;
UPDATE `pool_pool` SET `description` = 'GO 189978,189979 map=571' WHERE `pool_id` = 3380;
UPDATE `pool_pool` SET `description` = 'GO 189978,189979 map=571' WHERE `pool_id` = 3052;
UPDATE `pool_pool` SET `description` = 'GO 189978,189979 map=571' WHERE `pool_id` = 3142;
UPDATE `pool_pool` SET `description` = 'GO 189978,189979 map=571' WHERE `pool_id` = 3232;
UPDATE `pool_pool` SET `description` = 'GO 189978,189979 map=571' WHERE `pool_id` = 2904;
UPDATE `pool_pool` SET `description` = 'GO 189978,189979 map=571' WHERE `pool_id` = 3322;
UPDATE `pool_pool` SET `description` = 'GO 189978,189979 map=571' WHERE `pool_id` = 2994;
UPDATE `pool_pool` SET `description` = 'GO 189978,189979 map=571' WHERE `pool_id` = 3412;
UPDATE `pool_pool` SET `description` = 'GO 189978,189979 map=571' WHERE `pool_id` = 3084;
UPDATE `pool_pool` SET `description` = 'GO 189978,189979 map=571' WHERE `pool_id` = 3174;
UPDATE `pool_pool` SET `description` = 'GO 189978,189979 map=571' WHERE `pool_id` = 3264;
UPDATE `pool_pool` SET `description` = 'GO 189978,189979 map=571' WHERE `pool_id` = 3348;
UPDATE `pool_pool` SET `description` = 'GO 189978,189979 map=571' WHERE `pool_id` = 2936;
UPDATE `pool_pool` SET `description` = 'GO 189978,189979 map=571' WHERE `pool_id` = 3110;
UPDATE `pool_pool` SET `description` = 'GO 189978,189979 map=571' WHERE `pool_id` = 3438;
UPDATE `pool_pool` SET `description` = 'GO 189978,189979 map=571' WHERE `pool_id` = 3200;
UPDATE `pool_pool` SET `description` = 'GO 189978,189979 map=571' WHERE `pool_id` = 3290;
UPDATE `pool_pool` SET `description` = 'GO 189978,189979 map=571' WHERE `pool_id` = 2963;
UPDATE `pool_pool` SET `description` = 'GO 189978,189979 map=571' WHERE `pool_id` = 3381;
UPDATE `pool_pool` SET `description` = 'GO 189978,189979 map=571' WHERE `pool_id` = 3053;
UPDATE `pool_pool` SET `description` = 'GO 189978,189979 map=571' WHERE `pool_id` = 3143;
UPDATE `pool_pool` SET `description` = 'GO 189978,189979 map=571' WHERE `pool_id` = 3233;
UPDATE `pool_pool` SET `description` = 'GO 189978,189979 map=571' WHERE `pool_id` = 2905;
UPDATE `pool_pool` SET `description` = 'GO 189978,189979 map=571' WHERE `pool_id` = 3323;
UPDATE `pool_pool` SET `description` = 'GO 189978,189979 map=571' WHERE `pool_id` = 2995;
UPDATE `pool_pool` SET `description` = 'GO 189978,189979 map=571' WHERE `pool_id` = 3413;
UPDATE `pool_pool` SET `description` = 'GO 189978,189979 map=571' WHERE `pool_id` = 3085;
UPDATE `pool_pool` SET `description` = 'GO 189978,189979 map=571' WHERE `pool_id` = 3175;
UPDATE `pool_pool` SET `description` = 'GO 189978,189979 map=571' WHERE `pool_id` = 3265;
UPDATE `pool_pool` SET `description` = 'GO 189978,189979 map=571' WHERE `pool_id` = 3349;
UPDATE `pool_pool` SET `description` = 'GO 189978,189979 map=571' WHERE `pool_id` = 2937;
UPDATE `pool_pool` SET `description` = 'GO 189978,189979 map=571' WHERE `pool_id` = 3111;
UPDATE `pool_pool` SET `description` = 'GO 189978,189979 map=571' WHERE `pool_id` = 3439;
UPDATE `pool_pool` SET `description` = 'GO 189978,189979 map=571' WHERE `pool_id` = 3201;
UPDATE `pool_pool` SET `description` = 'GO 189978,189979 map=571' WHERE `pool_id` = 3291;
UPDATE `pool_pool` SET `description` = 'GO 189978,189979 map=571' WHERE `pool_id` = 2964;
UPDATE `pool_pool` SET `description` = 'GO 189978,189979 map=571' WHERE `pool_id` = 3382;
UPDATE `pool_pool` SET `description` = 'GO 189978,189979 map=571' WHERE `pool_id` = 3054;
UPDATE `pool_pool` SET `description` = 'GO 189978,189979 map=571' WHERE `pool_id` = 3144;
UPDATE `pool_pool` SET `description` = 'GO 189978,189979 map=571' WHERE `pool_id` = 3234;
UPDATE `pool_pool` SET `description` = 'GO 189978,189979 map=571' WHERE `pool_id` = 2906;
UPDATE `pool_pool` SET `description` = 'GO 189978,189979 map=571' WHERE `pool_id` = 3324;
UPDATE `pool_pool` SET `description` = 'GO 189978,189979 map=571' WHERE `pool_id` = 2996;
UPDATE `pool_pool` SET `description` = 'GO 189978,189979 map=571' WHERE `pool_id` = 3414;
UPDATE `pool_pool` SET `description` = 'GO 189978,189979 map=571' WHERE `pool_id` = 3086;
UPDATE `pool_pool` SET `description` = 'GO 189978,189979 map=571' WHERE `pool_id` = 3176;
UPDATE `pool_pool` SET `description` = 'GO 189978,189979 map=571' WHERE `pool_id` = 3350;
UPDATE `pool_pool` SET `description` = 'GO 189978,189979 map=571' WHERE `pool_id` = 2938;
UPDATE `pool_pool` SET `description` = 'GO 189978,189979 map=571' WHERE `pool_id` = 3112;
UPDATE `pool_pool` SET `description` = 'GO 189978,189979 map=571' WHERE `pool_id` = 3440;
UPDATE `pool_pool` SET `description` = 'GO 189978,189979 map=571' WHERE `pool_id` = 3202;
UPDATE `pool_pool` SET `description` = 'GO 189978,189979 map=571' WHERE `pool_id` = 3292;
UPDATE `pool_pool` SET `description` = 'GO 189978,189979 map=571' WHERE `pool_id` = 2965;
UPDATE `pool_pool` SET `description` = 'GO 189978,189979 map=571' WHERE `pool_id` = 3383;
UPDATE `pool_pool` SET `description` = 'GO 189978,189979 map=571' WHERE `pool_id` = 3055;
UPDATE `pool_pool` SET `description` = 'GO 189978,189979 map=571' WHERE `pool_id` = 3145;
UPDATE `pool_pool` SET `description` = 'GO 189978,189979 map=571' WHERE `pool_id` = 3235;
UPDATE `pool_pool` SET `description` = 'GO 189978,189979 map=571' WHERE `pool_id` = 2907;
UPDATE `pool_pool` SET `description` = 'GO 189978,189979 map=571' WHERE `pool_id` = 3325;
UPDATE `pool_pool` SET `description` = 'GO 189978,189979 map=571' WHERE `pool_id` = 2997;
UPDATE `pool_pool` SET `description` = 'GO 189978,189979 map=571' WHERE `pool_id` = 3415;
UPDATE `pool_pool` SET `description` = 'GO 189978,189979 map=571' WHERE `pool_id` = 3087;
UPDATE `pool_pool` SET `description` = 'GO 189978,189979 map=571' WHERE `pool_id` = 3177;
UPDATE `pool_pool` SET `description` = 'GO 189978,189979 map=571' WHERE `pool_id` = 3351;
UPDATE `pool_pool` SET `description` = 'GO 189978,189979 map=571' WHERE `pool_id` = 2939;
UPDATE `pool_pool` SET `description` = 'GO 189978,189979 map=571' WHERE `pool_id` = 3113;
UPDATE `pool_pool` SET `description` = 'GO 189978,189979 map=571' WHERE `pool_id` = 3441;
UPDATE `pool_pool` SET `description` = 'GO 189978,189979 map=571' WHERE `pool_id` = 3203;
UPDATE `pool_pool` SET `description` = 'GO 189978,189979 map=571' WHERE `pool_id` = 3293;
UPDATE `pool_pool` SET `description` = 'GO 189978,189979 map=571' WHERE `pool_id` = 3294;
UPDATE `pool_pool` SET `description` = 'GO 189978,189979 map=571' WHERE `pool_id` = 2966;
UPDATE `pool_pool` SET `description` = 'GO 189978,189979 map=571' WHERE `pool_id` = 3384;
UPDATE `pool_pool` SET `description` = 'GO 189978,189979 map=571' WHERE `pool_id` = 3056;
UPDATE `pool_pool` SET `description` = 'GO 189978,189979 map=571' WHERE `pool_id` = 3146;
UPDATE `pool_pool` SET `description` = 'GO 189978,189979 map=571' WHERE `pool_id` = 3236;
UPDATE `pool_pool` SET `description` = 'GO 189978,189979 map=571' WHERE `pool_id` = 2908;
UPDATE `pool_pool` SET `description` = 'GO 189978,189979 map=571' WHERE `pool_id` = 3326;
UPDATE `pool_pool` SET `description` = 'GO 189978,189979 map=571' WHERE `pool_id` = 2998;
UPDATE `pool_pool` SET `description` = 'GO 189978,189979 map=571' WHERE `pool_id` = 3416;
UPDATE `pool_pool` SET `description` = 'GO 189978,189979 map=571' WHERE `pool_id` = 3088;
UPDATE `pool_pool` SET `description` = 'GO 189978,189979 map=571' WHERE `pool_id` = 3178;
UPDATE `pool_pool` SET `description` = 'GO 189978,189979 map=571' WHERE `pool_id` = 3352;
UPDATE `pool_pool` SET `description` = 'GO 189978,189979 map=571' WHERE `pool_id` = 2940;
UPDATE `pool_pool` SET `description` = 'GO 189978,189979 map=571' WHERE `pool_id` = 3114;
UPDATE `pool_pool` SET `description` = 'GO 189978,189979 map=571' WHERE `pool_id` = 3442;
UPDATE `pool_pool` SET `description` = 'GO 189978,189979 map=571' WHERE `pool_id` = 3204;
UPDATE `pool_pool` SET `description` = 'GO 189978,189979 map=571' WHERE `pool_id` = 3295;
UPDATE `pool_pool` SET `description` = 'GO 189978,189979 map=571' WHERE `pool_id` = 2967;
UPDATE `pool_pool` SET `description` = 'GO 189978,189979 map=571' WHERE `pool_id` = 3385;
UPDATE `pool_pool` SET `description` = 'GO 189978,189979 map=571' WHERE `pool_id` = 3057;
UPDATE `pool_pool` SET `description` = 'GO 189978,189979 map=571' WHERE `pool_id` = 3147;
UPDATE `pool_pool` SET `description` = 'GO 189978,189979 map=571' WHERE `pool_id` = 3237;
UPDATE `pool_pool` SET `description` = 'GO 189978,189979 map=571' WHERE `pool_id` = 2909;
UPDATE `pool_pool` SET `description` = 'GO 189978,189979 map=571' WHERE `pool_id` = 3327;
UPDATE `pool_pool` SET `description` = 'GO 189978,189979 map=571' WHERE `pool_id` = 2999;
UPDATE `pool_pool` SET `description` = 'GO 189978,189979 map=571' WHERE `pool_id` = 3417;
UPDATE `pool_pool` SET `description` = 'GO 189978,189979 map=571' WHERE `pool_id` = 3089;
UPDATE `pool_pool` SET `description` = 'GO 189978,189979 map=571' WHERE `pool_id` = 3179;
UPDATE `pool_pool` SET `description` = 'GO 189978,189979 map=571' WHERE `pool_id` = 3353;
UPDATE `pool_pool` SET `description` = 'GO 189978,189979 map=571' WHERE `pool_id` = 2941;
UPDATE `pool_pool` SET `description` = 'GO 189978,189979 map=571' WHERE `pool_id` = 3115;
UPDATE `pool_pool` SET `description` = 'GO 189978,189979 map=571' WHERE `pool_id` = 3443;
UPDATE `pool_pool` SET `description` = 'GO 189978,189979 map=571' WHERE `pool_id` = 3205;
UPDATE `pool_pool` SET `description` = 'GO 189978,189979 map=571' WHERE `pool_id` = 3296;
UPDATE `pool_pool` SET `description` = 'GO 189978,189979 map=571' WHERE `pool_id` = 2968;
UPDATE `pool_pool` SET `description` = 'GO 189978,189979 map=571' WHERE `pool_id` = 3386;
UPDATE `pool_pool` SET `description` = 'GO 189978,189979 map=571' WHERE `pool_id` = 3058;
UPDATE `pool_pool` SET `description` = 'GO 189978,189979 map=571' WHERE `pool_id` = 3148;
UPDATE `pool_pool` SET `description` = 'GO 189978,189979 map=571' WHERE `pool_id` = 3238;
UPDATE `pool_pool` SET `description` = 'GO 189978,189979 map=571' WHERE `pool_id` = 2910;
UPDATE `pool_pool` SET `description` = 'GO 189978,189979 map=571' WHERE `pool_id` = 3328;
UPDATE `pool_pool` SET `description` = 'GO 189978,189979 map=571' WHERE `pool_id` = 3000;
UPDATE `pool_pool` SET `description` = 'GO 189978,189979 map=571' WHERE `pool_id` = 3418;
UPDATE `pool_pool` SET `description` = 'GO 189978,189979 map=571' WHERE `pool_id` = 3090;
UPDATE `pool_pool` SET `description` = 'GO 189978,189979 map=571' WHERE `pool_id` = 3180;
UPDATE `pool_pool` SET `description` = 'GO 189978,189979 map=571' WHERE `pool_id` = 3354;
UPDATE `pool_pool` SET `description` = 'GO 189978,189979 map=571' WHERE `pool_id` = 2942;
UPDATE `pool_pool` SET `description` = 'GO 189978,189979 map=571' WHERE `pool_id` = 3026;
UPDATE `pool_pool` SET `description` = 'GO 189978,189979 map=571' WHERE `pool_id` = 3116;
UPDATE `pool_pool` SET `description` = 'GO 189978,189979 map=571' WHERE `pool_id` = 3444;
UPDATE `pool_pool` SET `description` = 'GO 189978,189979 map=571' WHERE `pool_id` = 3206;
UPDATE `pool_pool` SET `description` = 'GO 189978,189979 map=571' WHERE `pool_id` = 3297;
UPDATE `pool_pool` SET `description` = 'GO 189978,189979 map=571' WHERE `pool_id` = 2969;
UPDATE `pool_pool` SET `description` = 'GO 189978,189979 map=571' WHERE `pool_id` = 3387;
UPDATE `pool_pool` SET `description` = 'GO 189978,189979 map=571' WHERE `pool_id` = 3059;
UPDATE `pool_pool` SET `description` = 'GO 189978,189979 map=571' WHERE `pool_id` = 3149;
UPDATE `pool_pool` SET `description` = 'GO 189978,189979 map=571' WHERE `pool_id` = 3239;
UPDATE `pool_pool` SET `description` = 'GO 189978,189979 map=571' WHERE `pool_id` = 2911;
UPDATE `pool_pool` SET `description` = 'GO 189978,189979 map=571' WHERE `pool_id` = 3329;
UPDATE `pool_pool` SET `description` = 'GO 189978,189979 map=571' WHERE `pool_id` = 3001;
UPDATE `pool_pool` SET `description` = 'GO 189978,189979 map=571' WHERE `pool_id` = 3419;
UPDATE `pool_pool` SET `description` = 'GO 189978,189979 map=571' WHERE `pool_id` = 3091;
UPDATE `pool_pool` SET `description` = 'GO 189978,189979 map=571' WHERE `pool_id` = 3181;
UPDATE `pool_pool` SET `description` = 'GO 189978,189979 map=571' WHERE `pool_id` = 3355;
UPDATE `pool_pool` SET `description` = 'GO 189978,189979 map=571' WHERE `pool_id` = 2943;
UPDATE `pool_pool` SET `description` = 'GO 189978,189979 map=571' WHERE `pool_id` = 3027;
UPDATE `pool_pool` SET `description` = 'GO 189978,189979 map=571' WHERE `pool_id` = 3117;
UPDATE `pool_pool` SET `description` = 'GO 189978,189979 map=571' WHERE `pool_id` = 3445;
UPDATE `pool_pool` SET `description` = 'GO 189978,189979 map=571' WHERE `pool_id` = 3207;
UPDATE `pool_pool` SET `description` = 'GO 189978,189979 map=571' WHERE `pool_id` = 3298;
UPDATE `pool_pool` SET `description` = 'GO 189978,189979 map=571' WHERE `pool_id` = 2970;
UPDATE `pool_pool` SET `description` = 'GO 189978,189979 map=571' WHERE `pool_id` = 3388;
UPDATE `pool_pool` SET `description` = 'GO 189978,189979 map=571' WHERE `pool_id` = 3060;
UPDATE `pool_pool` SET `description` = 'GO 189978,189979 map=571' WHERE `pool_id` = 3150;
UPDATE `pool_pool` SET `description` = 'GO 189978,189979 map=571' WHERE `pool_id` = 3240;
UPDATE `pool_pool` SET `description` = 'GO 189978,189979 map=571' WHERE `pool_id` = 2912;
UPDATE `pool_pool` SET `description` = 'GO 189978,189979 map=571' WHERE `pool_id` = 3330;
UPDATE `pool_pool` SET `description` = 'GO 189978,189979 map=571' WHERE `pool_id` = 3002;
UPDATE `pool_pool` SET `description` = 'GO 189978,189979 map=571' WHERE `pool_id` = 3420;
UPDATE `pool_pool` SET `description` = 'GO 189978,189979 map=571' WHERE `pool_id` = 3092;
UPDATE `pool_pool` SET `description` = 'GO 189978,189979 map=571' WHERE `pool_id` = 3182;
UPDATE `pool_pool` SET `description` = 'GO 189978,189979 map=571' WHERE `pool_id` = 3266;
UPDATE `pool_pool` SET `description` = 'GO 189978,189979 map=571' WHERE `pool_id` = 3356;
UPDATE `pool_pool` SET `description` = 'GO 189978,189979 map=571' WHERE `pool_id` = 2944;
UPDATE `pool_pool` SET `description` = 'GO 189978,189979 map=571' WHERE `pool_id` = 3028;
UPDATE `pool_pool` SET `description` = 'GO 189978,189979 map=571' WHERE `pool_id` = 3118;
UPDATE `pool_pool` SET `description` = 'GO 189978,189979 map=571' WHERE `pool_id` = 3446;
UPDATE `pool_pool` SET `description` = 'GO 189978,189979 map=571' WHERE `pool_id` = 3208;
UPDATE `pool_pool` SET `description` = 'GO 189978,189979 map=571' WHERE `pool_id` = 3299;
UPDATE `pool_pool` SET `description` = 'GO 189978,189979 map=571' WHERE `pool_id` = 2971;
UPDATE `pool_pool` SET `description` = 'GO 189978,189979 map=571' WHERE `pool_id` = 3389;
UPDATE `pool_pool` SET `description` = 'GO 189978,189979 map=571' WHERE `pool_id` = 3061;
UPDATE `pool_pool` SET `description` = 'GO 189978,189979 map=571' WHERE `pool_id` = 3151;
UPDATE `pool_pool` SET `description` = 'GO 189978,189979 map=571' WHERE `pool_id` = 3241;
UPDATE `pool_pool` SET `description` = 'GO 189978,189979 map=571' WHERE `pool_id` = 2913;
UPDATE `pool_pool` SET `description` = 'GO 189978,189979 map=571' WHERE `pool_id` = 3331;
UPDATE `pool_pool` SET `description` = 'GO 189978,189979 map=571' WHERE `pool_id` = 3003;
UPDATE `pool_pool` SET `description` = 'GO 189978,189979 map=571' WHERE `pool_id` = 3421;
UPDATE `pool_pool` SET `description` = 'GO 189978,189979 map=571' WHERE `pool_id` = 3093;
UPDATE `pool_pool` SET `description` = 'GO 189978,189979 map=571' WHERE `pool_id` = 3183;
UPDATE `pool_pool` SET `description` = 'GO 189978,189979 map=571' WHERE `pool_id` = 3267;
UPDATE `pool_pool` SET `description` = 'GO 189978,189979 map=571' WHERE `pool_id` = 3357;
UPDATE `pool_pool` SET `description` = 'GO 189978,189979 map=571' WHERE `pool_id` = 2945;
UPDATE `pool_pool` SET `description` = 'GO 189978,189979 map=571' WHERE `pool_id` = 3029;
UPDATE `pool_pool` SET `description` = 'GO 189978,189979 map=571' WHERE `pool_id` = 3119;
UPDATE `pool_pool` SET `description` = 'GO 189978,189979 map=571' WHERE `pool_id` = 3447;
UPDATE `pool_pool` SET `description` = 'GO 189978,189979 map=571' WHERE `pool_id` = 3209;
UPDATE `pool_pool` SET `description` = 'GO 189978,189979 map=571' WHERE `pool_id` = 2882;
UPDATE `pool_pool` SET `description` = 'GO 189978,189979 map=571' WHERE `pool_id` = 3300;
UPDATE `pool_pool` SET `description` = 'GO 189978,189979 map=571' WHERE `pool_id` = 2972;
UPDATE `pool_pool` SET `description` = 'GO 189978,189979 map=571' WHERE `pool_id` = 3390;
UPDATE `pool_pool` SET `description` = 'GO 189978,189979 map=571' WHERE `pool_id` = 3062;
UPDATE `pool_pool` SET `description` = 'GO 189978,189979 map=571' WHERE `pool_id` = 3152;
UPDATE `pool_pool` SET `description` = 'GO 189978,189979 map=571' WHERE `pool_id` = 3242;
UPDATE `pool_pool` SET `description` = 'GO 189978,189979 map=571' WHERE `pool_id` = 2914;
UPDATE `pool_pool` SET `description` = 'GO 189978,189979 map=571' WHERE `pool_id` = 3332;
UPDATE `pool_pool` SET `description` = 'GO 189978,189979 map=571' WHERE `pool_id` = 3004;
UPDATE `pool_pool` SET `description` = 'GO 189978,189979 map=571' WHERE `pool_id` = 3422;
UPDATE `pool_pool` SET `description` = 'GO 189978,189979 map=571' WHERE `pool_id` = 3094;
UPDATE `pool_pool` SET `description` = 'GO 189978,189979 map=571' WHERE `pool_id` = 3184;
UPDATE `pool_pool` SET `description` = 'GO 189978,189979 map=571' WHERE `pool_id` = 3268;
UPDATE `pool_pool` SET `description` = 'GO 189978,189979 map=571' WHERE `pool_id` = 3358;
UPDATE `pool_pool` SET `description` = 'GO 189978,189979 map=571' WHERE `pool_id` = 3030;
UPDATE `pool_pool` SET `description` = 'GO 189978,189979 map=571' WHERE `pool_id` = 3120;
UPDATE `pool_pool` SET `description` = 'GO 189978,189979 map=571' WHERE `pool_id` = 3448;
UPDATE `pool_pool` SET `description` = 'GO 189978,189979 map=571' WHERE `pool_id` = 3210;
UPDATE `pool_pool` SET `description` = 'GO 189978,189979 map=571' WHERE `pool_id` = 3211;
UPDATE `pool_pool` SET `description` = 'GO 189978,189979 map=571' WHERE `pool_id` = 2883;
UPDATE `pool_pool` SET `description` = 'GO 189978,189979 map=571' WHERE `pool_id` = 3301;
UPDATE `pool_pool` SET `description` = 'GO 189978,189979 map=571' WHERE `pool_id` = 2973;
UPDATE `pool_pool` SET `description` = 'GO 189978,189979 map=571' WHERE `pool_id` = 3391;
UPDATE `pool_pool` SET `description` = 'GO 189978,189979 map=571' WHERE `pool_id` = 3063;
UPDATE `pool_pool` SET `description` = 'GO 189978,189979 map=571' WHERE `pool_id` = 3153;
UPDATE `pool_pool` SET `description` = 'GO 189978,189979 map=571' WHERE `pool_id` = 3243;
UPDATE `pool_pool` SET `description` = 'GO 189978,189979 map=571' WHERE `pool_id` = 2915;
UPDATE `pool_pool` SET `description` = 'GO 189978,189979 map=571' WHERE `pool_id` = 3333;
UPDATE `pool_pool` SET `description` = 'GO 189978,189979 map=571' WHERE `pool_id` = 3005;
UPDATE `pool_pool` SET `description` = 'GO 189978,189979 map=571' WHERE `pool_id` = 3423;
UPDATE `pool_pool` SET `description` = 'GO 189978,189979 map=571' WHERE `pool_id` = 3095;
UPDATE `pool_pool` SET `description` = 'GO 189978,189979 map=571' WHERE `pool_id` = 3185;
UPDATE `pool_pool` SET `description` = 'GO 189978,189979 map=571' WHERE `pool_id` = 3269;
UPDATE `pool_pool` SET `description` = 'GO 189978,189979 map=571' WHERE `pool_id` = 3359;
UPDATE `pool_pool` SET `description` = 'GO 189978,189979 map=571' WHERE `pool_id` = 3031;
UPDATE `pool_pool` SET `description` = 'GO 189978,189979 map=571' WHERE `pool_id` = 3121;
UPDATE `pool_pool` SET `description` = 'GO 189978,189979 map=571' WHERE `pool_id` = 3449;
UPDATE `pool_pool` SET `description` = 'GO 189978,189979 map=571' WHERE `pool_id` = 3212;
UPDATE `pool_pool` SET `description` = 'GO 189978,189979 map=571' WHERE `pool_id` = 2884;
UPDATE `pool_pool` SET `description` = 'GO 189978,189979 map=571' WHERE `pool_id` = 3302;
UPDATE `pool_pool` SET `description` = 'GO 189978,189979 map=571' WHERE `pool_id` = 2974;
UPDATE `pool_pool` SET `description` = 'GO 189978,189979 map=571' WHERE `pool_id` = 3392;
UPDATE `pool_pool` SET `description` = 'GO 189978,189979 map=571' WHERE `pool_id` = 3064;
UPDATE `pool_pool` SET `description` = 'GO 189978,189979 map=571' WHERE `pool_id` = 3154;
UPDATE `pool_pool` SET `description` = 'GO 189978,189979 map=571' WHERE `pool_id` = 3244;
UPDATE `pool_pool` SET `description` = 'GO 189978,189979 map=571' WHERE `pool_id` = 2916;
UPDATE `pool_pool` SET `description` = 'GO 189978,189979 map=571' WHERE `pool_id` = 3334;
UPDATE `pool_pool` SET `description` = 'GO 189978,189979 map=571' WHERE `pool_id` = 3006;
UPDATE `pool_pool` SET `description` = 'GO 189978,189979 map=571' WHERE `pool_id` = 3424;
UPDATE `pool_pool` SET `description` = 'GO 189978,189979 map=571' WHERE `pool_id` = 3096;
UPDATE `pool_pool` SET `description` = 'GO 189978,189979 map=571' WHERE `pool_id` = 3270;
UPDATE `pool_pool` SET `description` = 'GO 189978,189979 map=571' WHERE `pool_id` = 3360;
UPDATE `pool_pool` SET `description` = 'GO 189978,189979 map=571' WHERE `pool_id` = 3032;
UPDATE `pool_pool` SET `description` = 'GO 189978,189979 map=571' WHERE `pool_id` = 3122;
UPDATE `pool_pool` SET `description` = 'GO 189978,189979 map=571' WHERE `pool_id` = 3450;
UPDATE `pool_pool` SET `description` = 'GO 189978,189979 map=571' WHERE `pool_id` = 3213;
UPDATE `pool_pool` SET `description` = 'GO 189978,189979 map=571' WHERE `pool_id` = 2885;
UPDATE `pool_pool` SET `description` = 'GO 189978,189979 map=571' WHERE `pool_id` = 3303;
UPDATE `pool_pool` SET `description` = 'GO 189978,189979 map=571' WHERE `pool_id` = 2975;
UPDATE `pool_pool` SET `description` = 'GO 189978,189979 map=571' WHERE `pool_id` = 3393;
UPDATE `pool_pool` SET `description` = 'GO 189978,189979 map=571' WHERE `pool_id` = 3065;
UPDATE `pool_pool` SET `description` = 'GO 189978,189979 map=571' WHERE `pool_id` = 3155;
UPDATE `pool_pool` SET `description` = 'GO 189978,189979 map=571' WHERE `pool_id` = 3245;
UPDATE `pool_pool` SET `description` = 'GO 189978,189979 map=571' WHERE `pool_id` = 2917;
UPDATE `pool_pool` SET `description` = 'GO 189978,189979 map=571' WHERE `pool_id` = 3335;
UPDATE `pool_pool` SET `description` = 'GO 189978,189979 map=571' WHERE `pool_id` = 3007;
UPDATE `pool_pool` SET `description` = 'GO 189978,189979 map=571' WHERE `pool_id` = 3425;
UPDATE `pool_pool` SET `description` = 'GO 189978,189979 map=571' WHERE `pool_id` = 3097;
UPDATE `pool_pool` SET `description` = 'GO 189978,189979 map=571' WHERE `pool_id` = 3271;
UPDATE `pool_pool` SET `description` = 'GO 189978,189979 map=571' WHERE `pool_id` = 3361;
UPDATE `pool_pool` SET `description` = 'GO 189978,189979 map=571' WHERE `pool_id` = 3033;
UPDATE `pool_pool` SET `description` = 'GO 189978,189979 map=571' WHERE `pool_id` = 3123;
UPDATE `pool_pool` SET `description` = 'GO 189978,189979 map=571' WHERE `pool_id` = 3451;
UPDATE `pool_pool` SET `description` = 'GO 189980,189981,191133 map=571' WHERE `pool_id` = 4616;
UPDATE `pool_pool` SET `description` = 'GO 189980,189981,191133 map=571' WHERE `pool_id` = 3870;
UPDATE `pool_pool` SET `description` = 'GO 189980,189981,191133 map=571' WHERE `pool_id` = 4288;
UPDATE `pool_pool` SET `description` = 'GO 189980,189981,191133 map=571' WHERE `pool_id` = 3542;
UPDATE `pool_pool` SET `description` = 'GO 189980,189981,191133 map=571' WHERE `pool_id` = 3960;
UPDATE `pool_pool` SET `description` = 'GO 189980,189981,191133 map=571' WHERE `pool_id` = 4378;
UPDATE `pool_pool` SET `description` = 'GO 189980,189981,191133 map=571' WHERE `pool_id` = 3632;
UPDATE `pool_pool` SET `description` = 'GO 189980,189981,191133 map=571' WHERE `pool_id` = 4050;
UPDATE `pool_pool` SET `description` = 'GO 189980,189981,191133 map=571' WHERE `pool_id` = 3722;
UPDATE `pool_pool` SET `description` = 'GO 189980,189981,191133 map=571' WHERE `pool_id` = 4552;
UPDATE `pool_pool` SET `description` = 'GO 189980,189981,191133 map=571' WHERE `pool_id` = 4140;
UPDATE `pool_pool` SET `description` = 'GO 189980,189981,191133 map=571' WHERE `pool_id` = 3812;
UPDATE `pool_pool` SET `description` = 'GO 189980,189981,191133 map=571' WHERE `pool_id` = 4642;
UPDATE `pool_pool` SET `description` = 'GO 189980,189981,191133 map=571' WHERE `pool_id` = 3484;
UPDATE `pool_pool` SET `description` = 'GO 189980,189981,191133 map=571' WHERE `pool_id` = 4314;
UPDATE `pool_pool` SET `description` = 'GO 189980,189981,191133 map=571' WHERE `pool_id` = 3902;
UPDATE `pool_pool` SET `description` = 'GO 189980,189981,191133 map=571' WHERE `pool_id` = 4733;
UPDATE `pool_pool` SET `description` = 'GO 189980,189981,191133 map=571' WHERE `pool_id` = 3986;
UPDATE `pool_pool` SET `description` = 'GO 189980,189981,191133 map=571' WHERE `pool_id` = 3574;
UPDATE `pool_pool` SET `description` = 'GO 189980,189981,191133 map=571' WHERE `pool_id` = 4404;
UPDATE `pool_pool` SET `description` = 'GO 189980,189981,191133 map=571' WHERE `pool_id` = 4076;
UPDATE `pool_pool` SET `description` = 'GO 189980,189981,191133 map=571' WHERE `pool_id` = 3664;
UPDATE `pool_pool` SET `description` = 'GO 189980,189981,191133 map=571' WHERE `pool_id` = 4494;
UPDATE `pool_pool` SET `description` = 'GO 189980,189981,191133 map=571' WHERE `pool_id` = 3748;
UPDATE `pool_pool` SET `description` = 'GO 189980,189981,191133 map=571' WHERE `pool_id` = 4166;
UPDATE `pool_pool` SET `description` = 'GO 189980,189981,191133 map=571' WHERE `pool_id` = 4584;
UPDATE `pool_pool` SET `description` = 'GO 189980,189981,191133 map=571' WHERE `pool_id` = 3838;
UPDATE `pool_pool` SET `description` = 'GO 189980,189981,191133 map=571' WHERE `pool_id` = 4256;
UPDATE `pool_pool` SET `description` = 'GO 189980,189981,191133 map=571' WHERE `pool_id` = 3510;
UPDATE `pool_pool` SET `description` = 'GO 189980,189981,191133 map=571' WHERE `pool_id` = 4674;
UPDATE `pool_pool` SET `description` = 'GO 189980,189981,191133 map=571' WHERE `pool_id` = 3928;
UPDATE `pool_pool` SET `description` = 'GO 189980,189981,191133 map=571' WHERE `pool_id` = 4346;
UPDATE `pool_pool` SET `description` = 'GO 189980,189981,191133 map=571' WHERE `pool_id` = 3600;
UPDATE `pool_pool` SET `description` = 'GO 189980,189981,191133 map=571' WHERE `pool_id` = 4765;
UPDATE `pool_pool` SET `description` = 'GO 189980,189981,191133 map=571' WHERE `pool_id` = 4018;
UPDATE `pool_pool` SET `description` = 'GO 189980,189981,191133 map=571' WHERE `pool_id` = 4436;
UPDATE `pool_pool` SET `description` = 'GO 189980,189981,191133 map=571' WHERE `pool_id` = 3690;
UPDATE `pool_pool` SET `description` = 'GO 189980,189981,191133 map=571' WHERE `pool_id` = 4108;
UPDATE `pool_pool` SET `description` = 'GO 189980,189981,191133 map=571' WHERE `pool_id` = 4526;
UPDATE `pool_pool` SET `description` = 'GO 189980,189981,191133 map=571' WHERE `pool_id` = 3780;
UPDATE `pool_pool` SET `description` = 'GO 189980,189981,191133 map=571' WHERE `pool_id` = 4198;
UPDATE `pool_pool` SET `description` = 'GO 189980,189981,191133 map=571' WHERE `pool_id` = 4617;
UPDATE `pool_pool` SET `description` = 'GO 189980,189981,191133 map=571' WHERE `pool_id` = 3871;
UPDATE `pool_pool` SET `description` = 'GO 189980,189981,191133 map=571' WHERE `pool_id` = 4289;
UPDATE `pool_pool` SET `description` = 'GO 189980,189981,191133 map=571' WHERE `pool_id` = 3543;
UPDATE `pool_pool` SET `description` = 'GO 189980,189981,191133 map=571' WHERE `pool_id` = 3961;
UPDATE `pool_pool` SET `description` = 'GO 189980,189981,191133 map=571' WHERE `pool_id` = 4379;
UPDATE `pool_pool` SET `description` = 'GO 189980,189981,191133 map=571' WHERE `pool_id` = 3633;
UPDATE `pool_pool` SET `description` = 'GO 189980,189981,191133 map=571' WHERE `pool_id` = 4051;
UPDATE `pool_pool` SET `description` = 'GO 189980,189981,191133 map=571' WHERE `pool_id` = 3723;
UPDATE `pool_pool` SET `description` = 'GO 189980,189981,191133 map=571' WHERE `pool_id` = 4553;
UPDATE `pool_pool` SET `description` = 'GO 189980,189981,191133 map=571' WHERE `pool_id` = 4141;
UPDATE `pool_pool` SET `description` = 'GO 189980,189981,191133 map=571' WHERE `pool_id` = 3813;
UPDATE `pool_pool` SET `description` = 'GO 189980,189981,191133 map=571' WHERE `pool_id` = 4643;
UPDATE `pool_pool` SET `description` = 'GO 189980,189981,191133 map=571' WHERE `pool_id` = 3485;
UPDATE `pool_pool` SET `description` = 'GO 189980,189981,191133 map=571' WHERE `pool_id` = 4315;
UPDATE `pool_pool` SET `description` = 'GO 189980,189981,191133 map=571' WHERE `pool_id` = 3903;
UPDATE `pool_pool` SET `description` = 'GO 189980,189981,191133 map=571' WHERE `pool_id` = 4734;
UPDATE `pool_pool` SET `description` = 'GO 189980,189981,191133 map=571' WHERE `pool_id` = 3987;
UPDATE `pool_pool` SET `description` = 'GO 189980,189981,191133 map=571' WHERE `pool_id` = 3575;
UPDATE `pool_pool` SET `description` = 'GO 189980,189981,191133 map=571' WHERE `pool_id` = 4405;
UPDATE `pool_pool` SET `description` = 'GO 189980,189981,191133 map=571' WHERE `pool_id` = 4077;
UPDATE `pool_pool` SET `description` = 'GO 189980,189981,191133 map=571' WHERE `pool_id` = 3665;
UPDATE `pool_pool` SET `description` = 'GO 189980,189981,191133 map=571' WHERE `pool_id` = 4495;
UPDATE `pool_pool` SET `description` = 'GO 189980,189981,191133 map=571' WHERE `pool_id` = 3749;
UPDATE `pool_pool` SET `description` = 'GO 189980,189981,191133 map=571' WHERE `pool_id` = 4167;
UPDATE `pool_pool` SET `description` = 'GO 189980,189981,191133 map=571' WHERE `pool_id` = 4585;
UPDATE `pool_pool` SET `description` = 'GO 189980,189981,191133 map=571' WHERE `pool_id` = 3839;
UPDATE `pool_pool` SET `description` = 'GO 189980,189981,191133 map=571' WHERE `pool_id` = 4257;
UPDATE `pool_pool` SET `description` = 'GO 189980,189981,191133 map=571' WHERE `pool_id` = 3511;
UPDATE `pool_pool` SET `description` = 'GO 189980,189981,191133 map=571' WHERE `pool_id` = 4675;
UPDATE `pool_pool` SET `description` = 'GO 189980,189981,191133 map=571' WHERE `pool_id` = 3929;
UPDATE `pool_pool` SET `description` = 'GO 189980,189981,191133 map=571' WHERE `pool_id` = 4347;
UPDATE `pool_pool` SET `description` = 'GO 189980,189981,191133 map=571' WHERE `pool_id` = 3601;
UPDATE `pool_pool` SET `description` = 'GO 189980,189981,191133 map=571' WHERE `pool_id` = 4766;
UPDATE `pool_pool` SET `description` = 'GO 189980,189981,191133 map=571' WHERE `pool_id` = 4019;
UPDATE `pool_pool` SET `description` = 'GO 189980,189981,191133 map=571' WHERE `pool_id` = 4437;
UPDATE `pool_pool` SET `description` = 'GO 189980,189981,191133 map=571' WHERE `pool_id` = 3691;
UPDATE `pool_pool` SET `description` = 'GO 189980,189981,191133 map=571' WHERE `pool_id` = 4109;
UPDATE `pool_pool` SET `description` = 'GO 189980,189981,191133 map=571' WHERE `pool_id` = 4527;
UPDATE `pool_pool` SET `description` = 'GO 189980,189981,191133 map=571' WHERE `pool_id` = 3781;
UPDATE `pool_pool` SET `description` = 'GO 189980,189981,191133 map=571' WHERE `pool_id` = 4199;
UPDATE `pool_pool` SET `description` = 'GO 189980,189981,191133 map=571' WHERE `pool_id` = 4200;
UPDATE `pool_pool` SET `description` = 'GO 189980,189981,191133 map=571' WHERE `pool_id` = 4618;
UPDATE `pool_pool` SET `description` = 'GO 189980,189981,191133 map=571' WHERE `pool_id` = 3872;
UPDATE `pool_pool` SET `description` = 'GO 189980,189981,191133 map=571' WHERE `pool_id` = 4290;
UPDATE `pool_pool` SET `description` = 'GO 189980,189981,191133 map=571' WHERE `pool_id` = 3544;
UPDATE `pool_pool` SET `description` = 'GO 189980,189981,191133 map=571' WHERE `pool_id` = 3962;
UPDATE `pool_pool` SET `description` = 'GO 189980,189981,191133 map=571' WHERE `pool_id` = 4380;
UPDATE `pool_pool` SET `description` = 'GO 189980,189981,191133 map=571' WHERE `pool_id` = 3634;
UPDATE `pool_pool` SET `description` = 'GO 189980,189981,191133 map=571' WHERE `pool_id` = 4052;
UPDATE `pool_pool` SET `description` = 'GO 189980,189981,191133 map=571' WHERE `pool_id` = 3724;
UPDATE `pool_pool` SET `description` = 'GO 189980,189981,191133 map=571' WHERE `pool_id` = 4554;
UPDATE `pool_pool` SET `description` = 'GO 189980,189981,191133 map=571' WHERE `pool_id` = 4142;
UPDATE `pool_pool` SET `description` = 'GO 189980,189981,191133 map=571' WHERE `pool_id` = 4226;
UPDATE `pool_pool` SET `description` = 'GO 189980,189981,191133 map=571' WHERE `pool_id` = 3814;
UPDATE `pool_pool` SET `description` = 'GO 189980,189981,191133 map=571' WHERE `pool_id` = 4644;
UPDATE `pool_pool` SET `description` = 'GO 189980,189981,191133 map=571' WHERE `pool_id` = 3486;
UPDATE `pool_pool` SET `description` = 'GO 189980,189981,191133 map=571' WHERE `pool_id` = 4316;
UPDATE `pool_pool` SET `description` = 'GO 189980,189981,191133 map=571' WHERE `pool_id` = 3904;
UPDATE `pool_pool` SET `description` = 'GO 189980,189981,191133 map=571' WHERE `pool_id` = 4735;
UPDATE `pool_pool` SET `description` = 'GO 189980,189981,191133 map=571' WHERE `pool_id` = 3988;
UPDATE `pool_pool` SET `description` = 'GO 189980,189981,191133 map=571' WHERE `pool_id` = 3576;
UPDATE `pool_pool` SET `description` = 'GO 189980,189981,191133 map=571' WHERE `pool_id` = 4406;
UPDATE `pool_pool` SET `description` = 'GO 189980,189981,191133 map=571' WHERE `pool_id` = 4078;
UPDATE `pool_pool` SET `description` = 'GO 189980,189981,191133 map=571' WHERE `pool_id` = 4496;
UPDATE `pool_pool` SET `description` = 'GO 189980,189981,191133 map=571' WHERE `pool_id` = 3750;
UPDATE `pool_pool` SET `description` = 'GO 189980,189981,191133 map=571' WHERE `pool_id` = 4168;
UPDATE `pool_pool` SET `description` = 'GO 189980,189981,191133 map=571' WHERE `pool_id` = 4586;
UPDATE `pool_pool` SET `description` = 'GO 189980,189981,191133 map=571' WHERE `pool_id` = 3840;
UPDATE `pool_pool` SET `description` = 'GO 189980,189981,191133 map=571' WHERE `pool_id` = 4258;
UPDATE `pool_pool` SET `description` = 'GO 189980,189981,191133 map=571' WHERE `pool_id` = 3512;
UPDATE `pool_pool` SET `description` = 'GO 189980,189981,191133 map=571' WHERE `pool_id` = 4676;
UPDATE `pool_pool` SET `description` = 'GO 189980,189981,191133 map=571' WHERE `pool_id` = 3930;
UPDATE `pool_pool` SET `description` = 'GO 189980,189981,191133 map=571' WHERE `pool_id` = 4348;
UPDATE `pool_pool` SET `description` = 'GO 189980,189981,191133 map=571' WHERE `pool_id` = 3602;
UPDATE `pool_pool` SET `description` = 'GO 189980,189981,191133 map=571' WHERE `pool_id` = 4767;
UPDATE `pool_pool` SET `description` = 'GO 189980,189981,191133 map=571' WHERE `pool_id` = 4020;
UPDATE `pool_pool` SET `description` = 'GO 189980,189981,191133 map=571' WHERE `pool_id` = 4438;
UPDATE `pool_pool` SET `description` = 'GO 189980,189981,191133 map=571' WHERE `pool_id` = 3692;
UPDATE `pool_pool` SET `description` = 'GO 189980,189981,191133 map=571' WHERE `pool_id` = 4110;
UPDATE `pool_pool` SET `description` = 'GO 189980,189981,191133 map=571' WHERE `pool_id` = 4528;
UPDATE `pool_pool` SET `description` = 'GO 189980,189981,191133 map=571' WHERE `pool_id` = 3782;
UPDATE `pool_pool` SET `description` = 'GO 189980,189981,191133 map=571' WHERE `pool_id` = 4201;
UPDATE `pool_pool` SET `description` = 'GO 189980,189981,191133 map=571' WHERE `pool_id` = 4619;
UPDATE `pool_pool` SET `description` = 'GO 189980,189981,191133 map=571' WHERE `pool_id` = 3873;
UPDATE `pool_pool` SET `description` = 'GO 189980,189981,191133 map=571' WHERE `pool_id` = 4291;
UPDATE `pool_pool` SET `description` = 'GO 189980,189981,191133 map=571' WHERE `pool_id` = 3545;
UPDATE `pool_pool` SET `description` = 'GO 189980,189981,191133 map=571' WHERE `pool_id` = 3963;
UPDATE `pool_pool` SET `description` = 'GO 189980,189981,191133 map=571' WHERE `pool_id` = 4381;
UPDATE `pool_pool` SET `description` = 'GO 189980,189981,191133 map=571' WHERE `pool_id` = 3635;
UPDATE `pool_pool` SET `description` = 'GO 189980,189981,191133 map=571' WHERE `pool_id` = 4053;
UPDATE `pool_pool` SET `description` = 'GO 189980,189981,191133 map=571' WHERE `pool_id` = 3725;
UPDATE `pool_pool` SET `description` = 'GO 189980,189981,191133 map=571' WHERE `pool_id` = 4555;
UPDATE `pool_pool` SET `description` = 'GO 189980,189981,191133 map=571' WHERE `pool_id` = 4143;
UPDATE `pool_pool` SET `description` = 'GO 189980,189981,191133 map=571' WHERE `pool_id` = 4227;
UPDATE `pool_pool` SET `description` = 'GO 189980,189981,191133 map=571' WHERE `pool_id` = 3815;
UPDATE `pool_pool` SET `description` = 'GO 189980,189981,191133 map=571' WHERE `pool_id` = 4645;
UPDATE `pool_pool` SET `description` = 'GO 189980,189981,191133 map=571' WHERE `pool_id` = 3487;
UPDATE `pool_pool` SET `description` = 'GO 189980,189981,191133 map=571' WHERE `pool_id` = 4317;
UPDATE `pool_pool` SET `description` = 'GO 189980,189981,191133 map=571' WHERE `pool_id` = 3905;
UPDATE `pool_pool` SET `description` = 'GO 189980,189981,191133 map=571' WHERE `pool_id` = 4736;
UPDATE `pool_pool` SET `description` = 'GO 189980,189981,191133 map=571' WHERE `pool_id` = 3989;
UPDATE `pool_pool` SET `description` = 'GO 189980,189981,191133 map=571' WHERE `pool_id` = 3577;
UPDATE `pool_pool` SET `description` = 'GO 189980,189981,191133 map=571' WHERE `pool_id` = 4407;
UPDATE `pool_pool` SET `description` = 'GO 189980,189981,191133 map=571' WHERE `pool_id` = 4079;
UPDATE `pool_pool` SET `description` = 'GO 189980,189981,191133 map=571' WHERE `pool_id` = 4497;
UPDATE `pool_pool` SET `description` = 'GO 189980,189981,191133 map=571' WHERE `pool_id` = 3751;
UPDATE `pool_pool` SET `description` = 'GO 189980,189981,191133 map=571' WHERE `pool_id` = 4169;
UPDATE `pool_pool` SET `description` = 'GO 189980,189981,191133 map=571' WHERE `pool_id` = 4587;
UPDATE `pool_pool` SET `description` = 'GO 189980,189981,191133 map=571' WHERE `pool_id` = 3841;
UPDATE `pool_pool` SET `description` = 'GO 189980,189981,191133 map=571' WHERE `pool_id` = 4259;
UPDATE `pool_pool` SET `description` = 'GO 189980,189981,191133 map=571' WHERE `pool_id` = 3513;
UPDATE `pool_pool` SET `description` = 'GO 189980,189981,191133 map=571' WHERE `pool_id` = 4677;
UPDATE `pool_pool` SET `description` = 'GO 189980,189981,191133 map=571' WHERE `pool_id` = 3931;
UPDATE `pool_pool` SET `description` = 'GO 189980,189981,191133 map=571' WHERE `pool_id` = 4349;
UPDATE `pool_pool` SET `description` = 'GO 189980,189981,191133 map=571' WHERE `pool_id` = 3603;
UPDATE `pool_pool` SET `description` = 'GO 189980,189981,191133 map=571' WHERE `pool_id` = 4768;
UPDATE `pool_pool` SET `description` = 'GO 189980,189981,191133 map=571' WHERE `pool_id` = 4021;
UPDATE `pool_pool` SET `description` = 'GO 189980,189981,191133 map=571' WHERE `pool_id` = 4439;
UPDATE `pool_pool` SET `description` = 'GO 189980,189981,191133 map=571' WHERE `pool_id` = 3693;
UPDATE `pool_pool` SET `description` = 'GO 189980,189981,191133 map=571' WHERE `pool_id` = 4111;
UPDATE `pool_pool` SET `description` = 'GO 189980,189981,191133 map=571' WHERE `pool_id` = 4529;
UPDATE `pool_pool` SET `description` = 'GO 189980,189981,191133 map=571' WHERE `pool_id` = 3783;
UPDATE `pool_pool` SET `description` = 'GO 189980,189981,191133 map=571' WHERE `pool_id` = 4202;
UPDATE `pool_pool` SET `description` = 'GO 189980,189981,191133 map=571' WHERE `pool_id` = 4620;
UPDATE `pool_pool` SET `description` = 'GO 189980,189981,191133 map=571' WHERE `pool_id` = 3874;
UPDATE `pool_pool` SET `description` = 'GO 189980,189981,191133 map=571' WHERE `pool_id` = 4292;
UPDATE `pool_pool` SET `description` = 'GO 189980,189981,191133 map=571' WHERE `pool_id` = 3546;
UPDATE `pool_pool` SET `description` = 'GO 189980,189981,191133 map=571' WHERE `pool_id` = 3964;
UPDATE `pool_pool` SET `description` = 'GO 189980,189981,191133 map=571' WHERE `pool_id` = 4382;
UPDATE `pool_pool` SET `description` = 'GO 189980,189981,191133 map=571' WHERE `pool_id` = 3636;
UPDATE `pool_pool` SET `description` = 'GO 189980,189981,191133 map=571' WHERE `pool_id` = 4466;
UPDATE `pool_pool` SET `description` = 'GO 189980,189981,191133 map=571' WHERE `pool_id` = 4054;
UPDATE `pool_pool` SET `description` = 'GO 189980,189981,191133 map=571' WHERE `pool_id` = 3726;
UPDATE `pool_pool` SET `description` = 'GO 189980,189981,191133 map=571' WHERE `pool_id` = 4556;
UPDATE `pool_pool` SET `description` = 'GO 189980,189981,191133 map=571' WHERE `pool_id` = 4144;
UPDATE `pool_pool` SET `description` = 'GO 189980,189981,191133 map=571' WHERE `pool_id` = 4228;
UPDATE `pool_pool` SET `description` = 'GO 189980,189981,191133 map=571' WHERE `pool_id` = 3816;
UPDATE `pool_pool` SET `description` = 'GO 189980,189981,191133 map=571' WHERE `pool_id` = 4646;
UPDATE `pool_pool` SET `description` = 'GO 189980,189981,191133 map=571' WHERE `pool_id` = 3488;
UPDATE `pool_pool` SET `description` = 'GO 189980,189981,191133 map=571' WHERE `pool_id` = 4318;
UPDATE `pool_pool` SET `description` = 'GO 189980,189981,191133 map=571' WHERE `pool_id` = 4737;
UPDATE `pool_pool` SET `description` = 'GO 189980,189981,191133 map=571' WHERE `pool_id` = 3990;
UPDATE `pool_pool` SET `description` = 'GO 189980,189981,191133 map=571' WHERE `pool_id` = 3578;
UPDATE `pool_pool` SET `description` = 'GO 189980,189981,191133 map=571' WHERE `pool_id` = 4408;
UPDATE `pool_pool` SET `description` = 'GO 189980,189981,191133 map=571' WHERE `pool_id` = 4080;
UPDATE `pool_pool` SET `description` = 'GO 189980,189981,191133 map=571' WHERE `pool_id` = 4498;
UPDATE `pool_pool` SET `description` = 'GO 189980,189981,191133 map=571' WHERE `pool_id` = 3752;
UPDATE `pool_pool` SET `description` = 'GO 189980,189981,191133 map=571' WHERE `pool_id` = 4170;
UPDATE `pool_pool` SET `description` = 'GO 189980,189981,191133 map=571' WHERE `pool_id` = 4588;
UPDATE `pool_pool` SET `description` = 'GO 189980,189981,191133 map=571' WHERE `pool_id` = 3842;
UPDATE `pool_pool` SET `description` = 'GO 189980,189981,191133 map=571' WHERE `pool_id` = 4260;
UPDATE `pool_pool` SET `description` = 'GO 189980,189981,191133 map=571' WHERE `pool_id` = 3514;
UPDATE `pool_pool` SET `description` = 'GO 189980,189981,191133 map=571' WHERE `pool_id` = 4678;
UPDATE `pool_pool` SET `description` = 'GO 189980,189981,191133 map=571' WHERE `pool_id` = 3932;
UPDATE `pool_pool` SET `description` = 'GO 189980,189981,191133 map=571' WHERE `pool_id` = 4350;
UPDATE `pool_pool` SET `description` = 'GO 189980,189981,191133 map=571' WHERE `pool_id` = 3604;
UPDATE `pool_pool` SET `description` = 'GO 189980,189981,191133 map=571' WHERE `pool_id` = 4769;
UPDATE `pool_pool` SET `description` = 'GO 189980,189981,191133 map=571' WHERE `pool_id` = 4022;
UPDATE `pool_pool` SET `description` = 'GO 189980,189981,191133 map=571' WHERE `pool_id` = 4440;
UPDATE `pool_pool` SET `description` = 'GO 189980,189981,191133 map=571' WHERE `pool_id` = 3694;
UPDATE `pool_pool` SET `description` = 'GO 189980,189981,191133 map=571' WHERE `pool_id` = 4112;
UPDATE `pool_pool` SET `description` = 'GO 189980,189981,191133 map=571' WHERE `pool_id` = 4530;
UPDATE `pool_pool` SET `description` = 'GO 189980,189981,191133 map=571' WHERE `pool_id` = 3784;
UPDATE `pool_pool` SET `description` = 'GO 189980,189981,191133 map=571' WHERE `pool_id` = 3785;
UPDATE `pool_pool` SET `description` = 'GO 189980,189981,191133 map=571' WHERE `pool_id` = 4203;
UPDATE `pool_pool` SET `description` = 'GO 189980,189981,191133 map=571' WHERE `pool_id` = 4621;
UPDATE `pool_pool` SET `description` = 'GO 189980,189981,191133 map=571' WHERE `pool_id` = 3875;
UPDATE `pool_pool` SET `description` = 'GO 189980,189981,191133 map=571' WHERE `pool_id` = 4293;
UPDATE `pool_pool` SET `description` = 'GO 189980,189981,191133 map=571' WHERE `pool_id` = 3547;
UPDATE `pool_pool` SET `description` = 'GO 189980,189981,191133 map=571' WHERE `pool_id` = 3965;
UPDATE `pool_pool` SET `description` = 'GO 189980,189981,191133 map=571' WHERE `pool_id` = 4383;
UPDATE `pool_pool` SET `description` = 'GO 189980,189981,191133 map=571' WHERE `pool_id` = 3637;
UPDATE `pool_pool` SET `description` = 'GO 189980,189981,191133 map=571' WHERE `pool_id` = 4467;
UPDATE `pool_pool` SET `description` = 'GO 189980,189981,191133 map=571' WHERE `pool_id` = 4055;
UPDATE `pool_pool` SET `description` = 'GO 189980,189981,191133 map=571' WHERE `pool_id` = 3727;
UPDATE `pool_pool` SET `description` = 'GO 189980,189981,191133 map=571' WHERE `pool_id` = 4557;
UPDATE `pool_pool` SET `description` = 'GO 189980,189981,191133 map=571' WHERE `pool_id` = 4145;
UPDATE `pool_pool` SET `description` = 'GO 189980,189981,191133 map=571' WHERE `pool_id` = 4229;
UPDATE `pool_pool` SET `description` = 'GO 189980,189981,191133 map=571' WHERE `pool_id` = 3817;
UPDATE `pool_pool` SET `description` = 'GO 189980,189981,191133 map=571' WHERE `pool_id` = 4647;
UPDATE `pool_pool` SET `description` = 'GO 189980,189981,191133 map=571' WHERE `pool_id` = 3489;
UPDATE `pool_pool` SET `description` = 'GO 189980,189981,191133 map=571' WHERE `pool_id` = 4319;
UPDATE `pool_pool` SET `description` = 'GO 189980,189981,191133 map=571' WHERE `pool_id` = 4738;
UPDATE `pool_pool` SET `description` = 'GO 189980,189981,191133 map=571' WHERE `pool_id` = 3991;
UPDATE `pool_pool` SET `description` = 'GO 189980,189981,191133 map=571' WHERE `pool_id` = 3579;
UPDATE `pool_pool` SET `description` = 'GO 189980,189981,191133 map=571' WHERE `pool_id` = 4409;
UPDATE `pool_pool` SET `description` = 'GO 189980,189981,191133 map=571' WHERE `pool_id` = 4081;
UPDATE `pool_pool` SET `description` = 'GO 189980,189981,191133 map=571' WHERE `pool_id` = 4499;
UPDATE `pool_pool` SET `description` = 'GO 189980,189981,191133 map=571' WHERE `pool_id` = 3753;
UPDATE `pool_pool` SET `description` = 'GO 189980,189981,191133 map=571' WHERE `pool_id` = 4171;
UPDATE `pool_pool` SET `description` = 'GO 189980,189981,191133 map=571' WHERE `pool_id` = 4589;
UPDATE `pool_pool` SET `description` = 'GO 189980,189981,191133 map=571' WHERE `pool_id` = 3843;
UPDATE `pool_pool` SET `description` = 'GO 189980,189981,191133 map=571' WHERE `pool_id` = 4261;
UPDATE `pool_pool` SET `description` = 'GO 189980,189981,191133 map=571' WHERE `pool_id` = 3515;
UPDATE `pool_pool` SET `description` = 'GO 189980,189981,191133 map=571' WHERE `pool_id` = 4679;
UPDATE `pool_pool` SET `description` = 'GO 189980,189981,191133 map=571' WHERE `pool_id` = 3933;
UPDATE `pool_pool` SET `description` = 'GO 189980,189981,191133 map=571' WHERE `pool_id` = 4351;
UPDATE `pool_pool` SET `description` = 'GO 189980,189981,191133 map=571' WHERE `pool_id` = 3605;
UPDATE `pool_pool` SET `description` = 'GO 189980,189981,191133 map=571' WHERE `pool_id` = 4770;
UPDATE `pool_pool` SET `description` = 'GO 189980,189981,191133 map=571' WHERE `pool_id` = 4023;
UPDATE `pool_pool` SET `description` = 'GO 189980,189981,191133 map=571' WHERE `pool_id` = 4441;
UPDATE `pool_pool` SET `description` = 'GO 189980,189981,191133 map=571' WHERE `pool_id` = 3695;
UPDATE `pool_pool` SET `description` = 'GO 189980,189981,191133 map=571' WHERE `pool_id` = 4113;
UPDATE `pool_pool` SET `description` = 'GO 189980,189981,191133 map=571' WHERE `pool_id` = 4531;
UPDATE `pool_pool` SET `description` = 'GO 189980,189981,191133 map=571' WHERE `pool_id` = 3786;
UPDATE `pool_pool` SET `description` = 'GO 189980,189981,191133 map=571' WHERE `pool_id` = 4204;
UPDATE `pool_pool` SET `description` = 'GO 189980,189981,191133 map=571' WHERE `pool_id` = 4622;
UPDATE `pool_pool` SET `description` = 'GO 189980,189981,191133 map=571' WHERE `pool_id` = 3876;
UPDATE `pool_pool` SET `description` = 'GO 189980,189981,191133 map=571' WHERE `pool_id` = 4706;
UPDATE `pool_pool` SET `description` = 'GO 189980,189981,191133 map=571' WHERE `pool_id` = 4294;
UPDATE `pool_pool` SET `description` = 'GO 189980,189981,191133 map=571' WHERE `pool_id` = 3548;
UPDATE `pool_pool` SET `description` = 'GO 189980,189981,191133 map=571' WHERE `pool_id` = 3966;
UPDATE `pool_pool` SET `description` = 'GO 189980,189981,191133 map=571' WHERE `pool_id` = 4384;
UPDATE `pool_pool` SET `description` = 'GO 189980,189981,191133 map=571' WHERE `pool_id` = 3638;
UPDATE `pool_pool` SET `description` = 'GO 189980,189981,191133 map=571' WHERE `pool_id` = 4468;
UPDATE `pool_pool` SET `description` = 'GO 189980,189981,191133 map=571' WHERE `pool_id` = 4056;
UPDATE `pool_pool` SET `description` = 'GO 189980,189981,191133 map=571' WHERE `pool_id` = 3728;
UPDATE `pool_pool` SET `description` = 'GO 189980,189981,191133 map=571' WHERE `pool_id` = 4558;
UPDATE `pool_pool` SET `description` = 'GO 189980,189981,191133 map=571' WHERE `pool_id` = 4230;
UPDATE `pool_pool` SET `description` = 'GO 189980,189981,191133 map=571' WHERE `pool_id` = 3818;
UPDATE `pool_pool` SET `description` = 'GO 189980,189981,191133 map=571' WHERE `pool_id` = 4648;
UPDATE `pool_pool` SET `description` = 'GO 189980,189981,191133 map=571' WHERE `pool_id` = 3490;
UPDATE `pool_pool` SET `description` = 'GO 189980,189981,191133 map=571' WHERE `pool_id` = 4320;
UPDATE `pool_pool` SET `description` = 'GO 189980,189981,191133 map=571' WHERE `pool_id` = 4739;
UPDATE `pool_pool` SET `description` = 'GO 189980,189981,191133 map=571' WHERE `pool_id` = 3992;
UPDATE `pool_pool` SET `description` = 'GO 189980,189981,191133 map=571' WHERE `pool_id` = 3580;
UPDATE `pool_pool` SET `description` = 'GO 189980,189981,191133 map=571' WHERE `pool_id` = 4410;
UPDATE `pool_pool` SET `description` = 'GO 189980,189981,191133 map=571' WHERE `pool_id` = 4082;
UPDATE `pool_pool` SET `description` = 'GO 189980,189981,191133 map=571' WHERE `pool_id` = 4500;
UPDATE `pool_pool` SET `description` = 'GO 189980,189981,191133 map=571' WHERE `pool_id` = 3754;
UPDATE `pool_pool` SET `description` = 'GO 189980,189981,191133 map=571' WHERE `pool_id` = 4172;
UPDATE `pool_pool` SET `description` = 'GO 189980,189981,191133 map=571' WHERE `pool_id` = 4590;
UPDATE `pool_pool` SET `description` = 'GO 189980,189981,191133 map=571' WHERE `pool_id` = 3844;
UPDATE `pool_pool` SET `description` = 'GO 189980,189981,191133 map=571' WHERE `pool_id` = 4262;
UPDATE `pool_pool` SET `description` = 'GO 189980,189981,191133 map=571' WHERE `pool_id` = 3516;
UPDATE `pool_pool` SET `description` = 'GO 189980,189981,191133 map=571' WHERE `pool_id` = 4680;
UPDATE `pool_pool` SET `description` = 'GO 189980,189981,191133 map=571' WHERE `pool_id` = 3934;
UPDATE `pool_pool` SET `description` = 'GO 189980,189981,191133 map=571' WHERE `pool_id` = 4352;
UPDATE `pool_pool` SET `description` = 'GO 189980,189981,191133 map=571' WHERE `pool_id` = 3606;
UPDATE `pool_pool` SET `description` = 'GO 189980,189981,191133 map=571' WHERE `pool_id` = 4771;
UPDATE `pool_pool` SET `description` = 'GO 189980,189981,191133 map=571' WHERE `pool_id` = 4024;
UPDATE `pool_pool` SET `description` = 'GO 189980,189981,191133 map=571' WHERE `pool_id` = 4442;
UPDATE `pool_pool` SET `description` = 'GO 189980,189981,191133 map=571' WHERE `pool_id` = 3696;
UPDATE `pool_pool` SET `description` = 'GO 189980,189981,191133 map=571' WHERE `pool_id` = 4114;
UPDATE `pool_pool` SET `description` = 'GO 189980,189981,191133 map=571' WHERE `pool_id` = 4532;
UPDATE `pool_pool` SET `description` = 'GO 189980,189981,191133 map=571' WHERE `pool_id` = 4533;
UPDATE `pool_pool` SET `description` = 'GO 189980,189981,191133 map=571' WHERE `pool_id` = 3787;
UPDATE `pool_pool` SET `description` = 'GO 189980,189981,191133 map=571' WHERE `pool_id` = 4205;
UPDATE `pool_pool` SET `description` = 'GO 189980,189981,191133 map=571' WHERE `pool_id` = 4623;
UPDATE `pool_pool` SET `description` = 'GO 189980,189981,191133 map=571' WHERE `pool_id` = 3877;
UPDATE `pool_pool` SET `description` = 'GO 189980,189981,191133 map=571' WHERE `pool_id` = 4707;
UPDATE `pool_pool` SET `description` = 'GO 189980,189981,191133 map=571' WHERE `pool_id` = 4295;
UPDATE `pool_pool` SET `description` = 'GO 189980,189981,191133 map=571' WHERE `pool_id` = 3549;
UPDATE `pool_pool` SET `description` = 'GO 189980,189981,191133 map=571' WHERE `pool_id` = 3967;
UPDATE `pool_pool` SET `description` = 'GO 189980,189981,191133 map=571' WHERE `pool_id` = 4385;
UPDATE `pool_pool` SET `description` = 'GO 189980,189981,191133 map=571' WHERE `pool_id` = 3639;
UPDATE `pool_pool` SET `description` = 'GO 189980,189981,191133 map=571' WHERE `pool_id` = 4469;
UPDATE `pool_pool` SET `description` = 'GO 189980,189981,191133 map=571' WHERE `pool_id` = 4057;
UPDATE `pool_pool` SET `description` = 'GO 189980,189981,191133 map=571' WHERE `pool_id` = 3729;
UPDATE `pool_pool` SET `description` = 'GO 189980,189981,191133 map=571' WHERE `pool_id` = 4559;
UPDATE `pool_pool` SET `description` = 'GO 189980,189981,191133 map=571' WHERE `pool_id` = 4231;
UPDATE `pool_pool` SET `description` = 'GO 189980,189981,191133 map=571' WHERE `pool_id` = 3819;
UPDATE `pool_pool` SET `description` = 'GO 189980,189981,191133 map=571' WHERE `pool_id` = 4649;
UPDATE `pool_pool` SET `description` = 'GO 189980,189981,191133 map=571' WHERE `pool_id` = 3491;
UPDATE `pool_pool` SET `description` = 'GO 189980,189981,191133 map=571' WHERE `pool_id` = 4321;
UPDATE `pool_pool` SET `description` = 'GO 189980,189981,191133 map=571' WHERE `pool_id` = 4740;
UPDATE `pool_pool` SET `description` = 'GO 189980,189981,191133 map=571' WHERE `pool_id` = 3993;
UPDATE `pool_pool` SET `description` = 'GO 189980,189981,191133 map=571' WHERE `pool_id` = 3581;
UPDATE `pool_pool` SET `description` = 'GO 189980,189981,191133 map=571' WHERE `pool_id` = 4411;
UPDATE `pool_pool` SET `description` = 'GO 189980,189981,191133 map=571' WHERE `pool_id` = 4083;
UPDATE `pool_pool` SET `description` = 'GO 189980,189981,191133 map=571' WHERE `pool_id` = 4501;
UPDATE `pool_pool` SET `description` = 'GO 189980,189981,191133 map=571' WHERE `pool_id` = 3755;
UPDATE `pool_pool` SET `description` = 'GO 189980,189981,191133 map=571' WHERE `pool_id` = 4173;
UPDATE `pool_pool` SET `description` = 'GO 189980,189981,191133 map=571' WHERE `pool_id` = 4591;
UPDATE `pool_pool` SET `description` = 'GO 189980,189981,191133 map=571' WHERE `pool_id` = 3845;
UPDATE `pool_pool` SET `description` = 'GO 189980,189981,191133 map=571' WHERE `pool_id` = 4263;
UPDATE `pool_pool` SET `description` = 'GO 189980,189981,191133 map=571' WHERE `pool_id` = 3517;
UPDATE `pool_pool` SET `description` = 'GO 189980,189981,191133 map=571' WHERE `pool_id` = 4681;
UPDATE `pool_pool` SET `description` = 'GO 189980,189981,191133 map=571' WHERE `pool_id` = 3935;
UPDATE `pool_pool` SET `description` = 'GO 189980,189981,191133 map=571' WHERE `pool_id` = 4353;
UPDATE `pool_pool` SET `description` = 'GO 189980,189981,191133 map=571' WHERE `pool_id` = 3607;
UPDATE `pool_pool` SET `description` = 'GO 189980,189981,191133 map=571' WHERE `pool_id` = 4772;
UPDATE `pool_pool` SET `description` = 'GO 189980,189981,191133 map=571' WHERE `pool_id` = 4025;
UPDATE `pool_pool` SET `description` = 'GO 189980,189981,191133 map=571' WHERE `pool_id` = 4443;
UPDATE `pool_pool` SET `description` = 'GO 189980,189981,191133 map=571' WHERE `pool_id` = 3697;
UPDATE `pool_pool` SET `description` = 'GO 189980,189981,191133 map=571' WHERE `pool_id` = 4115;
UPDATE `pool_pool` SET `description` = 'GO 189980,189981,191133 map=571' WHERE `pool_id` = 4534;
UPDATE `pool_pool` SET `description` = 'GO 189980,189981,191133 map=571' WHERE `pool_id` = 3788;
UPDATE `pool_pool` SET `description` = 'GO 189980,189981,191133 map=571' WHERE `pool_id` = 4206;
UPDATE `pool_pool` SET `description` = 'GO 189980,189981,191133 map=571' WHERE `pool_id` = 4624;
UPDATE `pool_pool` SET `description` = 'GO 189980,189981,191133 map=571' WHERE `pool_id` = 3878;
UPDATE `pool_pool` SET `description` = 'GO 189980,189981,191133 map=571' WHERE `pool_id` = 4708;
UPDATE `pool_pool` SET `description` = 'GO 189980,189981,191133 map=571' WHERE `pool_id` = 4296;
UPDATE `pool_pool` SET `description` = 'GO 189980,189981,191133 map=571' WHERE `pool_id` = 3550;
UPDATE `pool_pool` SET `description` = 'GO 189980,189981,191133 map=571' WHERE `pool_id` = 3968;
UPDATE `pool_pool` SET `description` = 'GO 189980,189981,191133 map=571' WHERE `pool_id` = 3640;
UPDATE `pool_pool` SET `description` = 'GO 189980,189981,191133 map=571' WHERE `pool_id` = 4470;
UPDATE `pool_pool` SET `description` = 'GO 189980,189981,191133 map=571' WHERE `pool_id` = 4058;
UPDATE `pool_pool` SET `description` = 'GO 189980,189981,191133 map=571' WHERE `pool_id` = 3730;
UPDATE `pool_pool` SET `description` = 'GO 189980,189981,191133 map=571' WHERE `pool_id` = 4560;
UPDATE `pool_pool` SET `description` = 'GO 189980,189981,191133 map=571' WHERE `pool_id` = 4232;
UPDATE `pool_pool` SET `description` = 'GO 189980,189981,191133 map=571' WHERE `pool_id` = 3820;
UPDATE `pool_pool` SET `description` = 'GO 189980,189981,191133 map=571' WHERE `pool_id` = 4650;
UPDATE `pool_pool` SET `description` = 'GO 189980,189981,191133 map=571' WHERE `pool_id` = 3492;
UPDATE `pool_pool` SET `description` = 'GO 189980,189981,191133 map=571' WHERE `pool_id` = 4322;
UPDATE `pool_pool` SET `description` = 'GO 189980,189981,191133 map=571' WHERE `pool_id` = 4741;
UPDATE `pool_pool` SET `description` = 'GO 189980,189981,191133 map=571' WHERE `pool_id` = 3994;
UPDATE `pool_pool` SET `description` = 'GO 189980,189981,191133 map=571' WHERE `pool_id` = 3582;
UPDATE `pool_pool` SET `description` = 'GO 189980,189981,191133 map=571' WHERE `pool_id` = 4412;
UPDATE `pool_pool` SET `description` = 'GO 189980,189981,191133 map=571' WHERE `pool_id` = 3666;
UPDATE `pool_pool` SET `description` = 'GO 189980,189981,191133 map=571' WHERE `pool_id` = 4084;
UPDATE `pool_pool` SET `description` = 'GO 189980,189981,191133 map=571' WHERE `pool_id` = 4502;
UPDATE `pool_pool` SET `description` = 'GO 189980,189981,191133 map=571' WHERE `pool_id` = 3756;
UPDATE `pool_pool` SET `description` = 'GO 189980,189981,191133 map=571' WHERE `pool_id` = 4174;
UPDATE `pool_pool` SET `description` = 'GO 189980,189981,191133 map=571' WHERE `pool_id` = 4592;
UPDATE `pool_pool` SET `description` = 'GO 189980,189981,191133 map=571' WHERE `pool_id` = 3846;
UPDATE `pool_pool` SET `description` = 'GO 189980,189981,191133 map=571' WHERE `pool_id` = 4264;
UPDATE `pool_pool` SET `description` = 'GO 189980,189981,191133 map=571' WHERE `pool_id` = 3518;
UPDATE `pool_pool` SET `description` = 'GO 189980,189981,191133 map=571' WHERE `pool_id` = 4682;
UPDATE `pool_pool` SET `description` = 'GO 189980,189981,191133 map=571' WHERE `pool_id` = 3936;
UPDATE `pool_pool` SET `description` = 'GO 189980,189981,191133 map=571' WHERE `pool_id` = 4354;
UPDATE `pool_pool` SET `description` = 'GO 189980,189981,191133 map=571' WHERE `pool_id` = 3608;
UPDATE `pool_pool` SET `description` = 'GO 189980,189981,191133 map=571' WHERE `pool_id` = 4773;
UPDATE `pool_pool` SET `description` = 'GO 189980,189981,191133 map=571' WHERE `pool_id` = 4026;
UPDATE `pool_pool` SET `description` = 'GO 189980,189981,191133 map=571' WHERE `pool_id` = 4444;
UPDATE `pool_pool` SET `description` = 'GO 189980,189981,191133 map=571' WHERE `pool_id` = 3698;
UPDATE `pool_pool` SET `description` = 'GO 189980,189981,191133 map=571' WHERE `pool_id` = 4116;
UPDATE `pool_pool` SET `description` = 'GO 189980,189981,191133 map=571' WHERE `pool_id` = 4117;
UPDATE `pool_pool` SET `description` = 'GO 189980,189981,191133 map=571' WHERE `pool_id` = 4535;
UPDATE `pool_pool` SET `description` = 'GO 189980,189981,191133 map=571' WHERE `pool_id` = 3789;
UPDATE `pool_pool` SET `description` = 'GO 189980,189981,191133 map=571' WHERE `pool_id` = 4207;
UPDATE `pool_pool` SET `description` = 'GO 189980,189981,191133 map=571' WHERE `pool_id` = 4625;
UPDATE `pool_pool` SET `description` = 'GO 189980,189981,191133 map=571' WHERE `pool_id` = 3879;
UPDATE `pool_pool` SET `description` = 'GO 189980,189981,191133 map=571' WHERE `pool_id` = 4709;
UPDATE `pool_pool` SET `description` = 'GO 189980,189981,191133 map=571' WHERE `pool_id` = 4297;
UPDATE `pool_pool` SET `description` = 'GO 189980,189981,191133 map=571' WHERE `pool_id` = 3551;
UPDATE `pool_pool` SET `description` = 'GO 189980,189981,191133 map=571' WHERE `pool_id` = 3969;
UPDATE `pool_pool` SET `description` = 'GO 189980,189981,191133 map=571' WHERE `pool_id` = 3641;
UPDATE `pool_pool` SET `description` = 'GO 189980,189981,191133 map=571' WHERE `pool_id` = 4471;
UPDATE `pool_pool` SET `description` = 'GO 189980,189981,191133 map=571' WHERE `pool_id` = 4059;
UPDATE `pool_pool` SET `description` = 'GO 189980,189981,191133 map=571' WHERE `pool_id` = 3731;
UPDATE `pool_pool` SET `description` = 'GO 189980,189981,191133 map=571' WHERE `pool_id` = 4561;
UPDATE `pool_pool` SET `description` = 'GO 189980,189981,191133 map=571' WHERE `pool_id` = 4233;
UPDATE `pool_pool` SET `description` = 'GO 189980,189981,191133 map=571' WHERE `pool_id` = 3821;
UPDATE `pool_pool` SET `description` = 'GO 189980,189981,191133 map=571' WHERE `pool_id` = 4651;
UPDATE `pool_pool` SET `description` = 'GO 189980,189981,191133 map=571' WHERE `pool_id` = 3493;
UPDATE `pool_pool` SET `description` = 'GO 189980,189981,191133 map=571' WHERE `pool_id` = 4323;
UPDATE `pool_pool` SET `description` = 'GO 189980,189981,191133 map=571' WHERE `pool_id` = 4742;
UPDATE `pool_pool` SET `description` = 'GO 189980,189981,191133 map=571' WHERE `pool_id` = 3995;
UPDATE `pool_pool` SET `description` = 'GO 189980,189981,191133 map=571' WHERE `pool_id` = 3583;
UPDATE `pool_pool` SET `description` = 'GO 189980,189981,191133 map=571' WHERE `pool_id` = 4413;
UPDATE `pool_pool` SET `description` = 'GO 189980,189981,191133 map=571' WHERE `pool_id` = 3667;
UPDATE `pool_pool` SET `description` = 'GO 189980,189981,191133 map=571' WHERE `pool_id` = 4085;
UPDATE `pool_pool` SET `description` = 'GO 189980,189981,191133 map=571' WHERE `pool_id` = 4503;
UPDATE `pool_pool` SET `description` = 'GO 189980,189981,191133 map=571' WHERE `pool_id` = 3757;
UPDATE `pool_pool` SET `description` = 'GO 189980,189981,191133 map=571' WHERE `pool_id` = 4175;
UPDATE `pool_pool` SET `description` = 'GO 189980,189981,191133 map=571' WHERE `pool_id` = 4593;
UPDATE `pool_pool` SET `description` = 'GO 189980,189981,191133 map=571' WHERE `pool_id` = 3847;
UPDATE `pool_pool` SET `description` = 'GO 189980,189981,191133 map=571' WHERE `pool_id` = 4265;
UPDATE `pool_pool` SET `description` = 'GO 189980,189981,191133 map=571' WHERE `pool_id` = 3519;
UPDATE `pool_pool` SET `description` = 'GO 189980,189981,191133 map=571' WHERE `pool_id` = 4683;
UPDATE `pool_pool` SET `description` = 'GO 189980,189981,191133 map=571' WHERE `pool_id` = 3937;
UPDATE `pool_pool` SET `description` = 'GO 189980,189981,191133 map=571' WHERE `pool_id` = 4355;
UPDATE `pool_pool` SET `description` = 'GO 189980,189981,191133 map=571' WHERE `pool_id` = 3609;
UPDATE `pool_pool` SET `description` = 'GO 189980,189981,191133 map=571' WHERE `pool_id` = 4774;
UPDATE `pool_pool` SET `description` = 'GO 189980,189981,191133 map=571' WHERE `pool_id` = 4027;
UPDATE `pool_pool` SET `description` = 'GO 189980,189981,191133 map=571' WHERE `pool_id` = 4445;
UPDATE `pool_pool` SET `description` = 'GO 189980,189981,191133 map=571' WHERE `pool_id` = 3699;
UPDATE `pool_pool` SET `description` = 'GO 189980,189981,191133 map=571' WHERE `pool_id` = 4118;
UPDATE `pool_pool` SET `description` = 'GO 189980,189981,191133 map=571' WHERE `pool_id` = 4536;
UPDATE `pool_pool` SET `description` = 'GO 189980,189981,191133 map=571' WHERE `pool_id` = 3790;
UPDATE `pool_pool` SET `description` = 'GO 189980,189981,191133 map=571' WHERE `pool_id` = 4208;
UPDATE `pool_pool` SET `description` = 'GO 189980,189981,191133 map=571' WHERE `pool_id` = 3880;
UPDATE `pool_pool` SET `description` = 'GO 189980,189981,191133 map=571' WHERE `pool_id` = 4710;
UPDATE `pool_pool` SET `description` = 'GO 189980,189981,191133 map=571' WHERE `pool_id` = 4298;
UPDATE `pool_pool` SET `description` = 'GO 189980,189981,191133 map=571' WHERE `pool_id` = 3552;
UPDATE `pool_pool` SET `description` = 'GO 189980,189981,191133 map=571' WHERE `pool_id` = 3970;
UPDATE `pool_pool` SET `description` = 'GO 189980,189981,191133 map=571' WHERE `pool_id` = 3642;
UPDATE `pool_pool` SET `description` = 'GO 189980,189981,191133 map=571' WHERE `pool_id` = 4472;
UPDATE `pool_pool` SET `description` = 'GO 189980,189981,191133 map=571' WHERE `pool_id` = 4060;
UPDATE `pool_pool` SET `description` = 'GO 189980,189981,191133 map=571' WHERE `pool_id` = 3732;
UPDATE `pool_pool` SET `description` = 'GO 189980,189981,191133 map=571' WHERE `pool_id` = 4562;
UPDATE `pool_pool` SET `description` = 'GO 189980,189981,191133 map=571' WHERE `pool_id` = 4234;
UPDATE `pool_pool` SET `description` = 'GO 189980,189981,191133 map=571' WHERE `pool_id` = 3822;
UPDATE `pool_pool` SET `description` = 'GO 189980,189981,191133 map=571' WHERE `pool_id` = 4652;
UPDATE `pool_pool` SET `description` = 'GO 189980,189981,191133 map=571' WHERE `pool_id` = 3906;
UPDATE `pool_pool` SET `description` = 'GO 189980,189981,191133 map=571' WHERE `pool_id` = 3494;
UPDATE `pool_pool` SET `description` = 'GO 189980,189981,191133 map=571' WHERE `pool_id` = 4324;
UPDATE `pool_pool` SET `description` = 'GO 189980,189981,191133 map=571' WHERE `pool_id` = 4743;
UPDATE `pool_pool` SET `description` = 'GO 189980,189981,191133 map=571' WHERE `pool_id` = 3996;
UPDATE `pool_pool` SET `description` = 'GO 189980,189981,191133 map=571' WHERE `pool_id` = 3584;
UPDATE `pool_pool` SET `description` = 'GO 189980,189981,191133 map=571' WHERE `pool_id` = 4414;
UPDATE `pool_pool` SET `description` = 'GO 189980,189981,191133 map=571' WHERE `pool_id` = 3668;
UPDATE `pool_pool` SET `description` = 'GO 189980,189981,191133 map=571' WHERE `pool_id` = 4086;
UPDATE `pool_pool` SET `description` = 'GO 189980,189981,191133 map=571' WHERE `pool_id` = 4504;
UPDATE `pool_pool` SET `description` = 'GO 189980,189981,191133 map=571' WHERE `pool_id` = 3758;
UPDATE `pool_pool` SET `description` = 'GO 189980,189981,191133 map=571' WHERE `pool_id` = 4176;
UPDATE `pool_pool` SET `description` = 'GO 189980,189981,191133 map=571' WHERE `pool_id` = 4594;
UPDATE `pool_pool` SET `description` = 'GO 189980,189981,191133 map=571' WHERE `pool_id` = 3848;
UPDATE `pool_pool` SET `description` = 'GO 189980,189981,191133 map=571' WHERE `pool_id` = 4266;
UPDATE `pool_pool` SET `description` = 'GO 189980,189981,191133 map=571' WHERE `pool_id` = 3520;
UPDATE `pool_pool` SET `description` = 'GO 189980,189981,191133 map=571' WHERE `pool_id` = 4684;
UPDATE `pool_pool` SET `description` = 'GO 189980,189981,191133 map=571' WHERE `pool_id` = 3938;
UPDATE `pool_pool` SET `description` = 'GO 189980,189981,191133 map=571' WHERE `pool_id` = 4356;
UPDATE `pool_pool` SET `description` = 'GO 189980,189981,191133 map=571' WHERE `pool_id` = 3610;
UPDATE `pool_pool` SET `description` = 'GO 189980,189981,191133 map=571' WHERE `pool_id` = 4775;
UPDATE `pool_pool` SET `description` = 'GO 189980,189981,191133 map=571' WHERE `pool_id` = 4028;
UPDATE `pool_pool` SET `description` = 'GO 189980,189981,191133 map=571' WHERE `pool_id` = 4446;
UPDATE `pool_pool` SET `description` = 'GO 189980,189981,191133 map=571' WHERE `pool_id` = 3700;
UPDATE `pool_pool` SET `description` = 'GO 189980,189981,191133 map=571' WHERE `pool_id` = 4119;
UPDATE `pool_pool` SET `description` = 'GO 189980,189981,191133 map=571' WHERE `pool_id` = 4537;
UPDATE `pool_pool` SET `description` = 'GO 189980,189981,191133 map=571' WHERE `pool_id` = 3791;
UPDATE `pool_pool` SET `description` = 'GO 189980,189981,191133 map=571' WHERE `pool_id` = 4209;
UPDATE `pool_pool` SET `description` = 'GO 189980,189981,191133 map=571' WHERE `pool_id` = 3463;
UPDATE `pool_pool` SET `description` = 'GO 189980,189981,191133 map=571' WHERE `pool_id` = 3881;
UPDATE `pool_pool` SET `description` = 'GO 189980,189981,191133 map=571' WHERE `pool_id` = 4711;
UPDATE `pool_pool` SET `description` = 'GO 189980,189981,191133 map=571' WHERE `pool_id` = 4299;
UPDATE `pool_pool` SET `description` = 'GO 189980,189981,191133 map=571' WHERE `pool_id` = 3553;
UPDATE `pool_pool` SET `description` = 'GO 189980,189981,191133 map=571' WHERE `pool_id` = 3971;
UPDATE `pool_pool` SET `description` = 'GO 189980,189981,191133 map=571' WHERE `pool_id` = 3643;
UPDATE `pool_pool` SET `description` = 'GO 189980,189981,191133 map=571' WHERE `pool_id` = 4473;
UPDATE `pool_pool` SET `description` = 'GO 189980,189981,191133 map=571' WHERE `pool_id` = 4061;
UPDATE `pool_pool` SET `description` = 'GO 189980,189981,191133 map=571' WHERE `pool_id` = 3733;
UPDATE `pool_pool` SET `description` = 'GO 189980,189981,191133 map=571' WHERE `pool_id` = 4563;
UPDATE `pool_pool` SET `description` = 'GO 189980,189981,191133 map=571' WHERE `pool_id` = 4235;
UPDATE `pool_pool` SET `description` = 'GO 189980,189981,191133 map=571' WHERE `pool_id` = 3823;
UPDATE `pool_pool` SET `description` = 'GO 189980,189981,191133 map=571' WHERE `pool_id` = 4653;
UPDATE `pool_pool` SET `description` = 'GO 189980,189981,191133 map=571' WHERE `pool_id` = 3907;
UPDATE `pool_pool` SET `description` = 'GO 189980,189981,191133 map=571' WHERE `pool_id` = 3495;
UPDATE `pool_pool` SET `description` = 'GO 189980,189981,191133 map=571' WHERE `pool_id` = 4325;
UPDATE `pool_pool` SET `description` = 'GO 189980,189981,191133 map=571' WHERE `pool_id` = 4744;
UPDATE `pool_pool` SET `description` = 'GO 189980,189981,191133 map=571' WHERE `pool_id` = 3997;
UPDATE `pool_pool` SET `description` = 'GO 189980,189981,191133 map=571' WHERE `pool_id` = 3585;
UPDATE `pool_pool` SET `description` = 'GO 189980,189981,191133 map=571' WHERE `pool_id` = 4415;
UPDATE `pool_pool` SET `description` = 'GO 189980,189981,191133 map=571' WHERE `pool_id` = 3669;
UPDATE `pool_pool` SET `description` = 'GO 189980,189981,191133 map=571' WHERE `pool_id` = 4087;
UPDATE `pool_pool` SET `description` = 'GO 189980,189981,191133 map=571' WHERE `pool_id` = 4505;
UPDATE `pool_pool` SET `description` = 'GO 189980,189981,191133 map=571' WHERE `pool_id` = 3759;
UPDATE `pool_pool` SET `description` = 'GO 189980,189981,191133 map=571' WHERE `pool_id` = 4177;
UPDATE `pool_pool` SET `description` = 'GO 189980,189981,191133 map=571' WHERE `pool_id` = 4595;
UPDATE `pool_pool` SET `description` = 'GO 189980,189981,191133 map=571' WHERE `pool_id` = 3849;
UPDATE `pool_pool` SET `description` = 'GO 189980,189981,191133 map=571' WHERE `pool_id` = 4267;
UPDATE `pool_pool` SET `description` = 'GO 189980,189981,191133 map=571' WHERE `pool_id` = 3521;
UPDATE `pool_pool` SET `description` = 'GO 189980,189981,191133 map=571' WHERE `pool_id` = 4685;
UPDATE `pool_pool` SET `description` = 'GO 189980,189981,191133 map=571' WHERE `pool_id` = 3939;
UPDATE `pool_pool` SET `description` = 'GO 189980,189981,191133 map=571' WHERE `pool_id` = 4357;
UPDATE `pool_pool` SET `description` = 'GO 189980,189981,191133 map=571' WHERE `pool_id` = 3611;
UPDATE `pool_pool` SET `description` = 'GO 189980,189981,191133 map=571' WHERE `pool_id` = 4776;
UPDATE `pool_pool` SET `description` = 'GO 189980,189981,191133 map=571' WHERE `pool_id` = 4029;
UPDATE `pool_pool` SET `description` = 'GO 189980,189981,191133 map=571' WHERE `pool_id` = 4447;
UPDATE `pool_pool` SET `description` = 'GO 189980,189981,191133 map=571' WHERE `pool_id` = 3701;
UPDATE `pool_pool` SET `description` = 'GO 189980,189981,191133 map=571' WHERE `pool_id` = 3702;
UPDATE `pool_pool` SET `description` = 'GO 189980,189981,191133 map=571' WHERE `pool_id` = 4120;
UPDATE `pool_pool` SET `description` = 'GO 189980,189981,191133 map=571' WHERE `pool_id` = 4538;
UPDATE `pool_pool` SET `description` = 'GO 189980,189981,191133 map=571' WHERE `pool_id` = 3792;
UPDATE `pool_pool` SET `description` = 'GO 189980,189981,191133 map=571' WHERE `pool_id` = 4210;
UPDATE `pool_pool` SET `description` = 'GO 189980,189981,191133 map=571' WHERE `pool_id` = 3464;
UPDATE `pool_pool` SET `description` = 'GO 189980,189981,191133 map=571' WHERE `pool_id` = 3882;
UPDATE `pool_pool` SET `description` = 'GO 189980,189981,191133 map=571' WHERE `pool_id` = 4712;
UPDATE `pool_pool` SET `description` = 'GO 189980,189981,191133 map=571' WHERE `pool_id` = 4300;
UPDATE `pool_pool` SET `description` = 'GO 189980,189981,191133 map=571' WHERE `pool_id` = 3554;
UPDATE `pool_pool` SET `description` = 'GO 189980,189981,191133 map=571' WHERE `pool_id` = 3972;
UPDATE `pool_pool` SET `description` = 'GO 189980,189981,191133 map=571' WHERE `pool_id` = 3644;
UPDATE `pool_pool` SET `description` = 'GO 189980,189981,191133 map=571' WHERE `pool_id` = 4474;
UPDATE `pool_pool` SET `description` = 'GO 189980,189981,191133 map=571' WHERE `pool_id` = 4062;
UPDATE `pool_pool` SET `description` = 'GO 189980,189981,191133 map=571' WHERE `pool_id` = 4146;
UPDATE `pool_pool` SET `description` = 'GO 189980,189981,191133 map=571' WHERE `pool_id` = 3734;
UPDATE `pool_pool` SET `description` = 'GO 189980,189981,191133 map=571' WHERE `pool_id` = 4564;
UPDATE `pool_pool` SET `description` = 'GO 189980,189981,191133 map=571' WHERE `pool_id` = 4236;
UPDATE `pool_pool` SET `description` = 'GO 189980,189981,191133 map=571' WHERE `pool_id` = 3824;
UPDATE `pool_pool` SET `description` = 'GO 189980,189981,191133 map=571' WHERE `pool_id` = 4654;
UPDATE `pool_pool` SET `description` = 'GO 189980,189981,191133 map=571' WHERE `pool_id` = 3908;
UPDATE `pool_pool` SET `description` = 'GO 189980,189981,191133 map=571' WHERE `pool_id` = 3496;
UPDATE `pool_pool` SET `description` = 'GO 189980,189981,191133 map=571' WHERE `pool_id` = 4326;
UPDATE `pool_pool` SET `description` = 'GO 189980,189981,191133 map=571' WHERE `pool_id` = 4745;
UPDATE `pool_pool` SET `description` = 'GO 189980,189981,191133 map=571' WHERE `pool_id` = 3998;
UPDATE `pool_pool` SET `description` = 'GO 189980,189981,191133 map=571' WHERE `pool_id` = 4416;
UPDATE `pool_pool` SET `description` = 'GO 189980,189981,191133 map=571' WHERE `pool_id` = 3670;
UPDATE `pool_pool` SET `description` = 'GO 189980,189981,191133 map=571' WHERE `pool_id` = 4088;
UPDATE `pool_pool` SET `description` = 'GO 189980,189981,191133 map=571' WHERE `pool_id` = 4506;
UPDATE `pool_pool` SET `description` = 'GO 189980,189981,191133 map=571' WHERE `pool_id` = 3760;
UPDATE `pool_pool` SET `description` = 'GO 189980,189981,191133 map=571' WHERE `pool_id` = 4178;
UPDATE `pool_pool` SET `description` = 'GO 189980,189981,191133 map=571' WHERE `pool_id` = 4596;
UPDATE `pool_pool` SET `description` = 'GO 189980,189981,191133 map=571' WHERE `pool_id` = 3850;
UPDATE `pool_pool` SET `description` = 'GO 189980,189981,191133 map=571' WHERE `pool_id` = 4268;
UPDATE `pool_pool` SET `description` = 'GO 189980,189981,191133 map=571' WHERE `pool_id` = 3522;
UPDATE `pool_pool` SET `description` = 'GO 189980,189981,191133 map=571' WHERE `pool_id` = 4686;
UPDATE `pool_pool` SET `description` = 'GO 189980,189981,191133 map=571' WHERE `pool_id` = 3940;
UPDATE `pool_pool` SET `description` = 'GO 189980,189981,191133 map=571' WHERE `pool_id` = 4358;
UPDATE `pool_pool` SET `description` = 'GO 189980,189981,191133 map=571' WHERE `pool_id` = 3612;
UPDATE `pool_pool` SET `description` = 'GO 189980,189981,191133 map=571' WHERE `pool_id` = 4777;
UPDATE `pool_pool` SET `description` = 'GO 189980,189981,191133 map=571' WHERE `pool_id` = 4030;
UPDATE `pool_pool` SET `description` = 'GO 189980,189981,191133 map=571' WHERE `pool_id` = 4448;
UPDATE `pool_pool` SET `description` = 'GO 189980,189981,191133 map=571' WHERE `pool_id` = 3703;
UPDATE `pool_pool` SET `description` = 'GO 189980,189981,191133 map=571' WHERE `pool_id` = 4121;
UPDATE `pool_pool` SET `description` = 'GO 189980,189981,191133 map=571' WHERE `pool_id` = 4539;
UPDATE `pool_pool` SET `description` = 'GO 189980,189981,191133 map=571' WHERE `pool_id` = 3793;
UPDATE `pool_pool` SET `description` = 'GO 189980,189981,191133 map=571' WHERE `pool_id` = 4211;
UPDATE `pool_pool` SET `description` = 'GO 189980,189981,191133 map=571' WHERE `pool_id` = 3465;
UPDATE `pool_pool` SET `description` = 'GO 189980,189981,191133 map=571' WHERE `pool_id` = 3883;
UPDATE `pool_pool` SET `description` = 'GO 189980,189981,191133 map=571' WHERE `pool_id` = 4713;
UPDATE `pool_pool` SET `description` = 'GO 189980,189981,191133 map=571' WHERE `pool_id` = 4301;
UPDATE `pool_pool` SET `description` = 'GO 189980,189981,191133 map=571' WHERE `pool_id` = 3555;
UPDATE `pool_pool` SET `description` = 'GO 189980,189981,191133 map=571' WHERE `pool_id` = 3973;
UPDATE `pool_pool` SET `description` = 'GO 189980,189981,191133 map=571' WHERE `pool_id` = 3645;
UPDATE `pool_pool` SET `description` = 'GO 189980,189981,191133 map=571' WHERE `pool_id` = 4475;
UPDATE `pool_pool` SET `description` = 'GO 189980,189981,191133 map=571' WHERE `pool_id` = 4063;
UPDATE `pool_pool` SET `description` = 'GO 189980,189981,191133 map=571' WHERE `pool_id` = 4147;
UPDATE `pool_pool` SET `description` = 'GO 189980,189981,191133 map=571' WHERE `pool_id` = 3735;
UPDATE `pool_pool` SET `description` = 'GO 189980,189981,191133 map=571' WHERE `pool_id` = 4565;
UPDATE `pool_pool` SET `description` = 'GO 189980,189981,191133 map=571' WHERE `pool_id` = 4237;
UPDATE `pool_pool` SET `description` = 'GO 189980,189981,191133 map=571' WHERE `pool_id` = 3825;
UPDATE `pool_pool` SET `description` = 'GO 189980,189981,191133 map=571' WHERE `pool_id` = 4655;
UPDATE `pool_pool` SET `description` = 'GO 189980,189981,191133 map=571' WHERE `pool_id` = 3909;
UPDATE `pool_pool` SET `description` = 'GO 189980,189981,191133 map=571' WHERE `pool_id` = 3497;
UPDATE `pool_pool` SET `description` = 'GO 189980,189981,191133 map=571' WHERE `pool_id` = 4327;
UPDATE `pool_pool` SET `description` = 'GO 189980,189981,191133 map=571' WHERE `pool_id` = 4746;
UPDATE `pool_pool` SET `description` = 'GO 189980,189981,191133 map=571' WHERE `pool_id` = 3999;
UPDATE `pool_pool` SET `description` = 'GO 189980,189981,191133 map=571' WHERE `pool_id` = 4417;
UPDATE `pool_pool` SET `description` = 'GO 189980,189981,191133 map=571' WHERE `pool_id` = 3671;
UPDATE `pool_pool` SET `description` = 'GO 189980,189981,191133 map=571' WHERE `pool_id` = 4089;
UPDATE `pool_pool` SET `description` = 'GO 189980,189981,191133 map=571' WHERE `pool_id` = 4507;
UPDATE `pool_pool` SET `description` = 'GO 189980,189981,191133 map=571' WHERE `pool_id` = 3761;
UPDATE `pool_pool` SET `description` = 'GO 189980,189981,191133 map=571' WHERE `pool_id` = 4179;
UPDATE `pool_pool` SET `description` = 'GO 189980,189981,191133 map=571' WHERE `pool_id` = 4597;
UPDATE `pool_pool` SET `description` = 'GO 189980,189981,191133 map=571' WHERE `pool_id` = 3851;
UPDATE `pool_pool` SET `description` = 'GO 189980,189981,191133 map=571' WHERE `pool_id` = 4269;
UPDATE `pool_pool` SET `description` = 'GO 189980,189981,191133 map=571' WHERE `pool_id` = 3523;
UPDATE `pool_pool` SET `description` = 'GO 189980,189981,191133 map=571' WHERE `pool_id` = 4687;
UPDATE `pool_pool` SET `description` = 'GO 189980,189981,191133 map=571' WHERE `pool_id` = 3941;
UPDATE `pool_pool` SET `description` = 'GO 189980,189981,191133 map=571' WHERE `pool_id` = 4359;
UPDATE `pool_pool` SET `description` = 'GO 189980,189981,191133 map=571' WHERE `pool_id` = 3613;
UPDATE `pool_pool` SET `description` = 'GO 189980,189981,191133 map=571' WHERE `pool_id` = 4778;
UPDATE `pool_pool` SET `description` = 'GO 189980,189981,191133 map=571' WHERE `pool_id` = 4031;
UPDATE `pool_pool` SET `description` = 'GO 189980,189981,191133 map=571' WHERE `pool_id` = 4449;
UPDATE `pool_pool` SET `description` = 'GO 189980,189981,191133 map=571' WHERE `pool_id` = 4450;
UPDATE `pool_pool` SET `description` = 'GO 189980,189981,191133 map=571' WHERE `pool_id` = 3704;
UPDATE `pool_pool` SET `description` = 'GO 189980,189981,191133 map=571' WHERE `pool_id` = 4122;
UPDATE `pool_pool` SET `description` = 'GO 189980,189981,191133 map=571' WHERE `pool_id` = 4540;
UPDATE `pool_pool` SET `description` = 'GO 189980,189981,191133 map=571' WHERE `pool_id` = 3794;
UPDATE `pool_pool` SET `description` = 'GO 189980,189981,191133 map=571' WHERE `pool_id` = 4212;
UPDATE `pool_pool` SET `description` = 'GO 189980,189981,191133 map=571' WHERE `pool_id` = 3466;
UPDATE `pool_pool` SET `description` = 'GO 189980,189981,191133 map=571' WHERE `pool_id` = 3884;
UPDATE `pool_pool` SET `description` = 'GO 189980,189981,191133 map=571' WHERE `pool_id` = 4714;
UPDATE `pool_pool` SET `description` = 'GO 189980,189981,191133 map=571' WHERE `pool_id` = 4302;
UPDATE `pool_pool` SET `description` = 'GO 189980,189981,191133 map=571' WHERE `pool_id` = 3556;
UPDATE `pool_pool` SET `description` = 'GO 189980,189981,191133 map=571' WHERE `pool_id` = 4386;
UPDATE `pool_pool` SET `description` = 'GO 189980,189981,191133 map=571' WHERE `pool_id` = 3974;
UPDATE `pool_pool` SET `description` = 'GO 189980,189981,191133 map=571' WHERE `pool_id` = 3646;
UPDATE `pool_pool` SET `description` = 'GO 189980,189981,191133 map=571' WHERE `pool_id` = 4476;
UPDATE `pool_pool` SET `description` = 'GO 189980,189981,191133 map=571' WHERE `pool_id` = 4064;
UPDATE `pool_pool` SET `description` = 'GO 189980,189981,191133 map=571' WHERE `pool_id` = 4148;
UPDATE `pool_pool` SET `description` = 'GO 189980,189981,191133 map=571' WHERE `pool_id` = 3736;
UPDATE `pool_pool` SET `description` = 'GO 189980,189981,191133 map=571' WHERE `pool_id` = 4566;
UPDATE `pool_pool` SET `description` = 'GO 189980,189981,191133 map=571' WHERE `pool_id` = 4238;
UPDATE `pool_pool` SET `description` = 'GO 189980,189981,191133 map=571' WHERE `pool_id` = 4656;
UPDATE `pool_pool` SET `description` = 'GO 189980,189981,191133 map=571' WHERE `pool_id` = 3910;
UPDATE `pool_pool` SET `description` = 'GO 189980,189981,191133 map=571' WHERE `pool_id` = 3498;
UPDATE `pool_pool` SET `description` = 'GO 189980,189981,191133 map=571' WHERE `pool_id` = 4328;
UPDATE `pool_pool` SET `description` = 'GO 189980,189981,191133 map=571' WHERE `pool_id` = 4747;
UPDATE `pool_pool` SET `description` = 'GO 189980,189981,191133 map=571' WHERE `pool_id` = 4000;
UPDATE `pool_pool` SET `description` = 'GO 189980,189981,191133 map=571' WHERE `pool_id` = 4418;
UPDATE `pool_pool` SET `description` = 'GO 189980,189981,191133 map=571' WHERE `pool_id` = 3672;
UPDATE `pool_pool` SET `description` = 'GO 189980,189981,191133 map=571' WHERE `pool_id` = 4090;
UPDATE `pool_pool` SET `description` = 'GO 189980,189981,191133 map=571' WHERE `pool_id` = 4508;
UPDATE `pool_pool` SET `description` = 'GO 189980,189981,191133 map=571' WHERE `pool_id` = 3762;
UPDATE `pool_pool` SET `description` = 'GO 189980,189981,191133 map=571' WHERE `pool_id` = 4180;
UPDATE `pool_pool` SET `description` = 'GO 189980,189981,191133 map=571' WHERE `pool_id` = 4598;
UPDATE `pool_pool` SET `description` = 'GO 189980,189981,191133 map=571' WHERE `pool_id` = 3852;
UPDATE `pool_pool` SET `description` = 'GO 189980,189981,191133 map=571' WHERE `pool_id` = 4270;
UPDATE `pool_pool` SET `description` = 'GO 189980,189981,191133 map=571' WHERE `pool_id` = 3524;
UPDATE `pool_pool` SET `description` = 'GO 189980,189981,191133 map=571' WHERE `pool_id` = 4688;
UPDATE `pool_pool` SET `description` = 'GO 189980,189981,191133 map=571' WHERE `pool_id` = 3942;
UPDATE `pool_pool` SET `description` = 'GO 189980,189981,191133 map=571' WHERE `pool_id` = 4360;
UPDATE `pool_pool` SET `description` = 'GO 189980,189981,191133 map=571' WHERE `pool_id` = 3614;
UPDATE `pool_pool` SET `description` = 'GO 189980,189981,191133 map=571' WHERE `pool_id` = 4779;
UPDATE `pool_pool` SET `description` = 'GO 189980,189981,191133 map=571' WHERE `pool_id` = 4032;
UPDATE `pool_pool` SET `description` = 'GO 189980,189981,191133 map=571' WHERE `pool_id` = 4451;
UPDATE `pool_pool` SET `description` = 'GO 189980,189981,191133 map=571' WHERE `pool_id` = 3705;
UPDATE `pool_pool` SET `description` = 'GO 189980,189981,191133 map=571' WHERE `pool_id` = 4123;
UPDATE `pool_pool` SET `description` = 'GO 189980,189981,191133 map=571' WHERE `pool_id` = 4541;
UPDATE `pool_pool` SET `description` = 'GO 189980,189981,191133 map=571' WHERE `pool_id` = 3795;
UPDATE `pool_pool` SET `description` = 'GO 189980,189981,191133 map=571' WHERE `pool_id` = 4213;
UPDATE `pool_pool` SET `description` = 'GO 189980,189981,191133 map=571' WHERE `pool_id` = 3467;
UPDATE `pool_pool` SET `description` = 'GO 189980,189981,191133 map=571' WHERE `pool_id` = 3885;
UPDATE `pool_pool` SET `description` = 'GO 189980,189981,191133 map=571' WHERE `pool_id` = 4715;
UPDATE `pool_pool` SET `description` = 'GO 189980,189981,191133 map=571' WHERE `pool_id` = 4303;
UPDATE `pool_pool` SET `description` = 'GO 189980,189981,191133 map=571' WHERE `pool_id` = 3557;
UPDATE `pool_pool` SET `description` = 'GO 189980,189981,191133 map=571' WHERE `pool_id` = 4387;
UPDATE `pool_pool` SET `description` = 'GO 189980,189981,191133 map=571' WHERE `pool_id` = 3975;
UPDATE `pool_pool` SET `description` = 'GO 189980,189981,191133 map=571' WHERE `pool_id` = 3647;
UPDATE `pool_pool` SET `description` = 'GO 189980,189981,191133 map=571' WHERE `pool_id` = 4477;
UPDATE `pool_pool` SET `description` = 'GO 189980,189981,191133 map=571' WHERE `pool_id` = 4065;
UPDATE `pool_pool` SET `description` = 'GO 189980,189981,191133 map=571' WHERE `pool_id` = 4149;
UPDATE `pool_pool` SET `description` = 'GO 189980,189981,191133 map=571' WHERE `pool_id` = 3737;
UPDATE `pool_pool` SET `description` = 'GO 189980,189981,191133 map=571' WHERE `pool_id` = 4567;
UPDATE `pool_pool` SET `description` = 'GO 189980,189981,191133 map=571' WHERE `pool_id` = 4239;
UPDATE `pool_pool` SET `description` = 'GO 189980,189981,191133 map=571' WHERE `pool_id` = 4657;
UPDATE `pool_pool` SET `description` = 'GO 189980,189981,191133 map=571' WHERE `pool_id` = 3911;
UPDATE `pool_pool` SET `description` = 'GO 189980,189981,191133 map=571' WHERE `pool_id` = 3499;
UPDATE `pool_pool` SET `description` = 'GO 189980,189981,191133 map=571' WHERE `pool_id` = 4329;
UPDATE `pool_pool` SET `description` = 'GO 189980,189981,191133 map=571' WHERE `pool_id` = 4748;
UPDATE `pool_pool` SET `description` = 'GO 189980,189981,191133 map=571' WHERE `pool_id` = 4001;
UPDATE `pool_pool` SET `description` = 'GO 189980,189981,191133 map=571' WHERE `pool_id` = 4419;
UPDATE `pool_pool` SET `description` = 'GO 189980,189981,191133 map=571' WHERE `pool_id` = 3673;
UPDATE `pool_pool` SET `description` = 'GO 189980,189981,191133 map=571' WHERE `pool_id` = 4091;
UPDATE `pool_pool` SET `description` = 'GO 189980,189981,191133 map=571' WHERE `pool_id` = 4509;
UPDATE `pool_pool` SET `description` = 'GO 189980,189981,191133 map=571' WHERE `pool_id` = 3763;
UPDATE `pool_pool` SET `description` = 'GO 189980,189981,191133 map=571' WHERE `pool_id` = 4181;
UPDATE `pool_pool` SET `description` = 'GO 189980,189981,191133 map=571' WHERE `pool_id` = 4599;
UPDATE `pool_pool` SET `description` = 'GO 189980,189981,191133 map=571' WHERE `pool_id` = 3853;
UPDATE `pool_pool` SET `description` = 'GO 189980,189981,191133 map=571' WHERE `pool_id` = 4271;
UPDATE `pool_pool` SET `description` = 'GO 189980,189981,191133 map=571' WHERE `pool_id` = 3525;
UPDATE `pool_pool` SET `description` = 'GO 189980,189981,191133 map=571' WHERE `pool_id` = 4689;
UPDATE `pool_pool` SET `description` = 'GO 189980,189981,191133 map=571' WHERE `pool_id` = 3943;
UPDATE `pool_pool` SET `description` = 'GO 189980,189981,191133 map=571' WHERE `pool_id` = 4361;
UPDATE `pool_pool` SET `description` = 'GO 189980,189981,191133 map=571' WHERE `pool_id` = 3615;
UPDATE `pool_pool` SET `description` = 'GO 189980,189981,191133 map=571' WHERE `pool_id` = 4780;
UPDATE `pool_pool` SET `description` = 'GO 189980,189981,191133 map=571' WHERE `pool_id` = 4033;
UPDATE `pool_pool` SET `description` = 'GO 189980,189981,191133 map=571' WHERE `pool_id` = 4034;
UPDATE `pool_pool` SET `description` = 'GO 189980,189981,191133 map=571' WHERE `pool_id` = 4452;
UPDATE `pool_pool` SET `description` = 'GO 189980,189981,191133 map=571' WHERE `pool_id` = 3706;
UPDATE `pool_pool` SET `description` = 'GO 189980,189981,191133 map=571' WHERE `pool_id` = 4124;
UPDATE `pool_pool` SET `description` = 'GO 189980,189981,191133 map=571' WHERE `pool_id` = 4542;
UPDATE `pool_pool` SET `description` = 'GO 189980,189981,191133 map=571' WHERE `pool_id` = 3796;
UPDATE `pool_pool` SET `description` = 'GO 189980,189981,191133 map=571' WHERE `pool_id` = 4626;
UPDATE `pool_pool` SET `description` = 'GO 189980,189981,191133 map=571' WHERE `pool_id` = 4214;
UPDATE `pool_pool` SET `description` = 'GO 189980,189981,191133 map=571' WHERE `pool_id` = 3468;
UPDATE `pool_pool` SET `description` = 'GO 189980,189981,191133 map=571' WHERE `pool_id` = 3886;
UPDATE `pool_pool` SET `description` = 'GO 189980,189981,191133 map=571' WHERE `pool_id` = 4716;
UPDATE `pool_pool` SET `description` = 'GO 189980,189981,191133 map=571' WHERE `pool_id` = 4304;
UPDATE `pool_pool` SET `description` = 'GO 189980,189981,191133 map=571' WHERE `pool_id` = 3558;
UPDATE `pool_pool` SET `description` = 'GO 189980,189981,191133 map=571' WHERE `pool_id` = 4388;
UPDATE `pool_pool` SET `description` = 'GO 189980,189981,191133 map=571' WHERE `pool_id` = 3976;
UPDATE `pool_pool` SET `description` = 'GO 189980,189981,191133 map=571' WHERE `pool_id` = 3648;
UPDATE `pool_pool` SET `description` = 'GO 189980,189981,191133 map=571' WHERE `pool_id` = 4478;
UPDATE `pool_pool` SET `description` = 'GO 189980,189981,191133 map=571' WHERE `pool_id` = 4150;
UPDATE `pool_pool` SET `description` = 'GO 189980,189981,191133 map=571' WHERE `pool_id` = 3738;
UPDATE `pool_pool` SET `description` = 'GO 189980,189981,191133 map=571' WHERE `pool_id` = 4568;
UPDATE `pool_pool` SET `description` = 'GO 189980,189981,191133 map=571' WHERE `pool_id` = 4240;
UPDATE `pool_pool` SET `description` = 'GO 189980,189981,191133 map=571' WHERE `pool_id` = 4658;
UPDATE `pool_pool` SET `description` = 'GO 189980,189981,191133 map=571' WHERE `pool_id` = 3912;
UPDATE `pool_pool` SET `description` = 'GO 189980,189981,191133 map=571' WHERE `pool_id` = 3500;
UPDATE `pool_pool` SET `description` = 'GO 189980,189981,191133 map=571' WHERE `pool_id` = 4330;
UPDATE `pool_pool` SET `description` = 'GO 189980,189981,191133 map=571' WHERE `pool_id` = 4749;
UPDATE `pool_pool` SET `description` = 'GO 189980,189981,191133 map=571' WHERE `pool_id` = 4002;
UPDATE `pool_pool` SET `description` = 'GO 189980,189981,191133 map=571' WHERE `pool_id` = 4420;
UPDATE `pool_pool` SET `description` = 'GO 189980,189981,191133 map=571' WHERE `pool_id` = 3674;
UPDATE `pool_pool` SET `description` = 'GO 189980,189981,191133 map=571' WHERE `pool_id` = 4092;
UPDATE `pool_pool` SET `description` = 'GO 189980,189981,191133 map=571' WHERE `pool_id` = 4510;
UPDATE `pool_pool` SET `description` = 'GO 189980,189981,191133 map=571' WHERE `pool_id` = 3764;
UPDATE `pool_pool` SET `description` = 'GO 189980,189981,191133 map=571' WHERE `pool_id` = 4182;
UPDATE `pool_pool` SET `description` = 'GO 189980,189981,191133 map=571' WHERE `pool_id` = 4600;
UPDATE `pool_pool` SET `description` = 'GO 189980,189981,191133 map=571' WHERE `pool_id` = 3854;
UPDATE `pool_pool` SET `description` = 'GO 189980,189981,191133 map=571' WHERE `pool_id` = 4272;
UPDATE `pool_pool` SET `description` = 'GO 189980,189981,191133 map=571' WHERE `pool_id` = 3526;
UPDATE `pool_pool` SET `description` = 'GO 189980,189981,191133 map=571' WHERE `pool_id` = 4690;
UPDATE `pool_pool` SET `description` = 'GO 189980,189981,191133 map=571' WHERE `pool_id` = 3944;
UPDATE `pool_pool` SET `description` = 'GO 189980,189981,191133 map=571' WHERE `pool_id` = 4362;
UPDATE `pool_pool` SET `description` = 'GO 189980,189981,191133 map=571' WHERE `pool_id` = 3616;
UPDATE `pool_pool` SET `description` = 'GO 189980,189981,191133 map=571' WHERE `pool_id` = 4781;
UPDATE `pool_pool` SET `description` = 'GO 189980,189981,191133 map=571' WHERE `pool_id` = 4035;
UPDATE `pool_pool` SET `description` = 'GO 189980,189981,191133 map=571' WHERE `pool_id` = 4453;
UPDATE `pool_pool` SET `description` = 'GO 189980,189981,191133 map=571' WHERE `pool_id` = 3707;
UPDATE `pool_pool` SET `description` = 'GO 189980,189981,191133 map=571' WHERE `pool_id` = 4125;
UPDATE `pool_pool` SET `description` = 'GO 189980,189981,191133 map=571' WHERE `pool_id` = 4543;
UPDATE `pool_pool` SET `description` = 'GO 189980,189981,191133 map=571' WHERE `pool_id` = 3797;
UPDATE `pool_pool` SET `description` = 'GO 189980,189981,191133 map=571' WHERE `pool_id` = 4627;
UPDATE `pool_pool` SET `description` = 'GO 189980,189981,191133 map=571' WHERE `pool_id` = 4215;
UPDATE `pool_pool` SET `description` = 'GO 189980,189981,191133 map=571' WHERE `pool_id` = 3469;
UPDATE `pool_pool` SET `description` = 'GO 189980,189981,191133 map=571' WHERE `pool_id` = 3887;
UPDATE `pool_pool` SET `description` = 'GO 189980,189981,191133 map=571' WHERE `pool_id` = 4717;
UPDATE `pool_pool` SET `description` = 'GO 189980,189981,191133 map=571' WHERE `pool_id` = 4305;
UPDATE `pool_pool` SET `description` = 'GO 189980,189981,191133 map=571' WHERE `pool_id` = 3559;
UPDATE `pool_pool` SET `description` = 'GO 189980,189981,191133 map=571' WHERE `pool_id` = 4389;
UPDATE `pool_pool` SET `description` = 'GO 189980,189981,191133 map=571' WHERE `pool_id` = 3977;
UPDATE `pool_pool` SET `description` = 'GO 189980,189981,191133 map=571' WHERE `pool_id` = 3649;
UPDATE `pool_pool` SET `description` = 'GO 189980,189981,191133 map=571' WHERE `pool_id` = 4479;
UPDATE `pool_pool` SET `description` = 'GO 189980,189981,191133 map=571' WHERE `pool_id` = 4151;
UPDATE `pool_pool` SET `description` = 'GO 189980,189981,191133 map=571' WHERE `pool_id` = 3739;
UPDATE `pool_pool` SET `description` = 'GO 189980,189981,191133 map=571' WHERE `pool_id` = 4569;
UPDATE `pool_pool` SET `description` = 'GO 189980,189981,191133 map=571' WHERE `pool_id` = 4241;
UPDATE `pool_pool` SET `description` = 'GO 189980,189981,191133 map=571' WHERE `pool_id` = 4659;
UPDATE `pool_pool` SET `description` = 'GO 189980,189981,191133 map=571' WHERE `pool_id` = 3913;
UPDATE `pool_pool` SET `description` = 'GO 189980,189981,191133 map=571' WHERE `pool_id` = 3501;
UPDATE `pool_pool` SET `description` = 'GO 189980,189981,191133 map=571' WHERE `pool_id` = 4331;
UPDATE `pool_pool` SET `description` = 'GO 189980,189981,191133 map=571' WHERE `pool_id` = 4750;
UPDATE `pool_pool` SET `description` = 'GO 189980,189981,191133 map=571' WHERE `pool_id` = 4003;
UPDATE `pool_pool` SET `description` = 'GO 189980,189981,191133 map=571' WHERE `pool_id` = 4421;
UPDATE `pool_pool` SET `description` = 'GO 189980,189981,191133 map=571' WHERE `pool_id` = 3675;
UPDATE `pool_pool` SET `description` = 'GO 189980,189981,191133 map=571' WHERE `pool_id` = 4093;
UPDATE `pool_pool` SET `description` = 'GO 189980,189981,191133 map=571' WHERE `pool_id` = 4511;
UPDATE `pool_pool` SET `description` = 'GO 189980,189981,191133 map=571' WHERE `pool_id` = 3765;
UPDATE `pool_pool` SET `description` = 'GO 189980,189981,191133 map=571' WHERE `pool_id` = 4183;
UPDATE `pool_pool` SET `description` = 'GO 189980,189981,191133 map=571' WHERE `pool_id` = 4601;
UPDATE `pool_pool` SET `description` = 'GO 189980,189981,191133 map=571' WHERE `pool_id` = 3855;
UPDATE `pool_pool` SET `description` = 'GO 189980,189981,191133 map=571' WHERE `pool_id` = 4273;
UPDATE `pool_pool` SET `description` = 'GO 189980,189981,191133 map=571' WHERE `pool_id` = 3527;
UPDATE `pool_pool` SET `description` = 'GO 189980,189981,191133 map=571' WHERE `pool_id` = 4691;
UPDATE `pool_pool` SET `description` = 'GO 189980,189981,191133 map=571' WHERE `pool_id` = 3945;
UPDATE `pool_pool` SET `description` = 'GO 189980,189981,191133 map=571' WHERE `pool_id` = 4363;
UPDATE `pool_pool` SET `description` = 'GO 189980,189981,191133 map=571' WHERE `pool_id` = 3617;
UPDATE `pool_pool` SET `description` = 'GO 189980,189981,191133 map=571' WHERE `pool_id` = 4782;
UPDATE `pool_pool` SET `description` = 'GO 189980,189981,191133 map=571' WHERE `pool_id` = 4036;
UPDATE `pool_pool` SET `description` = 'GO 189980,189981,191133 map=571' WHERE `pool_id` = 4454;
UPDATE `pool_pool` SET `description` = 'GO 189980,189981,191133 map=571' WHERE `pool_id` = 3708;
UPDATE `pool_pool` SET `description` = 'GO 189980,189981,191133 map=571' WHERE `pool_id` = 4126;
UPDATE `pool_pool` SET `description` = 'GO 189980,189981,191133 map=571' WHERE `pool_id` = 4544;
UPDATE `pool_pool` SET `description` = 'GO 189980,189981,191133 map=571' WHERE `pool_id` = 3798;
UPDATE `pool_pool` SET `description` = 'GO 189980,189981,191133 map=571' WHERE `pool_id` = 4628;
UPDATE `pool_pool` SET `description` = 'GO 189980,189981,191133 map=571' WHERE `pool_id` = 4216;
UPDATE `pool_pool` SET `description` = 'GO 189980,189981,191133 map=571' WHERE `pool_id` = 3470;
UPDATE `pool_pool` SET `description` = 'GO 189980,189981,191133 map=571' WHERE `pool_id` = 3888;
UPDATE `pool_pool` SET `description` = 'GO 189980,189981,191133 map=571' WHERE `pool_id` = 4718;
UPDATE `pool_pool` SET `description` = 'GO 189980,189981,191133 map=571' WHERE `pool_id` = 3560;
UPDATE `pool_pool` SET `description` = 'GO 189980,189981,191133 map=571' WHERE `pool_id` = 4390;
UPDATE `pool_pool` SET `description` = 'GO 189980,189981,191133 map=571' WHERE `pool_id` = 3978;
UPDATE `pool_pool` SET `description` = 'GO 189980,189981,191133 map=571' WHERE `pool_id` = 3650;
UPDATE `pool_pool` SET `description` = 'GO 189980,189981,191133 map=571' WHERE `pool_id` = 4480;
UPDATE `pool_pool` SET `description` = 'GO 189980,189981,191133 map=571' WHERE `pool_id` = 4152;
UPDATE `pool_pool` SET `description` = 'GO 189980,189981,191133 map=571' WHERE `pool_id` = 3740;
UPDATE `pool_pool` SET `description` = 'GO 189980,189981,191133 map=571' WHERE `pool_id` = 4570;
UPDATE `pool_pool` SET `description` = 'GO 189980,189981,191133 map=571' WHERE `pool_id` = 4242;
UPDATE `pool_pool` SET `description` = 'GO 189980,189981,191133 map=571' WHERE `pool_id` = 4660;
UPDATE `pool_pool` SET `description` = 'GO 189980,189981,191133 map=571' WHERE `pool_id` = 3914;
UPDATE `pool_pool` SET `description` = 'GO 189980,189981,191133 map=571' WHERE `pool_id` = 3502;
UPDATE `pool_pool` SET `description` = 'GO 189980,189981,191133 map=571' WHERE `pool_id` = 4332;
UPDATE `pool_pool` SET `description` = 'GO 189980,189981,191133 map=571' WHERE `pool_id` = 3586;
UPDATE `pool_pool` SET `description` = 'GO 189980,189981,191133 map=571' WHERE `pool_id` = 4751;
UPDATE `pool_pool` SET `description` = 'GO 189980,189981,191133 map=571' WHERE `pool_id` = 4004;
UPDATE `pool_pool` SET `description` = 'GO 189980,189981,191133 map=571' WHERE `pool_id` = 4422;
UPDATE `pool_pool` SET `description` = 'GO 189980,189981,191133 map=571' WHERE `pool_id` = 3676;
UPDATE `pool_pool` SET `description` = 'GO 189980,189981,191133 map=571' WHERE `pool_id` = 4094;
UPDATE `pool_pool` SET `description` = 'GO 189980,189981,191133 map=571' WHERE `pool_id` = 4512;
UPDATE `pool_pool` SET `description` = 'GO 189980,189981,191133 map=571' WHERE `pool_id` = 3766;
UPDATE `pool_pool` SET `description` = 'GO 189980,189981,191133 map=571' WHERE `pool_id` = 4184;
UPDATE `pool_pool` SET `description` = 'GO 189980,189981,191133 map=571' WHERE `pool_id` = 4602;
UPDATE `pool_pool` SET `description` = 'GO 189980,189981,191133 map=571' WHERE `pool_id` = 3856;
UPDATE `pool_pool` SET `description` = 'GO 189980,189981,191133 map=571' WHERE `pool_id` = 4274;
UPDATE `pool_pool` SET `description` = 'GO 189980,189981,191133 map=571' WHERE `pool_id` = 3528;
UPDATE `pool_pool` SET `description` = 'GO 189980,189981,191133 map=571' WHERE `pool_id` = 4692;
UPDATE `pool_pool` SET `description` = 'GO 189980,189981,191133 map=571' WHERE `pool_id` = 3946;
UPDATE `pool_pool` SET `description` = 'GO 189980,189981,191133 map=571' WHERE `pool_id` = 4364;
UPDATE `pool_pool` SET `description` = 'GO 189980,189981,191133 map=571' WHERE `pool_id` = 3618;
UPDATE `pool_pool` SET `description` = 'GO 189980,189981,191133 map=571' WHERE `pool_id` = 3619;
UPDATE `pool_pool` SET `description` = 'GO 189980,189981,191133 map=571' WHERE `pool_id` = 4037;
UPDATE `pool_pool` SET `description` = 'GO 189980,189981,191133 map=571' WHERE `pool_id` = 4455;
UPDATE `pool_pool` SET `description` = 'GO 189980,189981,191133 map=571' WHERE `pool_id` = 3709;
UPDATE `pool_pool` SET `description` = 'GO 189980,189981,191133 map=571' WHERE `pool_id` = 4127;
UPDATE `pool_pool` SET `description` = 'GO 189980,189981,191133 map=571' WHERE `pool_id` = 4545;
UPDATE `pool_pool` SET `description` = 'GO 189980,189981,191133 map=571' WHERE `pool_id` = 3799;
UPDATE `pool_pool` SET `description` = 'GO 189980,189981,191133 map=571' WHERE `pool_id` = 4629;
UPDATE `pool_pool` SET `description` = 'GO 189980,189981,191133 map=571' WHERE `pool_id` = 4217;
UPDATE `pool_pool` SET `description` = 'GO 189980,189981,191133 map=571' WHERE `pool_id` = 3471;
UPDATE `pool_pool` SET `description` = 'GO 189980,189981,191133 map=571' WHERE `pool_id` = 3889;
UPDATE `pool_pool` SET `description` = 'GO 189980,189981,191133 map=571' WHERE `pool_id` = 4719;
UPDATE `pool_pool` SET `description` = 'GO 189980,189981,191133 map=571' WHERE `pool_id` = 3561;
UPDATE `pool_pool` SET `description` = 'GO 189980,189981,191133 map=571' WHERE `pool_id` = 4391;
UPDATE `pool_pool` SET `description` = 'GO 189980,189981,191133 map=571' WHERE `pool_id` = 3979;
UPDATE `pool_pool` SET `description` = 'GO 189980,189981,191133 map=571' WHERE `pool_id` = 3651;
UPDATE `pool_pool` SET `description` = 'GO 189980,189981,191133 map=571' WHERE `pool_id` = 4481;
UPDATE `pool_pool` SET `description` = 'GO 189980,189981,191133 map=571' WHERE `pool_id` = 4153;
UPDATE `pool_pool` SET `description` = 'GO 189980,189981,191133 map=571' WHERE `pool_id` = 3741;
UPDATE `pool_pool` SET `description` = 'GO 189980,189981,191133 map=571' WHERE `pool_id` = 4571;
UPDATE `pool_pool` SET `description` = 'GO 189980,189981,191133 map=571' WHERE `pool_id` = 4243;
UPDATE `pool_pool` SET `description` = 'GO 189980,189981,191133 map=571' WHERE `pool_id` = 4661;
UPDATE `pool_pool` SET `description` = 'GO 189980,189981,191133 map=571' WHERE `pool_id` = 3915;
UPDATE `pool_pool` SET `description` = 'GO 189980,189981,191133 map=571' WHERE `pool_id` = 3503;
UPDATE `pool_pool` SET `description` = 'GO 189980,189981,191133 map=571' WHERE `pool_id` = 4333;
UPDATE `pool_pool` SET `description` = 'GO 189980,189981,191133 map=571' WHERE `pool_id` = 3587;
UPDATE `pool_pool` SET `description` = 'GO 189980,189981,191133 map=571' WHERE `pool_id` = 4752;
UPDATE `pool_pool` SET `description` = 'GO 189980,189981,191133 map=571' WHERE `pool_id` = 4005;
UPDATE `pool_pool` SET `description` = 'GO 189980,189981,191133 map=571' WHERE `pool_id` = 4423;
UPDATE `pool_pool` SET `description` = 'GO 189980,189981,191133 map=571' WHERE `pool_id` = 3677;
UPDATE `pool_pool` SET `description` = 'GO 189980,189981,191133 map=571' WHERE `pool_id` = 4095;
UPDATE `pool_pool` SET `description` = 'GO 189980,189981,191133 map=571' WHERE `pool_id` = 4513;
UPDATE `pool_pool` SET `description` = 'GO 189980,189981,191133 map=571' WHERE `pool_id` = 3767;
UPDATE `pool_pool` SET `description` = 'GO 189980,189981,191133 map=571' WHERE `pool_id` = 4185;
UPDATE `pool_pool` SET `description` = 'GO 189980,189981,191133 map=571' WHERE `pool_id` = 4603;
UPDATE `pool_pool` SET `description` = 'GO 189980,189981,191133 map=571' WHERE `pool_id` = 3857;
UPDATE `pool_pool` SET `description` = 'GO 189980,189981,191133 map=571' WHERE `pool_id` = 4275;
UPDATE `pool_pool` SET `description` = 'GO 189980,189981,191133 map=571' WHERE `pool_id` = 3529;
UPDATE `pool_pool` SET `description` = 'GO 189980,189981,191133 map=571' WHERE `pool_id` = 4693;
UPDATE `pool_pool` SET `description` = 'GO 189980,189981,191133 map=571' WHERE `pool_id` = 3947;
UPDATE `pool_pool` SET `description` = 'GO 189980,189981,191133 map=571' WHERE `pool_id` = 4365;
UPDATE `pool_pool` SET `description` = 'GO 189980,189981,191133 map=571' WHERE `pool_id` = 3620;
UPDATE `pool_pool` SET `description` = 'GO 189980,189981,191133 map=571' WHERE `pool_id` = 4038;
UPDATE `pool_pool` SET `description` = 'GO 189980,189981,191133 map=571' WHERE `pool_id` = 4456;
UPDATE `pool_pool` SET `description` = 'GO 189980,189981,191133 map=571' WHERE `pool_id` = 3710;
UPDATE `pool_pool` SET `description` = 'GO 189980,189981,191133 map=571' WHERE `pool_id` = 4128;
UPDATE `pool_pool` SET `description` = 'GO 189980,189981,191133 map=571' WHERE `pool_id` = 3800;
UPDATE `pool_pool` SET `description` = 'GO 189980,189981,191133 map=571' WHERE `pool_id` = 4630;
UPDATE `pool_pool` SET `description` = 'GO 189980,189981,191133 map=571' WHERE `pool_id` = 4218;
UPDATE `pool_pool` SET `description` = 'GO 189980,189981,191133 map=571' WHERE `pool_id` = 3472;
UPDATE `pool_pool` SET `description` = 'GO 189980,189981,191133 map=571' WHERE `pool_id` = 3890;
UPDATE `pool_pool` SET `description` = 'GO 189980,189981,191133 map=571' WHERE `pool_id` = 4720;
UPDATE `pool_pool` SET `description` = 'GO 189980,189981,191133 map=571' WHERE `pool_id` = 3562;
UPDATE `pool_pool` SET `description` = 'GO 189980,189981,191133 map=571' WHERE `pool_id` = 4392;
UPDATE `pool_pool` SET `description` = 'GO 189980,189981,191133 map=571' WHERE `pool_id` = 3980;
UPDATE `pool_pool` SET `description` = 'GO 189980,189981,191133 map=571' WHERE `pool_id` = 3652;
UPDATE `pool_pool` SET `description` = 'GO 189980,189981,191133 map=571' WHERE `pool_id` = 4482;
UPDATE `pool_pool` SET `description` = 'GO 189980,189981,191133 map=571' WHERE `pool_id` = 4154;
UPDATE `pool_pool` SET `description` = 'GO 189980,189981,191133 map=571' WHERE `pool_id` = 3742;
UPDATE `pool_pool` SET `description` = 'GO 189980,189981,191133 map=571' WHERE `pool_id` = 4572;
UPDATE `pool_pool` SET `description` = 'GO 189980,189981,191133 map=571' WHERE `pool_id` = 3826;
UPDATE `pool_pool` SET `description` = 'GO 189980,189981,191133 map=571' WHERE `pool_id` = 4244;
UPDATE `pool_pool` SET `description` = 'GO 189980,189981,191133 map=571' WHERE `pool_id` = 4662;
UPDATE `pool_pool` SET `description` = 'GO 189980,189981,191133 map=571' WHERE `pool_id` = 3916;
UPDATE `pool_pool` SET `description` = 'GO 189980,189981,191133 map=571' WHERE `pool_id` = 3504;
UPDATE `pool_pool` SET `description` = 'GO 189980,189981,191133 map=571' WHERE `pool_id` = 4334;
UPDATE `pool_pool` SET `description` = 'GO 189980,189981,191133 map=571' WHERE `pool_id` = 3588;
UPDATE `pool_pool` SET `description` = 'GO 189980,189981,191133 map=571' WHERE `pool_id` = 4753;
UPDATE `pool_pool` SET `description` = 'GO 189980,189981,191133 map=571' WHERE `pool_id` = 4006;
UPDATE `pool_pool` SET `description` = 'GO 189980,189981,191133 map=571' WHERE `pool_id` = 4424;
UPDATE `pool_pool` SET `description` = 'GO 189980,189981,191133 map=571' WHERE `pool_id` = 3678;
UPDATE `pool_pool` SET `description` = 'GO 189980,189981,191133 map=571' WHERE `pool_id` = 4096;
UPDATE `pool_pool` SET `description` = 'GO 189980,189981,191133 map=571' WHERE `pool_id` = 4514;
UPDATE `pool_pool` SET `description` = 'GO 189980,189981,191133 map=571' WHERE `pool_id` = 3768;
UPDATE `pool_pool` SET `description` = 'GO 189980,189981,191133 map=571' WHERE `pool_id` = 4186;
UPDATE `pool_pool` SET `description` = 'GO 189980,189981,191133 map=571' WHERE `pool_id` = 4604;
UPDATE `pool_pool` SET `description` = 'GO 189980,189981,191133 map=571' WHERE `pool_id` = 3858;
UPDATE `pool_pool` SET `description` = 'GO 189980,189981,191133 map=571' WHERE `pool_id` = 4276;
UPDATE `pool_pool` SET `description` = 'GO 189980,189981,191133 map=571' WHERE `pool_id` = 3530;
UPDATE `pool_pool` SET `description` = 'GO 189980,189981,191133 map=571' WHERE `pool_id` = 4694;
UPDATE `pool_pool` SET `description` = 'GO 189980,189981,191133 map=571' WHERE `pool_id` = 3948;
UPDATE `pool_pool` SET `description` = 'GO 189980,189981,191133 map=571' WHERE `pool_id` = 4366;
UPDATE `pool_pool` SET `description` = 'GO 189980,189981,191133 map=571' WHERE `pool_id` = 4367;
UPDATE `pool_pool` SET `description` = 'GO 189980,189981,191133 map=571' WHERE `pool_id` = 3621;
UPDATE `pool_pool` SET `description` = 'GO 189980,189981,191133 map=571' WHERE `pool_id` = 4039;
UPDATE `pool_pool` SET `description` = 'GO 189980,189981,191133 map=571' WHERE `pool_id` = 4457;
UPDATE `pool_pool` SET `description` = 'GO 189980,189981,191133 map=571' WHERE `pool_id` = 3711;
UPDATE `pool_pool` SET `description` = 'GO 189980,189981,191133 map=571' WHERE `pool_id` = 4129;
UPDATE `pool_pool` SET `description` = 'GO 189980,189981,191133 map=571' WHERE `pool_id` = 3801;
UPDATE `pool_pool` SET `description` = 'GO 189980,189981,191133 map=571' WHERE `pool_id` = 4631;
UPDATE `pool_pool` SET `description` = 'GO 189980,189981,191133 map=571' WHERE `pool_id` = 4219;
UPDATE `pool_pool` SET `description` = 'GO 189980,189981,191133 map=571' WHERE `pool_id` = 3473;
UPDATE `pool_pool` SET `description` = 'GO 189980,189981,191133 map=571' WHERE `pool_id` = 3891;
UPDATE `pool_pool` SET `description` = 'GO 189980,189981,191133 map=571' WHERE `pool_id` = 4721;
UPDATE `pool_pool` SET `description` = 'GO 189980,189981,191133 map=571' WHERE `pool_id` = 3563;
UPDATE `pool_pool` SET `description` = 'GO 189980,189981,191133 map=571' WHERE `pool_id` = 4393;
UPDATE `pool_pool` SET `description` = 'GO 189980,189981,191133 map=571' WHERE `pool_id` = 3981;
UPDATE `pool_pool` SET `description` = 'GO 189980,189981,191133 map=571' WHERE `pool_id` = 3653;
UPDATE `pool_pool` SET `description` = 'GO 189980,189981,191133 map=571' WHERE `pool_id` = 4483;
UPDATE `pool_pool` SET `description` = 'GO 189980,189981,191133 map=571' WHERE `pool_id` = 4155;
UPDATE `pool_pool` SET `description` = 'GO 189980,189981,191133 map=571' WHERE `pool_id` = 3743;
UPDATE `pool_pool` SET `description` = 'GO 189980,189981,191133 map=571' WHERE `pool_id` = 4573;
UPDATE `pool_pool` SET `description` = 'GO 189980,189981,191133 map=571' WHERE `pool_id` = 3827;
UPDATE `pool_pool` SET `description` = 'GO 189980,189981,191133 map=571' WHERE `pool_id` = 4245;
UPDATE `pool_pool` SET `description` = 'GO 189980,189981,191133 map=571' WHERE `pool_id` = 4663;
UPDATE `pool_pool` SET `description` = 'GO 189980,189981,191133 map=571' WHERE `pool_id` = 3917;
UPDATE `pool_pool` SET `description` = 'GO 189980,189981,191133 map=571' WHERE `pool_id` = 3505;
UPDATE `pool_pool` SET `description` = 'GO 189980,189981,191133 map=571' WHERE `pool_id` = 4335;
UPDATE `pool_pool` SET `description` = 'GO 189980,189981,191133 map=571' WHERE `pool_id` = 3589;
UPDATE `pool_pool` SET `description` = 'GO 189980,189981,191133 map=571' WHERE `pool_id` = 4754;
UPDATE `pool_pool` SET `description` = 'GO 189980,189981,191133 map=571' WHERE `pool_id` = 4007;
UPDATE `pool_pool` SET `description` = 'GO 189980,189981,191133 map=571' WHERE `pool_id` = 4425;
UPDATE `pool_pool` SET `description` = 'GO 189980,189981,191133 map=571' WHERE `pool_id` = 3679;
UPDATE `pool_pool` SET `description` = 'GO 189980,189981,191133 map=571' WHERE `pool_id` = 4097;
UPDATE `pool_pool` SET `description` = 'GO 189980,189981,191133 map=571' WHERE `pool_id` = 4515;
UPDATE `pool_pool` SET `description` = 'GO 189980,189981,191133 map=571' WHERE `pool_id` = 3769;
UPDATE `pool_pool` SET `description` = 'GO 189980,189981,191133 map=571' WHERE `pool_id` = 4187;
UPDATE `pool_pool` SET `description` = 'GO 189980,189981,191133 map=571' WHERE `pool_id` = 4605;
UPDATE `pool_pool` SET `description` = 'GO 189980,189981,191133 map=571' WHERE `pool_id` = 3859;
UPDATE `pool_pool` SET `description` = 'GO 189980,189981,191133 map=571' WHERE `pool_id` = 4277;
UPDATE `pool_pool` SET `description` = 'GO 189980,189981,191133 map=571' WHERE `pool_id` = 3531;
UPDATE `pool_pool` SET `description` = 'GO 189980,189981,191133 map=571' WHERE `pool_id` = 4695;
UPDATE `pool_pool` SET `description` = 'GO 189980,189981,191133 map=571' WHERE `pool_id` = 3949;
UPDATE `pool_pool` SET `description` = 'GO 189980,189981,191133 map=571' WHERE `pool_id` = 4368;
UPDATE `pool_pool` SET `description` = 'GO 189980,189981,191133 map=571' WHERE `pool_id` = 3622;
UPDATE `pool_pool` SET `description` = 'GO 189980,189981,191133 map=571' WHERE `pool_id` = 4040;
UPDATE `pool_pool` SET `description` = 'GO 189980,189981,191133 map=571' WHERE `pool_id` = 4458;
UPDATE `pool_pool` SET `description` = 'GO 189980,189981,191133 map=571' WHERE `pool_id` = 3712;
UPDATE `pool_pool` SET `description` = 'GO 189980,189981,191133 map=571' WHERE `pool_id` = 4130;
UPDATE `pool_pool` SET `description` = 'GO 189980,189981,191133 map=571' WHERE `pool_id` = 3802;
UPDATE `pool_pool` SET `description` = 'GO 189980,189981,191133 map=571' WHERE `pool_id` = 4632;
UPDATE `pool_pool` SET `description` = 'GO 189980,189981,191133 map=571' WHERE `pool_id` = 4220;
UPDATE `pool_pool` SET `description` = 'GO 189980,189981,191133 map=571' WHERE `pool_id` = 3474;
UPDATE `pool_pool` SET `description` = 'GO 189980,189981,191133 map=571' WHERE `pool_id` = 3892;
UPDATE `pool_pool` SET `description` = 'GO 189980,189981,191133 map=571' WHERE `pool_id` = 4723;
UPDATE `pool_pool` SET `description` = 'GO 189980,189981,191133 map=571' WHERE `pool_id` = 3564;
UPDATE `pool_pool` SET `description` = 'GO 189980,189981,191133 map=571' WHERE `pool_id` = 4394;
UPDATE `pool_pool` SET `description` = 'GO 189980,189981,191133 map=571' WHERE `pool_id` = 3982;
UPDATE `pool_pool` SET `description` = 'GO 189980,189981,191133 map=571' WHERE `pool_id` = 4066;
UPDATE `pool_pool` SET `description` = 'GO 189980,189981,191133 map=571' WHERE `pool_id` = 3654;
UPDATE `pool_pool` SET `description` = 'GO 189980,189981,191133 map=571' WHERE `pool_id` = 4484;
UPDATE `pool_pool` SET `description` = 'GO 189980,189981,191133 map=571' WHERE `pool_id` = 4156;
UPDATE `pool_pool` SET `description` = 'GO 189980,189981,191133 map=571' WHERE `pool_id` = 3744;
UPDATE `pool_pool` SET `description` = 'GO 189980,189981,191133 map=571' WHERE `pool_id` = 4574;
UPDATE `pool_pool` SET `description` = 'GO 189980,189981,191133 map=571' WHERE `pool_id` = 3828;
UPDATE `pool_pool` SET `description` = 'GO 189980,189981,191133 map=571' WHERE `pool_id` = 4246;
UPDATE `pool_pool` SET `description` = 'GO 189980,189981,191133 map=571' WHERE `pool_id` = 4664;
UPDATE `pool_pool` SET `description` = 'GO 189980,189981,191133 map=571' WHERE `pool_id` = 3918;
UPDATE `pool_pool` SET `description` = 'GO 189980,189981,191133 map=571' WHERE `pool_id` = 4336;
UPDATE `pool_pool` SET `description` = 'GO 189980,189981,191133 map=571' WHERE `pool_id` = 3590;
UPDATE `pool_pool` SET `description` = 'GO 189980,189981,191133 map=571' WHERE `pool_id` = 4755;
UPDATE `pool_pool` SET `description` = 'GO 189980,189981,191133 map=571' WHERE `pool_id` = 4008;
UPDATE `pool_pool` SET `description` = 'GO 189980,189981,191133 map=571' WHERE `pool_id` = 4426;
UPDATE `pool_pool` SET `description` = 'GO 189980,189981,191133 map=571' WHERE `pool_id` = 3680;
UPDATE `pool_pool` SET `description` = 'GO 189980,189981,191133 map=571' WHERE `pool_id` = 4098;
UPDATE `pool_pool` SET `description` = 'GO 189980,189981,191133 map=571' WHERE `pool_id` = 4516;
UPDATE `pool_pool` SET `description` = 'GO 189980,189981,191133 map=571' WHERE `pool_id` = 3770;
UPDATE `pool_pool` SET `description` = 'GO 189980,189981,191133 map=571' WHERE `pool_id` = 4188;
UPDATE `pool_pool` SET `description` = 'GO 189980,189981,191133 map=571' WHERE `pool_id` = 4606;
UPDATE `pool_pool` SET `description` = 'GO 189980,189981,191133 map=571' WHERE `pool_id` = 3860;
UPDATE `pool_pool` SET `description` = 'GO 189980,189981,191133 map=571' WHERE `pool_id` = 4278;
UPDATE `pool_pool` SET `description` = 'GO 189980,189981,191133 map=571' WHERE `pool_id` = 3532;
UPDATE `pool_pool` SET `description` = 'GO 189980,189981,191133 map=571' WHERE `pool_id` = 4696;
UPDATE `pool_pool` SET `description` = 'GO 189980,189981,191133 map=571' WHERE `pool_id` = 3950;
UPDATE `pool_pool` SET `description` = 'GO 189980,189981,191133 map=571' WHERE `pool_id` = 3951;
UPDATE `pool_pool` SET `description` = 'GO 189980,189981,191133 map=571' WHERE `pool_id` = 4369;
UPDATE `pool_pool` SET `description` = 'GO 189980,189981,191133 map=571' WHERE `pool_id` = 3623;
UPDATE `pool_pool` SET `description` = 'GO 189980,189981,191133 map=571' WHERE `pool_id` = 4041;
UPDATE `pool_pool` SET `description` = 'GO 189980,189981,191133 map=571' WHERE `pool_id` = 4459;
UPDATE `pool_pool` SET `description` = 'GO 189980,189981,191133 map=571' WHERE `pool_id` = 3713;
UPDATE `pool_pool` SET `description` = 'GO 189980,189981,191133 map=571' WHERE `pool_id` = 4131;
UPDATE `pool_pool` SET `description` = 'GO 189980,189981,191133 map=571' WHERE `pool_id` = 3803;
UPDATE `pool_pool` SET `description` = 'GO 189980,189981,191133 map=571' WHERE `pool_id` = 4633;
UPDATE `pool_pool` SET `description` = 'GO 189980,189981,191133 map=571' WHERE `pool_id` = 4221;
UPDATE `pool_pool` SET `description` = 'GO 189980,189981,191133 map=571' WHERE `pool_id` = 3475;
UPDATE `pool_pool` SET `description` = 'GO 189980,189981,191133 map=571' WHERE `pool_id` = 3893;
UPDATE `pool_pool` SET `description` = 'GO 189980,189981,191133 map=571' WHERE `pool_id` = 4724;
UPDATE `pool_pool` SET `description` = 'GO 189980,189981,191133 map=571' WHERE `pool_id` = 3565;
UPDATE `pool_pool` SET `description` = 'GO 189980,189981,191133 map=571' WHERE `pool_id` = 4395;
UPDATE `pool_pool` SET `description` = 'GO 189980,189981,191133 map=571' WHERE `pool_id` = 3983;
UPDATE `pool_pool` SET `description` = 'GO 189980,189981,191133 map=571' WHERE `pool_id` = 4067;
UPDATE `pool_pool` SET `description` = 'GO 189980,189981,191133 map=571' WHERE `pool_id` = 3655;
UPDATE `pool_pool` SET `description` = 'GO 189980,189981,191133 map=571' WHERE `pool_id` = 4485;
UPDATE `pool_pool` SET `description` = 'GO 189980,189981,191133 map=571' WHERE `pool_id` = 4157;
UPDATE `pool_pool` SET `description` = 'GO 189980,189981,191133 map=571' WHERE `pool_id` = 3745;
UPDATE `pool_pool` SET `description` = 'GO 189980,189981,191133 map=571' WHERE `pool_id` = 4575;
UPDATE `pool_pool` SET `description` = 'GO 189980,189981,191133 map=571' WHERE `pool_id` = 3829;
UPDATE `pool_pool` SET `description` = 'GO 189980,189981,191133 map=571' WHERE `pool_id` = 4247;
UPDATE `pool_pool` SET `description` = 'GO 189980,189981,191133 map=571' WHERE `pool_id` = 4665;
UPDATE `pool_pool` SET `description` = 'GO 189980,189981,191133 map=571' WHERE `pool_id` = 3919;
UPDATE `pool_pool` SET `description` = 'GO 189980,189981,191133 map=571' WHERE `pool_id` = 4337;
UPDATE `pool_pool` SET `description` = 'GO 189980,189981,191133 map=571' WHERE `pool_id` = 3591;
UPDATE `pool_pool` SET `description` = 'GO 189980,189981,191133 map=571' WHERE `pool_id` = 4756;
UPDATE `pool_pool` SET `description` = 'GO 189980,189981,191133 map=571' WHERE `pool_id` = 4009;
UPDATE `pool_pool` SET `description` = 'GO 189980,189981,191133 map=571' WHERE `pool_id` = 4427;
UPDATE `pool_pool` SET `description` = 'GO 189980,189981,191133 map=571' WHERE `pool_id` = 3681;
UPDATE `pool_pool` SET `description` = 'GO 189980,189981,191133 map=571' WHERE `pool_id` = 4099;
UPDATE `pool_pool` SET `description` = 'GO 189980,189981,191133 map=571' WHERE `pool_id` = 4517;
UPDATE `pool_pool` SET `description` = 'GO 189980,189981,191133 map=571' WHERE `pool_id` = 3771;
UPDATE `pool_pool` SET `description` = 'GO 189980,189981,191133 map=571' WHERE `pool_id` = 4189;
UPDATE `pool_pool` SET `description` = 'GO 189980,189981,191133 map=571' WHERE `pool_id` = 4607;
UPDATE `pool_pool` SET `description` = 'GO 189980,189981,191133 map=571' WHERE `pool_id` = 3861;
UPDATE `pool_pool` SET `description` = 'GO 189980,189981,191133 map=571' WHERE `pool_id` = 4279;
UPDATE `pool_pool` SET `description` = 'GO 189980,189981,191133 map=571' WHERE `pool_id` = 3533;
UPDATE `pool_pool` SET `description` = 'GO 189980,189981,191133 map=571' WHERE `pool_id` = 4697;
UPDATE `pool_pool` SET `description` = 'GO 189980,189981,191133 map=571' WHERE `pool_id` = 3952;
UPDATE `pool_pool` SET `description` = 'GO 189980,189981,191133 map=571' WHERE `pool_id` = 4370;
UPDATE `pool_pool` SET `description` = 'GO 189980,189981,191133 map=571' WHERE `pool_id` = 3624;
UPDATE `pool_pool` SET `description` = 'GO 189980,189981,191133 map=571' WHERE `pool_id` = 4042;
UPDATE `pool_pool` SET `description` = 'GO 189980,189981,191133 map=571' WHERE `pool_id` = 4460;
UPDATE `pool_pool` SET `description` = 'GO 189980,189981,191133 map=571' WHERE `pool_id` = 3714;
UPDATE `pool_pool` SET `description` = 'GO 189980,189981,191133 map=571' WHERE `pool_id` = 4132;
UPDATE `pool_pool` SET `description` = 'GO 189980,189981,191133 map=571' WHERE `pool_id` = 3804;
UPDATE `pool_pool` SET `description` = 'GO 189980,189981,191133 map=571' WHERE `pool_id` = 4634;
UPDATE `pool_pool` SET `description` = 'GO 189980,189981,191133 map=571' WHERE `pool_id` = 4222;
UPDATE `pool_pool` SET `description` = 'GO 189980,189981,191133 map=571' WHERE `pool_id` = 3476;
UPDATE `pool_pool` SET `description` = 'GO 189980,189981,191133 map=571' WHERE `pool_id` = 4306;
UPDATE `pool_pool` SET `description` = 'GO 189980,189981,191133 map=571' WHERE `pool_id` = 3894;
UPDATE `pool_pool` SET `description` = 'GO 189980,189981,191133 map=571' WHERE `pool_id` = 4725;
UPDATE `pool_pool` SET `description` = 'GO 189980,189981,191133 map=571' WHERE `pool_id` = 3566;
UPDATE `pool_pool` SET `description` = 'GO 189980,189981,191133 map=571' WHERE `pool_id` = 4396;
UPDATE `pool_pool` SET `description` = 'GO 189980,189981,191133 map=571' WHERE `pool_id` = 3984;
UPDATE `pool_pool` SET `description` = 'GO 189980,189981,191133 map=571' WHERE `pool_id` = 4068;
UPDATE `pool_pool` SET `description` = 'GO 189980,189981,191133 map=571' WHERE `pool_id` = 3656;
UPDATE `pool_pool` SET `description` = 'GO 189980,189981,191133 map=571' WHERE `pool_id` = 4486;
UPDATE `pool_pool` SET `description` = 'GO 189980,189981,191133 map=571' WHERE `pool_id` = 4158;
UPDATE `pool_pool` SET `description` = 'GO 189980,189981,191133 map=571' WHERE `pool_id` = 4576;
UPDATE `pool_pool` SET `description` = 'GO 189980,189981,191133 map=571' WHERE `pool_id` = 3830;
UPDATE `pool_pool` SET `description` = 'GO 189980,189981,191133 map=571' WHERE `pool_id` = 4248;
UPDATE `pool_pool` SET `description` = 'GO 189980,189981,191133 map=571' WHERE `pool_id` = 4666;
UPDATE `pool_pool` SET `description` = 'GO 189980,189981,191133 map=571' WHERE `pool_id` = 3920;
UPDATE `pool_pool` SET `description` = 'GO 189980,189981,191133 map=571' WHERE `pool_id` = 4338;
UPDATE `pool_pool` SET `description` = 'GO 189980,189981,191133 map=571' WHERE `pool_id` = 3592;
UPDATE `pool_pool` SET `description` = 'GO 189980,189981,191133 map=571' WHERE `pool_id` = 4757;
UPDATE `pool_pool` SET `description` = 'GO 189980,189981,191133 map=571' WHERE `pool_id` = 4010;
UPDATE `pool_pool` SET `description` = 'GO 189980,189981,191133 map=571' WHERE `pool_id` = 4428;
UPDATE `pool_pool` SET `description` = 'GO 189980,189981,191133 map=571' WHERE `pool_id` = 3682;
UPDATE `pool_pool` SET `description` = 'GO 189980,189981,191133 map=571' WHERE `pool_id` = 4100;
UPDATE `pool_pool` SET `description` = 'GO 189980,189981,191133 map=571' WHERE `pool_id` = 4518;
UPDATE `pool_pool` SET `description` = 'GO 189980,189981,191133 map=571' WHERE `pool_id` = 3772;
UPDATE `pool_pool` SET `description` = 'GO 189980,189981,191133 map=571' WHERE `pool_id` = 4190;
UPDATE `pool_pool` SET `description` = 'GO 189980,189981,191133 map=571' WHERE `pool_id` = 4608;
UPDATE `pool_pool` SET `description` = 'GO 189980,189981,191133 map=571' WHERE `pool_id` = 3862;
UPDATE `pool_pool` SET `description` = 'GO 189980,189981,191133 map=571' WHERE `pool_id` = 4280;
UPDATE `pool_pool` SET `description` = 'GO 189980,189981,191133 map=571' WHERE `pool_id` = 3534;
UPDATE `pool_pool` SET `description` = 'GO 189980,189981,191133 map=571' WHERE `pool_id` = 4698;
UPDATE `pool_pool` SET `description` = 'GO 189980,189981,191133 map=571' WHERE `pool_id` = 4699;
UPDATE `pool_pool` SET `description` = 'GO 189980,189981,191133 map=571' WHERE `pool_id` = 3953;
UPDATE `pool_pool` SET `description` = 'GO 189980,189981,191133 map=571' WHERE `pool_id` = 4371;
UPDATE `pool_pool` SET `description` = 'GO 189980,189981,191133 map=571' WHERE `pool_id` = 3625;
UPDATE `pool_pool` SET `description` = 'GO 189980,189981,191133 map=571' WHERE `pool_id` = 4043;
UPDATE `pool_pool` SET `description` = 'GO 189980,189981,191133 map=571' WHERE `pool_id` = 4461;
UPDATE `pool_pool` SET `description` = 'GO 189980,189981,191133 map=571' WHERE `pool_id` = 3715;
UPDATE `pool_pool` SET `description` = 'GO 189980,189981,191133 map=571' WHERE `pool_id` = 4133;
UPDATE `pool_pool` SET `description` = 'GO 189980,189981,191133 map=571' WHERE `pool_id` = 3805;
UPDATE `pool_pool` SET `description` = 'GO 189980,189981,191133 map=571' WHERE `pool_id` = 4635;
UPDATE `pool_pool` SET `description` = 'GO 189980,189981,191133 map=571' WHERE `pool_id` = 4223;
UPDATE `pool_pool` SET `description` = 'GO 189980,189981,191133 map=571' WHERE `pool_id` = 3477;
UPDATE `pool_pool` SET `description` = 'GO 189980,189981,191133 map=571' WHERE `pool_id` = 4307;
UPDATE `pool_pool` SET `description` = 'GO 189980,189981,191133 map=571' WHERE `pool_id` = 3895;
UPDATE `pool_pool` SET `description` = 'GO 189980,189981,191133 map=571' WHERE `pool_id` = 4726;
UPDATE `pool_pool` SET `description` = 'GO 189980,189981,191133 map=571' WHERE `pool_id` = 3567;
UPDATE `pool_pool` SET `description` = 'GO 189980,189981,191133 map=571' WHERE `pool_id` = 4397;
UPDATE `pool_pool` SET `description` = 'GO 189980,189981,191133 map=571' WHERE `pool_id` = 3985;
UPDATE `pool_pool` SET `description` = 'GO 189980,189981,191133 map=571' WHERE `pool_id` = 4069;
UPDATE `pool_pool` SET `description` = 'GO 189980,189981,191133 map=571' WHERE `pool_id` = 3657;
UPDATE `pool_pool` SET `description` = 'GO 189980,189981,191133 map=571' WHERE `pool_id` = 4487;
UPDATE `pool_pool` SET `description` = 'GO 189980,189981,191133 map=571' WHERE `pool_id` = 4159;
UPDATE `pool_pool` SET `description` = 'GO 189980,189981,191133 map=571' WHERE `pool_id` = 4577;
UPDATE `pool_pool` SET `description` = 'GO 189980,189981,191133 map=571' WHERE `pool_id` = 3831;
UPDATE `pool_pool` SET `description` = 'GO 189980,189981,191133 map=571' WHERE `pool_id` = 4249;
UPDATE `pool_pool` SET `description` = 'GO 189980,189981,191133 map=571' WHERE `pool_id` = 4667;
UPDATE `pool_pool` SET `description` = 'GO 189980,189981,191133 map=571' WHERE `pool_id` = 3921;
UPDATE `pool_pool` SET `description` = 'GO 189980,189981,191133 map=571' WHERE `pool_id` = 4339;
UPDATE `pool_pool` SET `description` = 'GO 189980,189981,191133 map=571' WHERE `pool_id` = 3593;
UPDATE `pool_pool` SET `description` = 'GO 189980,189981,191133 map=571' WHERE `pool_id` = 4758;
UPDATE `pool_pool` SET `description` = 'GO 189980,189981,191133 map=571' WHERE `pool_id` = 4011;
UPDATE `pool_pool` SET `description` = 'GO 189980,189981,191133 map=571' WHERE `pool_id` = 4429;
UPDATE `pool_pool` SET `description` = 'GO 189980,189981,191133 map=571' WHERE `pool_id` = 3683;
UPDATE `pool_pool` SET `description` = 'GO 189980,189981,191133 map=571' WHERE `pool_id` = 4101;
UPDATE `pool_pool` SET `description` = 'GO 189980,189981,191133 map=571' WHERE `pool_id` = 4519;
UPDATE `pool_pool` SET `description` = 'GO 189980,189981,191133 map=571' WHERE `pool_id` = 3773;
UPDATE `pool_pool` SET `description` = 'GO 189980,189981,191133 map=571' WHERE `pool_id` = 4191;
UPDATE `pool_pool` SET `description` = 'GO 189980,189981,191133 map=571' WHERE `pool_id` = 4609;
UPDATE `pool_pool` SET `description` = 'GO 189980,189981,191133 map=571' WHERE `pool_id` = 3863;
UPDATE `pool_pool` SET `description` = 'GO 189980,189981,191133 map=571' WHERE `pool_id` = 4281;
UPDATE `pool_pool` SET `description` = 'GO 189980,189981,191133 map=571' WHERE `pool_id` = 3535;
UPDATE `pool_pool` SET `description` = 'GO 189980,189981,191133 map=571' WHERE `pool_id` = 3536;
UPDATE `pool_pool` SET `description` = 'GO 189980,189981,191133 map=571' WHERE `pool_id` = 4700;
UPDATE `pool_pool` SET `description` = 'GO 189980,189981,191133 map=571' WHERE `pool_id` = 3954;
UPDATE `pool_pool` SET `description` = 'GO 189980,189981,191133 map=571' WHERE `pool_id` = 4372;
UPDATE `pool_pool` SET `description` = 'GO 189980,189981,191133 map=571' WHERE `pool_id` = 3626;
UPDATE `pool_pool` SET `description` = 'GO 189980,189981,191133 map=571' WHERE `pool_id` = 4044;
UPDATE `pool_pool` SET `description` = 'GO 189980,189981,191133 map=571' WHERE `pool_id` = 4462;
UPDATE `pool_pool` SET `description` = 'GO 189980,189981,191133 map=571' WHERE `pool_id` = 3716;
UPDATE `pool_pool` SET `description` = 'GO 189980,189981,191133 map=571' WHERE `pool_id` = 4546;
UPDATE `pool_pool` SET `description` = 'GO 189980,189981,191133 map=571' WHERE `pool_id` = 4134;
UPDATE `pool_pool` SET `description` = 'GO 189980,189981,191133 map=571' WHERE `pool_id` = 3806;
UPDATE `pool_pool` SET `description` = 'GO 189980,189981,191133 map=571' WHERE `pool_id` = 4636;
UPDATE `pool_pool` SET `description` = 'GO 189980,189981,191133 map=571' WHERE `pool_id` = 4224;
UPDATE `pool_pool` SET `description` = 'GO 189980,189981,191133 map=571' WHERE `pool_id` = 3478;
UPDATE `pool_pool` SET `description` = 'GO 189980,189981,191133 map=571' WHERE `pool_id` = 4308;
UPDATE `pool_pool` SET `description` = 'GO 189980,189981,191133 map=571' WHERE `pool_id` = 3896;
UPDATE `pool_pool` SET `description` = 'GO 189980,189981,191133 map=571' WHERE `pool_id` = 4727;
UPDATE `pool_pool` SET `description` = 'GO 189980,189981,191133 map=571' WHERE `pool_id` = 3568;
UPDATE `pool_pool` SET `description` = 'GO 189980,189981,191133 map=571' WHERE `pool_id` = 4398;
UPDATE `pool_pool` SET `description` = 'GO 189980,189981,191133 map=571' WHERE `pool_id` = 4070;
UPDATE `pool_pool` SET `description` = 'GO 189980,189981,191133 map=571' WHERE `pool_id` = 3658;
UPDATE `pool_pool` SET `description` = 'GO 189980,189981,191133 map=571' WHERE `pool_id` = 4488;
UPDATE `pool_pool` SET `description` = 'GO 189980,189981,191133 map=571' WHERE `pool_id` = 4160;
UPDATE `pool_pool` SET `description` = 'GO 189980,189981,191133 map=571' WHERE `pool_id` = 4578;
UPDATE `pool_pool` SET `description` = 'GO 189980,189981,191133 map=571' WHERE `pool_id` = 3832;
UPDATE `pool_pool` SET `description` = 'GO 189980,189981,191133 map=571' WHERE `pool_id` = 4250;
UPDATE `pool_pool` SET `description` = 'GO 189980,189981,191133 map=571' WHERE `pool_id` = 4668;
UPDATE `pool_pool` SET `description` = 'GO 189980,189981,191133 map=571' WHERE `pool_id` = 3922;
UPDATE `pool_pool` SET `description` = 'GO 189980,189981,191133 map=571' WHERE `pool_id` = 4340;
UPDATE `pool_pool` SET `description` = 'GO 189980,189981,191133 map=571' WHERE `pool_id` = 3594;
UPDATE `pool_pool` SET `description` = 'GO 189980,189981,191133 map=571' WHERE `pool_id` = 4759;
UPDATE `pool_pool` SET `description` = 'GO 189980,189981,191133 map=571' WHERE `pool_id` = 4012;
UPDATE `pool_pool` SET `description` = 'GO 189980,189981,191133 map=571' WHERE `pool_id` = 4430;
UPDATE `pool_pool` SET `description` = 'GO 189980,189981,191133 map=571' WHERE `pool_id` = 3684;
UPDATE `pool_pool` SET `description` = 'GO 189980,189981,191133 map=571' WHERE `pool_id` = 4102;
UPDATE `pool_pool` SET `description` = 'GO 189980,189981,191133 map=571' WHERE `pool_id` = 4520;
UPDATE `pool_pool` SET `description` = 'GO 189980,189981,191133 map=571' WHERE `pool_id` = 3774;
UPDATE `pool_pool` SET `description` = 'GO 189980,189981,191133 map=571' WHERE `pool_id` = 4192;
UPDATE `pool_pool` SET `description` = 'GO 189980,189981,191133 map=571' WHERE `pool_id` = 4610;
UPDATE `pool_pool` SET `description` = 'GO 189980,189981,191133 map=571' WHERE `pool_id` = 3864;
UPDATE `pool_pool` SET `description` = 'GO 189980,189981,191133 map=571' WHERE `pool_id` = 4282;
UPDATE `pool_pool` SET `description` = 'GO 189980,189981,191133 map=571' WHERE `pool_id` = 3537;
UPDATE `pool_pool` SET `description` = 'GO 189980,189981,191133 map=571' WHERE `pool_id` = 4701;
UPDATE `pool_pool` SET `description` = 'GO 189980,189981,191133 map=571' WHERE `pool_id` = 3955;
UPDATE `pool_pool` SET `description` = 'GO 189980,189981,191133 map=571' WHERE `pool_id` = 4373;
UPDATE `pool_pool` SET `description` = 'GO 189980,189981,191133 map=571' WHERE `pool_id` = 3627;
UPDATE `pool_pool` SET `description` = 'GO 189980,189981,191133 map=571' WHERE `pool_id` = 4045;
UPDATE `pool_pool` SET `description` = 'GO 189980,189981,191133 map=571' WHERE `pool_id` = 4463;
UPDATE `pool_pool` SET `description` = 'GO 189980,189981,191133 map=571' WHERE `pool_id` = 3717;
UPDATE `pool_pool` SET `description` = 'GO 189980,189981,191133 map=571' WHERE `pool_id` = 4547;
UPDATE `pool_pool` SET `description` = 'GO 189980,189981,191133 map=571' WHERE `pool_id` = 4135;
UPDATE `pool_pool` SET `description` = 'GO 189980,189981,191133 map=571' WHERE `pool_id` = 3807;
UPDATE `pool_pool` SET `description` = 'GO 189980,189981,191133 map=571' WHERE `pool_id` = 4637;
UPDATE `pool_pool` SET `description` = 'GO 189980,189981,191133 map=571' WHERE `pool_id` = 4225;
UPDATE `pool_pool` SET `description` = 'GO 189980,189981,191133 map=571' WHERE `pool_id` = 3479;
UPDATE `pool_pool` SET `description` = 'GO 189980,189981,191133 map=571' WHERE `pool_id` = 4309;
UPDATE `pool_pool` SET `description` = 'GO 189980,189981,191133 map=571' WHERE `pool_id` = 3897;
UPDATE `pool_pool` SET `description` = 'GO 189980,189981,191133 map=571' WHERE `pool_id` = 4728;
UPDATE `pool_pool` SET `description` = 'GO 189980,189981,191133 map=571' WHERE `pool_id` = 3569;
UPDATE `pool_pool` SET `description` = 'GO 189980,189981,191133 map=571' WHERE `pool_id` = 4399;
UPDATE `pool_pool` SET `description` = 'GO 189980,189981,191133 map=571' WHERE `pool_id` = 4071;
UPDATE `pool_pool` SET `description` = 'GO 189980,189981,191133 map=571' WHERE `pool_id` = 3659;
UPDATE `pool_pool` SET `description` = 'GO 189980,189981,191133 map=571' WHERE `pool_id` = 4489;
UPDATE `pool_pool` SET `description` = 'GO 189980,189981,191133 map=571' WHERE `pool_id` = 4161;
UPDATE `pool_pool` SET `description` = 'GO 189980,189981,191133 map=571' WHERE `pool_id` = 4579;
UPDATE `pool_pool` SET `description` = 'GO 189980,189981,191133 map=571' WHERE `pool_id` = 3833;
UPDATE `pool_pool` SET `description` = 'GO 189980,189981,191133 map=571' WHERE `pool_id` = 4251;
UPDATE `pool_pool` SET `description` = 'GO 189980,189981,191133 map=571' WHERE `pool_id` = 4669;
UPDATE `pool_pool` SET `description` = 'GO 189980,189981,191133 map=571' WHERE `pool_id` = 3923;
UPDATE `pool_pool` SET `description` = 'GO 189980,189981,191133 map=571' WHERE `pool_id` = 4341;
UPDATE `pool_pool` SET `description` = 'GO 189980,189981,191133 map=571' WHERE `pool_id` = 3595;
UPDATE `pool_pool` SET `description` = 'GO 189980,189981,191133 map=571' WHERE `pool_id` = 4760;
UPDATE `pool_pool` SET `description` = 'GO 189980,189981,191133 map=571' WHERE `pool_id` = 4013;
UPDATE `pool_pool` SET `description` = 'GO 189980,189981,191133 map=571' WHERE `pool_id` = 4431;
UPDATE `pool_pool` SET `description` = 'GO 189980,189981,191133 map=571' WHERE `pool_id` = 3685;
UPDATE `pool_pool` SET `description` = 'GO 189980,189981,191133 map=571' WHERE `pool_id` = 4103;
UPDATE `pool_pool` SET `description` = 'GO 189980,189981,191133 map=571' WHERE `pool_id` = 4521;
UPDATE `pool_pool` SET `description` = 'GO 189980,189981,191133 map=571' WHERE `pool_id` = 3775;
UPDATE `pool_pool` SET `description` = 'GO 189980,189981,191133 map=571' WHERE `pool_id` = 4193;
UPDATE `pool_pool` SET `description` = 'GO 189980,189981,191133 map=571' WHERE `pool_id` = 4611;
UPDATE `pool_pool` SET `description` = 'GO 189980,189981,191133 map=571' WHERE `pool_id` = 3865;
UPDATE `pool_pool` SET `description` = 'GO 189980,189981,191133 map=571' WHERE `pool_id` = 4283;
UPDATE `pool_pool` SET `description` = 'GO 189980,189981,191133 map=571' WHERE `pool_id` = 4284;
UPDATE `pool_pool` SET `description` = 'GO 189980,189981,191133 map=571' WHERE `pool_id` = 3538;
UPDATE `pool_pool` SET `description` = 'GO 189980,189981,191133 map=571' WHERE `pool_id` = 4702;
UPDATE `pool_pool` SET `description` = 'GO 189980,189981,191133 map=571' WHERE `pool_id` = 3956;
UPDATE `pool_pool` SET `description` = 'GO 189980,189981,191133 map=571' WHERE `pool_id` = 4374;
UPDATE `pool_pool` SET `description` = 'GO 189980,189981,191133 map=571' WHERE `pool_id` = 3628;
UPDATE `pool_pool` SET `description` = 'GO 189980,189981,191133 map=571' WHERE `pool_id` = 4046;
UPDATE `pool_pool` SET `description` = 'GO 189980,189981,191133 map=571' WHERE `pool_id` = 4464;
UPDATE `pool_pool` SET `description` = 'GO 189980,189981,191133 map=571' WHERE `pool_id` = 3718;
UPDATE `pool_pool` SET `description` = 'GO 189980,189981,191133 map=571' WHERE `pool_id` = 4548;
UPDATE `pool_pool` SET `description` = 'GO 189980,189981,191133 map=571' WHERE `pool_id` = 4136;
UPDATE `pool_pool` SET `description` = 'GO 189980,189981,191133 map=571' WHERE `pool_id` = 3808;
UPDATE `pool_pool` SET `description` = 'GO 189980,189981,191133 map=571' WHERE `pool_id` = 4638;
UPDATE `pool_pool` SET `description` = 'GO 189980,189981,191133 map=571' WHERE `pool_id` = 3480;
UPDATE `pool_pool` SET `description` = 'GO 189980,189981,191133 map=571' WHERE `pool_id` = 4310;
UPDATE `pool_pool` SET `description` = 'GO 189980,189981,191133 map=571' WHERE `pool_id` = 3898;
UPDATE `pool_pool` SET `description` = 'GO 189980,189981,191133 map=571' WHERE `pool_id` = 4729;
UPDATE `pool_pool` SET `description` = 'GO 189980,189981,191133 map=571' WHERE `pool_id` = 3570;
UPDATE `pool_pool` SET `description` = 'GO 189980,189981,191133 map=571' WHERE `pool_id` = 4400;
UPDATE `pool_pool` SET `description` = 'GO 189980,189981,191133 map=571' WHERE `pool_id` = 4072;
UPDATE `pool_pool` SET `description` = 'GO 189980,189981,191133 map=571' WHERE `pool_id` = 3660;
UPDATE `pool_pool` SET `description` = 'GO 189980,189981,191133 map=571' WHERE `pool_id` = 4490;
UPDATE `pool_pool` SET `description` = 'GO 189980,189981,191133 map=571' WHERE `pool_id` = 4162;
UPDATE `pool_pool` SET `description` = 'GO 189980,189981,191133 map=571' WHERE `pool_id` = 4580;
UPDATE `pool_pool` SET `description` = 'GO 189980,189981,191133 map=571' WHERE `pool_id` = 3834;
UPDATE `pool_pool` SET `description` = 'GO 189980,189981,191133 map=571' WHERE `pool_id` = 4252;
UPDATE `pool_pool` SET `description` = 'GO 189980,189981,191133 map=571' WHERE `pool_id` = 3506;
UPDATE `pool_pool` SET `description` = 'GO 189980,189981,191133 map=571' WHERE `pool_id` = 4670;
UPDATE `pool_pool` SET `description` = 'GO 189980,189981,191133 map=571' WHERE `pool_id` = 3924;
UPDATE `pool_pool` SET `description` = 'GO 189980,189981,191133 map=571' WHERE `pool_id` = 4342;
UPDATE `pool_pool` SET `description` = 'GO 189980,189981,191133 map=571' WHERE `pool_id` = 3596;
UPDATE `pool_pool` SET `description` = 'GO 189980,189981,191133 map=571' WHERE `pool_id` = 4761;
UPDATE `pool_pool` SET `description` = 'GO 189980,189981,191133 map=571' WHERE `pool_id` = 4014;
UPDATE `pool_pool` SET `description` = 'GO 189980,189981,191133 map=571' WHERE `pool_id` = 4432;
UPDATE `pool_pool` SET `description` = 'GO 189980,189981,191133 map=571' WHERE `pool_id` = 3686;
UPDATE `pool_pool` SET `description` = 'GO 189980,189981,191133 map=571' WHERE `pool_id` = 4104;
UPDATE `pool_pool` SET `description` = 'GO 189980,189981,191133 map=571' WHERE `pool_id` = 4522;
UPDATE `pool_pool` SET `description` = 'GO 189980,189981,191133 map=571' WHERE `pool_id` = 3776;
UPDATE `pool_pool` SET `description` = 'GO 189980,189981,191133 map=571' WHERE `pool_id` = 4194;
UPDATE `pool_pool` SET `description` = 'GO 189980,189981,191133 map=571' WHERE `pool_id` = 4612;
UPDATE `pool_pool` SET `description` = 'GO 189980,189981,191133 map=571' WHERE `pool_id` = 3866;
UPDATE `pool_pool` SET `description` = 'GO 189980,189981,191133 map=571' WHERE `pool_id` = 4285;
UPDATE `pool_pool` SET `description` = 'GO 189980,189981,191133 map=571' WHERE `pool_id` = 3539;
UPDATE `pool_pool` SET `description` = 'GO 189980,189981,191133 map=571' WHERE `pool_id` = 4703;
UPDATE `pool_pool` SET `description` = 'GO 189980,189981,191133 map=571' WHERE `pool_id` = 3957;
UPDATE `pool_pool` SET `description` = 'GO 189980,189981,191133 map=571' WHERE `pool_id` = 4375;
UPDATE `pool_pool` SET `description` = 'GO 189980,189981,191133 map=571' WHERE `pool_id` = 3629;
UPDATE `pool_pool` SET `description` = 'GO 189980,189981,191133 map=571' WHERE `pool_id` = 4047;
UPDATE `pool_pool` SET `description` = 'GO 189980,189981,191133 map=571' WHERE `pool_id` = 4465;
UPDATE `pool_pool` SET `description` = 'GO 189980,189981,191133 map=571' WHERE `pool_id` = 3719;
UPDATE `pool_pool` SET `description` = 'GO 189980,189981,191133 map=571' WHERE `pool_id` = 4549;
UPDATE `pool_pool` SET `description` = 'GO 189980,189981,191133 map=571' WHERE `pool_id` = 4137;
UPDATE `pool_pool` SET `description` = 'GO 189980,189981,191133 map=571' WHERE `pool_id` = 3809;
UPDATE `pool_pool` SET `description` = 'GO 189980,189981,191133 map=571' WHERE `pool_id` = 4639;
UPDATE `pool_pool` SET `description` = 'GO 189980,189981,191133 map=571' WHERE `pool_id` = 3481;
UPDATE `pool_pool` SET `description` = 'GO 189980,189981,191133 map=571' WHERE `pool_id` = 4311;
UPDATE `pool_pool` SET `description` = 'GO 189980,189981,191133 map=571' WHERE `pool_id` = 3899;
UPDATE `pool_pool` SET `description` = 'GO 189980,189981,191133 map=571' WHERE `pool_id` = 4730;
UPDATE `pool_pool` SET `description` = 'GO 189980,189981,191133 map=571' WHERE `pool_id` = 3571;
UPDATE `pool_pool` SET `description` = 'GO 189980,189981,191133 map=571' WHERE `pool_id` = 4401;
UPDATE `pool_pool` SET `description` = 'GO 189980,189981,191133 map=571' WHERE `pool_id` = 4073;
UPDATE `pool_pool` SET `description` = 'GO 189980,189981,191133 map=571' WHERE `pool_id` = 3661;
UPDATE `pool_pool` SET `description` = 'GO 189980,189981,191133 map=571' WHERE `pool_id` = 4491;
UPDATE `pool_pool` SET `description` = 'GO 189980,189981,191133 map=571' WHERE `pool_id` = 4163;
UPDATE `pool_pool` SET `description` = 'GO 189980,189981,191133 map=571' WHERE `pool_id` = 4581;
UPDATE `pool_pool` SET `description` = 'GO 189980,189981,191133 map=571' WHERE `pool_id` = 3835;
UPDATE `pool_pool` SET `description` = 'GO 189980,189981,191133 map=571' WHERE `pool_id` = 4253;
UPDATE `pool_pool` SET `description` = 'GO 189980,189981,191133 map=571' WHERE `pool_id` = 3507;
UPDATE `pool_pool` SET `description` = 'GO 189980,189981,191133 map=571' WHERE `pool_id` = 4671;
UPDATE `pool_pool` SET `description` = 'GO 189980,189981,191133 map=571' WHERE `pool_id` = 3925;
UPDATE `pool_pool` SET `description` = 'GO 189980,189981,191133 map=571' WHERE `pool_id` = 4343;
UPDATE `pool_pool` SET `description` = 'GO 189980,189981,191133 map=571' WHERE `pool_id` = 3597;
UPDATE `pool_pool` SET `description` = 'GO 189980,189981,191133 map=571' WHERE `pool_id` = 4762;
UPDATE `pool_pool` SET `description` = 'GO 189980,189981,191133 map=571' WHERE `pool_id` = 4015;
UPDATE `pool_pool` SET `description` = 'GO 189980,189981,191133 map=571' WHERE `pool_id` = 4433;
UPDATE `pool_pool` SET `description` = 'GO 189980,189981,191133 map=571' WHERE `pool_id` = 3687;
UPDATE `pool_pool` SET `description` = 'GO 189980,189981,191133 map=571' WHERE `pool_id` = 4105;
UPDATE `pool_pool` SET `description` = 'GO 189980,189981,191133 map=571' WHERE `pool_id` = 4523;
UPDATE `pool_pool` SET `description` = 'GO 189980,189981,191133 map=571' WHERE `pool_id` = 3777;
UPDATE `pool_pool` SET `description` = 'GO 189980,189981,191133 map=571' WHERE `pool_id` = 4195;
UPDATE `pool_pool` SET `description` = 'GO 189980,189981,191133 map=571' WHERE `pool_id` = 4613;
UPDATE `pool_pool` SET `description` = 'GO 189980,189981,191133 map=571' WHERE `pool_id` = 3867;
UPDATE `pool_pool` SET `description` = 'GO 189980,189981,191133 map=571' WHERE `pool_id` = 3868;
UPDATE `pool_pool` SET `description` = 'GO 189980,189981,191133 map=571' WHERE `pool_id` = 4286;
UPDATE `pool_pool` SET `description` = 'GO 189980,189981,191133 map=571' WHERE `pool_id` = 3540;
UPDATE `pool_pool` SET `description` = 'GO 189980,189981,191133 map=571' WHERE `pool_id` = 4704;
UPDATE `pool_pool` SET `description` = 'GO 189980,189981,191133 map=571' WHERE `pool_id` = 3958;
UPDATE `pool_pool` SET `description` = 'GO 189980,189981,191133 map=571' WHERE `pool_id` = 4376;
UPDATE `pool_pool` SET `description` = 'GO 189980,189981,191133 map=571' WHERE `pool_id` = 3630;
UPDATE `pool_pool` SET `description` = 'GO 189980,189981,191133 map=571' WHERE `pool_id` = 4048;
UPDATE `pool_pool` SET `description` = 'GO 189980,189981,191133 map=571' WHERE `pool_id` = 3720;
UPDATE `pool_pool` SET `description` = 'GO 189980,189981,191133 map=571' WHERE `pool_id` = 4550;
UPDATE `pool_pool` SET `description` = 'GO 189980,189981,191133 map=571' WHERE `pool_id` = 4138;
UPDATE `pool_pool` SET `description` = 'GO 189980,189981,191133 map=571' WHERE `pool_id` = 3810;
UPDATE `pool_pool` SET `description` = 'GO 189980,189981,191133 map=571' WHERE `pool_id` = 4640;
UPDATE `pool_pool` SET `description` = 'GO 189980,189981,191133 map=571' WHERE `pool_id` = 3482;
UPDATE `pool_pool` SET `description` = 'GO 189980,189981,191133 map=571' WHERE `pool_id` = 4312;
UPDATE `pool_pool` SET `description` = 'GO 189980,189981,191133 map=571' WHERE `pool_id` = 3900;
UPDATE `pool_pool` SET `description` = 'GO 189980,189981,191133 map=571' WHERE `pool_id` = 4731;
UPDATE `pool_pool` SET `description` = 'GO 189980,189981,191133 map=571' WHERE `pool_id` = 3572;
UPDATE `pool_pool` SET `description` = 'GO 189980,189981,191133 map=571' WHERE `pool_id` = 4402;
UPDATE `pool_pool` SET `description` = 'GO 189980,189981,191133 map=571' WHERE `pool_id` = 4074;
UPDATE `pool_pool` SET `description` = 'GO 189980,189981,191133 map=571' WHERE `pool_id` = 3662;
UPDATE `pool_pool` SET `description` = 'GO 189980,189981,191133 map=571' WHERE `pool_id` = 4492;
UPDATE `pool_pool` SET `description` = 'GO 189980,189981,191133 map=571' WHERE `pool_id` = 3746;
UPDATE `pool_pool` SET `description` = 'GO 189980,189981,191133 map=571' WHERE `pool_id` = 4164;
UPDATE `pool_pool` SET `description` = 'GO 189980,189981,191133 map=571' WHERE `pool_id` = 4582;
UPDATE `pool_pool` SET `description` = 'GO 189980,189981,191133 map=571' WHERE `pool_id` = 3836;
UPDATE `pool_pool` SET `description` = 'GO 189980,189981,191133 map=571' WHERE `pool_id` = 4254;
UPDATE `pool_pool` SET `description` = 'GO 189980,189981,191133 map=571' WHERE `pool_id` = 3508;
UPDATE `pool_pool` SET `description` = 'GO 189980,189981,191133 map=571' WHERE `pool_id` = 4672;
UPDATE `pool_pool` SET `description` = 'GO 189980,189981,191133 map=571' WHERE `pool_id` = 3926;
UPDATE `pool_pool` SET `description` = 'GO 189980,189981,191133 map=571' WHERE `pool_id` = 4344;
UPDATE `pool_pool` SET `description` = 'GO 189980,189981,191133 map=571' WHERE `pool_id` = 3598;
UPDATE `pool_pool` SET `description` = 'GO 189980,189981,191133 map=571' WHERE `pool_id` = 4763;
UPDATE `pool_pool` SET `description` = 'GO 189980,189981,191133 map=571' WHERE `pool_id` = 4016;
UPDATE `pool_pool` SET `description` = 'GO 189980,189981,191133 map=571' WHERE `pool_id` = 4434;
UPDATE `pool_pool` SET `description` = 'GO 189980,189981,191133 map=571' WHERE `pool_id` = 3688;
UPDATE `pool_pool` SET `description` = 'GO 189980,189981,191133 map=571' WHERE `pool_id` = 4106;
UPDATE `pool_pool` SET `description` = 'GO 189980,189981,191133 map=571' WHERE `pool_id` = 4524;
UPDATE `pool_pool` SET `description` = 'GO 189980,189981,191133 map=571' WHERE `pool_id` = 3778;
UPDATE `pool_pool` SET `description` = 'GO 189980,189981,191133 map=571' WHERE `pool_id` = 4196;
UPDATE `pool_pool` SET `description` = 'GO 189980,189981,191133 map=571' WHERE `pool_id` = 4614;
UPDATE `pool_pool` SET `description` = 'GO 189980,189981,191133 map=571' WHERE `pool_id` = 3869;
UPDATE `pool_pool` SET `description` = 'GO 189980,189981,191133 map=571' WHERE `pool_id` = 4287;
UPDATE `pool_pool` SET `description` = 'GO 189980,189981,191133 map=571' WHERE `pool_id` = 3541;
UPDATE `pool_pool` SET `description` = 'GO 189980,189981,191133 map=571' WHERE `pool_id` = 4705;
UPDATE `pool_pool` SET `description` = 'GO 189980,189981,191133 map=571' WHERE `pool_id` = 3959;
UPDATE `pool_pool` SET `description` = 'GO 189980,189981,191133 map=571' WHERE `pool_id` = 4377;
UPDATE `pool_pool` SET `description` = 'GO 189980,189981,191133 map=571' WHERE `pool_id` = 3631;
UPDATE `pool_pool` SET `description` = 'GO 189980,189981,191133 map=571' WHERE `pool_id` = 4049;
UPDATE `pool_pool` SET `description` = 'GO 189980,189981,191133 map=571' WHERE `pool_id` = 3721;
UPDATE `pool_pool` SET `description` = 'GO 189980,189981,191133 map=571' WHERE `pool_id` = 4551;
UPDATE `pool_pool` SET `description` = 'GO 189980,189981,191133 map=571' WHERE `pool_id` = 4139;
UPDATE `pool_pool` SET `description` = 'GO 189980,189981,191133 map=571' WHERE `pool_id` = 3811;
UPDATE `pool_pool` SET `description` = 'GO 189980,189981,191133 map=571' WHERE `pool_id` = 4641;
UPDATE `pool_pool` SET `description` = 'GO 189980,189981,191133 map=571' WHERE `pool_id` = 3483;
UPDATE `pool_pool` SET `description` = 'GO 189980,189981,191133 map=571' WHERE `pool_id` = 4313;
UPDATE `pool_pool` SET `description` = 'GO 189980,189981,191133 map=571' WHERE `pool_id` = 3901;
UPDATE `pool_pool` SET `description` = 'GO 189980,189981,191133 map=571' WHERE `pool_id` = 4732;
UPDATE `pool_pool` SET `description` = 'GO 189980,189981,191133 map=571' WHERE `pool_id` = 3573;
UPDATE `pool_pool` SET `description` = 'GO 189980,189981,191133 map=571' WHERE `pool_id` = 4403;
UPDATE `pool_pool` SET `description` = 'GO 189980,189981,191133 map=571' WHERE `pool_id` = 4075;
UPDATE `pool_pool` SET `description` = 'GO 189980,189981,191133 map=571' WHERE `pool_id` = 3663;
UPDATE `pool_pool` SET `description` = 'GO 189980,189981,191133 map=571' WHERE `pool_id` = 4493;
UPDATE `pool_pool` SET `description` = 'GO 189980,189981,191133 map=571' WHERE `pool_id` = 3747;
UPDATE `pool_pool` SET `description` = 'GO 189980,189981,191133 map=571' WHERE `pool_id` = 4165;
UPDATE `pool_pool` SET `description` = 'GO 189980,189981,191133 map=571' WHERE `pool_id` = 4583;
UPDATE `pool_pool` SET `description` = 'GO 189980,189981,191133 map=571' WHERE `pool_id` = 3837;
UPDATE `pool_pool` SET `description` = 'GO 189980,189981,191133 map=571' WHERE `pool_id` = 4255;
UPDATE `pool_pool` SET `description` = 'GO 189980,189981,191133 map=571' WHERE `pool_id` = 3509;
UPDATE `pool_pool` SET `description` = 'GO 189980,189981,191133 map=571' WHERE `pool_id` = 4673;
UPDATE `pool_pool` SET `description` = 'GO 189980,189981,191133 map=571' WHERE `pool_id` = 3927;
UPDATE `pool_pool` SET `description` = 'GO 189980,189981,191133 map=571' WHERE `pool_id` = 4345;
UPDATE `pool_pool` SET `description` = 'GO 189980,189981,191133 map=571' WHERE `pool_id` = 3599;
UPDATE `pool_pool` SET `description` = 'GO 189980,189981,191133 map=571' WHERE `pool_id` = 4764;
UPDATE `pool_pool` SET `description` = 'GO 189980,189981,191133 map=571' WHERE `pool_id` = 4017;
UPDATE `pool_pool` SET `description` = 'GO 189980,189981,191133 map=571' WHERE `pool_id` = 4435;
UPDATE `pool_pool` SET `description` = 'GO 189980,189981,191133 map=571' WHERE `pool_id` = 3689;
UPDATE `pool_pool` SET `description` = 'GO 189980,189981,191133 map=571' WHERE `pool_id` = 4107;
UPDATE `pool_pool` SET `description` = 'GO 189980,189981,191133 map=571' WHERE `pool_id` = 4525;
UPDATE `pool_pool` SET `description` = 'GO 189980,189981,191133 map=571' WHERE `pool_id` = 3779;
UPDATE `pool_pool` SET `description` = 'GO 189980,189981,191133 map=571' WHERE `pool_id` = 4197;
UPDATE `pool_pool` SET `description` = 'GO 189980,189981,191133 map=571' WHERE `pool_id` = 4615;
UPDATE `pool_pool` SET `description` = 'GO 190172,[190171],map=571' WHERE `pool_id` = 9998;
UPDATE `pool_pool` SET `description` = 'GO 190172,[190171],map=571' WHERE `pool_id` = 10088;
UPDATE `pool_pool` SET `description` = 'GO 190172,[190171],map=571' WHERE `pool_id` = 10262;
UPDATE `pool_pool` SET `description` = 'GO 190172,[190171],map=571' WHERE `pool_id` = 10352;
UPDATE `pool_pool` SET `description` = 'GO 190172,[190171],map=571' WHERE `pool_id` = 10024;
UPDATE `pool_pool` SET `description` = 'GO 190172,[190171],map=571' WHERE `pool_id` = 10114;
UPDATE `pool_pool` SET `description` = 'GO 190172,[190171],map=571' WHERE `pool_id` = 10204;
UPDATE `pool_pool` SET `description` = 'GO 190172,[190171],map=571' WHERE `pool_id` = 9876;
UPDATE `pool_pool` SET `description` = 'GO 190172,[190171],map=571' WHERE `pool_id` = 10294;
UPDATE `pool_pool` SET `description` = 'GO 190172,[190171],map=571' WHERE `pool_id` = 9966;
UPDATE `pool_pool` SET `description` = 'GO 190172,[190171],map=571' WHERE `pool_id` = 10384;
UPDATE `pool_pool` SET `description` = 'GO 190172,[190171],map=571' WHERE `pool_id` = 10056;
UPDATE `pool_pool` SET `description` = 'GO 190172,[190171],map=571' WHERE `pool_id` = 10146;
UPDATE `pool_pool` SET `description` = 'GO 190172,[190171],map=571' WHERE `pool_id` = 10236;
UPDATE `pool_pool` SET `description` = 'GO 190172,[190171],map=571' WHERE `pool_id` = 9908;
UPDATE `pool_pool` SET `description` = 'GO 190172,[190171],map=571' WHERE `pool_id` = 10326;
UPDATE `pool_pool` SET `description` = 'GO 190172,[190171],map=571' WHERE `pool_id` = 10327;
UPDATE `pool_pool` SET `description` = 'GO 190172,[190171],map=571' WHERE `pool_id` = 9999;
UPDATE `pool_pool` SET `description` = 'GO 190172,[190171],map=571' WHERE `pool_id` = 10089;
UPDATE `pool_pool` SET `description` = 'GO 190172,[190171],map=571' WHERE `pool_id` = 10263;
UPDATE `pool_pool` SET `description` = 'GO 190172,[190171],map=571' WHERE `pool_id` = 10353;
UPDATE `pool_pool` SET `description` = 'GO 190172,[190171],map=571' WHERE `pool_id` = 10025;
UPDATE `pool_pool` SET `description` = 'GO 190172,[190171],map=571' WHERE `pool_id` = 10115;
UPDATE `pool_pool` SET `description` = 'GO 190172,[190171],map=571' WHERE `pool_id` = 10205;
UPDATE `pool_pool` SET `description` = 'GO 190172,[190171],map=571' WHERE `pool_id` = 9877;
UPDATE `pool_pool` SET `description` = 'GO 190172,[190171],map=571' WHERE `pool_id` = 10295;
UPDATE `pool_pool` SET `description` = 'GO 190172,[190171],map=571' WHERE `pool_id` = 9967;
UPDATE `pool_pool` SET `description` = 'GO 190172,[190171],map=571' WHERE `pool_id` = 10385;
UPDATE `pool_pool` SET `description` = 'GO 190172,[190171],map=571' WHERE `pool_id` = 10057;
UPDATE `pool_pool` SET `description` = 'GO 190172,[190171],map=571' WHERE `pool_id` = 10147;
UPDATE `pool_pool` SET `description` = 'GO 190172,[190171],map=571' WHERE `pool_id` = 10237;
UPDATE `pool_pool` SET `description` = 'GO 190172,[190171],map=571' WHERE `pool_id` = 9909;
UPDATE `pool_pool` SET `description` = 'GO 190172,[190171],map=571' WHERE `pool_id` = 10328;
UPDATE `pool_pool` SET `description` = 'GO 190172,[190171],map=571' WHERE `pool_id` = 10000;
UPDATE `pool_pool` SET `description` = 'GO 190172,[190171],map=571' WHERE `pool_id` = 10090;
UPDATE `pool_pool` SET `description` = 'GO 190172,[190171],map=571' WHERE `pool_id` = 10264;
UPDATE `pool_pool` SET `description` = 'GO 190172,[190171],map=571' WHERE `pool_id` = 9936;
UPDATE `pool_pool` SET `description` = 'GO 190172,[190171],map=571' WHERE `pool_id` = 10354;
UPDATE `pool_pool` SET `description` = 'GO 190172,[190171],map=571' WHERE `pool_id` = 10026;
UPDATE `pool_pool` SET `description` = 'GO 190172,[190171],map=571' WHERE `pool_id` = 10116;
UPDATE `pool_pool` SET `description` = 'GO 190172,[190171],map=571' WHERE `pool_id` = 10206;
UPDATE `pool_pool` SET `description` = 'GO 190172,[190171],map=571' WHERE `pool_id` = 9878;
UPDATE `pool_pool` SET `description` = 'GO 190172,[190171],map=571' WHERE `pool_id` = 10296;
UPDATE `pool_pool` SET `description` = 'GO 190172,[190171],map=571' WHERE `pool_id` = 9968;
UPDATE `pool_pool` SET `description` = 'GO 190172,[190171],map=571' WHERE `pool_id` = 10386;
UPDATE `pool_pool` SET `description` = 'GO 190172,[190171],map=571' WHERE `pool_id` = 10058;
UPDATE `pool_pool` SET `description` = 'GO 190172,[190171],map=571' WHERE `pool_id` = 10148;
UPDATE `pool_pool` SET `description` = 'GO 190172,[190171],map=571' WHERE `pool_id` = 10238;
UPDATE `pool_pool` SET `description` = 'GO 190172,[190171],map=571' WHERE `pool_id` = 9910;
UPDATE `pool_pool` SET `description` = 'GO 190172,[190171],map=571' WHERE `pool_id` = 10329;
UPDATE `pool_pool` SET `description` = 'GO 190172,[190171],map=571' WHERE `pool_id` = 10001;
UPDATE `pool_pool` SET `description` = 'GO 190172,[190171],map=571' WHERE `pool_id` = 10091;
UPDATE `pool_pool` SET `description` = 'GO 190172,[190171],map=571' WHERE `pool_id` = 10265;
UPDATE `pool_pool` SET `description` = 'GO 190172,[190171],map=571' WHERE `pool_id` = 9937;
UPDATE `pool_pool` SET `description` = 'GO 190172,[190171],map=571' WHERE `pool_id` = 10355;
UPDATE `pool_pool` SET `description` = 'GO 190172,[190171],map=571' WHERE `pool_id` = 10027;
UPDATE `pool_pool` SET `description` = 'GO 190172,[190171],map=571' WHERE `pool_id` = 10117;
UPDATE `pool_pool` SET `description` = 'GO 190172,[190171],map=571' WHERE `pool_id` = 10207;
UPDATE `pool_pool` SET `description` = 'GO 190172,[190171],map=571' WHERE `pool_id` = 9879;
UPDATE `pool_pool` SET `description` = 'GO 190172,[190171],map=571' WHERE `pool_id` = 10297;
UPDATE `pool_pool` SET `description` = 'GO 190172,[190171],map=571' WHERE `pool_id` = 9969;
UPDATE `pool_pool` SET `description` = 'GO 190172,[190171],map=571' WHERE `pool_id` = 10387;
UPDATE `pool_pool` SET `description` = 'GO 190172,[190171],map=571' WHERE `pool_id` = 10059;
UPDATE `pool_pool` SET `description` = 'GO 190172,[190171],map=571' WHERE `pool_id` = 10149;
UPDATE `pool_pool` SET `description` = 'GO 190172,[190171],map=571' WHERE `pool_id` = 10239;
UPDATE `pool_pool` SET `description` = 'GO 190172,[190171],map=571' WHERE `pool_id` = 9911;
UPDATE `pool_pool` SET `description` = 'GO 190172,[190171],map=571' WHERE `pool_id` = 9912;
UPDATE `pool_pool` SET `description` = 'GO 190172,[190171],map=571' WHERE `pool_id` = 10330;
UPDATE `pool_pool` SET `description` = 'GO 190172,[190171],map=571' WHERE `pool_id` = 10002;
UPDATE `pool_pool` SET `description` = 'GO 190172,[190171],map=571' WHERE `pool_id` = 10092;
UPDATE `pool_pool` SET `description` = 'GO 190172,[190171],map=571' WHERE `pool_id` = 10176;
UPDATE `pool_pool` SET `description` = 'GO 190172,[190171],map=571' WHERE `pool_id` = 10266;
UPDATE `pool_pool` SET `description` = 'GO 190172,[190171],map=571' WHERE `pool_id` = 9938;
UPDATE `pool_pool` SET `description` = 'GO 190172,[190171],map=571' WHERE `pool_id` = 10356;
UPDATE `pool_pool` SET `description` = 'GO 190172,[190171],map=571' WHERE `pool_id` = 10028;
UPDATE `pool_pool` SET `description` = 'GO 190172,[190171],map=571' WHERE `pool_id` = 10118;
UPDATE `pool_pool` SET `description` = 'GO 190172,[190171],map=571' WHERE `pool_id` = 10208;
UPDATE `pool_pool` SET `description` = 'GO 190172,[190171],map=571' WHERE `pool_id` = 9880;
UPDATE `pool_pool` SET `description` = 'GO 190172,[190171],map=571' WHERE `pool_id` = 10298;
UPDATE `pool_pool` SET `description` = 'GO 190172,[190171],map=571' WHERE `pool_id` = 9970;
UPDATE `pool_pool` SET `description` = 'GO 190172,[190171],map=571' WHERE `pool_id` = 10388;
UPDATE `pool_pool` SET `description` = 'GO 190172,[190171],map=571' WHERE `pool_id` = 10060;
UPDATE `pool_pool` SET `description` = 'GO 190172,[190171],map=571' WHERE `pool_id` = 10150;
UPDATE `pool_pool` SET `description` = 'GO 190172,[190171],map=571' WHERE `pool_id` = 10240;
UPDATE `pool_pool` SET `description` = 'GO 190172,[190171],map=571' WHERE `pool_id` = 9913;
UPDATE `pool_pool` SET `description` = 'GO 190172,[190171],map=571' WHERE `pool_id` = 10331;
UPDATE `pool_pool` SET `description` = 'GO 190172,[190171],map=571' WHERE `pool_id` = 10003;
UPDATE `pool_pool` SET `description` = 'GO 190172,[190171],map=571' WHERE `pool_id` = 10093;
UPDATE `pool_pool` SET `description` = 'GO 190172,[190171],map=571' WHERE `pool_id` = 10177;
UPDATE `pool_pool` SET `description` = 'GO 190172,[190171],map=571' WHERE `pool_id` = 10267;
UPDATE `pool_pool` SET `description` = 'GO 190172,[190171],map=571' WHERE `pool_id` = 9939;
UPDATE `pool_pool` SET `description` = 'GO 190172,[190171],map=571' WHERE `pool_id` = 10357;
UPDATE `pool_pool` SET `description` = 'GO 190172,[190171],map=571' WHERE `pool_id` = 10029;
UPDATE `pool_pool` SET `description` = 'GO 190172,[190171],map=571' WHERE `pool_id` = 10119;
UPDATE `pool_pool` SET `description` = 'GO 190172,[190171],map=571' WHERE `pool_id` = 10209;
UPDATE `pool_pool` SET `description` = 'GO 190172,[190171],map=571' WHERE `pool_id` = 9881;
UPDATE `pool_pool` SET `description` = 'GO 190172,[190171],map=571' WHERE `pool_id` = 10299;
UPDATE `pool_pool` SET `description` = 'GO 190172,[190171],map=571' WHERE `pool_id` = 9971;
UPDATE `pool_pool` SET `description` = 'GO 190172,[190171],map=571' WHERE `pool_id` = 10389;
UPDATE `pool_pool` SET `description` = 'GO 190172,[190171],map=571' WHERE `pool_id` = 10061;
UPDATE `pool_pool` SET `description` = 'GO 190172,[190171],map=571' WHERE `pool_id` = 10151;
UPDATE `pool_pool` SET `description` = 'GO 190172,[190171],map=571' WHERE `pool_id` = 10241;
UPDATE `pool_pool` SET `description` = 'GO 190172,[190171],map=571' WHERE `pool_id` = 9914;
UPDATE `pool_pool` SET `description` = 'GO 190172,[190171],map=571' WHERE `pool_id` = 10332;
UPDATE `pool_pool` SET `description` = 'GO 190172,[190171],map=571' WHERE `pool_id` = 10416;
UPDATE `pool_pool` SET `description` = 'GO 190172,[190171],map=571' WHERE `pool_id` = 10004;
UPDATE `pool_pool` SET `description` = 'GO 190172,[190171],map=571' WHERE `pool_id` = 10094;
UPDATE `pool_pool` SET `description` = 'GO 190172,[190171],map=571' WHERE `pool_id` = 10178;
UPDATE `pool_pool` SET `description` = 'GO 190172,[190171],map=571' WHERE `pool_id` = 10268;
UPDATE `pool_pool` SET `description` = 'GO 190172,[190171],map=571' WHERE `pool_id` = 9940;
UPDATE `pool_pool` SET `description` = 'GO 190172,[190171],map=571' WHERE `pool_id` = 10358;
UPDATE `pool_pool` SET `description` = 'GO 190172,[190171],map=571' WHERE `pool_id` = 10030;
UPDATE `pool_pool` SET `description` = 'GO 190172,[190171],map=571' WHERE `pool_id` = 10120;
UPDATE `pool_pool` SET `description` = 'GO 190172,[190171],map=571' WHERE `pool_id` = 10210;
UPDATE `pool_pool` SET `description` = 'GO 190172,[190171],map=571' WHERE `pool_id` = 9882;
UPDATE `pool_pool` SET `description` = 'GO 190172,[190171],map=571' WHERE `pool_id` = 10300;
UPDATE `pool_pool` SET `description` = 'GO 190172,[190171],map=571' WHERE `pool_id` = 9972;
UPDATE `pool_pool` SET `description` = 'GO 190172,[190171],map=571' WHERE `pool_id` = 10390;
UPDATE `pool_pool` SET `description` = 'GO 190172,[190171],map=571' WHERE `pool_id` = 10062;
UPDATE `pool_pool` SET `description` = 'GO 190172,[190171],map=571' WHERE `pool_id` = 10152;
UPDATE `pool_pool` SET `description` = 'GO 190172,[190171],map=571' WHERE `pool_id` = 10242;
UPDATE `pool_pool` SET `description` = 'GO 190172,[190171],map=571' WHERE `pool_id` = 9915;
UPDATE `pool_pool` SET `description` = 'GO 190172,[190171],map=571' WHERE `pool_id` = 10333;
UPDATE `pool_pool` SET `description` = 'GO 190172,[190171],map=571' WHERE `pool_id` = 10417;
UPDATE `pool_pool` SET `description` = 'GO 190172,[190171],map=571' WHERE `pool_id` = 10005;
UPDATE `pool_pool` SET `description` = 'GO 190172,[190171],map=571' WHERE `pool_id` = 10095;
UPDATE `pool_pool` SET `description` = 'GO 190172,[190171],map=571' WHERE `pool_id` = 10179;
UPDATE `pool_pool` SET `description` = 'GO 190172,[190171],map=571' WHERE `pool_id` = 10269;
UPDATE `pool_pool` SET `description` = 'GO 190172,[190171],map=571' WHERE `pool_id` = 9941;
UPDATE `pool_pool` SET `description` = 'GO 190172,[190171],map=571' WHERE `pool_id` = 10359;
UPDATE `pool_pool` SET `description` = 'GO 190172,[190171],map=571' WHERE `pool_id` = 10031;
UPDATE `pool_pool` SET `description` = 'GO 190172,[190171],map=571' WHERE `pool_id` = 10121;
UPDATE `pool_pool` SET `description` = 'GO 190172,[190171],map=571' WHERE `pool_id` = 10211;
UPDATE `pool_pool` SET `description` = 'GO 190172,[190171],map=571' WHERE `pool_id` = 9883;
UPDATE `pool_pool` SET `description` = 'GO 190172,[190171],map=571' WHERE `pool_id` = 10301;
UPDATE `pool_pool` SET `description` = 'GO 190172,[190171],map=571' WHERE `pool_id` = 9973;
UPDATE `pool_pool` SET `description` = 'GO 190172,[190171],map=571' WHERE `pool_id` = 10391;
UPDATE `pool_pool` SET `description` = 'GO 190172,[190171],map=571' WHERE `pool_id` = 10063;
UPDATE `pool_pool` SET `description` = 'GO 190172,[190171],map=571' WHERE `pool_id` = 10153;
UPDATE `pool_pool` SET `description` = 'GO 190172,[190171],map=571' WHERE `pool_id` = 10243;
UPDATE `pool_pool` SET `description` = 'GO 190172,[190171],map=571' WHERE `pool_id` = 10244;
UPDATE `pool_pool` SET `description` = 'GO 190172,[190171],map=571' WHERE `pool_id` = 9916;
UPDATE `pool_pool` SET `description` = 'GO 190172,[190171],map=571' WHERE `pool_id` = 10334;
UPDATE `pool_pool` SET `description` = 'GO 190172,[190171],map=571' WHERE `pool_id` = 10418;
UPDATE `pool_pool` SET `description` = 'GO 190172,[190171],map=571' WHERE `pool_id` = 10006;
UPDATE `pool_pool` SET `description` = 'GO 190172,[190171],map=571' WHERE `pool_id` = 10180;
UPDATE `pool_pool` SET `description` = 'GO 190172,[190171],map=571' WHERE `pool_id` = 10270;
UPDATE `pool_pool` SET `description` = 'GO 190172,[190171],map=571' WHERE `pool_id` = 9942;
UPDATE `pool_pool` SET `description` = 'GO 190172,[190171],map=571' WHERE `pool_id` = 10360;
UPDATE `pool_pool` SET `description` = 'GO 190172,[190171],map=571' WHERE `pool_id` = 10032;
UPDATE `pool_pool` SET `description` = 'GO 190172,[190171],map=571' WHERE `pool_id` = 10122;
UPDATE `pool_pool` SET `description` = 'GO 190172,[190171],map=571' WHERE `pool_id` = 10212;
UPDATE `pool_pool` SET `description` = 'GO 190172,[190171],map=571' WHERE `pool_id` = 9884;
UPDATE `pool_pool` SET `description` = 'GO 190172,[190171],map=571' WHERE `pool_id` = 10302;
UPDATE `pool_pool` SET `description` = 'GO 190172,[190171],map=571' WHERE `pool_id` = 9974;
UPDATE `pool_pool` SET `description` = 'GO 190172,[190171],map=571' WHERE `pool_id` = 10392;
UPDATE `pool_pool` SET `description` = 'GO 190172,[190171],map=571' WHERE `pool_id` = 10064;
UPDATE `pool_pool` SET `description` = 'GO 190172,[190171],map=571' WHERE `pool_id` = 10154;
UPDATE `pool_pool` SET `description` = 'GO 190172,[190171],map=571' WHERE `pool_id` = 10245;
UPDATE `pool_pool` SET `description` = 'GO 190172,[190171],map=571' WHERE `pool_id` = 9917;
UPDATE `pool_pool` SET `description` = 'GO 190172,[190171],map=571' WHERE `pool_id` = 10335;
UPDATE `pool_pool` SET `description` = 'GO 190172,[190171],map=571' WHERE `pool_id` = 10419;
UPDATE `pool_pool` SET `description` = 'GO 190172,[190171],map=571' WHERE `pool_id` = 10007;
UPDATE `pool_pool` SET `description` = 'GO 190172,[190171],map=571' WHERE `pool_id` = 10181;
UPDATE `pool_pool` SET `description` = 'GO 190172,[190171],map=571' WHERE `pool_id` = 10271;
UPDATE `pool_pool` SET `description` = 'GO 190172,[190171],map=571' WHERE `pool_id` = 9943;
UPDATE `pool_pool` SET `description` = 'GO 190172,[190171],map=571' WHERE `pool_id` = 10361;
UPDATE `pool_pool` SET `description` = 'GO 190172,[190171],map=571' WHERE `pool_id` = 10033;
UPDATE `pool_pool` SET `description` = 'GO 190172,[190171],map=571' WHERE `pool_id` = 10123;
UPDATE `pool_pool` SET `description` = 'GO 190172,[190171],map=571' WHERE `pool_id` = 10213;
UPDATE `pool_pool` SET `description` = 'GO 190172,[190171],map=571' WHERE `pool_id` = 9885;
UPDATE `pool_pool` SET `description` = 'GO 190172,[190171],map=571' WHERE `pool_id` = 10303;
UPDATE `pool_pool` SET `description` = 'GO 190172,[190171],map=571' WHERE `pool_id` = 9975;
UPDATE `pool_pool` SET `description` = 'GO 190172,[190171],map=571' WHERE `pool_id` = 10393;
UPDATE `pool_pool` SET `description` = 'GO 190172,[190171],map=571' WHERE `pool_id` = 10065;
UPDATE `pool_pool` SET `description` = 'GO 190172,[190171],map=571' WHERE `pool_id` = 10155;
UPDATE `pool_pool` SET `description` = 'GO 190172,[190171],map=571' WHERE `pool_id` = 10246;
UPDATE `pool_pool` SET `description` = 'GO 190172,[190171],map=571' WHERE `pool_id` = 9918;
UPDATE `pool_pool` SET `description` = 'GO 190172,[190171],map=571' WHERE `pool_id` = 10420;
UPDATE `pool_pool` SET `description` = 'GO 190172,[190171],map=571' WHERE `pool_id` = 10008;
UPDATE `pool_pool` SET `description` = 'GO 190172,[190171],map=571' WHERE `pool_id` = 10182;
UPDATE `pool_pool` SET `description` = 'GO 190172,[190171],map=571' WHERE `pool_id` = 10272;
UPDATE `pool_pool` SET `description` = 'GO 190172,[190171],map=571' WHERE `pool_id` = 9944;
UPDATE `pool_pool` SET `description` = 'GO 190172,[190171],map=571' WHERE `pool_id` = 10362;
UPDATE `pool_pool` SET `description` = 'GO 190172,[190171],map=571' WHERE `pool_id` = 10034;
UPDATE `pool_pool` SET `description` = 'GO 190172,[190171],map=571' WHERE `pool_id` = 10124;
UPDATE `pool_pool` SET `description` = 'GO 190172,[190171],map=571' WHERE `pool_id` = 10214;
UPDATE `pool_pool` SET `description` = 'GO 190172,[190171],map=571' WHERE `pool_id` = 9886;
UPDATE `pool_pool` SET `description` = 'GO 190172,[190171],map=571' WHERE `pool_id` = 10304;
UPDATE `pool_pool` SET `description` = 'GO 190172,[190171],map=571' WHERE `pool_id` = 9976;
UPDATE `pool_pool` SET `description` = 'GO 190172,[190171],map=571' WHERE `pool_id` = 10394;
UPDATE `pool_pool` SET `description` = 'GO 190172,[190171],map=571' WHERE `pool_id` = 10066;
UPDATE `pool_pool` SET `description` = 'GO 190172,[190171],map=571' WHERE `pool_id` = 10156;
UPDATE `pool_pool` SET `description` = 'GO 190172,[190171],map=571' WHERE `pool_id` = 10247;
UPDATE `pool_pool` SET `description` = 'GO 190172,[190171],map=571' WHERE `pool_id` = 9919;
UPDATE `pool_pool` SET `description` = 'GO 190172,[190171],map=571' WHERE `pool_id` = 10421;
UPDATE `pool_pool` SET `description` = 'GO 190172,[190171],map=571' WHERE `pool_id` = 10009;
UPDATE `pool_pool` SET `description` = 'GO 190172,[190171],map=571' WHERE `pool_id` = 10183;
UPDATE `pool_pool` SET `description` = 'GO 190172,[190171],map=571' WHERE `pool_id` = 10273;
UPDATE `pool_pool` SET `description` = 'GO 190172,[190171],map=571' WHERE `pool_id` = 9945;
UPDATE `pool_pool` SET `description` = 'GO 190172,[190171],map=571' WHERE `pool_id` = 10363;
UPDATE `pool_pool` SET `description` = 'GO 190172,[190171],map=571' WHERE `pool_id` = 10035;
UPDATE `pool_pool` SET `description` = 'GO 190172,[190171],map=571' WHERE `pool_id` = 10125;
UPDATE `pool_pool` SET `description` = 'GO 190172,[190171],map=571' WHERE `pool_id` = 10215;
UPDATE `pool_pool` SET `description` = 'GO 190172,[190171],map=571' WHERE `pool_id` = 9887;
UPDATE `pool_pool` SET `description` = 'GO 190172,[190171],map=571' WHERE `pool_id` = 10305;
UPDATE `pool_pool` SET `description` = 'GO 190172,[190171],map=571' WHERE `pool_id` = 9977;
UPDATE `pool_pool` SET `description` = 'GO 190172,[190171],map=571' WHERE `pool_id` = 10395;
UPDATE `pool_pool` SET `description` = 'GO 190172,[190171],map=571' WHERE `pool_id` = 10067;
UPDATE `pool_pool` SET `description` = 'GO 190172,[190171],map=571' WHERE `pool_id` = 10157;
UPDATE `pool_pool` SET `description` = 'GO 190172,[190171],map=571' WHERE `pool_id` = 10248;
UPDATE `pool_pool` SET `description` = 'GO 190172,[190171],map=571' WHERE `pool_id` = 9920;
UPDATE `pool_pool` SET `description` = 'GO 190172,[190171],map=571' WHERE `pool_id` = 10422;
UPDATE `pool_pool` SET `description` = 'GO 190172,[190171],map=571' WHERE `pool_id` = 10010;
UPDATE `pool_pool` SET `description` = 'GO 190172,[190171],map=571' WHERE `pool_id` = 10184;
UPDATE `pool_pool` SET `description` = 'GO 190172,[190171],map=571' WHERE `pool_id` = 10274;
UPDATE `pool_pool` SET `description` = 'GO 190172,[190171],map=571' WHERE `pool_id` = 9946;
UPDATE `pool_pool` SET `description` = 'GO 190172,[190171],map=571' WHERE `pool_id` = 10364;
UPDATE `pool_pool` SET `description` = 'GO 190172,[190171],map=571' WHERE `pool_id` = 10036;
UPDATE `pool_pool` SET `description` = 'GO 190172,[190171],map=571' WHERE `pool_id` = 10126;
UPDATE `pool_pool` SET `description` = 'GO 190172,[190171],map=571' WHERE `pool_id` = 10216;
UPDATE `pool_pool` SET `description` = 'GO 190172,[190171],map=571' WHERE `pool_id` = 9888;
UPDATE `pool_pool` SET `description` = 'GO 190172,[190171],map=571' WHERE `pool_id` = 10306;
UPDATE `pool_pool` SET `description` = 'GO 190172,[190171],map=571' WHERE `pool_id` = 9978;
UPDATE `pool_pool` SET `description` = 'GO 190172,[190171],map=571' WHERE `pool_id` = 10396;
UPDATE `pool_pool` SET `description` = 'GO 190172,[190171],map=571' WHERE `pool_id` = 10068;
UPDATE `pool_pool` SET `description` = 'GO 190172,[190171],map=571' WHERE `pool_id` = 10158;
UPDATE `pool_pool` SET `description` = 'GO 190172,[190171],map=571' WHERE `pool_id` = 10249;
UPDATE `pool_pool` SET `description` = 'GO 190172,[190171],map=571' WHERE `pool_id` = 9921;
UPDATE `pool_pool` SET `description` = 'GO 190172,[190171],map=571' WHERE `pool_id` = 10423;
UPDATE `pool_pool` SET `description` = 'GO 190172,[190171],map=571' WHERE `pool_id` = 10011;
UPDATE `pool_pool` SET `description` = 'GO 190172,[190171],map=571' WHERE `pool_id` = 10185;
UPDATE `pool_pool` SET `description` = 'GO 190172,[190171],map=571' WHERE `pool_id` = 10275;
UPDATE `pool_pool` SET `description` = 'GO 190172,[190171],map=571' WHERE `pool_id` = 9947;
UPDATE `pool_pool` SET `description` = 'GO 190172,[190171],map=571' WHERE `pool_id` = 10365;
UPDATE `pool_pool` SET `description` = 'GO 190172,[190171],map=571' WHERE `pool_id` = 10037;
UPDATE `pool_pool` SET `description` = 'GO 190172,[190171],map=571' WHERE `pool_id` = 10127;
UPDATE `pool_pool` SET `description` = 'GO 190172,[190171],map=571' WHERE `pool_id` = 10217;
UPDATE `pool_pool` SET `description` = 'GO 190172,[190171],map=571' WHERE `pool_id` = 9889;
UPDATE `pool_pool` SET `description` = 'GO 190172,[190171],map=571' WHERE `pool_id` = 10307;
UPDATE `pool_pool` SET `description` = 'GO 190172,[190171],map=571' WHERE `pool_id` = 9979;
UPDATE `pool_pool` SET `description` = 'GO 190172,[190171],map=571' WHERE `pool_id` = 10397;
UPDATE `pool_pool` SET `description` = 'GO 190172,[190171],map=571' WHERE `pool_id` = 10069;
UPDATE `pool_pool` SET `description` = 'GO 190172,[190171],map=571' WHERE `pool_id` = 10159;
UPDATE `pool_pool` SET `description` = 'GO 190172,[190171],map=571' WHERE `pool_id` = 10250;
UPDATE `pool_pool` SET `description` = 'GO 190172,[190171],map=571' WHERE `pool_id` = 9922;
UPDATE `pool_pool` SET `description` = 'GO 190172,[190171],map=571' WHERE `pool_id` = 10424;
UPDATE `pool_pool` SET `description` = 'GO 190172,[190171],map=571' WHERE `pool_id` = 10012;
UPDATE `pool_pool` SET `description` = 'GO 190172,[190171],map=571' WHERE `pool_id` = 10096;
UPDATE `pool_pool` SET `description` = 'GO 190172,[190171],map=571' WHERE `pool_id` = 10186;
UPDATE `pool_pool` SET `description` = 'GO 190172,[190171],map=571' WHERE `pool_id` = 10276;
UPDATE `pool_pool` SET `description` = 'GO 190172,[190171],map=571' WHERE `pool_id` = 9948;
UPDATE `pool_pool` SET `description` = 'GO 190172,[190171],map=571' WHERE `pool_id` = 10366;
UPDATE `pool_pool` SET `description` = 'GO 190172,[190171],map=571' WHERE `pool_id` = 10038;
UPDATE `pool_pool` SET `description` = 'GO 190172,[190171],map=571' WHERE `pool_id` = 10128;
UPDATE `pool_pool` SET `description` = 'GO 190172,[190171],map=571' WHERE `pool_id` = 10218;
UPDATE `pool_pool` SET `description` = 'GO 190172,[190171],map=571' WHERE `pool_id` = 9890;
UPDATE `pool_pool` SET `description` = 'GO 190172,[190171],map=571' WHERE `pool_id` = 10308;
UPDATE `pool_pool` SET `description` = 'GO 190172,[190171],map=571' WHERE `pool_id` = 9980;
UPDATE `pool_pool` SET `description` = 'GO 190172,[190171],map=571' WHERE `pool_id` = 10398;
UPDATE `pool_pool` SET `description` = 'GO 190172,[190171],map=571' WHERE `pool_id` = 10070;
UPDATE `pool_pool` SET `description` = 'GO 190172,[190171],map=571' WHERE `pool_id` = 10160;
UPDATE `pool_pool` SET `description` = 'GO 190172,[190171],map=571' WHERE `pool_id` = 10161;
UPDATE `pool_pool` SET `description` = 'GO 190172,[190171],map=571' WHERE `pool_id` = 10251;
UPDATE `pool_pool` SET `description` = 'GO 190172,[190171],map=571' WHERE `pool_id` = 9923;
UPDATE `pool_pool` SET `description` = 'GO 190172,[190171],map=571' WHERE `pool_id` = 10425;
UPDATE `pool_pool` SET `description` = 'GO 190172,[190171],map=571' WHERE `pool_id` = 10013;
UPDATE `pool_pool` SET `description` = 'GO 190172,[190171],map=571' WHERE `pool_id` = 10097;
UPDATE `pool_pool` SET `description` = 'GO 190172,[190171],map=571' WHERE `pool_id` = 10187;
UPDATE `pool_pool` SET `description` = 'GO 190172,[190171],map=571' WHERE `pool_id` = 10277;
UPDATE `pool_pool` SET `description` = 'GO 190172,[190171],map=571' WHERE `pool_id` = 9949;
UPDATE `pool_pool` SET `description` = 'GO 190172,[190171],map=571' WHERE `pool_id` = 10367;
UPDATE `pool_pool` SET `description` = 'GO 190172,[190171],map=571' WHERE `pool_id` = 10039;
UPDATE `pool_pool` SET `description` = 'GO 190172,[190171],map=571' WHERE `pool_id` = 10129;
UPDATE `pool_pool` SET `description` = 'GO 190172,[190171],map=571' WHERE `pool_id` = 10219;
UPDATE `pool_pool` SET `description` = 'GO 190172,[190171],map=571' WHERE `pool_id` = 9891;
UPDATE `pool_pool` SET `description` = 'GO 190172,[190171],map=571' WHERE `pool_id` = 10309;
UPDATE `pool_pool` SET `description` = 'GO 190172,[190171],map=571' WHERE `pool_id` = 9981;
UPDATE `pool_pool` SET `description` = 'GO 190172,[190171],map=571' WHERE `pool_id` = 10399;
UPDATE `pool_pool` SET `description` = 'GO 190172,[190171],map=571' WHERE `pool_id` = 10071;
UPDATE `pool_pool` SET `description` = 'GO 190172,[190171],map=571' WHERE `pool_id` = 10162;
UPDATE `pool_pool` SET `description` = 'GO 190172,[190171],map=571' WHERE `pool_id` = 10252;
UPDATE `pool_pool` SET `description` = 'GO 190172,[190171],map=571' WHERE `pool_id` = 10336;
UPDATE `pool_pool` SET `description` = 'GO 190172,[190171],map=571' WHERE `pool_id` = 9924;
UPDATE `pool_pool` SET `description` = 'GO 190172,[190171],map=571' WHERE `pool_id` = 10426;
UPDATE `pool_pool` SET `description` = 'GO 190172,[190171],map=571' WHERE `pool_id` = 10014;
UPDATE `pool_pool` SET `description` = 'GO 190172,[190171],map=571' WHERE `pool_id` = 10098;
UPDATE `pool_pool` SET `description` = 'GO 190172,[190171],map=571' WHERE `pool_id` = 10188;
UPDATE `pool_pool` SET `description` = 'GO 190172,[190171],map=571' WHERE `pool_id` = 10278;
UPDATE `pool_pool` SET `description` = 'GO 190172,[190171],map=571' WHERE `pool_id` = 9950;
UPDATE `pool_pool` SET `description` = 'GO 190172,[190171],map=571' WHERE `pool_id` = 10368;
UPDATE `pool_pool` SET `description` = 'GO 190172,[190171],map=571' WHERE `pool_id` = 10040;
UPDATE `pool_pool` SET `description` = 'GO 190172,[190171],map=571' WHERE `pool_id` = 10130;
UPDATE `pool_pool` SET `description` = 'GO 190172,[190171],map=571' WHERE `pool_id` = 10220;
UPDATE `pool_pool` SET `description` = 'GO 190172,[190171],map=571' WHERE `pool_id` = 9892;
UPDATE `pool_pool` SET `description` = 'GO 190172,[190171],map=571' WHERE `pool_id` = 10310;
UPDATE `pool_pool` SET `description` = 'GO 190172,[190171],map=571' WHERE `pool_id` = 9982;
UPDATE `pool_pool` SET `description` = 'GO 190172,[190171],map=571' WHERE `pool_id` = 10400;
UPDATE `pool_pool` SET `description` = 'GO 190172,[190171],map=571' WHERE `pool_id` = 10072;
UPDATE `pool_pool` SET `description` = 'GO 190172,[190171],map=571' WHERE `pool_id` = 10163;
UPDATE `pool_pool` SET `description` = 'GO 190172,[190171],map=571' WHERE `pool_id` = 10253;
UPDATE `pool_pool` SET `description` = 'GO 190172,[190171],map=571' WHERE `pool_id` = 10337;
UPDATE `pool_pool` SET `description` = 'GO 190172,[190171],map=571' WHERE `pool_id` = 9925;
UPDATE `pool_pool` SET `description` = 'GO 190172,[190171],map=571' WHERE `pool_id` = 10427;
UPDATE `pool_pool` SET `description` = 'GO 190172,[190171],map=571' WHERE `pool_id` = 10015;
UPDATE `pool_pool` SET `description` = 'GO 190172,[190171],map=571' WHERE `pool_id` = 10099;
UPDATE `pool_pool` SET `description` = 'GO 190172,[190171],map=571' WHERE `pool_id` = 10189;
UPDATE `pool_pool` SET `description` = 'GO 190172,[190171],map=571' WHERE `pool_id` = 10279;
UPDATE `pool_pool` SET `description` = 'GO 190172,[190171],map=571' WHERE `pool_id` = 9951;
UPDATE `pool_pool` SET `description` = 'GO 190172,[190171],map=571' WHERE `pool_id` = 10369;
UPDATE `pool_pool` SET `description` = 'GO 190172,[190171],map=571' WHERE `pool_id` = 10041;
UPDATE `pool_pool` SET `description` = 'GO 190172,[190171],map=571' WHERE `pool_id` = 10131;
UPDATE `pool_pool` SET `description` = 'GO 190172,[190171],map=571' WHERE `pool_id` = 10221;
UPDATE `pool_pool` SET `description` = 'GO 190172,[190171],map=571' WHERE `pool_id` = 9893;
UPDATE `pool_pool` SET `description` = 'GO 190172,[190171],map=571' WHERE `pool_id` = 10311;
UPDATE `pool_pool` SET `description` = 'GO 190172,[190171],map=571' WHERE `pool_id` = 9983;
UPDATE `pool_pool` SET `description` = 'GO 190172,[190171],map=571' WHERE `pool_id` = 10401;
UPDATE `pool_pool` SET `description` = 'GO 190172,[190171],map=571' WHERE `pool_id` = 10073;
UPDATE `pool_pool` SET `description` = 'GO 190172,[190171],map=571' WHERE `pool_id` = 10164;
UPDATE `pool_pool` SET `description` = 'GO 190172,[190171],map=571' WHERE `pool_id` = 10254;
UPDATE `pool_pool` SET `description` = 'GO 190172,[190171],map=571' WHERE `pool_id` = 10338;
UPDATE `pool_pool` SET `description` = 'GO 190172,[190171],map=571' WHERE `pool_id` = 9926;
UPDATE `pool_pool` SET `description` = 'GO 190172,[190171],map=571' WHERE `pool_id` = 10428;
UPDATE `pool_pool` SET `description` = 'GO 190172,[190171],map=571' WHERE `pool_id` = 10100;
UPDATE `pool_pool` SET `description` = 'GO 190172,[190171],map=571' WHERE `pool_id` = 10190;
UPDATE `pool_pool` SET `description` = 'GO 190172,[190171],map=571' WHERE `pool_id` = 10280;
UPDATE `pool_pool` SET `description` = 'GO 190172,[190171],map=571' WHERE `pool_id` = 9952;
UPDATE `pool_pool` SET `description` = 'GO 190172,[190171],map=571' WHERE `pool_id` = 10370;
UPDATE `pool_pool` SET `description` = 'GO 190172,[190171],map=571' WHERE `pool_id` = 10042;
UPDATE `pool_pool` SET `description` = 'GO 190172,[190171],map=571' WHERE `pool_id` = 10132;
UPDATE `pool_pool` SET `description` = 'GO 190172,[190171],map=571' WHERE `pool_id` = 10222;
UPDATE `pool_pool` SET `description` = 'GO 190172,[190171],map=571' WHERE `pool_id` = 9894;
UPDATE `pool_pool` SET `description` = 'GO 190172,[190171],map=571' WHERE `pool_id` = 10312;
UPDATE `pool_pool` SET `description` = 'GO 190172,[190171],map=571' WHERE `pool_id` = 9984;
UPDATE `pool_pool` SET `description` = 'GO 190172,[190171],map=571' WHERE `pool_id` = 10402;
UPDATE `pool_pool` SET `description` = 'GO 190172,[190171],map=571' WHERE `pool_id` = 10074;
UPDATE `pool_pool` SET `description` = 'GO 190172,[190171],map=571' WHERE `pool_id` = 10165;
UPDATE `pool_pool` SET `description` = 'GO 190172,[190171],map=571' WHERE `pool_id` = 10255;
UPDATE `pool_pool` SET `description` = 'GO 190172,[190171],map=571' WHERE `pool_id` = 10339;
UPDATE `pool_pool` SET `description` = 'GO 190172,[190171],map=571' WHERE `pool_id` = 9927;
UPDATE `pool_pool` SET `description` = 'GO 190172,[190171],map=571' WHERE `pool_id` = 10429;
UPDATE `pool_pool` SET `description` = 'GO 190172,[190171],map=571' WHERE `pool_id` = 10101;
UPDATE `pool_pool` SET `description` = 'GO 190172,[190171],map=571' WHERE `pool_id` = 10191;
UPDATE `pool_pool` SET `description` = 'GO 190172,[190171],map=571' WHERE `pool_id` = 10281;
UPDATE `pool_pool` SET `description` = 'GO 190172,[190171],map=571' WHERE `pool_id` = 9953;
UPDATE `pool_pool` SET `description` = 'GO 190172,[190171],map=571' WHERE `pool_id` = 10371;
UPDATE `pool_pool` SET `description` = 'GO 190172,[190171],map=571' WHERE `pool_id` = 10043;
UPDATE `pool_pool` SET `description` = 'GO 190172,[190171],map=571' WHERE `pool_id` = 10133;
UPDATE `pool_pool` SET `description` = 'GO 190172,[190171],map=571' WHERE `pool_id` = 10223;
UPDATE `pool_pool` SET `description` = 'GO 190172,[190171],map=571' WHERE `pool_id` = 9895;
UPDATE `pool_pool` SET `description` = 'GO 190172,[190171],map=571' WHERE `pool_id` = 10313;
UPDATE `pool_pool` SET `description` = 'GO 190172,[190171],map=571' WHERE `pool_id` = 9985;
UPDATE `pool_pool` SET `description` = 'GO 190172,[190171],map=571' WHERE `pool_id` = 10403;
UPDATE `pool_pool` SET `description` = 'GO 190172,[190171],map=571' WHERE `pool_id` = 10075;
UPDATE `pool_pool` SET `description` = 'GO 190172,[190171],map=571' WHERE `pool_id` = 10166;
UPDATE `pool_pool` SET `description` = 'GO 190172,[190171],map=571' WHERE `pool_id` = 10340;
UPDATE `pool_pool` SET `description` = 'GO 190172,[190171],map=571' WHERE `pool_id` = 9928;
UPDATE `pool_pool` SET `description` = 'GO 190172,[190171],map=571' WHERE `pool_id` = 10430;
UPDATE `pool_pool` SET `description` = 'GO 190172,[190171],map=571' WHERE `pool_id` = 10102;
UPDATE `pool_pool` SET `description` = 'GO 190172,[190171],map=571' WHERE `pool_id` = 10192;
UPDATE `pool_pool` SET `description` = 'GO 190172,[190171],map=571' WHERE `pool_id` = 10282;
UPDATE `pool_pool` SET `description` = 'GO 190172,[190171],map=571' WHERE `pool_id` = 9954;
UPDATE `pool_pool` SET `description` = 'GO 190172,[190171],map=571' WHERE `pool_id` = 10372;
UPDATE `pool_pool` SET `description` = 'GO 190172,[190171],map=571' WHERE `pool_id` = 10044;
UPDATE `pool_pool` SET `description` = 'GO 190172,[190171],map=571' WHERE `pool_id` = 10134;
UPDATE `pool_pool` SET `description` = 'GO 190172,[190171],map=571' WHERE `pool_id` = 10224;
UPDATE `pool_pool` SET `description` = 'GO 190172,[190171],map=571' WHERE `pool_id` = 9896;
UPDATE `pool_pool` SET `description` = 'GO 190172,[190171],map=571' WHERE `pool_id` = 10314;
UPDATE `pool_pool` SET `description` = 'GO 190172,[190171],map=571' WHERE `pool_id` = 9986;
UPDATE `pool_pool` SET `description` = 'GO 190172,[190171],map=571' WHERE `pool_id` = 10404;
UPDATE `pool_pool` SET `description` = 'GO 190172,[190171],map=571' WHERE `pool_id` = 10076;
UPDATE `pool_pool` SET `description` = 'GO 190172,[190171],map=571' WHERE `pool_id` = 10167;
UPDATE `pool_pool` SET `description` = 'GO 190172,[190171],map=571' WHERE `pool_id` = 10341;
UPDATE `pool_pool` SET `description` = 'GO 190172,[190171],map=571' WHERE `pool_id` = 9929;
UPDATE `pool_pool` SET `description` = 'GO 190172,[190171],map=571' WHERE `pool_id` = 10431;
UPDATE `pool_pool` SET `description` = 'GO 190172,[190171],map=571' WHERE `pool_id` = 10103;
UPDATE `pool_pool` SET `description` = 'GO 190172,[190171],map=571' WHERE `pool_id` = 10193;
UPDATE `pool_pool` SET `description` = 'GO 190172,[190171],map=571' WHERE `pool_id` = 10283;
UPDATE `pool_pool` SET `description` = 'GO 190172,[190171],map=571' WHERE `pool_id` = 9955;
UPDATE `pool_pool` SET `description` = 'GO 190172,[190171],map=571' WHERE `pool_id` = 10373;
UPDATE `pool_pool` SET `description` = 'GO 190172,[190171],map=571' WHERE `pool_id` = 10045;
UPDATE `pool_pool` SET `description` = 'GO 190172,[190171],map=571' WHERE `pool_id` = 10135;
UPDATE `pool_pool` SET `description` = 'GO 190172,[190171],map=571' WHERE `pool_id` = 10225;
UPDATE `pool_pool` SET `description` = 'GO 190172,[190171],map=571' WHERE `pool_id` = 9897;
UPDATE `pool_pool` SET `description` = 'GO 190172,[190171],map=571' WHERE `pool_id` = 10315;
UPDATE `pool_pool` SET `description` = 'GO 190172,[190171],map=571' WHERE `pool_id` = 9987;
UPDATE `pool_pool` SET `description` = 'GO 190172,[190171],map=571' WHERE `pool_id` = 10405;
UPDATE `pool_pool` SET `description` = 'GO 190172,[190171],map=571' WHERE `pool_id` = 10077;
UPDATE `pool_pool` SET `description` = 'GO 190172,[190171],map=571' WHERE `pool_id` = 10078;
UPDATE `pool_pool` SET `description` = 'GO 190172,[190171],map=571' WHERE `pool_id` = 10168;
UPDATE `pool_pool` SET `description` = 'GO 190172,[190171],map=571' WHERE `pool_id` = 10342;
UPDATE `pool_pool` SET `description` = 'GO 190172,[190171],map=571' WHERE `pool_id` = 9930;
UPDATE `pool_pool` SET `description` = 'GO 190172,[190171],map=571' WHERE `pool_id` = 10104;
UPDATE `pool_pool` SET `description` = 'GO 190172,[190171],map=571' WHERE `pool_id` = 10194;
UPDATE `pool_pool` SET `description` = 'GO 190172,[190171],map=571' WHERE `pool_id` = 10284;
UPDATE `pool_pool` SET `description` = 'GO 190172,[190171],map=571' WHERE `pool_id` = 9956;
UPDATE `pool_pool` SET `description` = 'GO 190172,[190171],map=571' WHERE `pool_id` = 10374;
UPDATE `pool_pool` SET `description` = 'GO 190172,[190171],map=571' WHERE `pool_id` = 10046;
UPDATE `pool_pool` SET `description` = 'GO 190172,[190171],map=571' WHERE `pool_id` = 10136;
UPDATE `pool_pool` SET `description` = 'GO 190172,[190171],map=571' WHERE `pool_id` = 10226;
UPDATE `pool_pool` SET `description` = 'GO 190172,[190171],map=571' WHERE `pool_id` = 9898;
UPDATE `pool_pool` SET `description` = 'GO 190172,[190171],map=571' WHERE `pool_id` = 10316;
UPDATE `pool_pool` SET `description` = 'GO 190172,[190171],map=571' WHERE `pool_id` = 9988;
UPDATE `pool_pool` SET `description` = 'GO 190172,[190171],map=571' WHERE `pool_id` = 10406;
UPDATE `pool_pool` SET `description` = 'GO 190172,[190171],map=571' WHERE `pool_id` = 10079;
UPDATE `pool_pool` SET `description` = 'GO 190172,[190171],map=571' WHERE `pool_id` = 10169;
UPDATE `pool_pool` SET `description` = 'GO 190172,[190171],map=571' WHERE `pool_id` = 10343;
UPDATE `pool_pool` SET `description` = 'GO 190172,[190171],map=571' WHERE `pool_id` = 9931;
UPDATE `pool_pool` SET `description` = 'GO 190172,[190171],map=571' WHERE `pool_id` = 10105;
UPDATE `pool_pool` SET `description` = 'GO 190172,[190171],map=571' WHERE `pool_id` = 10195;
UPDATE `pool_pool` SET `description` = 'GO 190172,[190171],map=571' WHERE `pool_id` = 10285;
UPDATE `pool_pool` SET `description` = 'GO 190172,[190171],map=571' WHERE `pool_id` = 9957;
UPDATE `pool_pool` SET `description` = 'GO 190172,[190171],map=571' WHERE `pool_id` = 10375;
UPDATE `pool_pool` SET `description` = 'GO 190172,[190171],map=571' WHERE `pool_id` = 10047;
UPDATE `pool_pool` SET `description` = 'GO 190172,[190171],map=571' WHERE `pool_id` = 10137;
UPDATE `pool_pool` SET `description` = 'GO 190172,[190171],map=571' WHERE `pool_id` = 10227;
UPDATE `pool_pool` SET `description` = 'GO 190172,[190171],map=571' WHERE `pool_id` = 9899;
UPDATE `pool_pool` SET `description` = 'GO 190172,[190171],map=571' WHERE `pool_id` = 10317;
UPDATE `pool_pool` SET `description` = 'GO 190172,[190171],map=571' WHERE `pool_id` = 9989;
UPDATE `pool_pool` SET `description` = 'GO 190172,[190171],map=571' WHERE `pool_id` = 10407;
UPDATE `pool_pool` SET `description` = 'GO 190172,[190171],map=571' WHERE `pool_id` = 10080;
UPDATE `pool_pool` SET `description` = 'GO 190172,[190171],map=571' WHERE `pool_id` = 10170;
UPDATE `pool_pool` SET `description` = 'GO 190172,[190171],map=571' WHERE `pool_id` = 10344;
UPDATE `pool_pool` SET `description` = 'GO 190172,[190171],map=571' WHERE `pool_id` = 9932;
UPDATE `pool_pool` SET `description` = 'GO 190172,[190171],map=571' WHERE `pool_id` = 10016;
UPDATE `pool_pool` SET `description` = 'GO 190172,[190171],map=571' WHERE `pool_id` = 10106;
UPDATE `pool_pool` SET `description` = 'GO 190172,[190171],map=571' WHERE `pool_id` = 10196;
UPDATE `pool_pool` SET `description` = 'GO 190172,[190171],map=571' WHERE `pool_id` = 10286;
UPDATE `pool_pool` SET `description` = 'GO 190172,[190171],map=571' WHERE `pool_id` = 9958;
UPDATE `pool_pool` SET `description` = 'GO 190172,[190171],map=571' WHERE `pool_id` = 10376;
UPDATE `pool_pool` SET `description` = 'GO 190172,[190171],map=571' WHERE `pool_id` = 10048;
UPDATE `pool_pool` SET `description` = 'GO 190172,[190171],map=571' WHERE `pool_id` = 10138;
UPDATE `pool_pool` SET `description` = 'GO 190172,[190171],map=571' WHERE `pool_id` = 10228;
UPDATE `pool_pool` SET `description` = 'GO 190172,[190171],map=571' WHERE `pool_id` = 9900;
UPDATE `pool_pool` SET `description` = 'GO 190172,[190171],map=571' WHERE `pool_id` = 10318;
UPDATE `pool_pool` SET `description` = 'GO 190172,[190171],map=571' WHERE `pool_id` = 9990;
UPDATE `pool_pool` SET `description` = 'GO 190172,[190171],map=571' WHERE `pool_id` = 10408;
UPDATE `pool_pool` SET `description` = 'GO 190172,[190171],map=571' WHERE `pool_id` = 10081;
UPDATE `pool_pool` SET `description` = 'GO 190172,[190171],map=571' WHERE `pool_id` = 10171;
UPDATE `pool_pool` SET `description` = 'GO 190172,[190171],map=571' WHERE `pool_id` = 10345;
UPDATE `pool_pool` SET `description` = 'GO 190172,[190171],map=571' WHERE `pool_id` = 9933;
UPDATE `pool_pool` SET `description` = 'GO 190172,[190171],map=571' WHERE `pool_id` = 10017;
UPDATE `pool_pool` SET `description` = 'GO 190172,[190171],map=571' WHERE `pool_id` = 10107;
UPDATE `pool_pool` SET `description` = 'GO 190172,[190171],map=571' WHERE `pool_id` = 10197;
UPDATE `pool_pool` SET `description` = 'GO 190172,[190171],map=571' WHERE `pool_id` = 9869;
UPDATE `pool_pool` SET `description` = 'GO 190172,[190171],map=571' WHERE `pool_id` = 10287;
UPDATE `pool_pool` SET `description` = 'GO 190172,[190171],map=571' WHERE `pool_id` = 9959;
UPDATE `pool_pool` SET `description` = 'GO 190172,[190171],map=571' WHERE `pool_id` = 10377;
UPDATE `pool_pool` SET `description` = 'GO 190172,[190171],map=571' WHERE `pool_id` = 10049;
UPDATE `pool_pool` SET `description` = 'GO 190172,[190171],map=571' WHERE `pool_id` = 10139;
UPDATE `pool_pool` SET `description` = 'GO 190172,[190171],map=571' WHERE `pool_id` = 10229;
UPDATE `pool_pool` SET `description` = 'GO 190172,[190171],map=571' WHERE `pool_id` = 9901;
UPDATE `pool_pool` SET `description` = 'GO 190172,[190171],map=571' WHERE `pool_id` = 10319;
UPDATE `pool_pool` SET `description` = 'GO 190172,[190171],map=571' WHERE `pool_id` = 9991;
UPDATE `pool_pool` SET `description` = 'GO 190172,[190171],map=571' WHERE `pool_id` = 10409;
UPDATE `pool_pool` SET `description` = 'GO 190172,[190171],map=571' WHERE `pool_id` = 10410;
UPDATE `pool_pool` SET `description` = 'GO 190172,[190171],map=571' WHERE `pool_id` = 10082;
UPDATE `pool_pool` SET `description` = 'GO 190172,[190171],map=571' WHERE `pool_id` = 10172;
UPDATE `pool_pool` SET `description` = 'GO 190172,[190171],map=571' WHERE `pool_id` = 10256;
UPDATE `pool_pool` SET `description` = 'GO 190172,[190171],map=571' WHERE `pool_id` = 10346;
UPDATE `pool_pool` SET `description` = 'GO 190172,[190171],map=571' WHERE `pool_id` = 9934;
UPDATE `pool_pool` SET `description` = 'GO 190172,[190171],map=571' WHERE `pool_id` = 10018;
UPDATE `pool_pool` SET `description` = 'GO 190172,[190171],map=571' WHERE `pool_id` = 10108;
UPDATE `pool_pool` SET `description` = 'GO 190172,[190171],map=571' WHERE `pool_id` = 10198;
UPDATE `pool_pool` SET `description` = 'GO 190172,[190171],map=571' WHERE `pool_id` = 9870;
UPDATE `pool_pool` SET `description` = 'GO 190172,[190171],map=571' WHERE `pool_id` = 10288;
UPDATE `pool_pool` SET `description` = 'GO 190172,[190171],map=571' WHERE `pool_id` = 9960;
UPDATE `pool_pool` SET `description` = 'GO 190172,[190171],map=571' WHERE `pool_id` = 10378;
UPDATE `pool_pool` SET `description` = 'GO 190172,[190171],map=571' WHERE `pool_id` = 10050;
UPDATE `pool_pool` SET `description` = 'GO 190172,[190171],map=571' WHERE `pool_id` = 10140;
UPDATE `pool_pool` SET `description` = 'GO 190172,[190171],map=571' WHERE `pool_id` = 10230;
UPDATE `pool_pool` SET `description` = 'GO 190172,[190171],map=571' WHERE `pool_id` = 9902;
UPDATE `pool_pool` SET `description` = 'GO 190172,[190171],map=571' WHERE `pool_id` = 10320;
UPDATE `pool_pool` SET `description` = 'GO 190172,[190171],map=571' WHERE `pool_id` = 9992;
UPDATE `pool_pool` SET `description` = 'GO 190172,[190171],map=571' WHERE `pool_id` = 10411;
UPDATE `pool_pool` SET `description` = 'GO 190172,[190171],map=571' WHERE `pool_id` = 10083;
UPDATE `pool_pool` SET `description` = 'GO 190172,[190171],map=571' WHERE `pool_id` = 10173;
UPDATE `pool_pool` SET `description` = 'GO 190172,[190171],map=571' WHERE `pool_id` = 10257;
UPDATE `pool_pool` SET `description` = 'GO 190172,[190171],map=571' WHERE `pool_id` = 10347;
UPDATE `pool_pool` SET `description` = 'GO 190172,[190171],map=571' WHERE `pool_id` = 9935;
UPDATE `pool_pool` SET `description` = 'GO 190172,[190171],map=571' WHERE `pool_id` = 10019;
UPDATE `pool_pool` SET `description` = 'GO 190172,[190171],map=571' WHERE `pool_id` = 10109;
UPDATE `pool_pool` SET `description` = 'GO 190172,[190171],map=571' WHERE `pool_id` = 10199;
UPDATE `pool_pool` SET `description` = 'GO 190172,[190171],map=571' WHERE `pool_id` = 9871;
UPDATE `pool_pool` SET `description` = 'GO 190172,[190171],map=571' WHERE `pool_id` = 10289;
UPDATE `pool_pool` SET `description` = 'GO 190172,[190171],map=571' WHERE `pool_id` = 9961;
UPDATE `pool_pool` SET `description` = 'GO 190172,[190171],map=571' WHERE `pool_id` = 10379;
UPDATE `pool_pool` SET `description` = 'GO 190172,[190171],map=571' WHERE `pool_id` = 10051;
UPDATE `pool_pool` SET `description` = 'GO 190172,[190171],map=571' WHERE `pool_id` = 10141;
UPDATE `pool_pool` SET `description` = 'GO 190172,[190171],map=571' WHERE `pool_id` = 10231;
UPDATE `pool_pool` SET `description` = 'GO 190172,[190171],map=571' WHERE `pool_id` = 9903;
UPDATE `pool_pool` SET `description` = 'GO 190172,[190171],map=571' WHERE `pool_id` = 10321;
UPDATE `pool_pool` SET `description` = 'GO 190172,[190171],map=571' WHERE `pool_id` = 9993;
UPDATE `pool_pool` SET `description` = 'GO 190172,[190171],map=571' WHERE `pool_id` = 10412;
UPDATE `pool_pool` SET `description` = 'GO 190172,[190171],map=571' WHERE `pool_id` = 10084;
UPDATE `pool_pool` SET `description` = 'GO 190172,[190171],map=571' WHERE `pool_id` = 10174;
UPDATE `pool_pool` SET `description` = 'GO 190172,[190171],map=571' WHERE `pool_id` = 10258;
UPDATE `pool_pool` SET `description` = 'GO 190172,[190171],map=571' WHERE `pool_id` = 10348;
UPDATE `pool_pool` SET `description` = 'GO 190172,[190171],map=571' WHERE `pool_id` = 10020;
UPDATE `pool_pool` SET `description` = 'GO 190172,[190171],map=571' WHERE `pool_id` = 10110;
UPDATE `pool_pool` SET `description` = 'GO 190172,[190171],map=571' WHERE `pool_id` = 10200;
UPDATE `pool_pool` SET `description` = 'GO 190172,[190171],map=571' WHERE `pool_id` = 9872;
UPDATE `pool_pool` SET `description` = 'GO 190172,[190171],map=571' WHERE `pool_id` = 10290;
UPDATE `pool_pool` SET `description` = 'GO 190172,[190171],map=571' WHERE `pool_id` = 9962;
UPDATE `pool_pool` SET `description` = 'GO 190172,[190171],map=571' WHERE `pool_id` = 10380;
UPDATE `pool_pool` SET `description` = 'GO 190172,[190171],map=571' WHERE `pool_id` = 10052;
UPDATE `pool_pool` SET `description` = 'GO 190172,[190171],map=571' WHERE `pool_id` = 10142;
UPDATE `pool_pool` SET `description` = 'GO 190172,[190171],map=571' WHERE `pool_id` = 10232;
UPDATE `pool_pool` SET `description` = 'GO 190172,[190171],map=571' WHERE `pool_id` = 9904;
UPDATE `pool_pool` SET `description` = 'GO 190172,[190171],map=571' WHERE `pool_id` = 10322;
UPDATE `pool_pool` SET `description` = 'GO 190172,[190171],map=571' WHERE `pool_id` = 9994;
UPDATE `pool_pool` SET `description` = 'GO 190172,[190171],map=571' WHERE `pool_id` = 9995;
UPDATE `pool_pool` SET `description` = 'GO 190172,[190171],map=571' WHERE `pool_id` = 10413;
UPDATE `pool_pool` SET `description` = 'GO 190172,[190171],map=571' WHERE `pool_id` = 10085;
UPDATE `pool_pool` SET `description` = 'GO 190172,[190171],map=571' WHERE `pool_id` = 10175;
UPDATE `pool_pool` SET `description` = 'GO 190172,[190171],map=571' WHERE `pool_id` = 10259;
UPDATE `pool_pool` SET `description` = 'GO 190172,[190171],map=571' WHERE `pool_id` = 10349;
UPDATE `pool_pool` SET `description` = 'GO 190172,[190171],map=571' WHERE `pool_id` = 10021;
UPDATE `pool_pool` SET `description` = 'GO 190172,[190171],map=571' WHERE `pool_id` = 10111;
UPDATE `pool_pool` SET `description` = 'GO 190172,[190171],map=571' WHERE `pool_id` = 10201;
UPDATE `pool_pool` SET `description` = 'GO 190172,[190171],map=571' WHERE `pool_id` = 9873;
UPDATE `pool_pool` SET `description` = 'GO 190172,[190171],map=571' WHERE `pool_id` = 10291;
UPDATE `pool_pool` SET `description` = 'GO 190172,[190171],map=571' WHERE `pool_id` = 9963;
UPDATE `pool_pool` SET `description` = 'GO 190172,[190171],map=571' WHERE `pool_id` = 10381;
UPDATE `pool_pool` SET `description` = 'GO 190172,[190171],map=571' WHERE `pool_id` = 10053;
UPDATE `pool_pool` SET `description` = 'GO 190172,[190171],map=571' WHERE `pool_id` = 10143;
UPDATE `pool_pool` SET `description` = 'GO 190172,[190171],map=571' WHERE `pool_id` = 10233;
UPDATE `pool_pool` SET `description` = 'GO 190172,[190171],map=571' WHERE `pool_id` = 9905;
UPDATE `pool_pool` SET `description` = 'GO 190172,[190171],map=571' WHERE `pool_id` = 10323;
UPDATE `pool_pool` SET `description` = 'GO 190172,[190171],map=571' WHERE `pool_id` = 9996;
UPDATE `pool_pool` SET `description` = 'GO 190172,[190171],map=571' WHERE `pool_id` = 10414;
UPDATE `pool_pool` SET `description` = 'GO 190172,[190171],map=571' WHERE `pool_id` = 10086;
UPDATE `pool_pool` SET `description` = 'GO 190172,[190171],map=571' WHERE `pool_id` = 10260;
UPDATE `pool_pool` SET `description` = 'GO 190172,[190171],map=571' WHERE `pool_id` = 10350;
UPDATE `pool_pool` SET `description` = 'GO 190172,[190171],map=571' WHERE `pool_id` = 10022;
UPDATE `pool_pool` SET `description` = 'GO 190172,[190171],map=571' WHERE `pool_id` = 10112;
UPDATE `pool_pool` SET `description` = 'GO 190172,[190171],map=571' WHERE `pool_id` = 10202;
UPDATE `pool_pool` SET `description` = 'GO 190172,[190171],map=571' WHERE `pool_id` = 9874;
UPDATE `pool_pool` SET `description` = 'GO 190172,[190171],map=571' WHERE `pool_id` = 10292;
UPDATE `pool_pool` SET `description` = 'GO 190172,[190171],map=571' WHERE `pool_id` = 9964;
UPDATE `pool_pool` SET `description` = 'GO 190172,[190171],map=571' WHERE `pool_id` = 10382;
UPDATE `pool_pool` SET `description` = 'GO 190172,[190171],map=571' WHERE `pool_id` = 10054;
UPDATE `pool_pool` SET `description` = 'GO 190172,[190171],map=571' WHERE `pool_id` = 10144;
UPDATE `pool_pool` SET `description` = 'GO 190172,[190171],map=571' WHERE `pool_id` = 10234;
UPDATE `pool_pool` SET `description` = 'GO 190172,[190171],map=571' WHERE `pool_id` = 9906;
UPDATE `pool_pool` SET `description` = 'GO 190172,[190171],map=571' WHERE `pool_id` = 10324;
UPDATE `pool_pool` SET `description` = 'GO 190172,[190171],map=571' WHERE `pool_id` = 9997;
UPDATE `pool_pool` SET `description` = 'GO 190172,[190171],map=571' WHERE `pool_id` = 10415;
UPDATE `pool_pool` SET `description` = 'GO 190172,[190171],map=571' WHERE `pool_id` = 10087;
UPDATE `pool_pool` SET `description` = 'GO 190172,[190171],map=571' WHERE `pool_id` = 10261;
UPDATE `pool_pool` SET `description` = 'GO 190172,[190171],map=571' WHERE `pool_id` = 10351;
UPDATE `pool_pool` SET `description` = 'GO 190172,[190171],map=571' WHERE `pool_id` = 10023;
UPDATE `pool_pool` SET `description` = 'GO 190172,[190171],map=571' WHERE `pool_id` = 10113;
UPDATE `pool_pool` SET `description` = 'GO 190172,[190171],map=571' WHERE `pool_id` = 10203;
UPDATE `pool_pool` SET `description` = 'GO 190172,[190171],map=571' WHERE `pool_id` = 9875;
UPDATE `pool_pool` SET `description` = 'GO 190172,[190171],map=571' WHERE `pool_id` = 10293;
UPDATE `pool_pool` SET `description` = 'GO 190172,[190171],map=571' WHERE `pool_id` = 9965;
UPDATE `pool_pool` SET `description` = 'GO 190172,[190171],map=571' WHERE `pool_id` = 10383;
UPDATE `pool_pool` SET `description` = 'GO 190172,[190171],map=571' WHERE `pool_id` = 10055;
UPDATE `pool_pool` SET `description` = 'GO 190172,[190171],map=571' WHERE `pool_id` = 10145;
UPDATE `pool_pool` SET `description` = 'GO 190172,[190171],map=571' WHERE `pool_id` = 10235;
UPDATE `pool_pool` SET `description` = 'GO 190172,[190171],map=571' WHERE `pool_id` = 9907;
UPDATE `pool_pool` SET `description` = 'GO 190172,[190171],map=571' WHERE `pool_id` = 10325;
UPDATE `pool_pool` SET `description` = 'GO 190176,[190171,190172,190173],map=571' WHERE `pool_id` = 10680;
UPDATE `pool_pool` SET `description` = 'GO 190176,[190171,190172,190173],map=571' WHERE `pool_id` = 10622;
UPDATE `pool_pool` SET `description` = 'GO 190176,[190171,190172,190173],map=571' WHERE `pool_id` = 10654;
UPDATE `pool_pool` SET `description` = 'GO 190176,[190171,190172,190173],map=571' WHERE `pool_id` = 10681;
UPDATE `pool_pool` SET `description` = 'GO 190176,[190171,190172,190173],map=571' WHERE `pool_id` = 10623;
UPDATE `pool_pool` SET `description` = 'GO 190176,[190171,190172,190173],map=571' WHERE `pool_id` = 10655;
UPDATE `pool_pool` SET `description` = 'GO 190176,[190171,190172,190173],map=571' WHERE `pool_id` = 10682;
UPDATE `pool_pool` SET `description` = 'GO 190176,[190171,190172,190173],map=571' WHERE `pool_id` = 10624;
UPDATE `pool_pool` SET `description` = 'GO 190176,[190171,190172,190173],map=571' WHERE `pool_id` = 10683;
UPDATE `pool_pool` SET `description` = 'GO 190176,[190171,190172,190173],map=571' WHERE `pool_id` = 10625;
UPDATE `pool_pool` SET `description` = 'GO 190176,[190171,190172,190173],map=571' WHERE `pool_id` = 10684;
UPDATE `pool_pool` SET `description` = 'GO 190176,[190171,190172,190173],map=571' WHERE `pool_id` = 10626;
UPDATE `pool_pool` SET `description` = 'GO 190176,[190171,190172,190173],map=571' WHERE `pool_id` = 10595;
UPDATE `pool_pool` SET `description` = 'GO 190176,[190171,190172,190173],map=571' WHERE `pool_id` = 10685;
UPDATE `pool_pool` SET `description` = 'GO 190176,[190171,190172,190173],map=571' WHERE `pool_id` = 10627;
UPDATE `pool_pool` SET `description` = 'GO 190176,[190171,190172,190173],map=571' WHERE `pool_id` = 10596;
UPDATE `pool_pool` SET `description` = 'GO 190176,[190171,190172,190173],map=571' WHERE `pool_id` = 10628;
UPDATE `pool_pool` SET `description` = 'GO 190176,[190171,190172,190173],map=571' WHERE `pool_id` = 10597;
UPDATE `pool_pool` SET `description` = 'GO 190176,[190171,190172,190173],map=571' WHERE `pool_id` = 10629;
UPDATE `pool_pool` SET `description` = 'GO 190176,[190171,190172,190173],map=571' WHERE `pool_id` = 10598;
UPDATE `pool_pool` SET `description` = 'GO 190176,[190171,190172,190173],map=571' WHERE `pool_id` = 10630;
UPDATE `pool_pool` SET `description` = 'GO 190176,[190171,190172,190173],map=571' WHERE `pool_id` = 10656;
UPDATE `pool_pool` SET `description` = 'GO 190176,[190171,190172,190173],map=571' WHERE `pool_id` = 10599;
UPDATE `pool_pool` SET `description` = 'GO 190176,[190171,190172,190173],map=571' WHERE `pool_id` = 10631;
UPDATE `pool_pool` SET `description` = 'GO 190176,[190171,190172,190173],map=571' WHERE `pool_id` = 10657;
UPDATE `pool_pool` SET `description` = 'GO 190176,[190171,190172,190173],map=571' WHERE `pool_id` = 10658;
UPDATE `pool_pool` SET `description` = 'GO 190176,[190171,190172,190173],map=571' WHERE `pool_id` = 10600;
UPDATE `pool_pool` SET `description` = 'GO 190176,[190171,190172,190173],map=571' WHERE `pool_id` = 10632;
UPDATE `pool_pool` SET `description` = 'GO 190176,[190171,190172,190173],map=571' WHERE `pool_id` = 10659;
UPDATE `pool_pool` SET `description` = 'GO 190176,[190171,190172,190173],map=571' WHERE `pool_id` = 10601;
UPDATE `pool_pool` SET `description` = 'GO 190176,[190171,190172,190173],map=571' WHERE `pool_id` = 10633;
UPDATE `pool_pool` SET `description` = 'GO 190176,[190171,190172,190173],map=571' WHERE `pool_id` = 10660;
UPDATE `pool_pool` SET `description` = 'GO 190176,[190171,190172,190173],map=571' WHERE `pool_id` = 10602;
UPDATE `pool_pool` SET `description` = 'GO 190176,[190171,190172,190173],map=571' WHERE `pool_id` = 10634;
UPDATE `pool_pool` SET `description` = 'GO 190176,[190171,190172,190173],map=571' WHERE `pool_id` = 10661;
UPDATE `pool_pool` SET `description` = 'GO 190176,[190171,190172,190173],map=571' WHERE `pool_id` = 10603;
UPDATE `pool_pool` SET `description` = 'GO 190176,[190171,190172,190173],map=571' WHERE `pool_id` = 10635;
UPDATE `pool_pool` SET `description` = 'GO 190176,[190171,190172,190173],map=571' WHERE `pool_id` = 10662;
UPDATE `pool_pool` SET `description` = 'GO 190176,[190171,190172,190173],map=571' WHERE `pool_id` = 10604;
UPDATE `pool_pool` SET `description` = 'GO 190176,[190171,190172,190173],map=571' WHERE `pool_id` = 10636;
UPDATE `pool_pool` SET `description` = 'GO 190176,[190171,190172,190173],map=571' WHERE `pool_id` = 10663;
UPDATE `pool_pool` SET `description` = 'GO 190176,[190171,190172,190173],map=571' WHERE `pool_id` = 10605;
UPDATE `pool_pool` SET `description` = 'GO 190176,[190171,190172,190173],map=571' WHERE `pool_id` = 10637;
UPDATE `pool_pool` SET `description` = 'GO 190176,[190171,190172,190173],map=571' WHERE `pool_id` = 10664;
UPDATE `pool_pool` SET `description` = 'GO 190176,[190171,190172,190173],map=571' WHERE `pool_id` = 10606;
UPDATE `pool_pool` SET `description` = 'GO 190176,[190171,190172,190173],map=571' WHERE `pool_id` = 10638;
UPDATE `pool_pool` SET `description` = 'GO 190176,[190171,190172,190173],map=571' WHERE `pool_id` = 10665;
UPDATE `pool_pool` SET `description` = 'GO 190176,[190171,190172,190173],map=571' WHERE `pool_id` = 10607;
UPDATE `pool_pool` SET `description` = 'GO 190176,[190171,190172,190173],map=571' WHERE `pool_id` = 10639;
UPDATE `pool_pool` SET `description` = 'GO 190176,[190171,190172,190173],map=571' WHERE `pool_id` = 10666;
UPDATE `pool_pool` SET `description` = 'GO 190176,[190171,190172,190173],map=571' WHERE `pool_id` = 10608;
UPDATE `pool_pool` SET `description` = 'GO 190176,[190171,190172,190173],map=571' WHERE `pool_id` = 10640;
UPDATE `pool_pool` SET `description` = 'GO 190176,[190171,190172,190173],map=571' WHERE `pool_id` = 10667;
UPDATE `pool_pool` SET `description` = 'GO 190176,[190171,190172,190173],map=571' WHERE `pool_id` = 10609;
UPDATE `pool_pool` SET `description` = 'GO 190176,[190171,190172,190173],map=571' WHERE `pool_id` = 10641;
UPDATE `pool_pool` SET `description` = 'GO 190176,[190171,190172,190173],map=571' WHERE `pool_id` = 10668;
UPDATE `pool_pool` SET `description` = 'GO 190176,[190171,190172,190173],map=571' WHERE `pool_id` = 10610;
UPDATE `pool_pool` SET `description` = 'GO 190176,[190171,190172,190173],map=571' WHERE `pool_id` = 10642;
UPDATE `pool_pool` SET `description` = 'GO 190176,[190171,190172,190173],map=571' WHERE `pool_id` = 10669;
UPDATE `pool_pool` SET `description` = 'GO 190176,[190171,190172,190173],map=571' WHERE `pool_id` = 10611;
UPDATE `pool_pool` SET `description` = 'GO 190176,[190171,190172,190173],map=571' WHERE `pool_id` = 10643;
UPDATE `pool_pool` SET `description` = 'GO 190176,[190171,190172,190173],map=571' WHERE `pool_id` = 10670;
UPDATE `pool_pool` SET `description` = 'GO 190176,[190171,190172,190173],map=571' WHERE `pool_id` = 10612;
UPDATE `pool_pool` SET `description` = 'GO 190176,[190171,190172,190173],map=571' WHERE `pool_id` = 10644;
UPDATE `pool_pool` SET `description` = 'GO 190176,[190171,190172,190173],map=571' WHERE `pool_id` = 10671;
UPDATE `pool_pool` SET `description` = 'GO 190176,[190171,190172,190173],map=571' WHERE `pool_id` = 10613;
UPDATE `pool_pool` SET `description` = 'GO 190176,[190171,190172,190173],map=571' WHERE `pool_id` = 10645;
UPDATE `pool_pool` SET `description` = 'GO 190176,[190171,190172,190173],map=571' WHERE `pool_id` = 10672;
UPDATE `pool_pool` SET `description` = 'GO 190176,[190171,190172,190173],map=571' WHERE `pool_id` = 10614;
UPDATE `pool_pool` SET `description` = 'GO 190176,[190171,190172,190173],map=571' WHERE `pool_id` = 10646;
UPDATE `pool_pool` SET `description` = 'GO 190176,[190171,190172,190173],map=571' WHERE `pool_id` = 10673;
UPDATE `pool_pool` SET `description` = 'GO 190176,[190171,190172,190173],map=571' WHERE `pool_id` = 10615;
UPDATE `pool_pool` SET `description` = 'GO 190176,[190171,190172,190173],map=571' WHERE `pool_id` = 10647;
UPDATE `pool_pool` SET `description` = 'GO 190176,[190171,190172,190173],map=571' WHERE `pool_id` = 10674;
UPDATE `pool_pool` SET `description` = 'GO 190176,[190171,190172,190173],map=571' WHERE `pool_id` = 10616;
UPDATE `pool_pool` SET `description` = 'GO 190176,[190171,190172,190173],map=571' WHERE `pool_id` = 10648;
UPDATE `pool_pool` SET `description` = 'GO 190176,[190171,190172,190173],map=571' WHERE `pool_id` = 10675;
UPDATE `pool_pool` SET `description` = 'GO 190176,[190171,190172,190173],map=571' WHERE `pool_id` = 10617;
UPDATE `pool_pool` SET `description` = 'GO 190176,[190171,190172,190173],map=571' WHERE `pool_id` = 10649;
UPDATE `pool_pool` SET `description` = 'GO 190176,[190171,190172,190173],map=571' WHERE `pool_id` = 10676;
UPDATE `pool_pool` SET `description` = 'GO 190176,[190171,190172,190173],map=571' WHERE `pool_id` = 10618;
UPDATE `pool_pool` SET `description` = 'GO 190176,[190171,190172,190173],map=571' WHERE `pool_id` = 10650;
UPDATE `pool_pool` SET `description` = 'GO 190176,[190171,190172,190173],map=571' WHERE `pool_id` = 10677;
UPDATE `pool_pool` SET `description` = 'GO 190176,[190171,190172,190173],map=571' WHERE `pool_id` = 10619;
UPDATE `pool_pool` SET `description` = 'GO 190176,[190171,190172,190173],map=571' WHERE `pool_id` = 10651;
UPDATE `pool_pool` SET `description` = 'GO 190176,[190171,190172,190173],map=571' WHERE `pool_id` = 10678;
UPDATE `pool_pool` SET `description` = 'GO 190176,[190171,190172,190173],map=571' WHERE `pool_id` = 10620;
UPDATE `pool_pool` SET `description` = 'GO 190176,[190171,190172,190173],map=571' WHERE `pool_id` = 10652;
UPDATE `pool_pool` SET `description` = 'GO 190176,[190171,190172,190173],map=571' WHERE `pool_id` = 10679;
UPDATE `pool_pool` SET `description` = 'GO 190176,[190171,190172,190173],map=571' WHERE `pool_id` = 10621;
UPDATE `pool_pool` SET `description` = 'GO 190176,[190171,190172,190173],map=571' WHERE `pool_id` = 10653;
UPDATE `pool_pool` SET `description` = 'GO 2040,[1734,1735,2047],map=0' WHERE `pool_id` = 8151;
UPDATE `pool_pool` SET `description` = 'GO 2040,[1734,1735,2047],map=0' WHERE `pool_id` = 8152;
UPDATE `pool_pool` SET `description` = 'GO 2040,[1734,1735,2047],map=0' WHERE `pool_id` = 8153;
UPDATE `pool_pool` SET `description` = 'GO 2040,[1734,1735,2047],map=0' WHERE `pool_id` = 8154;
UPDATE `pool_pool` SET `description` = 'GO 2040,[1734,1735,2047],map=0' WHERE `pool_id` = 8155;
UPDATE `pool_pool` SET `description` = 'GO 2040,[1734,1735,2047],map=0' WHERE `pool_id` = 8156;
UPDATE `pool_pool` SET `description` = 'GO 2040,[1734,1735,2047],map=0' WHERE `pool_id` = 8273;
UPDATE `pool_pool` SET `description` = 'GO 2040,[1734,1735,2047],map=0' WHERE `pool_id` = 7921;
UPDATE `pool_pool` SET `description` = 'GO 2040,[1734,1735,2047],map=0' WHERE `pool_id` = 8274;
UPDATE `pool_pool` SET `description` = 'GO 2040,[1734,1735,2047],map=0' WHERE `pool_id` = 7922;
UPDATE `pool_pool` SET `description` = 'GO 2040,[1734,1735,2047],map=0' WHERE `pool_id` = 8275;
UPDATE `pool_pool` SET `description` = 'GO 2040,[1734,1735,2047],map=0' WHERE `pool_id` = 7923;
UPDATE `pool_pool` SET `description` = 'GO 2040,[1734,1735,2047],map=0' WHERE `pool_id` = 8276;
UPDATE `pool_pool` SET `description` = 'GO 2040,[1734,1735,2047],map=0' WHERE `pool_id` = 7924;
UPDATE `pool_pool` SET `description` = 'GO 2040,[1734,1735,2047],map=0' WHERE `pool_id` = 7993;
UPDATE `pool_pool` SET `description` = 'GO 2040,[1734,1735,2047],map=0' WHERE `pool_id` = 7994;
UPDATE `pool_pool` SET `description` = 'GO 2040,[1734,1735,2047],map=0' WHERE `pool_id` = 7995;
UPDATE `pool_pool` SET `description` = 'GO 2040,[1734,1735,2047],map=0' WHERE `pool_id` = 7996;
UPDATE `pool_pool` SET `description` = 'GO 2040,[1734,1735,2047],map=0' WHERE `pool_id` = 8369;
UPDATE `pool_pool` SET `description` = 'GO 2040,[1734,1735,2047],map=0' WHERE `pool_id` = 8370;
UPDATE `pool_pool` SET `description` = 'GO 2040,[1734,1735,2047],map=0' WHERE `pool_id` = 8371;
UPDATE `pool_pool` SET `description` = 'GO 2040,[1734,1735,2047],map=0' WHERE `pool_id` = 8372;
UPDATE `pool_pool` SET `description` = 'GO 2040,[1734,1735,2047],map=0' WHERE `pool_id` = 7861;
UPDATE `pool_pool` SET `description` = 'GO 2040,[1734,1735,2047],map=0' WHERE `pool_id` = 7862;
UPDATE `pool_pool` SET `description` = 'GO 2040,[1734,1735,2047],map=0' WHERE `pool_id` = 7863;
UPDATE `pool_pool` SET `description` = 'GO 2040,[1734,1735,2047],map=0' WHERE `pool_id` = 8033;
UPDATE `pool_pool` SET `description` = 'GO 2040,[1734,1735,2047],map=0' WHERE `pool_id` = 7864;
UPDATE `pool_pool` SET `description` = 'GO 2040,[1734,1735,2047],map=0' WHERE `pool_id` = 8034;
UPDATE `pool_pool` SET `description` = 'GO 2040,[1734,1735,2047],map=0' WHERE `pool_id` = 8035;
UPDATE `pool_pool` SET `description` = 'GO 2040,[1734,1735,2047],map=0' WHERE `pool_id` = 8036;
UPDATE `pool_pool` SET `description` = 'GO 2040,[1734,1735,2047],map=0' WHERE `pool_id` = 8149;
UPDATE `pool_pool` SET `description` = 'GO 2040,[1734,1735,2047],map=0' WHERE `pool_id` = 8150;
UPDATE `pool_pool` SET `description` = 'GO 2040,[1734,1735,2047],map=1' WHERE `pool_id` = 7797;
UPDATE `pool_pool` SET `description` = 'GO 2040,[1734,1735,2047],map=1' WHERE `pool_id` = 7871;
UPDATE `pool_pool` SET `description` = 'GO 2040,[1734,1735,2047],map=1' WHERE `pool_id` = 7798;
UPDATE `pool_pool` SET `description` = 'GO 2040,[1734,1735,2047],map=1' WHERE `pool_id` = 7872;
UPDATE `pool_pool` SET `description` = 'GO 2040,[1734,1735,2047],map=1' WHERE `pool_id` = 7799;
UPDATE `pool_pool` SET `description` = 'GO 2040,[1734,1735,2047],map=1' WHERE `pool_id` = 7901;
UPDATE `pool_pool` SET `description` = 'GO 2040,[1734,1735,2047],map=1' WHERE `pool_id` = 7800;
UPDATE `pool_pool` SET `description` = 'GO 2040,[1734,1735,2047],map=1' WHERE `pool_id` = 7902;
UPDATE `pool_pool` SET `description` = 'GO 2040,[1734,1735,2047],map=1' WHERE `pool_id` = 7801;
UPDATE `pool_pool` SET `description` = 'GO 2040,[1734,1735,2047],map=1' WHERE `pool_id` = 7903;
UPDATE `pool_pool` SET `description` = 'GO 2040,[1734,1735,2047],map=1' WHERE `pool_id` = 7802;
UPDATE `pool_pool` SET `description` = 'GO 2040,[1734,1735,2047],map=1' WHERE `pool_id` = 7904;
UPDATE `pool_pool` SET `description` = 'GO 2040,[1734,1735,2047],map=1' WHERE `pool_id` = 7803;
UPDATE `pool_pool` SET `description` = 'GO 2040,[1734,1735,2047],map=1' WHERE `pool_id` = 7804;
UPDATE `pool_pool` SET `description` = 'GO 2040,[1734,1735,2047],map=1' WHERE `pool_id` = 7833;
UPDATE `pool_pool` SET `description` = 'GO 2040,[1734,1735,2047],map=1' WHERE `pool_id` = 7834;
UPDATE `pool_pool` SET `description` = 'GO 2040,[1734,1735,2047],map=1' WHERE `pool_id` = 8361;
UPDATE `pool_pool` SET `description` = 'GO 2040,[1734,1735,2047],map=1' WHERE `pool_id` = 7835;
UPDATE `pool_pool` SET `description` = 'GO 2040,[1734,1735,2047],map=1' WHERE `pool_id` = 8362;
UPDATE `pool_pool` SET `description` = 'GO 2040,[1734,1735,2047],map=1' WHERE `pool_id` = 7836;
UPDATE `pool_pool` SET `description` = 'GO 2040,[1734,1735,2047],map=1' WHERE `pool_id` = 8363;
UPDATE `pool_pool` SET `description` = 'GO 2040,[1734,1735,2047],map=1' WHERE `pool_id` = 7837;
UPDATE `pool_pool` SET `description` = 'GO 2040,[1734,1735,2047],map=1' WHERE `pool_id` = 8364;
UPDATE `pool_pool` SET `description` = 'GO 2040,[1734,1735,2047],map=1' WHERE `pool_id` = 7838;
UPDATE `pool_pool` SET `description` = 'GO 2040,[1734,1735,2047],map=1' WHERE `pool_id` = 7839;
UPDATE `pool_pool` SET `description` = 'GO 2040,[1734,1735,2047],map=1' WHERE `pool_id` = 8005;
UPDATE `pool_pool` SET `description` = 'GO 2040,[1734,1735,2047],map=1' WHERE `pool_id` = 7840;
UPDATE `pool_pool` SET `description` = 'GO 2040,[1734,1735,2047],map=1' WHERE `pool_id` = 8006;
UPDATE `pool_pool` SET `description` = 'GO 2040,[1734,1735,2047],map=1' WHERE `pool_id` = 7841;
UPDATE `pool_pool` SET `description` = 'GO 2040,[1734,1735,2047],map=1' WHERE `pool_id` = 8007;
UPDATE `pool_pool` SET `description` = 'GO 2040,[1734,1735,2047],map=1' WHERE `pool_id` = 7842;
UPDATE `pool_pool` SET `description` = 'GO 2040,[1734,1735,2047],map=1' WHERE `pool_id` = 8008;
UPDATE `pool_pool` SET `description` = 'GO 2040,[1734,1735,2047],map=1' WHERE `pool_id` = 7843;
UPDATE `pool_pool` SET `description` = 'GO 2040,[1734,1735,2047],map=1' WHERE `pool_id` = 8017;
UPDATE `pool_pool` SET `description` = 'GO 2040,[1734,1735,2047],map=1' WHERE `pool_id` = 7844;
UPDATE `pool_pool` SET `description` = 'GO 2040,[1734,1735,2047],map=1' WHERE `pool_id` = 8018;
UPDATE `pool_pool` SET `description` = 'GO 2040,[1734,1735,2047],map=1' WHERE `pool_id` = 8019;
UPDATE `pool_pool` SET `description` = 'GO 2040,[1734,1735,2047],map=1' WHERE `pool_id` = 8020;
UPDATE `pool_pool` SET `description` = 'GO 2040,[1734,1735,2047],map=1' WHERE `pool_id` = 8053;
UPDATE `pool_pool` SET `description` = 'GO 2040,[1734,1735,2047],map=1' WHERE `pool_id` = 8054;
UPDATE `pool_pool` SET `description` = 'GO 2040,[1734,1735,2047],map=1' WHERE `pool_id` = 8055;
UPDATE `pool_pool` SET `description` = 'GO 2040,[1734,1735,2047],map=1' WHERE `pool_id` = 8056;
UPDATE `pool_pool` SET `description` = 'GO 2040,[1734,1735,2047],map=1' WHERE `pool_id` = 7869;
UPDATE `pool_pool` SET `description` = 'GO 2040,[1734,1735,2047],map=1' WHERE `pool_id` = 7870;
UPDATE `pool_pool` SET `description` = 'GO 324,[2047,2040],map=0' WHERE `pool_id` = 8521;
UPDATE `pool_pool` SET `description` = 'GO 324,[2047,2040],map=0' WHERE `pool_id` = 8522;
UPDATE `pool_pool` SET `description` = 'GO 324,[2047,2040],map=0' WHERE `pool_id` = 8523;
UPDATE `pool_pool` SET `description` = 'GO 324,[2047,2040],map=0' WHERE `pool_id` = 8524;
UPDATE `pool_pool` SET `description` = 'GO 324,[2047,2040],map=1' WHERE `pool_id` = 8527;
UPDATE `pool_pool` SET `description` = 'GO 324,[2047,2040],map=1' WHERE `pool_id` = 8653;
UPDATE `pool_pool` SET `description` = 'GO 324,[2047,2040],map=1' WHERE `pool_id` = 8528;
UPDATE `pool_pool` SET `description` = 'GO 324,[2047,2040],map=1' WHERE `pool_id` = 8654;
UPDATE `pool_pool` SET `description` = 'GO 324,[2047,2040],map=1' WHERE `pool_id` = 8541;
UPDATE `pool_pool` SET `description` = 'GO 324,[2047,2040],map=1' WHERE `pool_id` = 8655;
UPDATE `pool_pool` SET `description` = 'GO 324,[2047,2040],map=1' WHERE `pool_id` = 8542;
UPDATE `pool_pool` SET `description` = 'GO 324,[2047,2040],map=1' WHERE `pool_id` = 8656;
UPDATE `pool_pool` SET `description` = 'GO 324,[2047,2040],map=1' WHERE `pool_id` = 8543;
UPDATE `pool_pool` SET `description` = 'GO 324,[2047,2040],map=1' WHERE `pool_id` = 8669;
UPDATE `pool_pool` SET `description` = 'GO 324,[2047,2040],map=1' WHERE `pool_id` = 8544;
UPDATE `pool_pool` SET `description` = 'GO 324,[2047,2040],map=1' WHERE `pool_id` = 8670;
UPDATE `pool_pool` SET `description` = 'GO 324,[2047,2040],map=1' WHERE `pool_id` = 8549;
UPDATE `pool_pool` SET `description` = 'GO 324,[2047,2040],map=1' WHERE `pool_id` = 8671;
UPDATE `pool_pool` SET `description` = 'GO 324,[2047,2040],map=1' WHERE `pool_id` = 8550;
UPDATE `pool_pool` SET `description` = 'GO 324,[2047,2040],map=1' WHERE `pool_id` = 8672;
UPDATE `pool_pool` SET `description` = 'GO 324,[2047,2040],map=1' WHERE `pool_id` = 8551;
UPDATE `pool_pool` SET `description` = 'GO 324,[2047,2040],map=1' WHERE `pool_id` = 8552;
UPDATE `pool_pool` SET `description` = 'GO 324,[2047,2040],map=1' WHERE `pool_id` = 8565;
UPDATE `pool_pool` SET `description` = 'GO 324,[2047,2040],map=1' WHERE `pool_id` = 8566;
UPDATE `pool_pool` SET `description` = 'GO 324,[2047,2040],map=1' WHERE `pool_id` = 8567;
UPDATE `pool_pool` SET `description` = 'GO 324,[2047,2040],map=1' WHERE `pool_id` = 8568;
UPDATE `pool_pool` SET `description` = 'GO 324,[2047,2040],map=1' WHERE `pool_id` = 8429;
UPDATE `pool_pool` SET `description` = 'GO 324,[2047,2040],map=1' WHERE `pool_id` = 8430;
UPDATE `pool_pool` SET `description` = 'GO 324,[2047,2040],map=1' WHERE `pool_id` = 8431;
UPDATE `pool_pool` SET `description` = 'GO 324,[2047,2040],map=1' WHERE `pool_id` = 8577;
UPDATE `pool_pool` SET `description` = 'GO 324,[2047,2040],map=1' WHERE `pool_id` = 8432;
UPDATE `pool_pool` SET `description` = 'GO 324,[2047,2040],map=1' WHERE `pool_id` = 8578;
UPDATE `pool_pool` SET `description` = 'GO 324,[2047,2040],map=1' WHERE `pool_id` = 8517;
UPDATE `pool_pool` SET `description` = 'GO 324,[2047,2040],map=1' WHERE `pool_id` = 8579;
UPDATE `pool_pool` SET `description` = 'GO 324,[2047,2040],map=1' WHERE `pool_id` = 8518;
UPDATE `pool_pool` SET `description` = 'GO 324,[2047,2040],map=1' WHERE `pool_id` = 8580;
UPDATE `pool_pool` SET `description` = 'GO 324,[2047,2040],map=1' WHERE `pool_id` = 8519;
UPDATE `pool_pool` SET `description` = 'GO 324,[2047,2040],map=1' WHERE `pool_id` = 8601;
UPDATE `pool_pool` SET `description` = 'GO 324,[2047,2040],map=1' WHERE `pool_id` = 8520;
UPDATE `pool_pool` SET `description` = 'GO 324,[2047,2040],map=1' WHERE `pool_id` = 8602;
UPDATE `pool_pool` SET `description` = 'GO 324,[2047,2040],map=1' WHERE `pool_id` = 8603;
UPDATE `pool_pool` SET `description` = 'GO 324,[2047,2040],map=1' WHERE `pool_id` = 8604;
UPDATE `pool_pool` SET `description` = 'GO 324,[2047,2040],map=1' WHERE `pool_id` = 8609;
UPDATE `pool_pool` SET `description` = 'GO 324,[2047,2040],map=1' WHERE `pool_id` = 8610;
UPDATE `pool_pool` SET `description` = 'GO 324,[2047,2040],map=1' WHERE `pool_id` = 8525;
UPDATE `pool_pool` SET `description` = 'GO 324,[2047,2040],map=1' WHERE `pool_id` = 8611;
UPDATE `pool_pool` SET `description` = 'GO 324,[2047,2040],map=1' WHERE `pool_id` = 8526;
UPDATE `pool_pool` SET `description` = 'GO 324,[2047,2040],map=1' WHERE `pool_id` = 8612;
UPDATE `pool_pool` SET `description` = 'NPC 12431' WHERE `pool_id` = 1315;
UPDATE `pool_pool` SET `description` = 'NPC 12432' WHERE `pool_id` = 1316;
UPDATE `pool_pool` SET `description` = 'NPC 14222' WHERE `pool_id` = 1317;
UPDATE `pool_pool` SET `description` = 'NPC 14224' WHERE `pool_id` = 1318;
UPDATE `pool_pool` SET `description` = 'NPC 14227' WHERE `pool_id` = 1319;
UPDATE `pool_pool` SET `description` = 'NPC 14228' WHERE `pool_id` = 1320;
UPDATE `pool_pool` SET `description` = 'NPC 14229' WHERE `pool_id` = 1321;
UPDATE `pool_pool` SET `description` = 'NPC 14230' WHERE `pool_id` = 1322;
UPDATE `pool_pool` SET `description` = 'NPC 14271' WHERE `pool_id` = 1327;
UPDATE `pool_pool` SET `description` = 'NPC 14272' WHERE `pool_id` = 1328;
UPDATE `pool_pool` SET `description` = 'NPC 14279' WHERE `pool_id` = 1329;
UPDATE `pool_pool` SET `description` = 'NPC 14280' WHERE `pool_id` = 1330;
UPDATE `pool_pool` SET `description` = 'NPC 14427' WHERE `pool_id` = 1335;
UPDATE `pool_pool` SET `description` = 'NPC 14430' WHERE `pool_id` = 1336;
UPDATE `pool_pool` SET `description` = 'NPC 14472' WHERE `pool_id` = 1337;
UPDATE `pool_pool` SET `description` = 'NPC 14476' WHERE `pool_id` = 1338;
UPDATE `pool_pool` SET `description` = 'NPC 18677' WHERE `pool_id` = 1344;
UPDATE `pool_pool` SET `description` = 'NPC 18678' WHERE `pool_id` = 1345;
UPDATE `pool_pool` SET `description` = 'NPC 18679' WHERE `pool_id` = 1346;
UPDATE `pool_pool` SET `description` = 'NPC 18680' WHERE `pool_id` = 1347;
UPDATE `pool_pool` SET `description` = 'NPC 18681' WHERE `pool_id` = 1348;
UPDATE `pool_pool` SET `description` = 'NPC 18684' WHERE `pool_id` = 1350;
UPDATE `pool_pool` SET `description` = 'NPC 18685' WHERE `pool_id` = 1351;
UPDATE `pool_pool` SET `description` = 'NPC 18686' WHERE `pool_id` = 1352;
UPDATE `pool_pool` SET `description` = 'NPC 18690' WHERE `pool_id` = 1353;
UPDATE `pool_pool` SET `description` = 'NPC 18692' WHERE `pool_id` = 1354;
UPDATE `pool_pool` SET `description` = 'NPC 18693' WHERE `pool_id` = 1355;
UPDATE `pool_pool` SET `description` = 'NPC 18694' WHERE `pool_id` = 1356;
UPDATE `pool_pool` SET `description` = 'NPC 18695' WHERE `pool_id` = 1357;
UPDATE `pool_pool` SET `description` = 'NPC 18696' WHERE `pool_id` = 1358;
UPDATE `pool_pool` SET `description` = 'NPC 18697' WHERE `pool_id` = 1359;
UPDATE `pool_pool` SET `description` = 'NPC 18698' WHERE `pool_id` = 1360;
UPDATE `pool_pool` SET `description` = 'NPC 22060' WHERE `pool_id` = 1362;
UPDATE `pool_pool` SET `description` = 'NPC 6581' WHERE `pool_id` = 1275;
UPDATE `pool_pool` SET `description` = 'NPC 6648' WHERE `pool_id` = 1276;
UPDATE `pool_pool` SET `description` = 'NPC 7015' WHERE `pool_id` = 1278;
UPDATE `pool_pool` SET `description` = 'NPC 7016' WHERE `pool_id` = 1279;
UPDATE `pool_pool` SET `description` = 'NPC 8201' WHERE `pool_id` = 1280;
UPDATE `pool_pool` SET `description` = 'NPC 8202' WHERE `pool_id` = 1281;
UPDATE `pool_pool` SET `description` = 'NPC 8207' WHERE `pool_id` = 1282;
UPDATE `pool_pool` SET `description` = 'NPC 8219' WHERE `pool_id` = 1287;
UPDATE `pool_pool` SET `description` = 'NPC 8277' WHERE `pool_id` = 1288;
UPDATE `pool_pool` SET `description` = 'NPC 8279' WHERE `pool_id` = 1289;
UPDATE `pool_pool` SET `description` = 'NPC 8281' WHERE `pool_id` = 1290;

DELETE FROM `pool_template` WHERE `entry` = 5641;
DELETE FROM `pool_pool` WHERE `pool_id` = 1277;
DELETE FROM `pool_pool` WHERE `pool_id` = 1275;
DELETE FROM `pool_pool` WHERE `pool_id` = 1276;
DELETE FROM `pool_pool` WHERE `pool_id` = 1278;

DELETE FROM `pool_pool` WHERE `pool_id` = 31;
DELETE FROM `pool_pool` WHERE `pool_id` = 32;
DELETE FROM `pool_pool` WHERE `pool_id` = 33;
DELETE FROM `pool_template` WHERE `entry` = 31;
DELETE FROM `pool_template` WHERE `entry` = 32;
DELETE FROM `pool_template` WHERE `entry` = 33;
DELETE FROM `pool_gameobject_template` WHERE `id` = 188501;
DELETE FROM `pool_gameobject_template` WHERE `id` = 188502;
DELETE FROM `pool_gameobject_template` WHERE `id` = 188503;
UPDATE `gameobject` SET `id` = 188501 WHERE `id` IN (188502,188503);
REPLACE INTO `pool_gameobject` (`guid`, `pool_entry`, `description`) SELECT `guid`, 34, 'War Golem Part' FROM `gameobject` WHERE `id` IN (188501);
REPLACE INTO `gameobject_spawn_entry` (`guid`, `entry`) SELECT `guid` AS `guid`, 188501 FROM `gameobject` WHERE `gameobject`.`id` = 188501;
REPLACE INTO `gameobject_spawn_entry` (`guid`, `entry`) SELECT `guid` AS `guid`, 188502 FROM `gameobject` WHERE `gameobject`.`id` = 188501;
REPLACE INTO `gameobject_spawn_entry` (`guid`, `entry`) SELECT `guid` AS `guid`, 188503 FROM `gameobject` WHERE `gameobject`.`id` = 188501;
UPDATE `gameobject_template` SET `ExtraFlags` = `ExtraFlags`|2 WHERE `entry` IN (188501,188502,188503);
UPDATE `gameobject` SET `id` = 0 WHERE `id` IN (188501);

DELETE FROM `pool_gameobject` WHERE `guid` = 16769;
DELETE FROM `pool_gameobject` WHERE `guid` = 13228;
DELETE FROM `pool_gameobject` WHERE `guid` = 13074;
DELETE FROM `pool_gameobject` WHERE `guid` = 13229;
DELETE FROM `pool_gameobject` WHERE `guid` = 20929;
DELETE FROM `pool_gameobject` WHERE `guid` = 13235;
DELETE FROM `pool_gameobject` WHERE `guid` = 5576;
DELETE FROM `pool_gameobject` WHERE `guid` = 13236;
DELETE FROM `pool_gameobject` WHERE `guid` = 46138;
DELETE FROM `pool_gameobject` WHERE `guid` = 13242;
DELETE FROM `pool_gameobject` WHERE `guid` = 72007;
DELETE FROM `pool_gameobject` WHERE `guid` = 13244;
DELETE FROM `pool_gameobject` WHERE `guid` = 44799;
DELETE FROM `pool_gameobject` WHERE `guid` = 13246;
DELETE FROM `pool_gameobject` WHERE `guid` = 72006;
DELETE FROM `pool_gameobject` WHERE `guid` = 13247;
DELETE FROM `pool_gameobject` WHERE `guid` = 13216;
DELETE FROM `pool_gameobject` WHERE `guid` = 13252;
DELETE FROM `pool_gameobject` WHERE `guid` = 13217;
DELETE FROM `pool_gameobject` WHERE `guid` = 13253;
DELETE FROM `pool_gameobject` WHERE `guid` = 13226;
DELETE FROM `pool_gameobject` WHERE `guid` = 13254;
DELETE FROM `pool_gameobject` WHERE `guid` = 13227;
DELETE FROM `pool_gameobject` WHERE `guid` = 13255;
DELETE FROM `pool_pool` WHERE `pool_id` = 277;
DELETE FROM `pool_pool` WHERE `pool_id` = 278;
DELETE FROM `pool_pool` WHERE `pool_id` = 279;
DELETE FROM `pool_pool` WHERE `pool_id` = 280;
DELETE FROM `pool_pool` WHERE `pool_id` = 281;
DELETE FROM `pool_pool` WHERE `pool_id` = 282;
DELETE FROM `pool_pool` WHERE `pool_id` = 283;
DELETE FROM `pool_pool` WHERE `pool_id` = 284;
DELETE FROM `pool_pool` WHERE `pool_id` = 285;
DELETE FROM `pool_pool` WHERE `pool_id` = 286;
DELETE FROM `pool_pool` WHERE `pool_id` = 287;
DELETE FROM `pool_pool` WHERE `pool_id` = 288;
DELETE FROM `pool_template` WHERE `entry` = 277;
DELETE FROM `pool_template` WHERE `entry` = 278;
DELETE FROM `pool_template` WHERE `entry` = 279;
DELETE FROM `pool_template` WHERE `entry` = 280;
DELETE FROM `pool_template` WHERE `entry` = 281;
DELETE FROM `pool_template` WHERE `entry` = 282;
DELETE FROM `pool_template` WHERE `entry` = 283;
DELETE FROM `pool_template` WHERE `entry` = 284;
DELETE FROM `pool_template` WHERE `entry` = 285;
DELETE FROM `pool_template` WHERE `entry` = 286;
DELETE FROM `pool_template` WHERE `entry` = 287;
DELETE FROM `pool_template` WHERE `entry` = 288;
DELETE FROM `gameobject` WHERE `id` = 190779;
REPLACE INTO `pool_gameobject` (`guid`, `pool_entry`, `description`) SELECT `guid`, 289, 'Raised Mud' FROM `gameobject` WHERE `id` IN (190778);
REPLACE INTO `gameobject_spawn_entry` (`guid`, `entry`) SELECT `guid` AS `guid`, 190778 FROM `gameobject` WHERE `gameobject`.`id` = 190778;
REPLACE INTO `gameobject_spawn_entry` (`guid`, `entry`) SELECT `guid` AS `guid`, 190779 FROM `gameobject` WHERE `gameobject`.`id` = 190778;
UPDATE `gameobject_template` SET `ExtraFlags` = `ExtraFlags`|2 WHERE `entry` IN (190778,190779);
UPDATE `gameobject` SET `id` = 0 WHERE `id` IN (190778);

DELETE FROM `pool_pool` WHERE `pool_id` = 381;
DELETE FROM `pool_pool` WHERE `pool_id` = 382;
DELETE FROM `pool_pool` WHERE `pool_id` = 383;
DELETE FROM `pool_pool` WHERE `pool_id` = 384;
DELETE FROM `pool_gameobject_template` WHERE `pool_entry` = 381;
DELETE FROM `pool_gameobject_template` WHERE `pool_entry` = 382;
DELETE FROM `pool_gameobject_template` WHERE `pool_entry` = 383;
DELETE FROM `pool_gameobject_template` WHERE `pool_entry` = 384;
DELETE FROM `pool_template` WHERE `entry` = 381;
DELETE FROM `pool_template` WHERE `entry` = 382;
DELETE FROM `pool_template` WHERE `entry` = 383;
DELETE FROM `pool_template` WHERE `entry` = 384;
DELETE FROM `pool_template` WHERE `entry` = 385;
DELETE FROM `gameobject` WHERE `guid` = 14518;
DELETE FROM `gameobject` WHERE `guid` = 28391;
DELETE FROM `gameobject` WHERE `guid` = 14517;
DELETE FROM `gameobject` WHERE `guid` = 14511;
DELETE FROM `gameobject` WHERE `guid` = 14545;
DELETE FROM `gameobject` WHERE `guid` = 50683;
DELETE FROM `gameobject` WHERE `guid` = 50682;
DELETE FROM `gameobject` WHERE `guid` = 50672;
DELETE FROM `gameobject` WHERE `guid` = 50675;
DELETE FROM `gameobject` WHERE `guid` = 50681;
DELETE FROM `gameobject` WHERE `guid` = 50693;
DELETE FROM `gameobject` WHERE `guid` = 50691;
DELETE FROM `gameobject` WHERE `guid` = 50687;
INSERT INTO `gameobject` (`guid`, `id`, `map`, `spawnMask`, `phaseMask`, `position_x`, `position_y`, `position_z`, `orientation`, `rotation0`, `rotation1`, `rotation2`, `rotation3`, `spawntimesecsmin`, `spawntimesecsmax`) VALUES
(14518, 192910, 571, 1, 1, 5427.92, -538.148, 163.331, 0.104719, 0, 0, 0.0523356, 0.99863, 180, 180),
(14517, 192912, 571, 1, 1, 5363.62, -742.185, 158.734, -1.16937, 0, 0, -0.551937, 0.833886, 180, 180),
(14511, 192912, 571, 1, 1, 5269.72, -731.052, 165.912, 2.28638, 0, 0, 0.909961, 0.414694, 180, 180),
(14545, 192912, 571, 1, 1, 5291.4, -539.707, 165.437, 0.226892, 0, 0, 0.113203, 0.993572, 180, 180),
(50681, 192911, 571, 1, 1, 5247.96, -636.052, 160.95, 2.79252, 0, 0, 0.984807, 0.173652, 180, 180),
(28391, 192912, 571, 1, 1, 5312.22, -824.504, 169.438, -2.96704, 0, 0, -0.996194, 0.0871655, 180, 180);
UPDATE `gameobject` SET `id` = 192909 WHERE `id` IN (192910,192911,192912);
DELETE FROM `spawn_group` WHERE id = 33600;
INSERT INTO `spawn_group` (`Id`, `Name`, `Type`, `MaxCount`, `WorldState`, `Flags`) VALUES (33600, 'Crystalsong Forest - Ancient Elven Masonry 192909 - 192912', 1, 30, 0, 0);
DELETE FROM `spawn_group_spawn` WHERE id = 33600;
INSERT IGNORE INTO `spawn_group_spawn` (`Id`, `Guid`, `SlotId`) SELECT 33600, `Guid`, -1 FROM `gameobject` WHERE id = 192909;
REPLACE INTO `gameobject_spawn_entry` (`guid`, `entry`) SELECT `guid` AS `guid`, 192909 FROM `gameobject` WHERE `gameobject`.`id` = 192909;
REPLACE INTO `gameobject_spawn_entry` (`guid`, `entry`) SELECT `guid` AS `guid`, 192910 FROM `gameobject` WHERE `gameobject`.`id` = 192909;
REPLACE INTO `gameobject_spawn_entry` (`guid`, `entry`) SELECT `guid` AS `guid`, 192911 FROM `gameobject` WHERE `gameobject`.`id` = 192909;
REPLACE INTO `gameobject_spawn_entry` (`guid`, `entry`) SELECT `guid` AS `guid`, 192912 FROM `gameobject` WHERE `gameobject`.`id` = 192909;
UPDATE `gameobject_template` SET `ExtraFlags` = `ExtraFlags`|2 WHERE `entry` IN (192909,192910,192911,192912);
UPDATE `gameobject` SET `id` = 0 WHERE `id` IN (192909);

DELETE FROM `pool_pool` WHERE `pool_id` = 15744;
DELETE FROM `pool_pool` WHERE `pool_id` = 15745;
DELETE FROM `pool_pool` WHERE `pool_id` = 15746;
DELETE FROM `pool_pool` WHERE `pool_id` = 15747;
DELETE FROM `pool_pool` WHERE `pool_id` = 15748;
DELETE FROM `pool_pool` WHERE `pool_id` = 15749;
DELETE FROM `pool_pool` WHERE `pool_id` = 15750;
DELETE FROM `pool_pool` WHERE `pool_id` = 15751;
DELETE FROM `pool_pool` WHERE `pool_id` = 15752;
DELETE FROM `pool_pool` WHERE `pool_id` = 15753;
DELETE FROM `pool_pool` WHERE `pool_id` = 15754;
DELETE FROM `pool_pool` WHERE `pool_id` = 15755;
DELETE FROM `pool_pool` WHERE `pool_id` = 15756;
DELETE FROM `pool_pool` WHERE `pool_id` = 15757;
DELETE FROM `pool_pool` WHERE `pool_id` = 15758;
DELETE FROM `pool_pool` WHERE `pool_id` = 15759;
DELETE FROM `pool_pool` WHERE `pool_id` = 15760;
DELETE FROM `pool_pool` WHERE `pool_id` = 15761;
DELETE FROM `pool_pool` WHERE `pool_id` = 15762;
DELETE FROM `pool_pool` WHERE `pool_id` = 15763;
DELETE FROM `pool_pool` WHERE `pool_id` = 15764;
DELETE FROM `pool_pool` WHERE `pool_id` = 15765;
DELETE FROM `pool_pool` WHERE `pool_id` = 15766;
DELETE FROM `pool_pool` WHERE `pool_id` = 15767;
DELETE FROM `pool_template` WHERE `entry` = 15744;
DELETE FROM `pool_template` WHERE `entry` = 15745;
DELETE FROM `pool_template` WHERE `entry` = 15746;
DELETE FROM `pool_template` WHERE `entry` = 15747;
DELETE FROM `pool_template` WHERE `entry` = 15748;
DELETE FROM `pool_template` WHERE `entry` = 15749;
DELETE FROM `pool_template` WHERE `entry` = 15750;
DELETE FROM `pool_template` WHERE `entry` = 15751;
DELETE FROM `pool_template` WHERE `entry` = 15752;
DELETE FROM `pool_template` WHERE `entry` = 15753;
DELETE FROM `pool_template` WHERE `entry` = 15754;
DELETE FROM `pool_template` WHERE `entry` = 15755;
DELETE FROM `pool_template` WHERE `entry` = 15756;
DELETE FROM `pool_template` WHERE `entry` = 15757;
DELETE FROM `pool_template` WHERE `entry` = 15758;
DELETE FROM `pool_template` WHERE `entry` = 15759;
DELETE FROM `pool_template` WHERE `entry` = 15760;
DELETE FROM `pool_template` WHERE `entry` = 15761;
DELETE FROM `pool_template` WHERE `entry` = 15762;
DELETE FROM `pool_template` WHERE `entry` = 15763;
DELETE FROM `pool_template` WHERE `entry` = 15764;
DELETE FROM `pool_template` WHERE `entry` = 15765;
DELETE FROM `pool_template` WHERE `entry` = 15766;
DELETE FROM `pool_template` WHERE `entry` = 15767;
DELETE FROM `pool_gameobject` WHERE `pool_entry` = 15747;
DELETE FROM `pool_gameobject` WHERE `pool_entry` = 15746;
DELETE FROM `pool_gameobject` WHERE `pool_entry` = 15745;
DELETE FROM `pool_gameobject` WHERE `pool_entry` = 15744;
DELETE FROM `pool_gameobject` WHERE `pool_entry` = 15749;
DELETE FROM `pool_gameobject` WHERE `pool_entry` = 15749;
DELETE FROM `pool_gameobject` WHERE `pool_entry` = 15750;
DELETE FROM `pool_gameobject` WHERE `pool_entry` = 15751;
DELETE FROM `pool_gameobject` WHERE `pool_entry` = 15752;
DELETE FROM `pool_gameobject` WHERE `pool_entry` = 15753;
DELETE FROM `pool_gameobject` WHERE `pool_entry` = 15754;
DELETE FROM `pool_gameobject` WHERE `pool_entry` = 15755;
DELETE FROM `pool_gameobject` WHERE `pool_entry` = 15756;
DELETE FROM `pool_gameobject` WHERE `pool_entry` = 15757;
DELETE FROM `pool_gameobject` WHERE `pool_entry` = 15758;
DELETE FROM `pool_gameobject` WHERE `pool_entry` = 15759;
DELETE FROM `pool_gameobject` WHERE `pool_entry` = 15760;
DELETE FROM `pool_gameobject` WHERE `pool_entry` = 15761;
DELETE FROM `pool_gameobject` WHERE `pool_entry` = 15762;
DELETE FROM `pool_gameobject` WHERE `pool_entry` = 15764;
DELETE FROM `pool_gameobject` WHERE `pool_entry` = 15765;
DELETE FROM `pool_gameobject` WHERE `pool_entry` = 15766;
DELETE FROM `pool_gameobject` WHERE `pool_entry` = 15767;
INSERT INTO `gameobject` (`guid`, `id`, `map`, `spawnMask`, `phaseMask`, `position_x`, `position_y`, `position_z`, `orientation`, `rotation0`, `rotation1`, `rotation2`, `rotation3`, `spawntimesecsmin`, `spawntimesecsmax`) VALUES
(50682, 191814, 571, 1, 2, 7170.52, -2989.24, 864.819, 1.25664, 0, 0, 0.587786, 0.809016, 180, 180);
DELETE FROM `gameobject` WHERE `id` = 191815;
REPLACE INTO `pool_gameobject` (`guid`, `pool_entry`, `description`) SELECT `guid`, 14351, 'The Storm Peaks - Granite Boulder' FROM `gameobject` WHERE `id` IN (191814);
REPLACE INTO `gameobject_spawn_entry` (`guid`, `entry`) SELECT `guid` AS `guid`, 191814 FROM `gameobject` WHERE `gameobject`.`id` = 191814;
REPLACE INTO `gameobject_spawn_entry` (`guid`, `entry`) SELECT `guid` AS `guid`, 191815 FROM `gameobject` WHERE `gameobject`.`id` = 191814;
UPDATE `gameobject_template` SET `ExtraFlags` = `ExtraFlags`|2 WHERE `entry` IN (191814,191815);
UPDATE `gameobject` SET `id` = 0 WHERE `id` IN (191814);

UPDATE `item_template` SET `minMoneyLoot`=300, `maxMoneyLoot`=600 WHERE `entry`=16885;

UPDATE `creature_template` SET `UnitFlags` = '32832', `MechanicImmuneMask` = '76232671' WHERE `Entry` =644;
UPDATE `creature_template` SET `UnitFlags` = '32832', `MechanicImmuneMask` = '76234719', `ResistanceFire` = '0', `ResistanceNature` = '0', `ResistanceFrost` = '0', `ResistanceShadow` = '0', `ResistanceArcane` = '0' WHERE `Entry` =639;
UPDATE `creature_template` SET `UnitFlags` = '32832', `MechanicImmuneMask` = '76234719', `MovementType` = '2' WHERE `Entry` =645;
UPDATE `creature_template` SET `MechanicImmuneMask` = '76234719' WHERE `Entry` =646;
UPDATE `creature_template` SET `UnitFlags` = '32832', `MechanicImmuneMask` = '76251103', `MovementType` = '2' WHERE `Entry` =642;
UPDATE `creature_template` SET `UnitFlags` = '32832', `MechanicImmuneMask` = '76232671' WHERE `Entry` =1763;

DELETE FROM `pool_template` WHERE `entry` = 14683;
DELETE FROM `pool_gameobject_template` WHERE `id` = 192908;
DELETE FROM `gameobject` WHERE `guid` = 50688;
DELETE FROM `gameobject` WHERE `guid` = 50661;
INSERT INTO `gameobject` (`guid`, `id`, `map`, `spawnMask`, `phaseMask`, `position_x`, `position_y`, `position_z`, `orientation`, `rotation0`, `rotation1`, `rotation2`, `rotation3`, `spawntimesecsmin`, `spawntimesecsmax`) VALUES
(5174, 192908, 571, 1, 1, 5160.67, -751.432, 175.128, 1.01229, 0, 0, 0.484809, 0.87462, 180, 180),
(5182, 192908, 571, 1, 1, 5190.21, -550.717, 158.294, 1.65806, 0, 0, 0.737277, 0.675591, 180, 180),
(5224, 192908, 571, 1, 1, 5193.58, -745.836, 171.523, 2.82743, 0, 0, 0.987688, 0.156436, 180, 180),
(5340, 192908, 571, 1, 1, 5202.85, -523.486, 158.928, 1.71042, 0, 0, 0.754709, 0.656059, 180, 180),
(5507, 192908, 571, 1, 1, 5208.22, -480.027, 165.034, -0.977383, 0, 0, -0.469471, 0.882948, 180, 180),
(5751, 192908, 571, 1, 1, 5209.88, -424.397, 163.288, -3.08918, 0, 0, -0.999657, 0.0262016, 180, 180),
(6207, 192908, 571, 1, 1, 5215.18, -652.14, 160.017, -2.32129, 0, 0, -0.91706, 0.39875, 180, 180),
(6281, 192908, 571, 1, 1, 5224.79, -610.28, 160.726, 0.610864, 0, 0, 0.300705, 0.953717, 180, 180),
(6389, 192908, 571, 1, 1, 5232.28, -552.387, 158.133, 1.78023, 0, 0, 0.777145, 0.629321, 180, 180),
(6498, 192908, 571, 1, 1, 5247.71, -707.626, 166.986, 3.07177, 0, 0, 0.999391, 0.0349043, 180, 180),
(6739, 192908, 571, 1, 1, 5248.26, -349.006, 168.734, -1.90241, 0, 0, -0.814116, 0.580703, 180, 180),
(7229, 192908, 571, 1, 1, 5255.4, -653.263, 161.673, -0.453785, 0, 0, -0.224951, 0.97437, 180, 180),
(7405, 192908, 571, 1, 1, 5271.9, -388.615, 172.924, -0.942477, 0, 0, -0.45399, 0.891007, 180, 180),
(7453, 192908, 571, 1, 1, 5275.84, -459.284, 168.598, -0.488691, 0, 0, -0.241921, 0.970296, 180, 180),
(7606, 192908, 571, 1, 1, 5292.29, -515.026, 164.043, 1.95477, 0, 0, 0.829038, 0.559192, 180, 180),
(7741, 192908, 571, 1, 1, 5296.73, -637.236, 163.091, -1.67551, 0, 0, -0.743143, 0.669133, 180, 180),
(7742, 192908, 571, 1, 1, 5306.39, -206.811, 162.318, 0.174532, 0, 0, 0.0871553, 0.996195, 180, 180),
(7762, 192908, 571, 1, 1, 5345.17, -524.656, 165.892, 2.11185, 0, 0, 0.870356, 0.492423, 180, 180),
(7766, 192908, 571, 1, 1, 5368.88, -502.944, 170.168, -1.6057, 0, 0, -0.719339, 0.694659, 180, 180),
(7771, 192908, 571, 1, 1, 5378.67, -739.58, 159.72, -2.91469, 0, 0, -0.993571, 0.113208, 180, 180),
(7772, 192908, 571, 1, 1, 5402.67, -471.336, 176.396, 2.65289, 0, 0, 0.970294, 0.241927, 180, 180),
(7774, 192908, 571, 1, 1, 5415.7, -504.323, 169.462, -1.46608, 0, 0, -0.669132, 0.743144, 180, 180),
(7775, 192908, 571, 1, 1, 5417.86, -751.336, 161.411, -0.226892, 0, 0, -0.113203, 0.993572, 180, 180),
(7777, 192908, 571, 1, 1, 5430.08, -194.574, 161.373, -1.309, 0, 0, -0.608761, 0.793354, 180, 180),
(7778, 192908, 571, 1, 1, 5438.6, -713.15, 157.742, 2.30383, 0, 0, 0.913545, 0.406738, 180, 180),
(7783, 192908, 571, 1, 1, 5442.29, -220.219, 168.658, 1.64061, 0, 0, 0.731354, 0.681998, 180, 180),
(7784, 192908, 571, 1, 1, 5458.98, -455.529, 168.388, 1.15192, 0, 0, 0.54464, 0.83867, 180, 180),
(7786, 192908, 571, 1, 1, 5460.93, -155.051, 151.456, -2.07694, 0, 0, -0.861629, 0.507539, 180, 180),
(7787, 192908, 571, 1, 1, 5461.23, -651.926, 153.387, -1.95477, 0, 0, -0.829038, 0.559192, 180, 180),
(7788, 192908, 571, 1, 1, 5461.87, -237.081, 169.242, -1.74533, 0, 0, -0.766045, 0.642787, 180, 180),
(7790, 192908, 571, 1, 1, 5466.61, -740.803, 153.492, 0.855211, 0, 0, 0.414693, 0.909961, 180, 180),
(7791, 192908, 571, 1, 1, 5468.33, -136.695, 143.123, 1.36136, 0, 0, 0.629322, 0.777145, 180, 180),
(7792, 192908, 571, 1, 1, 5472.31, -209.988, 164.098, -1.43117, 0, 0, -0.656059, 0.75471, 180, 180),
(7793, 192908, 571, 1, 1, 5484.98, -139.636, 150.417, -0.209439, 0, 0, -0.104528, 0.994522, 180, 180),
(7795, 192908, 571, 1, 1, 5488.1, -613.985, 153.754, 1.95477, 0, 0, 0.829038, 0.559192, 180, 180),
(7796, 192908, 571, 1, 1, 5491.9, -516.266, 162.587, -1.98967, 0, 0, -0.838669, 0.544641, 180, 180),
(7797, 192908, 571, 1, 1, 5497.66, -814.598, 154.648, 2.74016, 0, 0, 0.979924, 0.199371, 180, 180),
(7798, 192908, 571, 1, 1, 5504.7, -204.043, 159.461, 2.91469, 0, 0, 0.993571, 0.113208, 180, 180),
(7799, 192908, 571, 1, 1, 5507.66, -268.136, 167.627, 0.820303, 0, 0, 0.398748, 0.91706, 180, 180),
(7801, 192908, 571, 1, 1, 5511.75, -355.367, 172.753, 1.88495, 0, 0, 0.809015, 0.587788, 180, 180),
(7802, 192908, 571, 1, 1, 5512.53, -169.392, 155.415, -2.04204, 0, 0, -0.85264, 0.522499, 180, 180),
(7803, 192908, 571, 1, 1, 5512.84, -150.329, 148.674, 2.72271, 0, 0, 0.978147, 0.207914, 180, 180),
(8186, 192908, 571, 1, 1, 5527.1, -240.351, 162.843, -3.00195, 0, 0, -0.997563, 0.0697646, 180, 180),
(8411, 192908, 571, 1, 1, 5534.5, -391.149, 164.847, 0.087266, 0, 0, 0.0436192, 0.999048, 180, 180),
(8418, 192908, 571, 1, 1, 5539.34, -538.983, 159.55, 2.44346, 0, 0, 0.939692, 0.342021, 180, 180),
(8467, 192908, 571, 1, 1, 5545.15, -324.027, 164.798, -1.29154, 0, 0, -0.601814, 0.798637, 180, 180),
(50661, 192908, 571, 1, 1, 5557.96, -270.712, 161.148, -2.54818, 0, 0, -0.956305, 0.292372, 180, 180),
(50688, 192908, 571, 1, 1, 5574.94, -351.466, 160.799, 1.76278, 0, 0, 0.771625, 0.636078, 180, 180);
DELETE FROM `spawn_group` WHERE id = 33601;
INSERT INTO `spawn_group` (`Id`, `Name`, `Type`, `MaxCount`, `WorldState`, `Flags`) VALUES (33601, 'Crystalsong Forest - Crystalline Heartwood 192908', 1, 50, 0, 0);
DELETE FROM `spawn_group_spawn` WHERE id = 33601;
INSERT IGNORE INTO `spawn_group_spawn` (`Id`, `Guid`, `SlotId`) SELECT 33601, `Guid`, -1 FROM `gameobject` WHERE id = 192908;

DELETE FROM `creature_addon` WHERE `guid` IN (SELECT `guid` FROM `creature` WHERE `id` IN (31403,31404));
DELETE FROM `creature_movement` WHERE `id` IN (SELECT `guid` FROM `creature` WHERE `id` IN (31403,31404));
DELETE FROM `creature` WHERE `id` IN (31403,31404);
INSERT INTO `creature` (`guid`, `id`, `map`, `spawnMask`, `phaseMask`, `position_x`, `position_y`, `position_z`, `orientation`, `spawntimesecsmin`, `spawntimesecsmax`, `spawndist`, `MovementType`) VALUES
(109009, 31403, 571, 1, 1, 5509.25, 866.616, 164.488, 0, 300, 300, 0, 0),
(112413, 31403, 571, 1, 1, 5396.81, 831.028, 183.34, 0, 300, 300, 0, 0),
(112415, 31403, 571, 1, 1, 5492.07, 786.549, 172.154, 4.12852, 300, 300, 10, 1),
(112439, 31403, 571, 1, 1, 5217.78, 658.357, 197.308, 5.53269, 300, 300, 0, 0),
(112441, 31403, 571, 1, 1, 5642.35, 959.737, 173.156, 2.37365, 300, 300, 0, 0),
(112442, 31403, 571, 1, 1, 5699.44, 978.356, 174.563, 2.19912, 300, 300, 0, 0),
(112419, 31403, 571, 1, 1, 5288.98, 869.866, 189.11, 0, 300, 300, 10, 1),
(112421, 31403, 571, 1, 1, 5520.78, 650.382, 163.736, 0, 300, 300, 0, 0),
(112435, 31403, 571, 1, 1, 5355.95, 614.568, 182.048, 0, 300, 300, 0, 0),
(112437, 31403, 571, 1, 1, 5267.03, 618.176, 187.718, 0, 300, 300, 10, 1);
INSERT INTO `creature` (`guid`, `id`, `map`, `spawnMask`, `phaseMask`, `position_x`, `position_y`, `position_z`, `orientation`, `spawntimesecsmin`, `spawntimesecsmax`, `spawndist`, `MovementType`) VALUES
(109017, 31404, 571, 1, 1, 5509.25, 866.616, 164.488, 0, 300, 300, 0, 0),
(112414, 31404, 571, 1, 1, 5396.81, 831.028, 183.34, 0, 300, 300, 0, 0),
(112440, 31404, 571, 1, 1, 5217.78, 658.357, 197.308, 3.85718, 300, 300, 0, 0),
(112418, 31404, 571, 1, 1, 5492.07, 786.549, 172.154, 4.12852, 300, 300, 10, 1),
(112420, 31404, 571, 1, 1, 5288.98, 869.866, 189.11, 0, 300, 300, 10, 1),
(112423, 31404, 571, 1, 1, 5520.78, 650.382, 163.736, 0, 300, 300, 0, 0),
(112436, 31404, 571, 1, 1, 5355.95, 614.568, 182.048, 0, 300, 300, 0, 0),
(112438, 31404, 571, 1, 1, 5267.03, 618.176, 187.718, 0, 300, 300, 10, 1);
DELETE FROM `spawn_group` WHERE id = 33506;
INSERT INTO `spawn_group` (`Id`, `Name`, `Type`, `MaxCount`, `WorldState`, `Flags`) VALUES (33506, 'Crystalsong Forest - Azure Spellweaver 31403 & Azure Manabeast 31404 - Patrol - 1', 0, 0, 0, 0x01);
DELETE FROM `spawn_group_spawn` WHERE id = 33506;
INSERT INTO `spawn_group_spawn` (`Id`, `Guid`, `SlotId`) VALUES (33506, 109009, 0),(33506, 109017, 1);
DELETE FROM `spawn_group_formation` WHERE id = 33506;
INSERT INTO `spawn_group_formation` (`Id`, `FormationType`, `FormationSpread`, `FormationOptions`, `PathId`, `MovementType`, `Comment`) VALUES
(33506, 2, 3, 0, 33506, 4, 'Crystalsong Forest - Azure Spellweaver 31403 & Azure Manabeast 31404 - Patrol - 1');
DELETE FROM `waypoint_path_name` WHERE PathId = 33506;
INSERT INTO `waypoint_path_name` (`PathId`, `Name`) VALUES (33506,'Crystalsong Forest - Azure Spellweaver 31403 & Azure Manabeast 31404 - Patrol - 1');
DELETE FROM `waypoint_path` WHERE PathId = 33506;
INSERT INTO `waypoint_path` (`PathId`, `Point`, `PositionX`, `PositionY`,`PositionZ`, `Orientation`, `WaitTime`, `ScriptId`) VALUES
(33506,1,5509.2476,866.61554,164.48833,100,2000,0),
(33506,2,5521.7866,879.84247,165.39017,100,0,0),
(33506,3,5531.623,900.7771,166.42143,100,0,0),
(33506,4,5538.4194,923.72156,170.1688,100,0,0),
(33506,5,5569.7095,929.1667,167.56163,100,0,0),
(33506,6,5604.423,928.5961,164.93893,100,2000,0);
DELETE FROM `spawn_group` WHERE id = 33507;
INSERT INTO `spawn_group` (`Id`, `Name`, `Type`, `MaxCount`, `WorldState`, `Flags`) VALUES (33507, 'Crystalsong Forest - Azure Spellweaver 31403 & Azure Manabeast 31404 - Patrol - 2', 0, 0, 0, 0x01);
DELETE FROM `spawn_group_spawn` WHERE id = 33507;
INSERT INTO `spawn_group_spawn` (`Id`, `Guid`, `SlotId`) VALUES (33507, 112413, 0), (33507, 112414, 1);
DELETE FROM `spawn_group_formation` WHERE id = 33507;
INSERT INTO `spawn_group_formation` (`Id`, `FormationType`, `FormationSpread`, `FormationOptions`, `PathId`, `MovementType`, `Comment`) VALUES
(33507, 2, 3, 0, 33507, 4, 'Crystalsong Forest - Azure Spellweaver 31403 & Azure Manabeast 31404 - Patrol - 2');
DELETE FROM `waypoint_path_name` WHERE PathId = 33507;
INSERT INTO `waypoint_path_name` (`PathId`, `Name`) VALUES (33507,'Crystalsong Forest - Azure Spellweaver 31403 & Azure Manabeast 31404 - Patrol - 2');
DELETE FROM `waypoint_path` WHERE PathId = 33507;
INSERT INTO `waypoint_path` (`PathId`, `Point`, `PositionX`, `PositionY`,`PositionZ`, `Orientation`, `WaitTime`, `ScriptId`) VALUES
(33507,1,5396.8145,831.028,183.33977,100,2000,0),
(33507,2,5416.7793,826.8909,181.37091,100,0,0),
(33507,3,5422.2607,816.7275,181.5578,100,0,0),
(33507,4,5448.469,811.3294,177.5181,100,0,0),
(33507,5,5460.827,830.54297,174.58585,100,0,0),
(33507,6,5472.0825,846.8197,172.03975,100,0,0),
(33507,7,5459.1704,853.88153,173.832,100,0,0),
(33507,8,5458.4976,878.80414,175.13504,100,2000,0);
DELETE FROM `spawn_group` WHERE id = 33508;
INSERT INTO `spawn_group` (`Id`, `Name`, `Type`, `MaxCount`, `WorldState`, `Flags`) VALUES (33508, 'Crystalsong Forest - Azure Spellweaver 31403 & Azure Manabeast 31404 - Patrol - 3', 0, 0, 0, 0x01);
DELETE FROM `spawn_group_spawn` WHERE id = 33508;
INSERT INTO `spawn_group_spawn` (`Id`, `Guid`, `SlotId`) VALUES (33508, 112415, 0), (33508, 112418, 1);
DELETE FROM `spawn_group_formation` WHERE id = 33508;
INSERT INTO `spawn_group_formation` (`Id`, `FormationType`, `FormationSpread`, `FormationOptions`, `PathId`, `MovementType`, `Comment`) VALUES
(33508, 2, 3, 0, 33508, 1, 'Crystalsong Forest - Azure Spellweaver 31403 & Azure Manabeast 31404 - Patrol - 3');
DELETE FROM `spawn_group` WHERE id = 33509;
INSERT INTO `spawn_group` (`Id`, `Name`, `Type`, `MaxCount`, `WorldState`, `Flags`) VALUES (33509, 'Crystalsong Forest - Azure Spellweaver 31403 & Azure Manabeast 31404 - Patrol - 4', 0, 0, 0, 0x01);
DELETE FROM `spawn_group_spawn` WHERE id = 33509;
INSERT INTO `spawn_group_spawn` (`Id`, `Guid`, `SlotId`) VALUES (33509, 112419, 0), (33509, 112420, 1);
DELETE FROM `spawn_group_formation` WHERE id = 33509;
INSERT INTO `spawn_group_formation` (`Id`, `FormationType`, `FormationSpread`, `FormationOptions`, `PathId`, `MovementType`, `Comment`) VALUES
(33509, 2, 3, 0, 33509, 1, 'Crystalsong Forest - Azure Spellweaver 31403 & Azure Manabeast 31404 - Patrol - 4');
DELETE FROM `spawn_group` WHERE id = 33510;
INSERT INTO `spawn_group` (`Id`, `Name`, `Type`, `MaxCount`, `WorldState`, `Flags`) VALUES (33510, 'Crystalsong Forest - Azure Spellweaver 31403 & Azure Manabeast 31404 - Patrol - 5', 0, 0, 0, 0x01);
DELETE FROM `spawn_group_spawn` WHERE id = 33510;
INSERT INTO `spawn_group_spawn` (`Id`, `Guid`, `SlotId`) VALUES (33510, 112421, 0), (33510, 112423, 1);
DELETE FROM `spawn_group_formation` WHERE id = 33510;
INSERT INTO `spawn_group_formation` (`Id`, `FormationType`, `FormationSpread`, `FormationOptions`, `PathId`, `MovementType`, `Comment`) VALUES
(33510, 2, 3, 0, 33510, 4, 'Crystalsong Forest - Azure Spellweaver 31403 & Azure Manabeast 31404 - Patrol - 5');
DELETE FROM `waypoint_path_name` WHERE PathId = 33510;
INSERT INTO `waypoint_path_name` (`PathId`, `Name`) VALUES (33510,'Crystalsong Forest - Azure Spellweaver 31403 & Azure Manabeast 31404 - Patrol - 5');
DELETE FROM `waypoint_path` WHERE PathId = 33510;
INSERT INTO `waypoint_path` (`PathId`, `Point`, `PositionX`, `PositionY`,`PositionZ`, `Orientation`, `WaitTime`, `ScriptId`) VALUES
(33510,1,5520.7817,650.38245,163.73587,100,2000,0),
(33510,2,5509.8774,664.94476,164.3874,100,0,0),
(33510,3,5494.0806,664.15735,167.74054,100,0,0),
(33510,4,5477.0054,658.6755,171.12274,100,0,0),
(33510,5,5473.9507,644.265,171.04193,100,0,0),
(33510,6,5466.7803,630.7592,170.80563,100,0,0),
(33510,7,5449.2876,622.9489,172.93936,100,0,0),
(33510,8,5434.981,636.56824,177.17761,100,0,0),
(33510,9,5423.9434,652.3285,181.94475,100,0,0),
(33510,10,5414.6255,666.2023,185.721,100,2000,0);
DELETE FROM `spawn_group` WHERE id = 33511;
INSERT INTO `spawn_group` (`Id`, `Name`, `Type`, `MaxCount`, `WorldState`, `Flags`) VALUES (33511, 'Crystalsong Forest - Azure Spellweaver 31403 & Azure Manabeast 31404 - Patrol - 6', 0, 0, 0, 0x01);
DELETE FROM `spawn_group_spawn` WHERE id = 33511;
INSERT INTO `spawn_group_spawn` (`Id`, `Guid`, `SlotId`) VALUES (33511, 112435, 0), (33511, 112436, 1);
DELETE FROM `spawn_group_formation` WHERE id = 33511;
INSERT INTO `spawn_group_formation` (`Id`, `FormationType`, `FormationSpread`, `FormationOptions`, `PathId`, `MovementType`, `Comment`) VALUES
(33511, 2, 3, 0, 33511, 2, 'Crystalsong Forest - Azure Spellweaver 31403 & Azure Manabeast 31404 - Patrol - 6');
DELETE FROM `waypoint_path_name` WHERE PathId = 33511;
INSERT INTO `waypoint_path_name` (`PathId`, `Name`) VALUES (33511,'Crystalsong Forest - Azure Spellweaver 31403 & Azure Manabeast 31404 - Patrol - 6');
DELETE FROM `waypoint_path` WHERE PathId = 33511;
INSERT INTO `waypoint_path` (`PathId`, `Point`, `PositionX`, `PositionY`,`PositionZ`, `Orientation`, `WaitTime`, `ScriptId`) VALUES
(33511,1,5355.951,614.56775,182.0483,100,0,0),
(33511,2,5362.8906,594.09906,179.94266,100,0,0),
(33511,3,5385.46,589.8519,177.0538,100,0,0),
(33511,4,5386.4897,571.6219,174.96213,100,0,0),
(33511,5,5367.44,567.50323,177.13693,100,0,0),
(33511,6,5348.017,568.6433,180.50198,100,0,0),
(33511,7,5320.683,592.9329,183.90001,100,0,0),
(33511,8,5318.4644,620.8735,188.56856,100,0,0),
(33511,9,5319.3657,616.3592,187.51363,100,0,0),
(33511,10,5339.1157,617.96204,185.50252,100,0,0);
DELETE FROM `spawn_group` WHERE id = 33512;
INSERT INTO `spawn_group` (`Id`, `Name`, `Type`, `MaxCount`, `WorldState`, `Flags`) VALUES (33512, 'Crystalsong Forest - Azure Spellweaver 31403 & Azure Manabeast 31404 - Patrol - 7', 0, 0, 0, 0x01);
DELETE FROM `spawn_group_spawn` WHERE id = 33512;
INSERT INTO `spawn_group_spawn` (`Id`, `Guid`, `SlotId`) VALUES (33512, 112437, 0), (33512, 112438, 1);
DELETE FROM `spawn_group_formation` WHERE id = 33512;
INSERT INTO `spawn_group_formation` (`Id`, `FormationType`, `FormationSpread`, `FormationOptions`, `PathId`, `MovementType`, `Comment`) VALUES
(33512, 2, 3, 0, 33512, 1, 'Crystalsong Forest - Azure Spellweaver 31403 & Azure Manabeast 31404 - Patrol - 7');
DELETE FROM `spawn_group` WHERE id = 33513;
INSERT INTO `spawn_group` (`Id`, `Name`, `Type`, `MaxCount`, `WorldState`, `Flags`) VALUES (33513, 'Crystalsong Forest - Azure Spellweaver 31403 & Azure Manabeast 31404 - Patrol - 8', 0, 0, 0, 0x01);
DELETE FROM `spawn_group_spawn` WHERE id = 33513;
INSERT INTO `spawn_group_spawn` (`Id`, `Guid`, `SlotId`) VALUES (33513, 112439, 0), (33513, 112440, 1);
DELETE FROM `spawn_group_formation` WHERE id = 33513;
INSERT INTO `spawn_group_formation` (`Id`, `FormationType`, `FormationSpread`, `FormationOptions`, `PathId`, `MovementType`, `Comment`) VALUES
(33513, 2, 3, 0, 33513, 2, 'Crystalsong Forest - Azure Spellweaver 31403 & Azure Manabeast 31404 - Patrol - 8');
DELETE FROM `waypoint_path_name` WHERE PathId = 33513;
INSERT INTO `waypoint_path_name` (`PathId`, `Name`) VALUES (33513,'Crystalsong Forest - Azure Spellweaver 31403 & Azure Manabeast 31404 - Patrol - 8');
DELETE FROM `waypoint_path` WHERE PathId = 33513;
INSERT INTO `waypoint_path` (`PathId`, `Point`, `PositionX`, `PositionY`,`PositionZ`, `Orientation`, `WaitTime`, `ScriptId`) VALUES
(33513,1,5217.776,658.35675,197.30757,100,2000,0),
(33513,2,5216.434,674.5471,199.87938,100,0,0),
(33513,3,5209.3774,686.3204,198.37303,100,0,0),
(33513,4,5201.7134,702.9078,194.9688,100,0,0),
(33513,5,5196.082,707.86053,196.38387,100,0,0),
(33513,6,5186.182,718.7038,201.32014,100,0,0),
(33513,7,5184.398,741.3065,205.3167,100,0,0),
(33513,8,5184.593,753.49243,205.28252,100,0,0),
(33513,9,5183.6733,769.7264,208.9421,100,0,0),
(33513,10,5183.205,779.26495,212.79878,100,2000,0);
DELETE FROM `creature_addon` WHERE `guid` IN (SELECT `guid` FROM `creature` WHERE `id` IN (31402));
DELETE FROM `creature_movement` WHERE `id` IN (SELECT `guid` FROM `creature` WHERE `id` IN (31402));
DELETE FROM `creature` WHERE `id` IN (31402);
INSERT INTO `creature` (`guid`, `id`, `map`, `spawnMask`, `phaseMask`, `position_x`, `position_y`, `position_z`, `orientation`, `spawntimesecsmin`, `spawntimesecsmax`, `spawndist`, `MovementType`) VALUES
(112445, 31402, 571, 1, 1, 5660.19, 1028.45, 174.563, 2.79253, 180, 180, 0, 0),
(109019, 31402, 571, 1, 1, 5659.53, 987.84, 174.568, 0.314159, 180, 180, 0, 0),
(109018, 31402, 571, 1, 1, 5715.94, 1004.29, 174.563, 2.47837, 180, 180, 0, 0),
(112450, 31402, 571, 1, 1, 5573.34, 862.854, 161.739, 1.48353, 300, 300, 0, 0),
(112446, 31402, 571, 1, 1, 5434.65, 729.678, 186.696, 0, 300, 300, 0, 2),
(112447, 31402, 571, 1, 1, 5362.53, 869.773, 182.784, 0, 300, 300, 0, 4),
(112451, 31402, 571, 1, 1, 5464.41, 716.29, 171.82, 2.6529, 300, 300, 0, 0),
(112452, 31402, 571, 1, 1, 5411.68, 623.162, 178.355, 0.872665, 300, 300, 0, 0),
(112453, 31402, 571, 1, 1, 5344.32, 595.7, 183.074, 4.99164, 300, 300, 0, 0),
(112448, 31402, 571, 1, 1, 5232.54, 577.22, 186.02, 0, 300, 300, 0, 4),
(112449, 31402, 571, 1, 1, 5557.55, 914.363, 227.912, 0, 300, 300, 0, 2);
UPDATE creature_template_addon SET auras = NULL WHERE entry = 31402;
DELETE FROM creature_addon WHERE guid IN (109018,109019,112445,112442,112441);
INSERT INTO creature_addon (guid,mount,stand_state,sheath_state,pvp_flags,emote,moveflags,auras) VALUES
(109018,0,0,1,0,0,0,29266),(109019,0,0,1,0,0,0,29266),(112445,0,0,1,0,0,0,29266),(112442,0,0,1,0,0,0,29266),(112441,0,0,1,0,0,0,29266);
DELETE FROM creature_movement WHERE Id IN (112446,112447,112448,112449);
INSERT INTO creature_movement (id, point, positionx, positiony, positionz, orientation, waittime, scriptid) VALUES
(112446,1,5434.6514,729.67755,186.69624,100,0,0),
(112446,2,5424.2207,745.3154,189.07738,100,0,0),
(112446,3,5425.2295,759.6531,187.10838,100,0,0),
(112446,4,5424.1465,777.35364,184.54306,100,0,0),
(112446,5,5434.4033,783.9654,182.81616,100,0,0),
(112446,6,5450.2334,781.68274,181.09998,100,0,0),
(112446,7,5469.664,767.1058,178.77632,100,0,0),
(112446,8,5465.3926,745.0414,178.15956,100,0,0),
(112447,1,5362.5254,869.77344,182.784,100,0,0),
(112447,2,5349.606,876.76447,184.35431,100,0,0),
(112447,3,5334.7207,874.54596,185.72821,100,0,0),
(112447,4,5328.4756,889.2465,189.27284,100,0,0),
(112447,5,5314.742,900.71124,194.70587,100,0,0),
(112447,6,5294.577,908.59674,198.58363,100,0,0),
(112448,1,5232.5376,577.2203,186.01953,100,0,0),
(112448,2,5220.886,591.7798,188.15442,100,0,0),
(112448,3,5217.605,612.92786,191.57994,100,0,0),
(112448,4,5206.0957,622.09357,196.2097,100,0,0),
(112448,5,5207.4556,639.8265,196.15791,100,0,0),
(112448,6,5222.6284,648.2538,194.53792,100,0,0),
(112448,7,5231.276,657.504,194.96016,100,0,0),
(112449,1,5557.5474,914.3631,227.91179,100,0,0),
(112449,2,5544.703,910.54865,227.87708,100,0,0),
(112449,3,5531.7056,912.5208,227.91203,100,0,0),
(112449,4,5528.16,925.24054,227.87708,100,0,0),
(112449,5,5529.973,938.7063,227.9142,100,0,0),
(112449,6,5540.897,941.5965,227.87708,100,0,0),
(112449,7,5555.855,940.02844,227.89307,100,0,0),
(112449,8,5559.864,927.117,227.87708,100,0,0);
DELETE FROM dbscripts_on_relay WHERE id IN (20735,20736,20737);
INSERT INTO dbscripts_on_relay (id, delay, command, datalong, datalong2, datalong3, buddy_entry, search_radius, data_flags, dataint, dataint2, dataint3, dataint4, x, y, z, o, comments) VALUES
(20735,1,15,59044,0,0,31400,112479,1|0x10,0,0,0,0,0,0,0,0,'Part of Azure Front Channel Stalker EAI: - Cast 59044 on buddy'),
(20736,1,15,59044,0,0,31400,113967,1|0x10,0,0,0,0,0,0,0,0,'Part of Azure Front Channel Stalker EAI: - Cast 59044 on buddy'),
(20737,1,15,59044,0,0,31400,112480,1|0x10,0,0,0,0,0,0,0,0,'Part of Azure Front Channel Stalker EAI: - Cast 59044 on buddy');
DELETE FROM `creature_addon` WHERE `guid` IN (SELECT `guid` FROM `creature` WHERE `id` IN (30861));
DELETE FROM `creature_movement` WHERE `id` IN (SELECT `guid` FROM `creature` WHERE `id` IN (30861));
DELETE FROM `creature` WHERE `id` IN (30861);
INSERT INTO `creature` (`guid`, `id`, `map`, `spawnMask`, `phaseMask`, `position_x`, `position_y`, `position_z`, `orientation`, `spawntimesecsmin`, `spawntimesecsmax`, `spawndist`, `MovementType`) VALUES
(112561, 30861, 571, 1, 1, 5176.47, -561.28, 159.714, 5.17624, 300, 300, 0, 4),
(112562, 30861, 571, 1, 1, 5528.73, -236.911, 162.596, 5.51011, 300, 300, 0, 4);
DELETE FROM creature_movement WHERE Id IN (112561,112562);
INSERT INTO creature_movement (id, point, positionx, positiony, positionz, orientation, waittime, scriptid) VALUES
(112561,1,5176.466,-561.2797,159.7138,100,0,0),
(112561,2,5198.007,-526.8958,159.25449,100,0,0),
(112561,3,5207.997,-501.90668,161.30594,100,0,0),
(112561,4,5188.6187,-477.26828,164.76382,100,0,0),
(112561,5,5168.7896,-451.5974,168.14476,100,0,0),
(112561,6,5185.5103,-437.58038,163.26866,100,0,0),
(112561,7,5214.6064,-426.37955,164.16347,100,0,0),
(112561,8,5257.6055,-413.87735,169.95352,100,0,0),
(112561,9,5267.8384,-391.41177,171.98119,100,0,0),
(112561,10,5259.5215,-374.7864,172.06613,100,0,0),
(112561,11,5253.485,-332.85492,169.1288,100,0,0),
(112561,12,5270.757,-293.8442,170.7649,100,0,0),
(112561,13,5272.1167,-246.0318,165.30133,100,0,0),
(112561,14,5317.8735,-243.15555,169.05109,100,0,0),
(112561,15,5346.4478,-220.89618,168.4331,100,0,0),
(112561,16,5373.697,-208.04793,168.63197,100,0,0),
(112561,17,5404.139,-200.9286,163.21382,100,0,0),
(112561,18,5450.5845,-195.07295,163.64168,100,0,0),
(112561,19,5467.127,-194.05457,160.46455,100,0,0),
(112562,1,5528.725,-236.91113,162.59634,100,0,0),
(112562,2,5522.305,-249.00317,164.05814,100,0,0),
(112562,3,5514.391,-262.21603,166.05411,100,0,0),
(112562,4,5527.216,-278.65286,165.92816,100,0,0),
(112562,5,5551.5015,-281.92734,162.71786,100,0,0),
(112562,6,5570.937,-287.6421,158.94746,100,0,0),
(112562,7,5581.928,-290.26013,157.48494,100,0,0),
(112562,8,5570.0405,-309.9425,160.23975,100,0,0),
(112562,9,5576.621,-324.4771,159.77832,100,0,0),
(112562,10,5568.6978,-354.1642,161.37244,100,0,0),
(112562,11,5557.9834,-374.51367,161.88586,100,0,0),
(112562,12,5572.9062,-385.4298,161.31274,100,0,0),
(112562,13,5562.58,-405.64078,161.38739,100,0,0),
(112562,14,5538.481,-406.301,163.76886,100,0,0),
(112562,15,5526.668,-405.79572,166.13083,100,0,0),
(112562,16,5516.1084,-409.9916,167.01157,100,0,0),
(112562,17,5516.697,-435.19058,163.29196,100,0,0),
(112562,18,5537.0806,-454.84875,161.07404,100,0,0),
(112562,19,5530.372,-475.3635,162.06128,100,0,0),
(112562,20,5542.6675,-504.14957,159.16072,100,0,0),
(112562,21,5560.6196,-512.7498,159.12251,100,0,0),
(112562,22,5552.266,-525.492,159.1573,100,0,0),
(112562,23,5505.9663,-518.8379,160.72044,100,0,0),
(112562,24,5479.883,-491.77676,164.36543,100,0,0),
(112562,25,5474.4365,-462.0486,165.9697,100,0,0);
DELETE FROM `creature_addon` WHERE `guid` IN (SELECT `guid` FROM `creature` WHERE `id` IN (31041));
DELETE FROM `creature_movement` WHERE `id` IN (SELECT `guid` FROM `creature` WHERE `id` IN (31041));
DELETE FROM `creature` WHERE `id` IN (31041);
INSERT INTO `creature` (`guid`, `id`, `map`, `spawnMask`, `phaseMask`, `position_x`, `position_y`, `position_z`, `orientation`, `spawntimesecsmin`, `spawntimesecsmax`, `spawndist`, `MovementType`) VALUES
(93041, 31041, 571, 1, 1, 5141.84, -501.27, 175.657, 5.89034, 300, 300, 15, 1),
(93042, 31041, 571, 1, 1, 5644.41, -932.727, 183.262, 1.70789, 300, 300, 15, 1),
(93043, 31041, 571, 1, 1, 5575.8, -887.28, 173.345, 3.83841, 300, 300, 15, 1),
(93044, 31041, 571, 1, 1, 5140.73, -657.463, 170.301, 0.100769, 300, 300, 15, 1),
(93045, 31041, 571, 1, 1, 5540.42, -587.47, 157.161, 1.34955, 300, 300, 15, 1),
(93046, 31041, 571, 1, 1, 5139.53, -382.407, 180.856, 0.144247, 300, 300, 15, 1),
(112226, 31041, 571, 1, 1, 5217.54, -209.919, 163.101, 3.80734, 300, 300, 15, 1),
(112227, 31041, 571, 1, 1, 5585.63, -104.239, 152.351, 0, 300, 300, 15, 1),
(112228, 31041, 571, 1, 1, 5528.82, -71.8255, 149.573, 5.72335, 300, 300, 15, 1),
(112229, 31041, 571, 1, 1, 5586.74, -141.681, 154.428, 0.496242, 300, 300, 15, 1),
(112230, 31041, 571, 1, 1, 5625.96, -314.39, 154.56, 0.253537, 300, 300, 15, 1),
(112231, 31041, 571, 1, 1, 5590.18, -475.506, 156.503, 2.55281, 300, 300, 15, 1),
(112232, 31041, 571, 1, 1, 5437.86, -40.612, 148.985, 0.150792, 300, 300, 15, 1),
(112233, 31041, 571, 1, 1, 5381.39, -74.6469, 151.067, 0.894724, 300, 300, 15, 1),
(112234, 31041, 571, 1, 1, 5424.37, -82.6015, 147.367, 0, 300, 300, 15, 1),
(112235, 31041, 571, 1, 1, 5642.18, -372.675, 156.265, 2.70635, 300, 300, 15, 1),
(22699, 31041, 571, 1, 1, 5534.44, -759.552, 154.74, 2.62013, 300, 300, 15, 1),
(22712, 31041, 571, 1, 1, 5645.87, -204.922, 168.769, 2.82385, 300, 300, 15, 1),
(23024, 31041, 571, 1, 1, 5280.16, -131.021, 157.452, 2.26283, 300, 300, 15, 1),
(23049, 31041, 571, 1, 1, 5178.05, -262.583, 172.382, 0.173624, 300, 300, 15, 1),
(23050, 31041, 571, 1, 1, 5130.07, -443.239, 181.909, 3.08502, 300, 300, 15, 1),
(23108, 31041, 571, 1, 1, 5120.49, -550.458, 178.682, 1.18618, 300, 300, 15, 1),
(23121, 31041, 571, 1, 1, 5302.81, -986.202, 180.915, 2.52245, 300, 300, 15, 1),
(23147, 31041, 571, 1, 1, 5349.43, -1030.06, 182.778, 3.19235, 300, 300, 15, 1),
(23154, 31041, 571, 1, 1, 5589.22, -840.457, 174.558, 3.83355, 300, 300, 15, 1);
DELETE FROM `creature_addon` WHERE `guid` IN (SELECT `guid` FROM `creature` WHERE `id` IN (33422));
DELETE FROM `creature_movement` WHERE `id` IN (SELECT `guid` FROM `creature` WHERE `id` IN (33422));
DELETE FROM `creature` WHERE `id` IN (33422);
INSERT INTO `creature` (`guid`, `id`, `map`, `spawnMask`, `phaseMask`, `position_x`, `position_y`, `position_z`, `orientation`, `spawntimesecsmin`, `spawntimesecsmax`, `spawndist`, `MovementType`) VALUES
(127699, 33422, 571, 1, 1, 5812.59, 162.211, 179.182, 1.869, 180, 180, 5, 1),
(127700, 33422, 571, 1, 1, 5757.36, 195.87, 182.874, 5.57873, 180, 180, 5, 1),
(127701, 33422, 571, 1, 1, 5808.75, 212.86, 179.711, 0.030741, 180, 180, 5, 1),
(127702, 33422, 571, 1, 1, 5786.79, 231.613, 179.268, 3.01205, 180, 180, 5, 1),
(127703, 33422, 571, 1, 1, 5737.09, 175.558, 181.591, 1.7166, 180, 180, 5, 1),
(127704, 33422, 571, 1, 1, 5761.98, 249.479, 175.708, 4.57125, 180, 180, 5, 1),
(127705, 33422, 571, 1, 1, 5727.65, 146.771, 172.876, 2.39857, 180, 180, 5, 1),
(127706, 33422, 571, 1, 1, 5794.12, 124.009, 177.089, 1.92364, 180, 180, 5, 1),
(127707, 33422, 571, 1, 1, 5787.06, 176.372, 181.583, 2.74049, 180, 180, 0, 4),
(127708, 33422, 571, 1, 1, 5604.93, 126.338, 150.784, 0.621701, 300, 300, 7, 1),
(127709, 33422, 571, 1, 1, 5605.59, 293.128, 164.402, 3.63763, 300, 300, 7, 1),
(127710, 33422, 571, 1, 1, 5616.52, 263.433, 163.752, 3.0957, 300, 300, 7, 1);
DELETE FROM creature_movement WHERE Id IN (127707);
INSERT INTO creature_movement (id, point, positionx, positiony, positionz, orientation, waittime, scriptid) VALUES
(127707,1,5787.065,176.3719,181.58337,100,1000,0),
(127707,2,5791.05,168.96956,181.61719,100,0,0),
(127707,3,5797.2793,156.74025,181.67137,100,0,0),
(127707,4,5802.1294,145.88313,181.79547,100,0,0),
(127707,5,5795.7456,138.03201,181.79634,100,0,0),
(127707,6,5788.6455,133.2283,181.80536,100,0,0),
(127707,7,5783.854,130.88922,181.82166,100,0,0),
(127707,8,5777.146,128.98535,181.83177,100,0,0),
(127707,9,5768.998,129.15865,181.86096,100,0,0),
(127707,10,5762.9165,131.73872,181.85443,100,1000,0);
DELETE FROM `creature_addon` WHERE `guid` IN (SELECT `guid` FROM `creature` WHERE `id` IN (31236));
DELETE FROM `creature_movement` WHERE `id` IN (SELECT `guid` FROM `creature` WHERE `id` IN (31236));
DELETE FROM `creature` WHERE `id` IN (31236);
INSERT INTO `creature` (`guid`, `id`, `map`, `spawnMask`, `phaseMask`, `position_x`, `position_y`, `position_z`, `orientation`, `spawntimesecsmin`, `spawntimesecsmax`, `spawndist`, `MovementType`) VALUES
(92989, 31236, 571, 1, 1, 5548.16, -70.0838, 148.134, 6.22477, 300, 300, 15, 1),
(92990, 31236, 571, 1, 1, 5584.22, 40.276, 148.567, 0.35612, 300, 300, 15, 1),
(92997, 31236, 571, 1, 1, 5676.99, -110.461, 178.369, 5.78261, 300, 300, 15, 1),
(92998, 31236, 571, 1, 1, 5443.63, 25.7569, 148.939, 3.89109, 300, 300, 15, 1),
(92999, 31236, 571, 1, 1, 5609.2, 178.552, 151.785, 1.46413, 300, 300, 15, 1),
(93000, 31236, 571, 1, 1, 5788.43, 341.794, 180.425, 6.28234, 300, 300, 15, 1),
(93006, 31236, 571, 1, 1, 5734.81, 699.221, 152.39, 1.28478, 300, 300, 15, 1),
(93008, 31236, 571, 1, 1, 5658.85, 336.869, 158.202, 5.81739, 300, 300, 15, 1),
(93009, 31236, 571, 1, 1, 5659.65, 643.996, 150.425, 4.09535, 300, 300, 15, 1),
(93010, 31236, 571, 1, 1, 5489.11, 402.72, 155.526, 2.44422, 300, 300, 15, 1),
(93016, 31236, 571, 1, 1, 5962.37, 824.117, 160.478, 6.2744, 300, 300, 15, 1),
(93017, 31236, 571, 1, 1, 5934.76, 1073.32, 198.464, 2.71112, 300, 300, 15, 1),
(93018, 31236, 571, 1, 1, 5590.85, 1021.72, 182.235, 5.51061, 300, 300, 15, 1),
(93024, 31236, 571, 1, 1, 5689.87, 835.543, 156.798, 5.76973, 300, 300, 15, 1),
(93025, 31236, 571, 1, 1, 5606.53, 810.411, 159.732, 2.37001, 300, 300, 15, 1),
(108947, 31236, 571, 1, 1, 5491.3, 720.961, 169.307, 2.97363, 300, 300, 15, 1),
(108948, 31236, 571, 1, 1, 5275.79, 98.5246, 195.353, 3.03919, 300, 300, 15, 1),
(108949, 31236, 571, 1, 1, 5694.6, 256.7, 167.943, 4.21903, 300, 300, 15, 1),
(108950, 31236, 571, 1, 1, 5657.92, 397.901, 157.691, 3.87469, 300, 300, 15, 1),
(108951, 31236, 571, 1, 1, 6037, 724.492, 173.564, 2.04231, 300, 300, 15, 1),
(108952, 31236, 571, 1, 1, 5946.89, 730.564, 165.82, 0.54252, 300, 300, 15, 1),
(111033, 31236, 571, 1, 1, 5838, 954.013, 167.234, 1.93208, 300, 300, 15, 1);
DELETE FROM `creature_addon` WHERE `guid` IN (SELECT `guid` FROM `creature` WHERE `id` IN (30860));
DELETE FROM `creature_movement` WHERE `id` IN (SELECT `guid` FROM `creature` WHERE `id` IN (30860));
DELETE FROM `creature` WHERE `id` IN (30860);
INSERT INTO `creature` (`guid`, `id`, `map`, `spawnMask`, `phaseMask`, `position_x`, `position_y`, `position_z`, `orientation`, `spawntimesecsmin`, `spawntimesecsmax`, `spawndist`, `MovementType`) VALUES
(112563, 30860, 571, 1, 1, 5185.86, -536.16, 160.191, 3.78431, 300, 300, 0, 4),
(112564, 30860, 571, 1, 1, 5379.81, -495.98, 172.306, 2.95498, 300, 300, 0, 4),
(112565, 30860, 571, 1, 1, 5204.69, -603.227, 160.121, 2.08029, 300, 300, 0, 4),
(112566, 30860, 571, 1, 1, 5544.1, -365.495, 164.156, 3.34591, 300, 300, 0, 4),
(112567, 30860, 571, 1, 1, 5527.4, -186.965, 157.167, 1.92774, 300, 300, 0, 4),
(112568, 30860, 571, 1, 1, 5359.71, -839.49, 162.376, 0.785923, 300, 300, 0, 4),
(112569, 30860, 571, 1, 1, 5373.85, -873.001, 164.092, 3.37445, 300, 300, 0, 4),
(112570, 30860, 571, 1, 1, 5379.01, -159.552, 156.382, 2.89898, 300, 300, 0, 4),
(112571, 30860, 571, 1, 1, 5241.35, -301.064, 166.273, 4.55719, 300, 300, 0, 4),
(112572, 30860, 571, 1, 1, 5330.4, -733.996, 162.558, 0.102114, 300, 300, 0, 4),
(112573, 30860, 571, 1, 1, 5332.13, -432.675, 181.835, 4.09718, 300, 300, 0, 4),
(112574, 30860, 571, 1, 1, 5274.05, -534.503, 165.322, 2.98712, 300, 300, 0, 4),
(112575, 30860, 571, 1, 1, 5481.3, -137.509, 149.93, 3.16475, 300, 300, 0, 4),
(112576, 30860, 571, 1, 1, 5499.88, -231.363, 164.4, 5.98986, 300, 300, 0, 4),
(112577, 30860, 571, 1, 1, 5307.01, -216.619, 163.448, 3.97186, 300, 300, 0, 4),
(112578, 30860, 571, 1, 1, 5418.69, -191.493, 157.238, 0, 300, 300, 0, 4),
(23169, 30860, 571, 1, 1, 5507.09, -120.836, 146.904, 0.471239, 300, 300, 0, 0),
(23179, 30860, 571, 1, 1, 5524.13, -321.056, 167.669, 0, 300, 300, 0, 4),
(23182, 30860, 571, 1, 1, 5401.54, -460.124, 179.009, 0, 300, 300, 0, 4),
(23183, 30860, 571, 1, 1, 5384.15, -620.621, 165.129, 0, 300, 300, 0, 4),
(23237, 30860, 571, 1, 1, 5241.3, -645.793, 161.273, 0, 300, 300, 0, 4);
INSERT INTO creature_movement (id, point, positionx, positiony, positionz, orientation, waittime, scriptid) VALUES
(112577,1,5307.011,-216.61945,163.44766,100,0,0),
(112577,2,5295.6465,-229.05315,164.30367,100,0,0),
(112577,3,5298.26,-246.3489,167.47626,100,0,0),
(112577,4,5316.754,-244.58315,169.25958,100,0,0),
(112577,5,5330.252,-227.67952,167.65848,100,0,0),
(112578,1,5418.693,-191.4926,157.2382,100,0,0),
(112578,2,5417.47,-229.98828,171.39986,100,0,0),
(112578,3,5420.066,-236.97604,174.16426,100,0,0),
(112578,4,5435.2607,-234.43202,172.95348,100,0,0),
(112578,5,5451.018,-222.50055,168.17574,100,0,0),
(112570,1,5379.013,-159.55243,156.38242,100,0,0),
(112570,2,5363.8154,-155.77988,155.89294,100,0,0),
(112570,3,5347.12,-150.27719,156.00952,100,0,0),
(112570,4,5345.818,-133.15074,153.69398,100,0,0),
(112570,5,5335.867,-126.09879,153.84755,100,0,0),
(112570,6,5323.2256,-142.43977,155.00993,100,0,0),
(112575,1,5481.303,-137.50917,149.9301,100,0,0),
(112575,2,5460.296,-162.47882,153.5459,100,0,0),
(112575,3,5452.6313,-162.66942,153.9701,100,0,0),
(112575,4,5439.572,-155.46196,152.28528,100,0,0),
(112567,1,5527.398,-186.96512,157.1667,100,0,0),
(112567,2,5544.2417,-243.41197,162.22066,100,0,0),
(112567,3,5550.625,-233.65059,160.41072,100,0,0),
(112567,4,5549.7227,-220.70459,159.49788,100,0,0),
(112567,5,5543.119,-202.98201,157.74617,100,0,0),
(112576,1,5499.8813,-231.36331,164.40018,100,0,0),
(112576,2,5504.0225,-258.0895,167.58047,100,0,0),
(112576,3,5518.8613,-262.5696,165.47452,100,0,0),
(112576,4,5523.1816,-250.32607,163.9866,100,0,0),
(23179,1,5524.1274,-321.05634,167.6689,100,0,0),
(23179,2,5549.0703,-308.90173,163.63548,100,0,0),
(23179,3,5553.703,-328.40857,164.07945,100,0,0),
(23179,4,5561.1436,-343.6163,162.73608,100,0,0),
(112571,1,5241.3477,-301.06445,166.27321,100,0,0),
(112571,2,5255.0415,-314.2378,168.31569,100,0,0),
(112571,3,5275.6245,-334.1307,172.77924,100,0,0),
(112571,4,5271.686,-359.30606,172.5379,100,0,0),
(112566,1,5544.1025,-365.49493,164.156,100,0,0),
(112566,2,5513.287,-394.09375,168.71964,100,0,0),
(112566,3,5528.8696,-413.58432,164.82956,100,0,0),
(112566,4,5516.689,-443.2979,162.87961,100,0,0),
(23182,1,5401.539,-460.12402,179.00945,100,0,0),
(23182,2,5416.1846,-463.10513,175.16301,100,0,0),
(23182,3,5431.4185,-459.0129,174.09953,100,0,0),
(23182,4,5459.4243,-465.26416,166.71043,100,0,0),
(112564,1,5379.81,-495.97955,172.30595,100,0,0),
(112564,2,5357.031,-493.3021,170.67702,100,0,0),
(112564,3,5338.8716,-480.35352,171.41505,100,0,0),
(112564,4,5325.456,-463.47488,175.99802,100,0,0),
(112564,5,5317.077,-461.89243,174.78867,100,0,0),
(112574,1,5274.053,-534.50323,165.32208,100,0,0),
(112574,2,5318.1157,-541.36426,165.77956,100,0,0),
(112574,3,5360.7085,-534.9578,165.57254,100,0,0),
(23183,1,5384.146,-620.6209,165.12863,100,0,0),
(23183,2,5368.302,-610.7715,163.55295,100,0,0),
(23183,3,5358.0938,-607.3965,162.0895,100,0,0),
(23183,4,5344.813,-605.41895,164.20607,100,0,0),
(23183,5,5328.5303,-599.9744,163.33125,100,0,0),
(112573,1,5332.131,-432.67538,181.83513,100,0,0),
(112573,2,5321.8223,-447.41843,178.03867,100,0,0),
(112573,3,5304.97,-457.13434,173.98715,100,0,0),
(112573,4,5285.2285,-453.0313,170.13437,100,0,0),
(112573,5,5266.8535,-431.8948,170.8232,100,0,0),
(112573,6,5260.8115,-410.79153,170.36758,100,0,0),
(112563,1,5185.8574,-536.16016,160.19061,100,0,0),
(112563,2,5210.681,-517.5727,158.92606,100,0,0),
(112563,3,5210.162,-498.57227,161.93225,100,0,0),
(112563,4,5231.5,-500.04678,162.14285,100,0,0),
(112563,5,5244.566,-505.78098,162.36752,100,0,0),
(112565,1,5204.685,-603.22687,160.12051,100,0,0),
(112565,2,5205.743,-570.8597,158.74911,100,0,0),
(112565,3,5194.543,-550.8167,158.19061,100,0,0),
(23237,1,5241.302,-645.7933,161.2728,100,0,0),
(23237,2,5248.528,-662.7642,161.93442,100,0,0),
(23237,3,5268.6323,-642.3764,163.2048,100,0,0),
(23237,4,5297.36,-639.8589,162.96579,100,0,0),
(112572,1,5330.3955,-733.9964,162.5576,100,0,0),
(112572,2,5351.5723,-737.0456,160.36937,100,0,0),
(112572,3,5391.0864,-732.8016,161.96445,100,0,0),
(112572,4,5412.8555,-751.49585,161.27727,100,0,0),
(112568,1,5359.7095,-839.49005,162.37581,100,0,0),
(112568,2,5374.5273,-824.62787,161.21304,100,0,0),
(112568,3,5375.6074,-817.07935,161.75418,100,0,0),
(112568,4,5375.962,-803.8167,161.5734,100,0,0),
(112568,5,5367.3853,-797.8976,162.40349,100,0,0),
(112568,6,5358.6973,-796.62897,163.91914,100,0,0),
(112569,1,5373.85,-873.001,164.092,100,0,0),
(112569,2,5399.047,-866.06836,163.01671,100,0,0),
(112569,3,5404.157,-853.8249,161.54834,100,0,0),
(112569,4,5410.21,-843.919,161.549,100,0,0),
(112569,5,5421.99,-843.062,159.882,100,0,0),
(112569,6,5432.22,-845.376,158.672,100,0,0),
(112569,7,5438.58,-865.244,159.002,100,0,0),
(112569,8,5445.33,-870.077,159.233,100,0,0),
(112569,9,5460.81,-857.641,157.924,100,0,0);
DELETE FROM `creature_addon` WHERE `guid` IN (SELECT `guid` FROM `creature` WHERE `id` IN (30862));
DELETE FROM `creature_movement` WHERE `id` IN (SELECT `guid` FROM `creature` WHERE `id` IN (30862));
DELETE FROM `creature` WHERE `id` IN (30862);
INSERT INTO `creature` (`guid`, `id`, `map`, `spawnMask`, `phaseMask`, `position_x`, `position_y`, `position_z`, `orientation`, `spawntimesecsmin`, `spawntimesecsmax`, `spawndist`, `MovementType`) VALUES
(93027, 30862, 571, 1, 1, 5494.74, -1030.66, 186.814, 0.166754, 300, 300, 15, 1),
(93028, 30862, 571, 1, 1, 5459.17, -962.651, 166.094, 5.83264, 300, 300, 15, 1),
(93030, 30862, 571, 1, 1, 5314.33, -239.477, 167.882, 1.17719, 300, 300, 15, 1),
(93031, 30862, 571, 1, 1, 5202.59, -508.765, 160.694, 0.967906, 300, 300, 15, 1),
(93047, 30862, 571, 1, 1, 5475.5, -673.666, 151.92, 1.08765, 300, 300, 15, 1),
(93048, 30862, 571, 1, 1, 5234.87, -463.372, 166.161, 0.97702, 300, 300, 15, 1),
(93049, 30862, 571, 1, 1, 5490.6, -624.146, 152.075, 0.509943, 300, 300, 15, 1),
(93050, 30862, 571, 1, 1, 5546.57, -355.873, 164.025, 1.91202, 300, 300, 15, 1),
(93051, 30862, 571, 1, 1, 5258.57, -810.269, 175.317, 6.22936, 300, 300, 15, 1),
(93052, 30862, 571, 1, 1, 5189.26, -746.197, 171.416, 2.19593, 300, 300, 15, 1),
(93055, 30862, 571, 1, 1, 5208.83, -623.843, 159.871, 4.34742, 300, 300, 15, 1),
(93056, 30862, 571, 1, 1, 5247.81, -327.14, 168.023, 1.21834, 300, 300, 15, 1),
(93057, 30862, 571, 1, 1, 5344.32, -162.637, 157.881, 3.05007, 300, 300, 15, 1),
(93058, 30862, 571, 1, 1, 5284.45, -377.736, 176.575, 2.62729, 300, 300, 15, 1),
(112539, 30862, 571, 1, 1, 5268.05, -256.435, 165.874, 3.61517, 300, 300, 15, 1),
(112540, 30862, 571, 1, 1, 5229.61, -416.316, 165.132, 3.1338, 300, 300, 15, 1),
(112541, 30862, 571, 1, 1, 5320.96, -420.611, 182.176, 1.85272, 300, 300, 15, 1),
(112542, 30862, 571, 1, 1, 5278.82, -487.114, 166.611, 3.25847, 300, 300, 15, 1),
(112543, 30862, 571, 1, 1, 5530.94, -314.946, 166.269, 0.849274, 300, 300, 15, 1),
(112544, 30862, 571, 1, 1, 5504.39, -270.89, 168.413, 1.52813, 300, 300, 15, 1),
(112545, 30862, 571, 1, 1, 5423.17, -163.937, 152.326, 4.38817, 300, 300, 15, 1),
(112546, 30862, 571, 1, 1, 5538.64, -991.114, 194.364, 0.033223, 300, 300, 15, 1),
(112547, 30862, 571, 1, 1, 5490.13, -700.111, 150.643, 5.86986, 300, 300, 15, 1),
(112548, 30862, 571, 1, 1, 5522.74, -182.916, 156.994, 0.316919, 300, 300, 15, 1),
(112549, 30862, 571, 1, 1, 5549.15, -274.505, 162.974, 1.3245, 300, 300, 15, 1),
(112550, 30862, 571, 1, 1, 5497.91, -379.652, 173.199, 3.03595, 300, 300, 15, 1),
(112551, 30862, 571, 1, 1, 5463.79, -465.489, 166.075, 2.91421, 300, 300, 15, 1),
(112552, 30862, 571, 1, 1, 5354.3, -504.689, 168.786, 4.11393, 300, 300, 15, 1),
(112553, 30862, 571, 1, 1, 5460.85, -208.03, 164.733, 4.10489, 300, 300, 15, 1);
DELETE FROM `creature_addon` WHERE `guid` IN (SELECT `guid` FROM `creature` WHERE `id` IN (31231));
DELETE FROM `creature_movement` WHERE `id` IN (SELECT `guid` FROM `creature` WHERE `id` IN (31231));
DELETE FROM `creature` WHERE `id` IN (31231);
INSERT INTO `creature` (`guid`, `id`, `map`, `spawnMask`, `phaseMask`, `position_x`, `position_y`, `position_z`, `orientation`, `spawntimesecsmin`, `spawntimesecsmax`, `spawndist`, `MovementType`) VALUES
(108961, 31231, 571, 1, 1, 5395.22, 128.635, 153.832, 3.15061, 300, 300, 5, 1),
(112308, 31231, 571, 1, 1, 5607.9, 280.426, 163.657, 4.03171, 300, 300, 0, 0),
(112311, 31231, 571, 1, 1, 5761.55, 192.468, 182.957, 1.97222, 300, 300, 0, 0),
(112313, 31231, 571, 1, 1, 5780.04, 197.552, 181.668, 4.9373, 300, 300, 5, 1),
(112316, 31231, 571, 1, 1, 5754.94, 202.283, 182.957, 5.07891, 300, 300, 0, 0),
(112317, 31231, 571, 1, 1, 5755.12, 193.533, 182.957, 1.93731, 300, 300, 0, 0),
(112318, 31231, 571, 1, 1, 5758.21, 195.081, 182.957, 1.91986, 300, 300, 0, 0),
(112320, 31231, 571, 1, 1, 5758.32, 191.146, 182.957, 2.1293, 300, 300, 0, 0),
(112321, 31231, 571, 1, 1, 5761.74, 196.484, 182.957, 2.14675, 300, 300, 0, 0),
(5304, 31231, 571, 1, 1, 5508.92, 432.936, 161.747, 2.42601, 300, 300, 0, 0),
(23246, 31231, 571, 1, 1, 5786.1, 168.134, 181.687, 0.383972, 300, 300, 0, 0),
(23264, 31231, 571, 1, 1, 5668.06, 228.85, 167.306, 1.38928, 300, 300, 5, 1),
(23304, 31231, 571, 1, 1, 5800.04, 142.03, 181.801, 0.947208, 300, 300, 5, 1),
(23329, 31231, 571, 1, 1, 5742.19, 195.88, 181.659, 3.63029, 300, 300, 0, 0),
(23338, 31231, 571, 1, 1, 5430.98, 388.716, 168.03, 3.87463, 300, 300, 0, 0),
(5355, 31231, 571, 1, 1, 5442.4, 381.688, 168.084, 5.21853, 300, 300, 0, 0),
(23341, 31231, 571, 1, 1, 5486.11, 440.806, 164.035, 4.33081, 300, 300, 5, 1),
(23344, 31231, 571, 1, 1, 5439.66, 422.065, 167.608, 0.976561, 300, 300, 5, 1),
(23378, 31231, 571, 1, 1, 5634.74, 278.278, 164.398, 3.86548, 300, 300, 5, 1),
(23392, 31231, 571, 1, 1, 5769.82, 931.393, 158.893, 1.08794, 300, 300, 0, 0),
(23399, 31231, 571, 1, 1, 5695.86, 918.449, 158.893, 1.86598, 300, 300, 0, 0),
(23413, 31231, 571, 1, 1, 5414.46, 199.592, 154.06, 2.52481, 300, 300, 0, 0);
DELETE FROM creature_addon WHERE guid IN (5304,5355);
INSERT INTO creature_addon (guid,mount,stand_state,sheath_state,pvp_flags,emote,moveflags,auras) VALUES (5304,0,0,1,0,426,0,NULL), (5355,0,0,1,0,415,0,NULL);
DELETE FROM `creature_addon` WHERE `guid` IN (SELECT `guid` FROM `creature` WHERE `id` IN (33499));
DELETE FROM `creature_movement` WHERE `id` IN (SELECT `guid` FROM `creature` WHERE `id` IN (33499));
DELETE FROM `creature` WHERE `id` IN (33499);
DELETE FROM creature_template_addon WHERE entry IN (33499);
INSERT INTO creature_template_addon (entry,mount,stand_state,sheath_state,pvp_flags,emote,moveflags,auras) VALUES (33499,0,0,1,0,234,0,NULL);
INSERT INTO `creature` (`guid`, `id`, `map`, `spawnMask`, `phaseMask`, `position_x`, `position_y`, `position_z`, `orientation`, `spawntimesecsmin`, `spawntimesecsmax`, `spawndist`, `MovementType`) VALUES
(127736, 33499, 571, 1, 3, 5427, 440.918, 169.243, 2.56563, 180, 180, 0, 0),
(127737, 33499, 571, 1, 3, 5416.46, 439.152, 170.435, 3.42085, 180, 180, 0, 0),
(127738, 33499, 571, 1, 3, 5411.86, 354.365, 166.123, 5.75959, 180, 180, 0, 0),
(127739, 33499, 571, 1, 3, 5396.52, 375.717, 170.754, 2.53073, 180, 180, 0, 0),
(127740, 33499, 571, 1, 3, 5427.88, 360.651, 163.194, 5.07891, 180, 180, 0, 0),
(127741, 33499, 571, 1, 3, 5410.31, 369.326, 167.655, 3.26377, 180, 180, 0, 0);
INSERT INTO `creature` (`guid`, `id`, `map`, `spawnMask`, `phaseMask`, `position_x`, `position_y`, `position_z`, `orientation`, `spawntimesecsmin`, `spawntimesecsmax`, `spawndist`, `MovementType`) VALUES
(5502, 31401, 571, 1, 1, 5458.53, 424.54, 163.886, 0.226893, 300, 300, 0, 0),
(5507, 31401, 571, 1, 1, 5469.51, 374.177, 158.115, 4.20624, 300, 300, 0, 0);
DELETE FROM creature_addon WHERE guid IN (112461,112464,112467);
INSERT INTO creature_addon (guid,mount,stand_state,sheath_state,pvp_flags,emote,moveflags,auras) VALUES (112461,0,0,1,0,69,0,NULL), (112464,0,0,1,0,69,0,NULL), (112467,0,0,1,0,69,0,NULL);
DELETE FROM dbscripts_on_relay WHERE id IN (20738);
INSERT INTO dbscripts_on_relay (id, delay, command, datalong, datalong2, datalong3, buddy_entry, search_radius, data_flags, dataint, dataint2, dataint3, dataint4, x, y, z, o, comments) VALUES
(20738,1,31,31400,35,0,0,0,0,0,0,0,0,0,0,0,0,'Part of Azure Manashaper 31401 EAI: - search for 31400'),
(20738,10,15,59069,0,0,31400,35,1,0,0,0,0,0,0,0,0,'Part of Azure Manashaper 31401 EAI: - Cast 59069 on buddy');
DELETE FROM `creature_addon` WHERE `guid` IN (SELECT `guid` FROM `creature` WHERE `id` IN (31233));
DELETE FROM `creature_movement` WHERE `id` IN (SELECT `guid` FROM `creature` WHERE `id` IN (31233));
DELETE FROM `creature` WHERE `id` IN (31233);
INSERT INTO `creature` (`guid`, `id`, `map`, `spawnMask`, `phaseMask`, `position_x`, `position_y`, `position_z`, `orientation`, `spawntimesecsmin`, `spawntimesecsmax`, `spawndist`, `MovementType`) VALUES
(92952, 31233, 571, 1, 1, 5402.95, 184.415, 156.232, 4.03128, 300, 300, 5, 1),
(92953, 31233, 571, 1, 1, 5444.9, -12.3125, 150.105, 2.25357, 300, 300, 5, 1),
(92954, 31233, 571, 1, 1, 5607.4, -57.3976, 155.126, 1.39024, 300, 300, 5, 1),
(92955, 31233, 571, 1, 1, 5740.04, 25.5992, 178.127, 1.80587, 300, 300, 5, 1),
(92956, 31233, 571, 1, 1, 5751.46, 460.772, 159.653, 0.799921, 300, 300, 5, 1),
(92957, 31233, 571, 1, 1, 5545.08, 985.547, 176.659, 0, 300, 300, 15, 1),
(92958, 31233, 571, 1, 1, 5665.59, 221.156, 166.561, 2.09551, 300, 300, 5, 1),
(92959, 31233, 571, 1, 1, 5658.24, 41.8529, 163.512, 3.44074, 300, 300, 0, 0),
(92960, 31233, 571, 1, 1, 5784.76, 341.797, 179.55, 3.14286, 300, 300, 5, 1),
(92961, 31233, 571, 1, 1, 5916.07, 948.518, 160.391, 0, 300, 300, 15, 1),
(92964, 31233, 571, 1, 1, 5660.36, 645.282, 150.381, 0.170768, 300, 300, 5, 1),
(92968, 31233, 571, 1, 1, 5512.1, 474.754, 161.584, 1.55908, 300, 300, 0, 0),
(92969, 31233, 571, 1, 1, 5477.77, 495.509, 164.595, 0.099699, 300, 300, 5, 1),
(92971, 31233, 571, 1, 1, 5849.48, 637.707, 171.496, 6.02447, 300, 300, 5, 1),
(92973, 31233, 571, 1, 1, 5971.44, 780.478, 163.953, 5.80513, 300, 300, 5, 1),
(92974, 31233, 571, 1, 1, 5643.44, 787.429, 153.885, 2.12629, 300, 300, 5, 1),
(92976, 31233, 571, 1, 1, 5855.63, 758.34, 159.655, 3.15038, 300, 300, 5, 1),
(92977, 31233, 571, 1, 1, 5724.96, 452.603, 158.876, 2.89752, 300, 300, 5, 1),
(92978, 31233, 571, 1, 1, 5790.33, 840.113, 154.92, 0.161725, 300, 300, 5, 1),
(92985, 31233, 571, 1, 1, 5971.33, 1007.83, 168.269, 0, 300, 300, 15, 1),
(92986, 31233, 571, 1, 1, 5724.5, 324.169, 164.64, 5.90703, 300, 300, 5, 1),
(92987, 31233, 571, 1, 1, 6022.68, 867.98, 155.382, 0, 300, 300, 15, 1),
(92991, 31233, 571, 1, 1, 5449.13, 349.568, 156.158, 0, 300, 300, 15, 1),
(92992, 31233, 571, 1, 1, 5517.46, 537.5, 160.064, 0, 300, 300, 15, 1),
(92993, 31233, 571, 1, 1, 5372.72, 157.505, 161.721, 0, 300, 300, 15, 1);
DELETE FROM `creature_addon` WHERE `guid` IN (SELECT `guid` FROM `creature` WHERE `id` IN (31228));
DELETE FROM `creature_movement` WHERE `id` IN (SELECT `guid` FROM `creature` WHERE `id` IN (31228));
DELETE FROM `creature` WHERE `id` IN (31228);
INSERT INTO `creature` (`guid`, `id`, `map`, `spawnMask`, `phaseMask`, `position_x`, `position_y`, `position_z`, `orientation`, `spawntimesecsmin`, `spawntimesecsmax`, `spawndist`, `MovementType`) VALUES
(92947, 31228, 571, 1, 1, 6014.43, 1027.49, 166.882, 0, 300, 300, 15, 1),
(92948, 31228, 571, 1, 1, 5895.1, 1022.69, 185.539, 0, 300, 300, 15, 1),
(92949, 31228, 571, 1, 1, 6040.72, 817.526, 167.702, 0, 300, 300, 15, 1),
(92950, 31228, 571, 1, 1, 5608.73, 923.122, 165.778, 0, 300, 300, 15, 1),
(92951, 31228, 571, 1, 1, 5434.04, 271.911, 153.203, 0, 300, 300, 15, 1),
(92962, 31228, 571, 1, 1, 5838.07, 883.63, 159.213, 0, 300, 300, 15, 1),
(92963, 31228, 571, 1, 1, 5599.2, 523.367, 153.29, 5.34001, 300, 300, 15, 1),
(92965, 31228, 571, 1, 1, 5770.39, 568.582, 158.981, 4.47973, 300, 300, 15, 1),
(92966, 31228, 571, 1, 1, 5681.63, -85.1868, 173.357, 3.97033, 300, 300, 15, 1),
(92967, 31228, 571, 1, 1, 5506.57, 0.439636, 148.468, 1.10191, 300, 300, 15, 1),
(92970, 31228, 571, 1, 1, 5824.3, 206.737, 179.932, 3.35633, 300, 300, 15, 1),
(92972, 31228, 571, 1, 1, 5565.55, 218.123, 150.937, 0.902305, 300, 300, 15, 1),
(92975, 31228, 571, 1, 1, 5793.57, 388.891, 178.965, 4.23301, 300, 300, 15, 1),
(92979, 31228, 571, 1, 1, 5736.76, 363.929, 166.601, 2.38866, 300, 300, 15, 1),
(92980, 31228, 571, 1, 1, 5603.95, 61.1347, 149.198, 4.7925, 300, 300, 15, 1),
(92981, 31228, 571, 1, 1, 5662.79, 53.7682, 162.887, 2.59228, 300, 300, 15, 1),
(92982, 31228, 571, 1, 1, 5585.42, 656.46, 159.239, 4.66009, 300, 300, 15, 1),
(92983, 31228, 571, 1, 1, 5822.68, 709.327, 161.505, 2.51646, 300, 300, 15, 1),
(92984, 31228, 571, 1, 1, 5820.45, 571.464, 171.866, 2.0703, 300, 300, 15, 1),
(92988, 31228, 571, 1, 1, 5859.34, 679.413, 168.083, 3.04891, 300, 300, 15, 1),
(93001, 31228, 571, 1, 1, 5450.56, 442.956, 165.624, 2.95702, 300, 300, 15, 1),
(93002, 31228, 571, 1, 1, 5953.18, 792.287, 161.301, 0.28131, 300, 300, 15, 1),
(93011, 31228, 571, 1, 1, 5670.21, 311.748, 162.279, 4.19106, 300, 300, 15, 1),
(93012, 31228, 571, 1, 1, 5743.11, 361.785, 167.483, 1.34948, 300, 300, 15, 1),
(93013, 31228, 571, 1, 1, 5805.85, 360.481, 184.785, 3.5541, 300, 300, 15, 1);
REPLACE INTO `creature` (`guid`, `id`, `map`, `spawnMask`, `phaseMask`, `position_x`, `position_y`, `position_z`, `orientation`, `spawntimesecsmin`, `spawntimesecsmax`, `spawndist`, `MovementType`) VALUES
(112490, 31393, 571, 1, 1, 5438.81, 668.266, 322.421, 5.04997, 300, 300, 0, 3),
(112491, 31393, 571, 1, 1, 5291.3, 818.469, 288.776, 0, 300, 300, 0, 3);
DELETE FROM creature_movement WHERE Id IN (112490,112491);
INSERT INTO creature_movement (id, point, positionx, positiony, positionz, orientation, waittime, scriptid) VALUES
(112490,1,5438.815,668.2655,322.42108,100,0,0),
(112490,2,5451.159,709.10034,322.42108,100,0,0),
(112490,3,5476.8647,733.9802,322.42108,100,0,0),
(112490,4,5454.2964,810.34503,322.42108,100,0,0),
(112490,5,5427.173,886.34015,322.42108,100,0,0),
(112490,6,5387.578,929.3948,322.42108,100,0,0),
(112490,7,5333.851,919.97766,322.42108,100,0,0),
(112490,8,5253.631,889.6624,322.42108,100,0,0),
(112490,9,5204.9907,835.01697,322.42108,100,0,0),
(112490,10,5189.2383,746.423,322.42108,100,0,0),
(112490,11,5220.4736,645.9417,322.42108,100,0,0),
(112490,12,5256.108,601.68915,322.42108,100,0,0),
(112490,13,5306.3574,592.3024,322.42108,100,0,0),
(112490,14,5347.3755,604.81903,322.42108,100,0,0),
(112490,15,5413.7056,632.4085,322.42108,100,0,0),
(112491,1,5291.2993,818.4689,288.7756,100,0,0),
(112491,2,5291.472,818.68335,288.47034,100,0,0),
(112491,3,5302.6475,814.3542,299.387,100,0,0),
(112491,4,5338.491,803.68555,317.63696,100,0,0),
(112491,5,5368.569,787.5017,324.66476,100,0,0),
(112491,6,5383.143,751.4431,329.22006,100,0,0),
(112491,7,5375.0166,694.2756,315.08142,100,0,0),
(112491,8,5325.981,673.482,299.66476,100,0,0),
(112491,9,5267.1343,683.8737,299.41486,100,0,0),
(112491,10,5243.1304,711.9871,306.80365,100,0,0),
(112491,11,5237.7314,749.3507,305.6092,100,0,0),
(112491,12,5250.0005,786.5188,297.66476,100,0,0);
DELETE FROM creature_spawn_data WHERE guid IN (112490,112491);
INSERT INTO creature_spawn_data (guid, Id) VALUES (112490,20056), (112491,20056);
DELETE FROM `creature_addon` WHERE `guid` IN (SELECT `guid` FROM `creature` WHERE `id` IN (30856));
DELETE FROM `creature_movement` WHERE `id` IN (SELECT `guid` FROM `creature` WHERE `id` IN (30856));
DELETE FROM `creature` WHERE `id` IN (30856);
INSERT INTO `creature` (`guid`, `id`, `map`, `spawnMask`, `phaseMask`, `position_x`, `position_y`, `position_z`, `orientation`, `spawntimesecsmin`, `spawntimesecsmax`, `spawndist`, `MovementType`) VALUES
(93032, 30856, 571, 1, 1, 5548.17, -960.585, 188.55, 1.64318, 300, 300, 5, 1),
(93033, 30856, 571, 1, 1, 5487.93, -656.733, 151.12, 5.9714, 300, 300, 5, 1),
(93034, 30856, 571, 1, 1, 5523.87, -809.086, 159.52, 0.588003, 300, 300, 5, 1),
(93035, 30856, 571, 1, 1, 5443.21, -684.69, 156.449, 2.56117, 300, 300, 5, 1),
(93036, 30856, 571, 1, 1, 5481.05, -780.352, 152.972, 3.74479, 300, 300, 5, 1),
(93038, 30856, 571, 1, 1, 5477.37, -942.468, 164.326, 1.59536, 300, 300, 5, 1),
(93039, 30856, 571, 1, 1, 5556.17, -874.091, 165.251, 3.14745, 300, 300, 5, 1),
(112579, 30856, 571, 1, 1, 5510.22, -594.728, 153.325, 0.143868, 300, 300, 5, 1),
(112580, 30856, 571, 1, 1, 5513.78, -715.61, 148.643, 2.57952, 300, 300, 5, 1);
DELETE FROM dbscripts_on_relay WHERE id IN (20739);
INSERT INTO dbscripts_on_relay (id, delay, command, datalong, datalong2, datalong3, buddy_entry, search_radius, data_flags, dataint, dataint2, dataint3, dataint4, x, y, z, o, comments) VALUES
(20739,1,31,30862,25,0,0,0,0,0,0,0,0,0,0,0,0,'Part of Unbound Trickster 30856 EAI: - search for 30862'),
(20739,10,15,58438,0,0,30862,30,1,0,0,0,0,0,0,0,0,'Part of Unbound Trickster 30856 EAI: - Cast 30862 on buddy');
DELETE FROM `creature_addon` WHERE `guid` IN (SELECT `guid` FROM `creature` WHERE `id` IN (30864,31123));
DELETE FROM `creature_movement` WHERE `id` IN (SELECT `guid` FROM `creature` WHERE `id` IN (30864,31123));
DELETE FROM `creature` WHERE `id` IN (30864,31123);
INSERT INTO `creature` (`guid`, `id`, `map`, `spawnMask`, `phaseMask`, `position_x`, `position_y`, `position_z`, `orientation`, `spawntimesecsmin`, `spawntimesecsmax`, `spawndist`, `MovementType`) VALUES
(112524, 30864, 571, 1, 1, 5481.99, -1043.84, 174.746, -1.51262, 300, 300, 5, 1),
(112525, 30864, 571, 1, 1, 5414.77, -882.598, 164.108, 0.86369, 300, 300, 5, 1),
(112518, 30864, 571, 1, 1, 5265.11, -715.235, 167.058, 4.7807, 300, 300, 0, 0),
(112500, 30864, 571, 1, 1, 5543.31, -522.224, 159.14, 5.43838, 300, 300, 0, 0),
(112522, 30864, 571, 1, 1, 5470.13, -1014.58, 176.522, 5.86219, 300, 300, 0, 0),
(112526, 30864, 571, 1, 1, 5515.19, -539.242, 158.039, 5.74672, 300, 300, 0, 0),
(112520, 30864, 571, 1, 1, 5407.79, -1031.36, 175.136, 0, 300, 300, 0, 0),
(112523, 31123, 571, 1, 1, 5470.13, -1014.58, 176.522, 5.86807, 300, 300, 0, 0),
(112519, 31123, 571, 1, 1, 5265.11, -715.235, 167.058, 4.78071, 300, 300, 0, 0),
(112501, 31123, 571, 1, 1, 5543.31, -522.224, 159.14, 5.43841, 300, 300, 0, 0),
(112521, 31123, 571, 1, 1, 5407.79, -1031.36, 175.136, 0, 300, 300, 0, 0);
DELETE FROM `spawn_group` WHERE id = 33514;
INSERT INTO `spawn_group` (`Id`, `Name`, `Type`, `MaxCount`, `WorldState`, `Flags`) VALUES (33514, 'Crystalsong Forest - Shandaral Hunter Spirit 30864 & Shandaral Spirit Wolf 31123 - Patrol - 1', 0, 0, 0, 0x01);
DELETE FROM `spawn_group_spawn` WHERE id = 33514;
INSERT INTO `spawn_group_spawn` (`Id`, `Guid`, `SlotId`) VALUES (33514, 112500, 0), (33514, 112501, 1);
DELETE FROM `spawn_group_formation` WHERE id = 33514;
INSERT INTO `spawn_group_formation` (`Id`, `FormationType`, `FormationSpread`, `FormationOptions`, `PathId`, `MovementType`, `Comment`) VALUES
(33514, 2, 3, 0, 33514, 4, 'Crystalsong Forest - Shandaral Hunter Spirit 30864 & Shandaral Spirit Wolf 31123 - Patrol - 1');
DELETE FROM `waypoint_path_name` WHERE PathId = 33514;
INSERT INTO `waypoint_path_name` (`PathId`, `Name`) VALUES (33514,'Crystalsong Forest - Shandaral Hunter Spirit 30864 & Shandaral Spirit Wolf 31123 - Patrol - 1');
DELETE FROM `waypoint_path` WHERE PathId = 33514;
INSERT INTO `waypoint_path` (`PathId`, `Point`, `PositionX`, `PositionY`,`PositionZ`, `Orientation`, `WaitTime`, `ScriptId`) VALUES
(33514,1,5543.315,-522.22394,159.14021,100,2000,0),
(33514,2,5505.426,-519.4785,160.697,100,0,0),
(33514,3,5492.992,-505.6021,164.04689,100,0,0),
(33514,4,5478.925,-483.1222,164.467,100,0,0),
(33514,5,5468.003,-467.11642,165.50264,100,0,0),
(33514,6,5456.1777,-452.50992,169.5731,100,0,0),
(33514,7,5438.0923,-460.3023,172.10619,100,0,0),
(33514,8,5426.3286,-479.04184,171.21355,100,0,0),
(33514,9,5422.2183,-499.1059,169.08952,100,2000,0);
DELETE FROM `spawn_group` WHERE id = 33515;
INSERT INTO `spawn_group` (`Id`, `Name`, `Type`, `MaxCount`, `WorldState`, `Flags`) VALUES (33515, 'Crystalsong Forest - Shandaral Hunter Spirit 30864 & Shandaral Spirit Wolf 31123 - Patrol - 2', 0, 0, 0, 0x01);
DELETE FROM `spawn_group_spawn` WHERE id = 33515;
INSERT INTO `spawn_group_spawn` (`Id`, `Guid`, `SlotId`) VALUES (33515, 112518, 0), (33515, 112519, 1);
DELETE FROM `spawn_group_formation` WHERE id = 33515;
INSERT INTO `spawn_group_formation` (`Id`, `FormationType`, `FormationSpread`, `FormationOptions`, `PathId`, `MovementType`, `Comment`) VALUES
(33515, 2, 3, 0, 33515, 4, 'Crystalsong Forest - Shandaral Hunter Spirit 30864 & Shandaral Spirit Wolf 31123 - Patrol - 2');
DELETE FROM `waypoint_path_name` WHERE PathId = 33515;
INSERT INTO `waypoint_path_name` (`PathId`, `Name`) VALUES (33515,'Crystalsong Forest - Shandaral Hunter Spirit 30864 & Shandaral Spirit Wolf 31123 - Patrol - 2');
DELETE FROM `waypoint_path` WHERE PathId = 33515;
INSERT INTO `waypoint_path` (`PathId`, `Point`, `PositionX`, `PositionY`,`PositionZ`, `Orientation`, `WaitTime`, `ScriptId`) VALUES
(33515,1,5265.112,-715.23456,167.05826,100,2000,0),
(33515,2,5239.076,-698.1352,165.2673,100,0,0),
(33515,3,5225.785,-675.7913,162.09357,100,0,0),
(33515,4,5222.5728,-648.01117,160.78284,100,0,0),
(33515,5,5220.1313,-612.3183,160.70474,100,0,0),
(33515,6,5238.053,-583.7121,160.159,100,0,0),
(33515,7,5235.5645,-549.7577,158.31961,100,0,0),
(33515,8,5241.815,-536.75555,159.69461,100,0,0),
(33515,9,5256.4756,-520.9168,161.55295,100,0,0),
(33515,10,5289.114,-514.0457,163.94778,100,2000,0);
DELETE FROM `spawn_group` WHERE id = 33516;
INSERT INTO `spawn_group` (`Id`, `Name`, `Type`, `MaxCount`, `WorldState`, `Flags`) VALUES (33516, 'Crystalsong Forest - Shandaral Hunter Spirit 30864 & Shandaral Spirit Wolf 31123 - Patrol - 3', 0, 0, 0, 0x01);
DELETE FROM `spawn_group_spawn` WHERE id = 33516;
INSERT INTO `spawn_group_spawn` (`Id`, `Guid`, `SlotId`) VALUES (33516, 112520, 0), (33516, 112521, 1);
DELETE FROM `spawn_group_formation` WHERE id = 33516;
INSERT INTO `spawn_group_formation` (`Id`, `FormationType`, `FormationSpread`, `FormationOptions`, `PathId`, `MovementType`, `Comment`) VALUES
(33516, 2, 3, 0, 33516, 4, 'Crystalsong Forest - Shandaral Hunter Spirit 30864 & Shandaral Spirit Wolf 31123 - Patrol - 3');
DELETE FROM `waypoint_path_name` WHERE PathId = 33516;
INSERT INTO `waypoint_path_name` (`PathId`, `Name`) VALUES (33516,'Crystalsong Forest - Shandaral Hunter Spirit 30864 & Shandaral Spirit Wolf 31123 - Patrol - 3');
DELETE FROM `waypoint_path` WHERE PathId = 33516;
INSERT INTO `waypoint_path` (`PathId`, `Point`, `PositionX`, `PositionY`,`PositionZ`, `Orientation`, `WaitTime`, `ScriptId`) VALUES
(33516,1,5407.7866,-1031.356,175.13638,100,2000,0),
(33516,2,5388.0415,-1014.7551,173.47734,100,0,0),
(33516,3,5367.467,-1002.1464,169.83391,100,0,0),
(33516,4,5373.2153,-981.0752,168.63574,100,0,0),
(33516,5,5368.0054,-960.0721,167.96118,100,0,0),
(33516,6,5356.063,-940.04926,168.27489,100,0,0),
(33516,7,5334.9595,-930.12274,169.92134,100,0,0),
(33516,8,5315.518,-921.26855,172.25314,100,0,0),
(33516,9,5296.7266,-912.7507,175.43773,100,0,0),
(33516,10,5277.918,-921.5883,177.90697,100,0,0),
(33516,11,5273.2056,-941.7913,179.76158,100,2000,0);
DELETE FROM `spawn_group` WHERE id = 33517;
INSERT INTO `spawn_group` (`Id`, `Name`, `Type`, `MaxCount`, `WorldState`, `Flags`) VALUES (33517, 'Crystalsong Forest - Shandaral Hunter Spirit 30864 & Shandaral Spirit Wolf 31123 - Patrol - 4', 0, 0, 0, 0x01);
DELETE FROM `spawn_group_spawn` WHERE id = 33517;
INSERT INTO `spawn_group_spawn` (`Id`, `Guid`, `SlotId`) VALUES (33517, 112522, 0), (33517, 112523, 1);
DELETE FROM `spawn_group_formation` WHERE id = 33517;
INSERT INTO `spawn_group_formation` (`Id`, `FormationType`, `FormationSpread`, `FormationOptions`, `PathId`, `MovementType`, `Comment`) VALUES
(33517, 2, 3, 0, 33517, 4, 'Crystalsong Forest - Shandaral Hunter Spirit 30864 & Shandaral Spirit Wolf 31123 - Patrol - 4');
DELETE FROM `waypoint_path_name` WHERE PathId = 33517;
INSERT INTO `waypoint_path_name` (`PathId`, `Name`) VALUES (33517,'Crystalsong Forest - Shandaral Hunter Spirit 30864 & Shandaral Spirit Wolf 31123 - Patrol - 4');
DELETE FROM `waypoint_path` WHERE PathId = 33517;
INSERT INTO `waypoint_path` (`PathId`, `Point`, `PositionX`, `PositionY`,`PositionZ`, `Orientation`, `WaitTime`, `ScriptId`) VALUES
(33517,1,5470.13,-1014.58,176.522,100,2000,0),
(33517,2,5481.08,-1027.12,182.045,100,0,0),
(33517,3,5493.24,-1068.22,193.444,100,2000,0);
DELETE FROM dbscripts_on_relay WHERE id IN (20740);
INSERT INTO dbscripts_on_relay (id, delay, command, datalong, datalong2, datalong3, buddy_entry, search_radius, data_flags, dataint, dataint2, dataint3, dataint4, x, y, z, o, comments) VALUES
(20740,1,32,1,0,0,0,0,2,0,0,0,0,0,0,0,0,'pause WP'),
(20740,100,37,0,0,0,0,0,2,0,0,0,0,0,0,0,0,'move towards target'),
(20740,5000,1,396,0,0,0,0,2,0,0,0,0,0,0,0,0,'emote'),
(20740,8000,1,153,0,0,0,0,2,0,0,0,0,0,0,0,0,'emote'),
(20740,11000,32,0,0,0,0,0,2,0,0,0,0,0,0,0,0,'unpause WP');
DELETE FROM `creature_addon` WHERE `guid` IN (SELECT `guid` FROM `creature` WHERE `id` IN (30863,30865));
DELETE FROM `creature_movement` WHERE `id` IN (SELECT `guid` FROM `creature` WHERE `id` IN (30863,30865));
DELETE FROM `creature` WHERE `id` IN (30863,30865);
INSERT INTO `creature` (`guid`, `id`, `map`, `spawnMask`, `phaseMask`, `position_x`, `position_y`, `position_z`, `orientation`, `spawntimesecsmin`, `spawntimesecsmax`, `spawndist`, `MovementType`) VALUES
(112529, 30865, 571, 1, 1, 5425.48, -918.537, 165.94, 3.7001, 300, 300, 0, 0),
(112530, 30863, 571, 1, 1, 5500.84, -558.263, 157.866, 5.20073, 300, 300, 0, 0),
(112514, 30865, 571, 1, 1, 5384.02, -783.603, 156.793, 1.93731, 300, 300, 0, 0),
(112511, 30865, 571, 1, 1, 5307.88, -680.026, 163.018, 5.30593, 300, 300, 0, 2),
(112531, 30865, 571, 1, 1, 5408.15, -786.723, 156.061, 3.25959, 300, 300, 0, 0),
(112532, 30865, 571, 1, 1, 5328.52, -790.152, 165.518, 5.251, 300, 300, 0, 0),
(112533, 30865, 571, 1, 1, 5364.85, -777.385, 156.834, 4.99547, 300, 300, 5, 1),
(112534, 30865, 571, 1, 1, 5441.58, -799.435, 155.468, 2.29548, 300, 300, 5, 1),
(112535, 30865, 571, 1, 1, 5390.1, -753.646, 156.881, 1.73319, 300, 300, 5, 1),
(112510, 30865, 571, 1, 1, 5360.1, -819.005, 165.532, 2.07307, 300, 300, 0, 2),
(112536, 30865, 571, 1, 1, 5316.98, -590.268, 165.481, 3.15905, 300, 300, 0, 0),
(112515, 30865, 571, 1, 1, 5304.41, -567.677, 166.739, 1.76278, 300, 300, 0, 0),
(112537, 30863, 571, 1, 1, 5495.46, -541.869, 159.122, 6.16101, 300, 300, 0, 0),
(112538, 30865, 571, 1, 1, 5467.35, -553.575, 158.414, 1.95923, 300, 300, 5, 1),
(23414, 30865, 571, 1, 1, 5411.45, -895.82, 165.94, 5.44543, 300, 300, 0, 0),
(112504, 30865, 571, 1, 1, 5530.47, -549.706, 157.977, 5.01265, 300, 300, 0, 4),
(23423, 30865, 571, 1, 1, 5495.46, -541.869, 159.122, 6.16101, 300, 300, 0, 0),
(112513, 30865, 571, 1, 1, 5480.55, -517.363, 162.639, 5.96903, 300, 300, 0, 0),
(112508, 30865, 571, 1, 1, 5309.43, -741.21, 162.904, 0.374985, 300, 300, 0, 2),
(23434, 30865, 571, 1, 1, 5286.67, -553.345, 166.739, 4.9757, 300, 300, 0, 0),
(112507, 30865, 571, 1, 1, 5314.03, -796.765, 165.486, 1.1878, 300, 300, 0, 2),
(23452, 30865, 571, 1, 1, 5337.8, -824.36, 165.436, 1.50106, 300, 300, 5, 1),
(112517, 30865, 571, 1, 1, 5255.15, -618.642, 162.987, 5.23599, 300, 300, 0, 0),
(23492, 30865, 571, 1, 1, 5340.57, -560.297, 163.971, 5.10078, 300, 300, 7, 1),
(23538, 30865, 571, 1, 1, 5441.12, -911.869, 164.142, 2.70526, 300, 300, 0, 0),
(23580, 30865, 571, 1, 1, 5410.68, -914.799, 165.87, 5.5019, 300, 300, 5, 1),
(112509, 30865, 571, 1, 1, 5417.61, -942.468, 163.753, 4.08203, 300, 300, 0, 4),
(23592, 30865, 571, 1, 1, 5432.54, -521.662, 165.012, 5.96395, 300, 300, 7, 1),
(23609, 30865, 571, 1, 1, 5271.6, -704.479, 165.402, 2.21636, 300, 300, 5, 1),
(23619, 30865, 571, 1, 1, 5313.65, -707.441, 162.944, 5.33299, 300, 300, 5, 1),
(23683, 30865, 571, 1, 1, 5438.39, -550.648, 162.381, 3.67392, 300, 300, 5, 1),
(112528, 30865, 571, 1, 1, 5278.81, -734.433, 162.987, 0.244346, 300, 300, 0, 0),
(112506, 30865, 571, 1, 1, 5372.73, -755.605, 156.756, 0, 300, 300, 0, 4),
(23732, 30865, 571, 1, 1, 5340.59, -803.853, 165.518, 4.32931, 300, 300, 0, 0),
(23743, 30865, 571, 1, 1, 5317.71, -813.541, 165.555, 4.55935, 300, 300, 5, 1),
(23749, 30865, 571, 1, 1, 5297.3, -765.943, 162.903, 3.0964, 300, 300, 5, 1),
(23759, 30865, 571, 1, 1, 5321.08, -553.354, 166.739, 4.60767, 300, 300, 0, 0),
(23779, 30865, 571, 1, 1, 5276.23, -590.122, 165.202, 4.83456, 300, 300, 0, 0),
(112505, 30865, 571, 1, 1, 5276.45, -588.745, 165.675, 4.64258, 300, 300, 0, 4),
(23789, 30865, 571, 1, 1, 5317.49, -615.572, 164.093, 5.96903, 300, 300, 7, 1),
(112512, 30865, 571, 1, 3, 5389.43, -905.448, 164.141, 4.4855, 300, 300, 0, 2);
DELETE FROM creature_addon WHERE guid IN (112513,23779,112514,112515,112517,112528);
INSERT INTO creature_addon (guid,mount,stand_state,sheath_state,pvp_flags,emote,moveflags,auras) VALUES
(112513,0,0,1,0,415,0,NULL),(23779,0,0,1,0,415,0,NULL),(112514,0,0,1,0,415,0,NULL),(112515,0,0,1,0,426,0,NULL),(112517,0,0,1,0,426,0,NULL),(112528,0,0,1,0,426,0,NULL);
DELETE FROM creature_movement WHERE Id IN (112504,112505,112506,112507,112510,112511,112508,112512,112509);
INSERT INTO creature_movement (id, point, positionx, positiony, positionz, orientation, waittime, scriptid) VALUES
(112504,1,5530.471,-549.70557,157.97676,100,2000,0),
(112504,2,5529.841,-559.5335,157.3426,100,0,0),
(112504,3,5521.088,-570.40607,155.36043,100,0,0),
(112504,4,5506.772,-576.10333,155.74312,100,0,0),
(112504,5,5493.6113,-577.1097,156.85867,100,0,0),
(112504,6,5478.178,-580.38196,157.65457,100,0,0),
(112504,7,5458.776,-578.7349,159.64879,100,2000,0),
(112505,1,5276.4453,-588.74506,165.67499,100,2000,0),
(112505,2,5288.0913,-579.4436,165.36249,100,0,0),
(112505,3,5290.417,-575.4884,165.35527,100,0,0),
(112505,4,5290.475,-573.7107,166.22186,100,0,0),
(112505,5,5289.9785,-565.18896,166.64372,100,0,0),
(112505,6,5286.481,-554.202,166.64372,100,0,0),
(112505,7,5321.6567,-554.36664,166.64445,100,0,0),
(112505,8,5330.402,-554.79834,166.64738,100,0,0),
(112505,9,5345.9907,-556.65265,163.46082,100,0,0),
(112505,10,5353.6914,-558.4887,162.75029,100,0,0),
(112505,11,5357.235,-572.1251,165.6732,100,0,0),
(112505,12,5348.9014,-577.91797,165.65654,100,0,0),
(112505,13,5331.661,-584.1468,162.21944,100,0,0),
(112505,14,5318.5073,-588.9816,165.37782,100,2000,0),
(112506,1,5372.725,-755.605,156.75551,100,2000,0),
(112506,2,5388.5547,-757.1473,156.75551,100,0,0),
(112506,3,5388.493,-770.9094,156.80217,100,0,0),
(112506,4,5404.0044,-785.308,156.41849,100,0,0),
(112506,5,5385.1104,-781.92413,156.80217,100,0,0),
(112506,6,5363.545,-771.5294,156.83443,100,0,0),
(112506,7,5358.3823,-762.1309,156.7534,100,0,0),
(112506,8,5332.699,-763.8851,162.00987,100,2000,0),
(112507,1,5314.03,-796.7652,165.48558,100,0,0),
(112507,2,5319.744,-811.3045,165.55498,100,0,0),
(112507,3,5324.917,-830.2284,165.80498,100,0,0),
(112507,4,5337.1934,-822.40137,165.53181,100,0,0),
(112507,5,5356.827,-824.35266,165.53181,100,0,0),
(112507,6,5357.43,-813.11847,165.53181,100,0,0),
(112507,7,5338.444,-809.18286,165.53181,100,0,0),
(112507,8,5338.5366,-803.8273,165.53181,100,0,0),
(112507,9,5336.906,-793.1082,165.45943,100,0,0),
(112507,10,5328.731,-791.71783,165.48558,100,0,0),
(112508,1,5309.43,-741.21,162.904,100,0,0),
(112508,2,5308.71,-722.579,162.904,100,0,0),
(112508,3,5309.1,-703.25,162.904,100,0,0),
(112508,4,5295.75,-699.225,162.904,100,0,0),
(112508,5,5285.48,-707.884,162.904,100,0,0),
(112508,6,5283.85,-727.763,162.904,100,0,0),
(112508,7,5282.97,-749.952,162.904,100,0,0),
(112508,8,5296.57,-766.492,162.904,100,0,0),
(112508,9,5312.37,-756.607,162.913,100,0,0),
(112509,1,5417.608,-942.468,163.753,100,2000,0),
(112509,2,5419.03,-930.07,163.993,100,2000,0),
(112509,3,5418.47,-918.998,165.857,100,0,0),
(112509,4,5412.83,-912.7,165.857,100,0,0),
(112509,5,5412.34,-897.677,165.857,100,0,0),
(112509,6,5426.32,-895.401,165.332,100,0,0),
(112509,7,5433.3,-888.139,164.058,100,0,0),
(112509,8,5417.87,-878.314,164.058,100,0,0),
(112509,9,5399.9,-877.988,164.058,100,0,0),
(112509,10,5394.58,-891.022,164.058,100,0,0),
(112509,11,5393.96,-905.103,164.06,100,2000,0),
(112510,1,5360.1025,-819.0045,165.53181,1.500983119010925292,2000,0),
(112510,2,5360.1025,-819.0045,165.53181,1.500983119010925292,100,3086301),
(112511,1,5307.885,-680.0257,163.01816,5.672319889068603515,2000,0),
(112511,2,5307.885,-680.0257,163.01816,5.672319889068603515,100,3086302),
(112512,1,5389.4272,-905.4484,164.14134,4.781221866607666015,2000,0),
(112512,2,5389.4272,-905.4484,164.14134,4.781221866607666015,100,3086303);
DELETE FROM dbscripts_on_creature_movement WHERE id BETWEEN 3086301 AND 3086303;
INSERT INTO dbscripts_on_creature_movement (id,delay,priority,command,datalong,datalong2,datalong3,buddy_entry,search_radius,data_flags,dataint,dataint2,dataint3,dataint4,datafloat,x,y,z,o,speed,condition_id,comments) VALUES
(3086301,1,0,25,1,0,0,0,0,0x04,0,0,0,0,0,0,0,0,0,0,0,'Run ON'),
(3086301,2,0,20,15,0,0,0,0,0x04,0,0,0,0,1.8,5360.655,-815.09174,166.68712,100,17,0,'jump 1'),
(3086301,400,0,3,0,0,0,0,0,0x04,0,0,0,0,0,5360.49,-812.712,166.711,100,0,0,'move'),
(3086301,700,0,20,15,0,0,0,0,0x04,0,0,0,0,1.8,5359.313,-809.99677,166.94325,100,17,0,'jump 2'),
(3086301,1500,0,20,15,30600,0,0,0,0x04,0,0,0,0,1.8,5354.398,-809.8303,165.43495,100,17,0,'jump 3'),
(3086301,1501,0,25,0,0,0,0,0,0x04,0,0,0,0,0,0,0,0,0,0,0,'Run OFF'),
(3086302,1,0,25,1,0,0,0,0,0x04,0,0,0,0,0,0,0,0,0,0,0,'Run ON'),
(3086302,2,0,20,15,0,0,0,0,0x04,0,0,0,0,1.8,5313.8535,-680.46423,164.22122,100,17,0,'jump 1'),
(3086302,400,0,20,15,0,0,0,0,0x04,0,0,0,0,0,5315.96,-678.148,164.156,100,17,0,'jump 1.5'),
(3086302,700,0,20,15,0,0,0,0,0x04,0,0,0,0,1.8,5313.751,-674.8944,163.99696,100,17,0,'jump 2'),
(3086302,1500,0,20,15,30600,0,0,0,0x04,0,0,0,0,1.8,5311.729,-671.7586,164.56024,100,17,0,'jump 3'),
(3086302,1900,0,3,0,0,0,0,0,0x04,0,0,0,0,0,5308.83,-671.628,164.411,100,0,0,'move'),
(3086302,2200,0,20,15,30600,0,0,0,0x04,0,0,0,0,1.8,5305.551,-676.56604,162.90202,100,17,0,'jump 4'),
(3086302,2201,0,25,0,0,0,0,0,0x04,0,0,0,0,0,0,0,0,0,0,0,'Run OFF'),
(3086303,1,0,25,1,0,0,0,0,0x04,0,0,0,0,0,0,0,0,0,0,0,'Run ON'),
(3086303,2,0,20,15,0,0,0,0,0x04,0,0,0,0,1.8,5389.456,-910.71625,165.33638,100,17,0,'jump 1'),
(3086303,400,0,20,15,0,0,0,0,0x04,0,0,0,0,0,5391.616,-913.0387,165.40662,100,17,0,'jump 1.5'),
(3086303,700,0,20,15,0,0,0,0,0x04,0,0,0,0,1.8,5394.777,-913.86115,164.97685,100,17,0,'jump 2'),
(3086303,1500,0,20,15,30600,0,0,0,0x04,0,0,0,0,1.8,5399.104,-913.6858,165.29282,100,17,0,'jump 3'),
(3086303,1900,0,3,0,0,0,0,0,0x04,0,0,0,0,0,5400.614,-910.1753,165.42584,100,0,0,'move'),
(3086303,2200,0,20,15,30600,0,0,0,0x04,0,0,0,0,1.8,5400.1235,-906.66473,164.05887,100,17,0,'jump 4'),
(3086303,2201,0,25,0,0,0,0,0,0x04,0,0,0,0,0,0,0,0,0,0,0,'Run OFF');
REPLACE INTO `creature_spawn_entry` (`guid`, `entry`) SELECT `guid`, 30863 FROM `creature` WHERE `id` IN (30865);
REPLACE INTO `creature_spawn_entry` (`guid`, `entry`) SELECT `guid`, 30864 FROM `creature` WHERE `id` IN (30865);
REPLACE INTO `creature_spawn_entry` (`guid`, `entry`) SELECT `guid`, 30865 FROM `creature` WHERE `id` IN (30865);
UPDATE `creature` SET `id` = 0 WHERE `id` IN (30865);
DELETE FROM creature_spawn_data WHERE Guid IN (112504,112505,112506,112507,112508,112509);
INSERT INTO creature_spawn_data (Guid, Id) VALUES (112504,80),(112505,80),(112506,80),(112507,80),(112508,80),(112509,80);

DELETE FROM `creature_linking_template` WHERE `entry` = 390 AND `map` = 0;

UPDATE `quest_template` SET `OfferRewardText` = 'It gives me great hope for our future that you come seeking my wisdom. While I have my hands full here with our injured, I am not so busy that I cannot spare a moment to aid you in your first steps as a $C.  To walk in the Light is the highest of callings, and one that I am certain you are more than ready to undertake!$b$bSpeak with me again when you feel that you are ready to begin your training.' WHERE `entry` =9291;
UPDATE `quest_template` SET `OfferRewardText` = 'I am pleased that you have come seeking my knowledge. We have much to do if your magical skills are to be honed.$b$bFor over a hundred years I have taught the arcane, frost and fire magics, and I can feel them just as strongly on this world.  Would you like me to impart some of what I know to you?' WHERE `entry` =9290;

UPDATE `quest_template` SET `BreadcrumbForQuestId` = '9303' WHERE `entry` =10304;
UPDATE `quest_template` SET `PrevQuestId` = '0' WHERE `entry` =9303;
UPDATE `quest_template` SET `BreadcrumbForQuestId` = '9591' WHERE `entry` =9757;
UPDATE `quest_template` SET `PrevQuestId` = '0' WHERE `entry` =9591;

INSERT INTO `gameobject` (`guid`, `id`, `map`,`spawnMask`, `phaseMask`, `position_x`, `position_y`, `position_z`, `orientation`, `rotation0`, `rotation1`, `rotation2`, `rotation3`, `spawntimesecsmin`, `spawntimesecsmax` ) VALUES
(53, 195218, 1, 1, 1, 8008.7421875, -2668.053955078125, 512.06414794921875, 2.757613182067871093, 0, 0, 0.981626510620117187, 0.190812408924102783, 120, 120);

DELETE FROM `creature_addon` WHERE `guid` IN (SELECT `guid` FROM `creature` WHERE `id` IN (29013));
DELETE FROM `creature_movement` WHERE `id` IN (SELECT `guid` FROM `creature` WHERE `id` IN (29013));
DELETE FROM `creature` WHERE `id` IN (29013);
INSERT INTO `creature` (`guid`, `id`, `map`, `spawnMask`, `phaseMask`, `position_x`, `position_y`, `position_z`, `orientation`, `spawntimesecsmin`, `spawntimesecsmax`, `spawndist`, `MovementType`) VALUES
(109098, 29013, 571, 1, 1, 6225.87, 5777.27, -6.35899, 3.90884, 300, 300, 5, 1),
(109102, 29013, 571, 1, 1, 6143.36, 5684.26, 5.13987, 3.89206, 300, 300, 0, 4),
(109097, 29013, 571, 1, 1, 6183.31, 5742.14, -0.421592, 4.17134, 300, 300, 0, 0),
(109099, 29013, 571, 1, 1, 6135.83, 5694.48, 5.23364, 3.82227, 300, 300, 0, 0),
(109100, 29013, 571, 1, 1, 6250.8, 5759.02, -6.35077, 5.92696, 300, 300, 5, 1),
(109101, 29013, 571, 1, 1, 6204.49, 5719, -0.421589, 3.78736, 300, 300, 0, 0),
(109103, 29013, 571, 1, 1, 6153.07, 5675.67, 5.23363, 3.735, 300, 300, 0, 0);
DELETE FROM creature_movement WHERE Id IN (109102);
INSERT INTO creature_movement (id, point, positionx, positiony, positionz, orientation, waittime, scriptid) VALUES
(109102,1,6143.356,5684.2563,5.139875,100,0,0),
(109102,2,6143.356,5684.2563,5.139875,100,0,0),
(109102,3,6173.346,5711.0117,5.1398697,100,0,0),
(109102,4,6194.7397,5730.3696,-0.51648265,100,0,0),
(109102,5,6221.508,5755.33,-6.141373,100,0,0);

DELETE FROM `creature_addon` WHERE `guid` IN (SELECT `guid` FROM `creature` WHERE `id` IN (30737));
DELETE FROM `creature_movement` WHERE `id` IN (SELECT `guid` FROM `creature` WHERE `id` IN (30737));
DELETE FROM `creature` WHERE `id` IN (30737);
INSERT INTO `creature` (`guid`, `id`, `map`, `spawnMask`, `phaseMask`, `position_x`, `position_y`, `position_z`, `orientation`, `spawntimesecsmin`, `spawntimesecsmax`, `spawndist`, `MovementType`) VALUES
(109250, 30737, 571, 1, 1, 5564.83, 5761.14, -75.1426, 1.5708, 300, 300, 0, 0),
(109248, 30737, 571, 1, 1, 5588.94, 5739.51, -71.3437, 4.24115, 300, 300, 0, 0),
(109246, 30737, 571, 1, 1, 5598.86, 5814.94, -69.5647, 3.12053, 300, 300, 0, 0),
(109245, 30737, 571, 1, 1, 5598.86, 5814.94, -69.5647, 3.12112, 300, 300, 0, 0),
(109256, 30737, 571, 1, 1, 5583.92, 5814.81, -70.0261, 0.750492, 300, 300, 0, 0),
(109247, 30737, 571, 1, 1, 5578.37, 5763.33, -75.1115, 5.63741, 300, 300, 0, 0),
(109251, 30737, 571, 1, 1, 5542.65, 5739.22, -76.4428, 2.21657, 300, 300, 0, 0),
(109253, 30737, 571, 1, 1, 5535.73, 5771.62, -77.638, 3.56047, 300, 300, 0, 0),
(109255, 30737, 571, 1, 1, 5572.57, 5732.94, -75.675, 2.13953, 300, 300, 0, 0),
(109254, 30737, 571, 1, 1, 5572.57, 5732.94, -75.675, 1.80518, 300, 300, 0, 0),
(109249, 30737, 571, 1, 1, 5609.85, 5806.96, -70.5212, 0.767945, 300, 300, 0, 0),
(109252, 30737, 571, 1, 1, 5482.46, 5801.87, -76.505, 2.98451, 300, 300, 0, 0);
DELETE FROM `spawn_group` WHERE id = 32501;
INSERT INTO `spawn_group` (`Id`, `Name`, `Type`, `MaxCount`, `WorldState`, `Flags`) VALUES (32501, 'Sholazar Basin - Nesingwary Game Warden 30737 x2 - Patrol - 1', 0, 0, 0, 0x01);
DELETE FROM `spawn_group_spawn` WHERE id = 32501;
INSERT INTO `spawn_group_spawn` (`Id`, `Guid`, `SlotId`) VALUES (32501, 109245, 0), (32501, 109246, 1);
DELETE FROM `spawn_group_formation` WHERE id = 32501;
INSERT INTO `spawn_group_formation` (`Id`, `FormationType`, `FormationSpread`, `FormationOptions`, `PathId`, `MovementType`, `Comment`) VALUES
(32501, 3, 2, 0, 32501, 4, 'Sholazar Basin - Nesingwary Game Warden 30737 x2 - Patrol - 1');
DELETE FROM `waypoint_path_name` WHERE PathId = 32501;
INSERT INTO `waypoint_path_name` (`PathId`, `Name`) VALUES (32501,'Sholazar Basin - Nesingwary Game Warden 30737 x2 - Patrol - 1');
DELETE FROM `waypoint_path` WHERE PathId = 32501;
INSERT INTO `waypoint_path` (`PathId`, `Point`, `PositionX`, `PositionY`,`PositionZ`, `Orientation`, `WaitTime`, `ScriptId`) VALUES
(32501,1,5598.858,5814.943,-69.56468,100,400,0),
(32501,2,5607.721,5815.843,-69.90916,100,0,0),
(32501,3,5613.182,5812.403,-70.332985,100,0,0),
(32501,4,5617.7344,5805.4897,-71.16245,100,0,0),
(32501,5,5628.9893,5805.254,-71.02451,100,0,0),
(32501,6,5638.5376,5802.1997,-71.319016,100,0,0),
(32501,7,5629.04,5804.4795,-71.111305,100,0,0),
(32501,8,5617.903,5804.749,-71.25132,100,0,0),
(32501,9,5612.793,5794.47,-72.02958,100,0,0),
(32501,10,5606.056,5786.5225,-71.911415,100,0,0),
(32501,11,5594.6675,5777.825,-71.92863,100,400,0);
DELETE FROM `spawn_group` WHERE id = 32502;
INSERT INTO `spawn_group` (`Id`, `Name`, `Type`, `MaxCount`, `WorldState`, `Flags`) VALUES (32502, 'Sholazar Basin - Nesingwary Game Warden 30737 x2 - Patrol - 2', 0, 0, 0, 0x01);
DELETE FROM `spawn_group_spawn` WHERE id = 32502;
INSERT INTO `spawn_group_spawn` (`Id`, `Guid`, `SlotId`) VALUES (32502, 109254, 0), (32502, 109255, 1);
DELETE FROM `spawn_group_formation` WHERE id = 32502;
INSERT INTO `spawn_group_formation` (`Id`, `FormationType`, `FormationSpread`, `FormationOptions`, `PathId`, `MovementType`, `Comment`) VALUES
(32502, 3, 2, 0, 32502, 4, 'Sholazar Basin - Nesingwary Game Warden 30737 x2 - Patrol - 2');
DELETE FROM `waypoint_path_name` WHERE PathId = 32502;
INSERT INTO `waypoint_path_name` (`PathId`, `Name`) VALUES (32502,'Sholazar Basin - Nesingwary Game Warden 30737 x2 - Patrol - 2');
DELETE FROM `waypoint_path` WHERE PathId = 32502;
INSERT INTO `waypoint_path` (`PathId`, `Point`, `PositionX`, `PositionY`,`PositionZ`, `Orientation`, `WaitTime`, `ScriptId`) VALUES
(32502,1,5572.568,5732.9395,-75.675,100,400,0),
(32502,2,5579.9272,5721.426,-76.041336,100,0,0),
(32502,3,5582.7754,5709.5156,-77.47066,100,0,0),
(32502,4,5587.325,5696.804,-79.233086,100,0,0),
(32502,5,5583.651,5685.6997,-81.372856,100,400,0);

UPDATE creature SET position_x = 6360.716, position_y = 5447.636, position_z = -34.541943, spawndist = 0, MovementType = 4 WHERE id = 28297;
DELETE FROM creature_movement WHERE Id = 117172;
UPDATE creature_template SET MovementType = 4 WHERE Entry = 28297;
DELETE FROM creature_movement_template WHERE entry = 28297;
INSERT INTO creature_movement_template (Entry, Point, PositionX, PositionY, PositionZ, Orientation, WaitTime, ScriptId) VALUES
(28297,1,6360.716,5447.636,-34.541943,100,1000,0),
(28297,2,6351.5005,5443.2524,-38.089916,100,0,0),
(28297,3,6326.32,5438.92,-47.4345,100,0,0),
(28297,4,6309.31,5441.66,-52.8297,100,0,0),
(28297,5,6296.71,5444.65,-54.5734,100,0,0),
(28297,6,6278.958,5455.994,-51.851,100,0,0),
(28297,7,6278.384,5466.934,-48.00485,100,0,0),
(28297,8,6285.718,5475.217,-46.00485,100,0,0),
(28297,9,6289.036,5487.157,-44.50485,100,0,0),
(28297,10,6285.639,5497.923,-41.37985,100,0,0),
(28297,11,6277.79,5514.69,-37.9793,100,0,0),
(28297,12,6260.125,5523.46,-42.42045,100,0,0),
(28297,13,6244.791,5524.525,-43.92045,100,0,0),
(28297,14,6238.484,5521.841,-44.29545,100,0,0),
(28297,15,6221.912,5519.8374,-50.948097,100,0,0),
(28297,16,6213.6655,5522.975,-51.823097,100,0,0),
(28297,17,6203.8066,5528.569,-51.823097,100,1000,0);
DELETE FROM creature_template_addon WHERE entry IN (28297);
INSERT INTO creature_template_addon (entry, mount, stand_state, sheath_state, pvp_flags, emote, moveflags, auras) VALUES (28297,0,0,1,0,0,0,44366);

UPDATE `creature_template` SET `CallForHelp` = 7 WHERE `entry` IN (11318,11319,11320,11321);
UPDATE `creature_template` SET `CallForHelp` = 5 WHERE `entry` IN (11322,11323,11324);

UPDATE creature SET position_x = 5821.068, position_y = 5357.608, position_z = -67.16735, spawndist = 0, MovementType = 4 WHERE id = 28188;
UPDATE `creature` SET `spawntimesecsmin` = '180', `spawntimesecsmax` = '180' WHERE `guid` =117967;
DELETE FROM creature_movement WHERE Id=117967;
UPDATE creature_template SET MovementType = 4 WHERE Entry = 28188;
DELETE FROM creature_movement_template WHERE entry = 28188;
INSERT INTO creature_movement_template (Entry, Point, PositionX, PositionY, PositionZ, Orientation, WaitTime, ScriptId) VALUES
(28188,1,5821.068,5357.608,-67.16735,100,1000,0),
(28188,2,5823.153,5359.2563,-67.33406,100,0,0),
(28188,3,5826.9463,5363.212,-70.95672,100,0,0),
(28188,4,5831.1743,5367.3296,-74.85453,100,0,0),
(28188,5,5838.0884,5374.25,-74.823204,100,0,0),
(28188,6,5844.13,5380.215,-80.53371,100,1000,0);
UPDATE creature SET position_x = 5821.068, position_y = 5357.608, position_z = -67.16735, spawndist = 0, MovementType = 4 WHERE id = 28186;
UPDATE `creature` SET `spawntimesecsmin` = '180', `spawntimesecsmax` = '180' WHERE `guid` =119734;
DELETE FROM creature_movement WHERE Id=119734;
UPDATE creature_template SET MovementType = 4 WHERE Entry = 28186;
DELETE FROM creature_movement_template WHERE entry = 28186;
INSERT INTO creature_movement_template (Entry, Point, PositionX, PositionY, PositionZ, Orientation, WaitTime, ScriptId) VALUES
(28186,1,5836.1675,5381.1865,-68.04324,100,0,0),
(28186,2,5831.324,5375.4976,-67.801575,100,0,0),
(28186,3,5826.9497,5371.253,-67.80337,100,0,0),
(28186,4,5820.7188,5365.0205,-67.39422,100,0,0);
DELETE FROM `creature_addon` WHERE `guid` IN (SELECT `guid` FROM `creature` WHERE `id` IN (28124));
DELETE FROM `creature_movement` WHERE `id` IN (SELECT `guid` FROM `creature` WHERE `id` IN (28124));
DELETE FROM `creature` WHERE `id` IN (28124);
INSERT INTO `creature` (`guid`, `id`, `map`, `spawnMask`, `phaseMask`, `position_x`, `position_y`, `position_z`, `orientation`, `spawntimesecsmin`, `spawntimesecsmax`, `spawndist`, `MovementType`) VALUES
(117966, 28124, 571, 1, 1, 5949.15, 5493.8, -77.7736, 4.34587, 300, 300, 0, 0),
(23806, 28124, 571, 1, 1, 5974.15, 5336.94, -92.2385, 3.85718, 180, 180, 0, 0),
(23844, 28124, 571, 1, 1, 5934.77, 5312.61, -95.1752, 5.74213, 180, 180, 0, 0),
(23849, 28124, 571, 1, 1, 5870.15, 5322.23, -92.7345, 1.23918, 180, 180, 0, 0),
(23860, 28124, 571, 1, 1, 5901.52, 5471.03, -77.3122, 6.10865, 180, 180, 0, 0),
(23863, 28124, 571, 1, 1, 5882.44, 5454.14, -82.6193, 5.86865, 180, 180, 0, 4),
(23905, 28124, 571, 1, 1, 5923.6, 5481.18, -85.8586, 2.98271, 180, 180, 0, 4),
(23948, 28124, 571, 1, 1, 5950.76, 5377.41, -97.6854, 3.09999, 180, 180, 0, 2),
(23987, 28124, 571, 1, 1, 5930.15, 5447.33, -92.916, 0.982794, 180, 180, 0, 4),
(24029, 28124, 571, 1, 1, 5843.66, 5336.38, -100.268, 0.894138, 180, 180, 0, 4),
(24047, 28124, 571, 1, 1, 5941.21, 5387.05, -102.852, 0.279253, 180, 180, 0, 0),
(24084, 28124, 571, 1, 1, 5803.61, 5309.67, -97.1263, 4.01426, 180, 180, 0, 0),
(24120, 28124, 571, 1, 1, 5887.09, 5383.73, -95.2655, 1.50098, 180, 180, 0, 0),
(24238, 28124, 571, 1, 1, 5847.77, 5292.02, -97.2263, 3.50811, 180, 180, 0, 0),
(24123, 28124, 571, 1, 1, 5817.1, 5340.63, -99.1966, 5.68977, 180, 180, 0, 0),
(24129, 28124, 571, 1, 1, 5838.76, 5366.53, -88.0053, 6.03884, 180, 180, 0, 0);
DELETE FROM creature_addon WHERE guid IN (117966);
INSERT INTO creature_addon (guid,mount,stand_state,sheath_state,pvp_flags,emote,moveflags,auras) VALUES (117966,0,0,1,0,375,0,NULL);
DELETE FROM creature_movement WHERE Id IN (23948,23987,23863,23905,24029);
INSERT INTO creature_movement (id, point, positionx, positiony, positionz, orientation, waittime, scriptid) VALUES
(23948,1,5950.7563,5377.406,-97.685394,100,0,0),
(23948,2,5949.595,5401.444,-96.945595,100,0,0),
(23948,3,5942.907,5416.3345,-94.9611,100,0,0),
(23948,4,5930.5,5438.4536,-93.20833,100,0,0),
(23948,5,5918.6997,5438.941,-91.93172,100,0,0),
(23948,6,5908.0957,5428.5933,-92.78114,100,0,0),
(23948,7,5902.732,5415.6655,-94.95741,100,0,0),
(23948,8,5888.524,5401.226,-95.06167,100,0,0),
(23948,9,5879.287,5388.183,-93.12784,100,0,0),
(23948,10,5877.7886,5377.7827,-94.472565,100,0,0),
(23948,11,5877.754,5361.637,-98.142426,100,0,0),
(23948,12,5886.632,5350.123,-99.76877,100,0,0),
(23948,13,5902.66,5342.08,-99.624,100,0,0),
(23948,14,5922.106,5346.408,-99.76907,100,0,0),
(23948,15,5934.639,5356.6646,-99.310394,100,0,0),
(23948,16,5942.2603,5365.612,-98.37448,100,0,0),
(23987,1,5930.1475,5447.331,-92.91597,100,1000,0),
(23987,2,5941.0635,5443.483,-93.5167,100,0,0),
(23987,3,5949.3735,5443.973,-93.5167,100,0,0),
(23987,4,5958.2017,5445.902,-91.01841,100,0,0),
(23987,5,5968.6943,5443.364,-90.71925,100,0,0),
(23987,6,5980.835,5435.6787,-90.65004,100,0,0),
(23987,7,5994.3804,5423.7246,-90.59502,100,1000,0),
(23863,1,5882.442,5454.144,-82.61929,100,1000,0),
(23863,2,5888.093,5454.749,-85.17789,100,0,0),
(23863,3,5895.018,5453.744,-87.630646,100,0,0),
(23863,4,5901.007,5451.0845,-89.22652,100,0,0),
(23863,5,5905.2324,5444.686,-90.50142,100,1000,0),
(23905,1,5923.6016,5481.182,-85.85863,100,1000,0),
(23905,2,5920.214,5489.627,-83.63768,100,0,0),
(23905,3,5914.311,5498.888,-80.88866,100,0,0),
(23905,4,5908.274,5508.9126,-79.49925,100,0,0),
(23905,5,5902.46,5524.1895,-78.791245,100,0,0),
(23905,6,5896.719,5548.241,-80.39247,100,1000,0),
(24029,1,5843.664,5336.3804,-100.26752,100,1000,0),
(24029,2,5853.557,5348.6978,-99.154236,100,0,0),
(24029,3,5863.639,5357.5493,-98.6546,100,0,0),
(24029,4,5834.7227,5325.6074,-99.140724,100,1000,0);
DELETE FROM creature_spawn_data WHERE Guid IN (23948,23987,23863,23905,24029);
INSERT INTO creature_spawn_data (Guid, Id) VALUES (23948,80),(23987,80),(23863,80),(23905,80),(24029,80);
DELETE FROM dbscripts_on_relay WHERE id IN (20741,20742);
INSERT INTO dbscripts_on_relay (id, delay, command, datalong, datalong2, datalong3, buddy_entry, search_radius, data_flags, dataint, dataint2, dataint3, dataint4, x, y, z, o, comments) VALUES
(20741,1,31,28123,30,0,0,0,0,0,0,0,0,0,0,0,0,'Part of Venture Co. Ruffian 28124: search for 28123'),
(20741,100,32,1,0,0,0,0,0x04,0,0,0,0,0,0,0,0,'Part of Venture Co. Ruffian 28124: pause WP'),
(20741,200,37,0,0,0,28123,35,1,0,0,0,0,0,0,0,0,'Part of Venture Co. Ruffian 28124: move towards target'),
(20741,6000,37,0,0,0,28123,35,1,0,0,0,0,0,0,0,0,'Part of Venture Co. Ruffian 28124: move towards target'),
(20741,9000,15,52908,0,0,28123,15,1,0,0,0,0,0,0,0,0,'Part of Venture Co. Ruffian 28124: cast 52908 on buddy'),
(20741,12000,32,0,0,0,0,0,0,0,0,0,0,0,0,0,0,'Part of Venture Co. Ruffian 28124: unpause WP'),
(20742,1,31,28124,10,0,0,0,0,0,0,0,0,0,0,0,0,'Part of Venture Co. Excavator 28123: search for 28124'),
(20742,100,0,0,0,0,28124,15,7,29206,0,0,0,0,0,0,0,'Part of Venture Co. Excavator 28123: buddy Say'),
(20742,1000,0,0,0,0,0,0,0x04,29211,0,0,0,0,0,0,0,'Part of Venture Co. Excavator 28123: Say'),
(20742,6000,0,0,0,0,0,0,0x04,29213,0,0,0,0,0,0,0,'Part of Venture Co. Excavator 28123: Say');
DELETE FROM `creature_addon` WHERE `guid` IN (SELECT `guid` FROM `creature` WHERE `id` IN (28123));
DELETE FROM `creature_movement` WHERE `id` IN (SELECT `guid` FROM `creature` WHERE `id` IN (28123));
DELETE FROM `creature` WHERE `id` IN (28123);
INSERT INTO `creature` (`guid`, `id`, `map`, `spawnMask`, `phaseMask`, `position_x`, `position_y`, `position_z`, `orientation`, `spawntimesecsmin`, `spawntimesecsmax`, `spawndist`, `MovementType`) VALUES
(117950, 28123, 571, 1, 1, 5973.52, 5500.52, -83.0215, 3.735, 300, 300, 0, 0),
(117951, 28123, 571, 1, 1, 5913.34, 5326.48, -95.9935, 0.070857, 180, 180, 0, 0),
(117952, 28123, 571, 1, 1, 5923, 5361.59, -106.201, 3.57792, 180, 180, 0, 0),
(117953, 28123, 571, 1, 1, 5811.5, 5333.76, -90.8846, 3.98063, 180, 180, 3, 1),
(117954, 28123, 571, 1, 1, 5880.69, 5554.34, -77.7727, 2.53073, 180, 180, 0, 0),
(117955, 28123, 571, 1, 1, 5877.73, 5437.81, -81.1225, 4.86947, 180, 180, 0, 0),
(117956, 28123, 571, 1, 1, 5959.93, 5362.99, -99.1904, 5.20108, 180, 180, 0, 0),
(117957, 28123, 571, 1, 1, 5974.34, 5366.85, -91.6132, 3.01942, 180, 180, 0, 0),
(117958, 28123, 571, 1, 1, 5931.87, 5324.45, -95.5824, 2.80998, 180, 180, 0, 0),
(117959, 28123, 571, 1, 1, 5913.47, 5313.61, -95.4708, 0.820121, 180, 180, 3, 1),
(117960, 28123, 571, 1, 1, 5907.72, 5314.12, -95.453, 5.74213, 180, 180, 0, 0),
(117961, 28123, 571, 1, 1, 5893.11, 5317.99, -95.453, 0.453786, 180, 180, 0, 0),
(117962, 28123, 571, 1, 1, 5888.86, 5323.31, -95.2943, 5.78692, 180, 180, 3, 1),
(117963, 28123, 571, 1, 1, 5845.54, 5394.64, -79.8685, 3.24631, 180, 180, 0, 0),
(117964, 28123, 571, 1, 1, 5878.67, 5565.16, -77.3811, 5.95157, 180, 180, 0, 0),
(117965, 28123, 571, 1, 1, 5865.01, 5561.11, -65.3386, 4.2586, 180, 180, 0, 0),
(24275, 28123, 571, 1, 1, 5875.12, 5539.76, -66.7713, 4.03171, 180, 180, 0, 0),
(24282, 28123, 571, 1, 1, 5876.97, 5489.57, -69.6328, 3.10669, 180, 180, 0, 0),
(24301, 28123, 571, 1, 1, 5872.92, 5514.58, -63.0012, 3.32663, 180, 180, 3, 1),
(24329, 28123, 571, 1, 1, 5894.83, 5488.33, -77.2053, 2.87979, 180, 180, 0, 0),
(24427, 28123, 571, 1, 1, 5952.53, 5485.45, -85.0848, 0.715585, 180, 180, 0, 0),
(24472, 28123, 571, 1, 1, 5862.56, 5403.64, -88.4125, 2.9147, 180, 180, 0, 0),
(24523, 28123, 571, 1, 1, 5980.63, 5477.92, -84.0225, 3.16503, 180, 180, 3, 1),
(24610, 28123, 571, 1, 1, 5919.11, 5428.42, -91.6922, 0.20944, 180, 180, 0, 0),
(24680, 28123, 571, 1, 1, 5975.72, 5450.69, -88.6415, 0.872665, 180, 180, 0, 0),
(24684, 28123, 571, 1, 1, 5951.98, 5407.52, -94.8168, 5.16617, 180, 180, 0, 0),
(24723, 28123, 571, 1, 1, 5957.79, 5324.41, -100.275, 2.96262, 180, 180, 3, 1),
(24748, 28123, 571, 1, 1, 5968.8, 5411.48, -89.345, 0.013256, 180, 180, 3, 1),
(24754, 28123, 571, 1, 1, 5958.83, 5390.18, -97.7749, 5.25344, 180, 180, 0, 0),
(24786, 28123, 571, 1, 1, 5946.91, 5451.19, -93.5275, 1.53589, 180, 180, 0, 0),
(24806, 28123, 571, 1, 1, 5965.01, 5454.48, -91.0167, 4.17978, 180, 180, 3, 1),
(24821, 28123, 571, 1, 1, 5929.61, 5419.88, -91.1499, 4.61614, 180, 180, 3, 1),
(24830, 28123, 571, 1, 1, 5855.33, 5383.98, -88.4441, 3.80482, 180, 180, 0, 0),
(24838, 28123, 571, 1, 1, 5918.33, 5372.91, -98.7709, 4.67748, 180, 180, 0, 0),
(24851, 28123, 571, 1, 1, 5863.8, 5303.54, -93.9932, 1.95044, 180, 180, 3, 1),
(24882, 28123, 571, 1, 1, 5893.81, 5356.89, -97.9321, 5.58505, 180, 180, 0, 0),
(25825, 28123, 571, 1, 1, 5799.24, 5327.71, -97.6621, 2.25148, 180, 180, 0, 0),
(25827, 28123, 571, 1, 1, 5840.82, 5315.43, -97.0629, 5.3058, 180, 180, 0, 0),
(25846, 28123, 571, 1, 1, 5884.79, 5362.42, -98.4171, 5.63741, 180, 180, 0, 0),
(25849, 28123, 571, 1, 1, 5933.79, 5459.12, -93.5275, 0.628319, 180, 180, 0, 0);
DELETE FROM creature_addon WHERE guid IN (117950);
INSERT INTO creature_addon (guid,mount,stand_state,sheath_state,pvp_flags,emote,moveflags,auras) VALUES (117950,0,0,1,0,233,0,NULL);

UPDATE `creature_template` SET `SpeedWalk` = 1, `SpeedRun` = (6 / 7) WHERE `entry` IN (1507,1535,1538);
UPDATE `creature_template` SET `SpeedWalk` = 1, `SpeedRun` = (8 / 7) WHERE `entry` IN (1539,1540,1660,1827,1832,1834,1836,1837,1841,1883,1885,4494,9447,9448,9449,9450,9451,9452,10608,11581,15162);

DELETE FROM `creature_movement` WHERE `id` = 31132;
DELETE FROM `creature_linking` WHERE `master_guid` = 31132;
DELETE FROM `spawn_group` WHERE `Id` = 19023;
INSERT INTO `spawn_group` (`Id`, `Name`, `Type`, `MaxCount`, `WorldState`, `Flags`, `StringId`) VALUES
(19023, 'Desolace (Magram Village) - Magram Pack Runner | Magram Bonepaw (3) Patrol 000', 0, 0, 0, 0, 0);
DELETE FROM `spawn_group_spawn` WHERE `Id` = 19023;
INSERT INTO `spawn_group_spawn` (`Id`, `Guid`, `SlotId`, `Chance`) VALUES (19023, 31132, 0, 0),(19023, 30761, 1, 0),(19023, 30842, 2, 0);
DELETE FROM `spawn_group_formation` WHERE `Id` = 19023;
INSERT INTO `spawn_group_formation` (`Id`, `FormationType`, `FormationSpread`, `FormationOptions`, `PathId`, `MovementType`, `Comment`) VALUES
(19023, 4, 2, 0, 19023, 2, 'Desolace (Magram Village) - Magram Pack Runner | Magram Bonepaw (3) Patrol 000');
DELETE FROM `waypoint_path_name` WHERE `PathId` = 19023;
INSERT INTO `waypoint_path_name` (`PathId`, `Name`) VALUES (19023, 'Desolace (Magram Village) - Magram Pack Runner | Magram Bonepaw (3) Patrol 000');
DELETE FROM `waypoint_path` WHERE `PathId`=19023;
INSERT INTO `waypoint_path` (`PathId`, `Point`, `PositionX`, `PositionY`, `PositionZ`, `Orientation`, `WaitTime`, `ScriptId`) VALUES
(19023, 1, -1871.515869, 937.519714, 90.689217, 100, 0, 0),
(19023, 2, -1887.929199, 948.895447, 91.929886, 100, 0, 0),
(19023, 3, -1897.042114, 928.526855, 100.304443, 100, 0, 0),
(19023, 4, -1901.751221, 908.484741, 111.834000, 100, 0, 0),
(19023, 5, -1896.973267, 896.944641, 114.777451, 100, 0, 0),
(19023, 6, -1890.192505, 881.654541, 121.683907, 100, 0, 0),
(19023, 7, -1872.050171, 874.874329, 119.305977, 100, 0, 0),
(19023, 8, -1838.052490, 861.538818, 97.497658, 100, 0, 0),
(19023, 9, -1830.577026, 860.957947, 94.881477, 100, 0, 0),
(19023, 10, -1825.873657, 855.957886, 94.958374, 100, 0, 0),
(19023, 11, -1819.229614, 844.941895, 95.540497, 100, 0, 0),
(19023, 12, -1817.578247, 823.877258, 102.937248, 100, 0, 0),
(19023, 13, -1796.085449, 809.127930, 103.074394, 100, 0, 0),
(19023, 14, -1748.696777, 813.959473, 101.244598, 100, 0, 0),
(19023, 15, -1725.047729, 825.586365, 96.841393, 100, 0, 0),
(19023, 16, -1683.140381, 833.860962, 95.086594, 100, 0, 0),
(19023, 17, -1661.742920, 836.185059, 95.252350, 100, 0, 0),
(19023, 18, -1636.022705, 853.505981, 91.371803, 100, 0, 0),
(19023, 19, -1614.296753, 837.757263, 100.769348, 100, 0, 0),
(19023, 20, -1597.285767, 826.893066, 111.998833, 100, 0, 0),
(19023, 21, -1610.894531, 835.257996, 102.564148, 100, 0, 0),
(19023, 22, -1632.214355, 852.164795, 92.156349, 100, 0, 0),
(19023, 23, -1655.139648, 838.731445, 95.023338, 100, 0, 0),
(19023, 24, -1675.702393, 834.881531, 94.990479, 100, 0, 0),
(19023, 25, -1720.710815, 827.001160, 96.267876, 100, 0, 0),
(19023, 26, -1744.345703, 815.198120, 100.564713, 100, 0, 0),
(19023, 27, -1791.978394, 807.858398, 102.943840, 100, 0, 0),
(19023, 28, -1815.503296, 820.283325, 103.097618, 100, 0, 0),
(19023, 29, -1817.704102, 841.088806, 95.424324, 100, 0, 0),
(19023, 30, -1822.441162, 849.696594, 96.027992, 100, 0, 0),
(19023, 31, -1827.119385, 858.769714, 94.690811, 100, 0, 0),
(19023, 32, -1833.601563, 861.008423, 95.498398, 100, 0, 0),
(19023, 33, -1868.117920, 873.696228, 116.666855, 100, 0, 0),
(19023, 34, -1887.044556, 878.592346, 122.502464, 100, 0, 0),
(19023, 35, -1893.919312, 890.665100, 116.740662, 100, 0, 0),
(19023, 36, -1901.141724, 904.322632, 113.157997, 100, 0, 0),
(19023, 37, -1898.627563, 922.737122, 103.698311, 100, 0, 0),
(19023, 38, -1890.758057, 948.395508, 92.326302, 100, 0, 0),
(19023, 39, -1872.948975, 940.873779, 90.747314, 100, 0, 0),
(19023, 40, -1875.826172, 911.293945, 93.964500, 100, 0, 0);

DELETE FROM `creature_addon` WHERE `guid` IN (SELECT `guid` FROM `creature` WHERE `id` IN (4685));
DELETE FROM `creature_movement` WHERE `id` IN (SELECT `guid` FROM `creature` WHERE `id` IN (4685));
DELETE FROM `creature` WHERE `id` IN (4685);
INSERT INTO `creature` (`guid`, `id`, `map`, `spawnMask`, `position_x`, `position_y`, `position_z`, `orientation`, `spawntimesecsmin`, `spawntimesecsmax`, `spawndist`, `MovementType`) VALUES
(30516, 4685, 1, 1, -1987.14, 1995.42, 63.8211, 1.79687, 300, 300, 5, 1),
(30631, 4685, 1, 1, -2117.45, 1915.06, 63.2635, 4.72011, 300, 300, 5, 1),
(30894, 4685, 1, 1, -2084.56, 1811.55, 57.5031, 5.16447, 300, 300, 20, 1),
(25858, 4685, 1, 1, -1854.06, 661.969, 107.285, 0.096196, 300, 300, 5, 1),
(25867, 4685, 1, 1, -1860.29, 632.339, 107.374, 1.58117, 300, 300, 0, 2),
(25874, 4685, 1, 1, -1828.83, 562.68, 107.097, 5.81169, 300, 300, 5, 1),
(25883, 4685, 1, 1, -1967.96, 664.144, 107.76, 3.28672, 300, 300, 5, 1),
(25873, 4685, 1, 1, -1991.57, 674.61, 110.49, 0.121447, 300, 300, 0, 2);
DELETE FROM `creature_movement` WHERE `id`=25873;
INSERT INTO `creature_movement` (`id`, `point`, `PositionX`, `PositionY`, `PositionZ`, `orientation`, `waittime`, `ScriptId`) VALUES
(25873, 1, -2002.508667, 673.276611, 112.727882, 100, 0, 0),
(25873, 2, -2024.041260, 665.218140, 117.895279, 100, 0, 0),
(25873, 3, -2028.928223, 652.796814, 118.969315, 100, 0, 0),
(25873, 4, -2026.128174, 614.328613, 129.833420, 100, 0, 0),
(25873, 5, -2026.262817, 603.491394, 135.187759, 100, 0, 0),
(25873, 6, -2016.718628, 585.562256, 146.594803, 100, 0, 0),
(25873, 7, -1996.645874, 564.510803, 165.021759, 100, 0, 0),
(25873, 8, -2013.326904, 581.284546, 150.461029, 100, 0, 0),
(25873, 9, -2025.240845, 597.735657, 137.930115, 100, 0, 0),
(25873, 10, -2026.066040, 608.035339, 132.385803, 100, 0, 0),
(25873, 11, -2029.417725, 646.068970, 119.742897, 100, 0, 0),
(25873, 12, -2027.266602, 661.274048, 120.727760, 100, 0, 0),
(25873, 13, -2012.666992, 670.374878, 114.287926, 100, 0, 0),
(25873, 14, -1985.497803, 675.350647, 109.767197, 100, 0, 0),
(25873, 15, -1976.013428, 664.125793, 107.381088, 100, 0, 0),
(25873, 16, -1965.054932, 647.179016, 107.621910, 100, 0, 0),
(25873, 17, -1945.114990, 634.565125, 107.572479, 100, 0, 0),
(25873, 18, -1958.201904, 643.645508, 107.567596, 100, 0, 0),
(25873, 19, -1957.953369, 654.085938, 107.403511, 100, 0, 0),
(25873, 20, -1951.002686, 668.615173, 107.835907, 100, 0, 0),
(25873, 21, -1935.447510, 674.947388, 109.533409, 100, 0, 0),
(25873, 22, -1943.085938, 674.198364, 108.733421, 100, 0, 0),
(25873, 23, -1955.460571, 660.512695, 107.405373, 100, 0, 0),
(25873, 24, -1959.316162, 649.051025, 107.465027, 100, 0, 0),
(25873, 25, -1943.413818, 634.142151, 107.480415, 100, 0, 0),
(25873, 26, -1957.373779, 640.276001, 107.962280, 100, 0, 0),
(25873, 27, -1970.265869, 655.147644, 107.299385, 100, 0, 0),
(25873, 28, -1980.984131, 672.205017, 108.782951, 100, 0, 0);
DELETE FROM `creature_movement` WHERE `id`=25867;
INSERT INTO `creature_movement` (`id`, `point`, `PositionX`, `PositionY`, `PositionZ`, `orientation`, `waittime`, `ScriptId`) VALUES
(25867, 1, -1860.323608, 635.180054, 107.363625, 100, 0, 0),
(25867, 2, -1858.196045, 660.730530, 107.162590, 100, 0, 0),
(25867, 3, -1855.510132, 672.488892, 107.241127, 100, 0, 0),
(25867, 4, -1846.879883, 690.653442, 108.506882, 100, 0, 0),
(25867, 5, -1836.892822, 712.759277, 108.224174, 100, 0, 0),
(25867, 6, -1828.995361, 731.415649, 108.741219, 100, 0, 0),
(25867, 7, -1824.615845, 753.236816, 110.320427, 100, 0, 0),
(25867, 8, -1827.285645, 737.371155, 108.893005, 100, 0, 0),
(25867, 9, -1834.419312, 718.550049, 108.135315, 100, 0, 0),
(25867, 10, -1842.473145, 699.990112, 108.345078, 100, 0, 0),
(25867, 11, -1853.109741, 678.194458, 107.466202, 100, 0, 0),
(25867, 12, -1857.051636, 666.788086, 107.191101, 100, 0, 0),
(25867, 13, -1860.127563, 633.216064, 107.378204, 100, 0, 0),
(25867, 14, -1860.508545, 653.041931, 107.299278, 100, 0, 0),
(25867, 15, -1870.368042, 650.062744, 107.342995, 100, 0, 0),
(25867, 16, -1897.369385, 642.652039, 107.364120, 100, 0, 0),
(25867, 17, -1913.206909, 644.392761, 107.380577, 100, 0, 0),
(25867, 18, -1909.161255, 635.039063, 108.261658, 100, 0, 0),
(25867, 19, -1906.374512, 615.536987, 108.527412, 100, 0, 0),
(25867, 20, -1893.990234, 605.323486, 111.459244, 100, 0, 0),
(25867, 21, -1903.373535, 610.911560, 110.640800, 100, 0, 0),
(25867, 22, -1906.141968, 628.596924, 108.234802, 100, 0, 0),
(25867, 23, -1914.941284, 641.090210, 107.483276, 100, 0, 0),
(25867, 24, -1905.105591, 643.078125, 107.370773, 100, 0, 0),
(25867, 25, -1899.605103, 642.185486, 107.364120, 100, 0, 0),
(25867, 26, -1879.778687, 646.322876, 107.364120, 100, 0, 0),
(25867, 27, -1862.258911, 655.775879, 107.295174, 100, 0, 0);

INSERT INTO creature_spawn_entry (guid,entry) SELECT guid,id FROM creature WHERE id in (682) union SELECT guid,736 FROM creature WHERE id in (682) union
SELECT guid,id FROM creature WHERE id in (736) union SELECT guid,682 FROM creature WHERE id in (736);
UPDATE creature SET id = 0 WHERE id IN (682,736);

DELETE FROM vehicle_accessory WHERE vehicle_entry = 28009;
INSERT INTO vehicle_accessory (vehicle_entry, seat, accessory_entry, comment) VALUES
(28009,0,28093,'Sholazar Tickbird 28093 on Shardhorn Rhino 28009');
DELETE FROM `creature_addon` WHERE `guid` IN (SELECT `guid` FROM `creature` WHERE `id` IN (28009));
DELETE FROM `creature_movement` WHERE `id` IN (SELECT `guid` FROM `creature` WHERE `id` IN (28009));
DELETE FROM `creature` WHERE `id` IN (28009);
INSERT INTO `creature` (`guid`, `id`, `map`, `spawnMask`, `phaseMask`, `position_x`, `position_y`, `position_z`, `orientation`, `spawntimesecsmin`, `spawntimesecsmax`, `spawndist`, `MovementType`) VALUES
(97170, 28009, 571, 1, 1, 5771.56, 5638.57, -73.001, 1.68675, 300, 300, 10, 1),
(97171, 28009, 571, 1, 1, 6004.73, 5234.03, -102.013, 3.62101, 300, 300, 10, 1),
(97172, 28009, 571, 1, 1, 5837.2, 5222.2, -99.8744, 0, 300, 300, 10, 1),
(97173, 28009, 571, 1, 1, 5309.71, 5712.41, -85.7561, 0, 300, 300, 10, 1),
(97174, 28009, 571, 1, 1, 5304.16, 5422.25, -97.8574, 0, 300, 300, 10, 1),
(97175, 28009, 571, 1, 1, 5540.49, 5681.65, -81.7046, 2.15582, 300, 300, 10, 1),
(97176, 28009, 571, 1, 1, 6001.94, 5689.59, -53.4557, 4.02525, 300, 300, 10, 1),
(97177, 28009, 571, 1, 1, 5932.63, 5588.96, -73.017, 4.92183, 300, 300, 10, 1),
(97178, 28009, 571, 1, 1, 6038.42, 5630.45, -60.6178, 5.60363, 300, 300, 10, 1),
(97179, 28009, 571, 1, 1, 6099.06, 5645.26, -45.3825, 5.70211, 300, 300, 10, 1),
(97180, 28009, 571, 1, 1, 6129.15, 5562.58, -56.412, 0.573971, 300, 300, 10, 1),
(97181, 28009, 571, 1, 1, 6092.97, 5508.53, -73.1429, 5.33419, 300, 300, 10, 1),
(97182, 28009, 571, 1, 1, 5102.04, 5787, -80.8065, 0, 300, 300, 10, 1),
(97183, 28009, 571, 1, 1, 5627.16, 5933.53, -49.7592, 0, 300, 300, 10, 1),
(97184, 28009, 571, 1, 1, 5664.23, 5834.93, -65.0066, 4.85202, 300, 300, 10, 1),
(97185, 28009, 571, 1, 1, 5659.31, 5917.26, -51.7555, 5.44543, 300, 300, 10, 1),
(97186, 28009, 571, 1, 1, 5543.36, 5611.84, -95.4658, 0.078195, 300, 300, 10, 1),
(97187, 28009, 571, 1, 1, 6158.26, 5505.18, -63.4271, 2.99057, 300, 300, 10, 1),
(97188, 28009, 571, 1, 1, 5249.76, 6029.1, -32.0905, 0, 300, 300, 10, 1),
(97189, 28009, 571, 1, 1, 5816.52, 5904.83, -39.7307, 1.58649, 300, 300, 10, 1),
(97190, 28009, 571, 1, 1, 5990.29, 5174.97, -96.837, 0.301921, 300, 300, 10, 1),
(32201, 28009, 571, 1, 1, 5987.49, 5564.18, -71.4171, 4.72624, 300, 300, 10, 1),
(32226, 28009, 571, 1, 1, 5893.66, 5785.37, -53.4351, 6.26972, 300, 300, 10, 1),
(32274, 28009, 571, 1, 1, 5729.86, 5925.84, -47.5183, 4.67598, 300, 300, 10, 1),
(32288, 28009, 571, 1, 1, 5599.04, 5954.93, -45.3118, 3.41235, 300, 300, 10, 1),
(32301, 28009, 571, 1, 1, 5752.28, 5305.41, -96.8453, 2.8869, 180, 180, 10, 1),
(32349, 28009, 571, 1, 1, 5815.02, 5729.04, -67.3623, 5.32677, 300, 300, 10, 1),
(32388, 28009, 571, 1, 1, 5633.79, 5504.67, -85.0684, 1.43944, 300, 300, 10, 1),
(32400, 28009, 571, 1, 1, 5629.19, 5584.66, -88.0357, -0.538475, 300, 300, 10, 1),
(32436, 28009, 571, 1, 1, 5808.3, 5257, -96.3409, 4.87639, 300, 300, 10, 1),
(32482, 28009, 571, 1, 1, 5833.35, 5834.25, -51.6881, 4.7368, 300, 300, 10, 1),
(32544, 28009, 571, 1, 1, 5893.03, 5126.65, -108.783, 1.61746, 300, 300, 10, 1),
(32557, 28009, 571, 1, 1, 5961.67, 5223.24, -104.09, 0, 300, 300, 10, 1),
(32706, 28009, 571, 1, 1, 5936.31, 5750.91, -51.2827, 1.32233, 300, 300, 10, 1),
(32722, 28009, 571, 1, 1, 6037.5, 5405.48, -84.7411, 0, 300, 300, 10, 1),
(32839, 28009, 571, 1, 1, 5158.44, 5716.59, -92.1341, 0, 300, 300, 10, 1),
(32858, 28009, 571, 1, 1, 5391.62, 5838.93, -75.6733, 0, 300, 300, 10, 1),
(32953, 28009, 571, 1, 1, 5312.7, 5774.9, -80.1327, 0, 300, 300, 10, 1),
(32976, 28009, 571, 1, 1, 5675.88, 5689.67, -79.7391, 2.79007, 300, 300, 10, 1),
(33257, 28009, 571, 1, 1, 5912.98, 5216.22, -100.364, 1.61746, 300, 300, 10, 1),
(33297, 28009, 571, 1, 1, 5994.37, 5286.96, -101.245, 0, 300, 300, 10, 1),
(33606, 28009, 571, 1, 1, 5947.09, 5285.81, -96.8936, 2.11227, 300, 300, 10, 1),
(33650, 28009, 571, 1, 1, 5857.74, 5069.91, -129.11, 1.35828, 300, 300, 10, 1),
(34597, 28009, 571, 1, 1, 6022.01, 5281.01, -94.8266, 2.56072, 300, 300, 10, 1),
(34625, 28009, 571, 1, 1, 5909.63, 5632.36, -69.8313, 1.6946, 300, 300, 10, 1),
(34668, 28009, 571, 1, 1, 5817.91, 5152.24, -129.97, 0.63572, 300, 300, 10, 1),
(34677, 28009, 571, 1, 1, 5862.92, 5197.67, -104.485, 3.56132, 300, 300, 10, 1),
(34741, 28009, 571, 1, 1, 5628.04, 5727.18, -74.3978, 0, 300, 300, 10, 1),
(34788, 28009, 571, 1, 1, 5480.84, 5823.72, -69.4244, 0, 300, 300, 10, 1),
(35199, 28009, 571, 1, 1, 5389.02, 6007.05, -33.0185, 0, 300, 300, 10, 1),
(35271, 28009, 571, 1, 1, 5168.61, 5752.82, -83.0452, 0, 300, 300, 10, 1),
(36560, 28009, 571, 1, 1, 5863.79, 5606.4, -71.1766, 1.12518, 300, 300, 10, 1),
(36587, 28009, 571, 1, 1, 5929.14, 5167.1, -97.7657, 0, 300, 300, 10, 1),
(36745, 28009, 571, 1, 1, 5991.72, 5728, -42.304, 0, 300, 300, 10, 1);
DELETE FROM dbscripts_on_relay WHERE id IN (20743);
INSERT INTO dbscripts_on_relay (id, delay, command, datalong, datalong2, datalong3, buddy_entry, search_radius, data_flags, dataint, dataint2, dataint3, dataint4, x, y, z, o, comments) VALUES
(20743,100,3,0,0,0,0,0,0x04,0,0,0,0,0,0,25,0,'Part of Sholazar Tickbird 28093: move up 25y'),
(20743,100,18,20000,0,0,0,0,0x04,0,0,0,0,0,0,0,0,'Part of Sholazar Tickbird 28093: desp self');
UPDATE creature SET position_x = 5530.729004, position_y = 5747.607422, position_z = -73.020195, spawndist = 3, MovementType = 1 WHERE id = 28093;
INSERT INTO `creature` (`guid`, `id`, `map`, `spawnMask`, `phaseMask`, `position_x`, `position_y`, `position_z`, `orientation`, `spawntimesecsmin`, `spawntimesecsmax`, `spawndist`, `MovementType`) VALUES
(32199, 28093, 571, 1, 1, 5530.73, 5747.61, -73.0202, 5.3367, 300, 300, 3, 1);
DELETE FROM `spawn_group` WHERE id = 32500;
INSERT INTO `spawn_group` (`Id`, `Name`, `Type`, `MaxCount`, `WorldState`, `Flags`) VALUES (32500, 'Sholazar Basin - Sholazar Tickbird 28093 x6', 0, 0, 0, 0);
DELETE FROM `spawn_group_spawn` WHERE id = 32500;
INSERT INTO `spawn_group_spawn` (`Id`, `Guid`, `SlotId`) VALUES (32500, 136436, 0),(32500, 136435, 1),(32500, 136434, 2),(32500, 32199, 3),(32500, 136103, 4),(32500, 97195, 5);
DELETE FROM `spawn_group_formation` WHERE id = 32500;
INSERT INTO `spawn_group_formation` (`Id`, `FormationType`, `FormationSpread`, `FormationOptions`, `PathId`, `MovementType`, `Comment`) VALUES
(32500, 0, 1, 0, 32500, 1, 'Sholazar Basin - Sholazar Tickbird 28093 x6');
DELETE FROM `creature_addon` WHERE `guid` IN (SELECT `guid` FROM `creature` WHERE `id` IN (28002));
DELETE FROM `creature_movement` WHERE `id` IN (SELECT `guid` FROM `creature` WHERE `id` IN (28002));
DELETE FROM `creature` WHERE `id` IN (28002);
INSERT INTO `creature` (`guid`, `id`, `map`, `spawnMask`, `phaseMask`, `position_x`, `position_y`, `position_z`, `orientation`, `spawntimesecsmin`, `spawntimesecsmax`, `spawndist`, `MovementType`) VALUES
(97083, 28002, 571, 1, 1, 5873.42, 4876.16, -130.826, 3.09562, 300, 300, 10, 1),
(97084, 28002, 571, 1, 1, 5155.51, 4721.06, -135.553, 2.95246, 300, 300, 10, 1),
(97085, 28002, 571, 1, 1, 5164.63, 4674.37, -136.069, 1.70458, 300, 300, 10, 1),
(97086, 28002, 571, 1, 1, 5114.19, 4744.79, -135.729, 5.36279, 300, 300, 10, 1),
(97087, 28002, 571, 1, 1, 5287.64, 4703.07, -136.276, 4.6228, 300, 300, 10, 1),
(97088, 28002, 571, 1, 1, 5298.58, 4750.11, -136.701, 1.23329, 300, 300, 10, 1),
(97089, 28002, 571, 1, 1, 5196.67, 4744.36, -134.309, 0.361692, 300, 300, 10, 1),
(97090, 28002, 571, 1, 1, 5285.76, 4897.26, -133.47, 5.54709, 300, 300, 10, 1),
(97091, 28002, 571, 1, 1, 5291.35, 4947.12, -133.186, 2.02183, 300, 300, 10, 1),
(97092, 28002, 571, 1, 1, 5229.37, 4870.91, -129.489, 3.27467, 300, 300, 10, 1),
(97093, 28002, 571, 1, 1, 5592.23, 5020.16, -132.883, 5.54927, 300, 300, 10, 1),
(97094, 28002, 571, 1, 1, 5505.95, 5041.32, -135.986, 0.378808, 300, 300, 10, 1),
(97095, 28002, 571, 1, 1, 5551.77, 5850.34, -72.6773, 0.611644, 300, 300, 10, 1),
(97096, 28002, 571, 1, 1, 5427.81, 5619, -102.388, 2.27839, 300, 300, 10, 1),
(97097, 28002, 571, 1, 1, 5518.01, 5598.3, -102.132, 0, 300, 300, 10, 1),
(97098, 28002, 571, 1, 1, 5261.25, 4644.83, -136.037, 2.62604, 300, 300, 10, 1),
(97099, 28002, 571, 1, 1, 5255.37, 5126.27, -135.736, 3.25518, 300, 300, 10, 1),
(97100, 28002, 571, 1, 1, 5496.86, 5011.17, -133, 0.762613, 300, 300, 10, 1),
(97101, 28002, 571, 1, 1, 5403.99, 5023.24, -135.614, 6.2617, 300, 300, 10, 1),
(97102, 28002, 571, 1, 1, 5330.07, 4993.82, -135.639, 3.32022, 300, 300, 10, 1),
(97103, 28002, 571, 1, 1, 5662.44, 4935.34, -133.494, 4.31647, 300, 300, 10, 1),
(97104, 28002, 571, 1, 1, 5624.87, 4997.41, -134.949, 0.846208, 300, 300, 10, 1),
(97105, 28002, 571, 1, 1, 5605.39, 4941.52, -133.598, 0.028982, 300, 300, 10, 1),
(97106, 28002, 571, 1, 1, 5528.49, 5955.73, -50.5547, 4.19465, 300, 300, 10, 1),
(97107, 28002, 571, 1, 1, 5161.96, 4777.44, -134.317, 4.67129, 300, 300, 10, 1),
(97108, 28002, 571, 1, 1, 5728.67, 5005.16, -135.694, 5.01054, 300, 300, 10, 1),
(91025, 28002, 571, 1, 1, 5486.46, 5146.88, -135.095, 2.67785, 300, 300, 10, 1),
(91026, 28002, 571, 1, 1, 5682.29, 4995.28, -135.518, 0.922717, 300, 300, 10, 1),
(91027, 28002, 571, 1, 1, 5732.08, 5222.24, -134.422, 0.131756, 300, 300, 10, 1),
(91028, 28002, 571, 1, 1, 5495.91, 5979.63, -43.5386, 3.71517, 300, 300, 10, 1),
(91029, 28002, 571, 1, 1, 5494.03, 5760.67, -89.6221, 1.69011, 300, 300, 10, 1),
(91030, 28002, 571, 1, 1, 5679.37, 5129.93, -133.194, 0.169027, 300, 300, 10, 1),
(91031, 28002, 571, 1, 1, 5470.03, 5676.59, -102.745, 1.84397, 300, 300, 10, 1),
(91032, 28002, 571, 1, 1, 5695.33, 5172.03, -134.428, 0.484141, 300, 300, 10, 1),
(91033, 28002, 571, 1, 1, 5658.21, 5086.45, -134.274, 0.118256, 300, 300, 10, 1),
(91034, 28002, 571, 1, 1, 5627.5, 5162.23, -133.065, 0.3114, 300, 300, 10, 1),
(25884, 28002, 571, 1, 1, 5695.95, 5074.32, -133.909, 2.07065, 300, 300, 10, 1),
(25894, 28002, 571, 1, 1, 5575.04, 5359.11, -135.987, 5.20848, 300, 300, 10, 1),
(25895, 28002, 571, 1, 1, 5561.77, 5248.42, -134.446, 1.51411, 300, 300, 10, 1),
(25896, 28002, 571, 1, 1, 5586.4, 5320.54, -135.986, 0.673957, 300, 300, 10, 1),
(25901, 28002, 571, 1, 1, 5517.75, 5905.36, -61.136, 1.95747, 300, 300, 10, 1),
(25902, 28002, 571, 1, 1, 5533.29, 5469.26, -100.508, 3.7001, 300, 300, 10, 1),
(25907, 28002, 571, 1, 1, 5605.57, 4866.43, -134.756, 0, 300, 300, 10, 1),
(25915, 28002, 571, 1, 1, 5355.81, 5426.33, -100.125, 0, 300, 300, 10, 1),
(25933, 28002, 571, 1, 1, 5409.08, 5541.57, -99.6736, 0, 300, 300, 10, 1),
(25934, 28002, 571, 1, 1, 5521.98, 5544, -101.245, 0, 300, 300, 10, 1),
(25937, 28002, 571, 1, 1, 5493.82, 5287.23, -137.005, 0, 300, 300, 10, 1),
(25968, 28002, 571, 1, 1, 5477.76, 5348.13, -134.689, 0, 300, 300, 10, 1),
(25970, 28002, 571, 1, 1, 5479.45, 5419.52, -107.61, 0, 300, 300, 10, 1),
(25972, 28002, 571, 1, 1, 5392.34, 5326.4, -131.348, 0, 300, 300, 10, 1),
(25975, 28002, 571, 1, 1, 5338.64, 5274.86, -135.595, 0, 300, 300, 10, 1),
(25995, 28002, 571, 1, 1, 5346.84, 5213.9, -135.761, 0, 300, 300, 10, 1),
(26012, 28002, 571, 1, 1, 5342, 5152.88, -136.035, 0, 300, 300, 10, 1),
(26014, 28002, 571, 1, 1, 5447.05, 5198.42, -137.632, 0, 300, 300, 10, 1),
(26015, 28002, 571, 1, 1, 5450.91, 5236.12, -141.94, 0, 300, 300, 10, 1),
(26019, 28002, 571, 1, 1, 5084.58, 4919.99, -130.181, 0, 300, 300, 10, 1),
(26022, 28002, 571, 1, 1, 5498.41, 5089.07, -135.886, 0, 300, 300, 10, 1),
(26037, 28002, 571, 1, 1, 5743.93, 5068.25, -133.266, 0, 300, 300, 10, 1),
(26043, 28002, 571, 1, 1, 5814.98, 5078.43, -135.141, 0, 300, 300, 10, 1),
(26055, 28002, 571, 1, 1, 5813.97, 5113.69, -135, 0, 300, 300, 10, 1),
(26058, 28002, 571, 1, 1, 5685.12, 4857.74, -135.253, 0, 300, 300, 10, 1),
(26060, 28002, 571, 1, 1, 5706.7, 4906.18, -135.41, 0, 300, 300, 10, 1),
(26061, 28002, 571, 1, 1, 5761.97, 4827.83, -134.088, 0, 300, 300, 10, 1),
(26077, 28002, 571, 1, 1, 5732.74, 4939.47, -135.674, 0, 300, 300, 10, 1),
(26078, 28002, 571, 1, 1, 5769.24, 4906.74, -132.039, 0, 300, 300, 10, 1),
(26084, 28002, 571, 1, 1, 5783.64, 4851.48, -132.485, 0, 300, 300, 10, 1);
DELETE FROM `creature_addon` WHERE `guid` IN (SELECT `guid` FROM `creature` WHERE `id` IN (28129));
DELETE FROM `creature_movement` WHERE `id` IN (SELECT `guid` FROM `creature` WHERE `id` IN (28129));
DELETE FROM `creature` WHERE `id` IN (28129);
INSERT INTO `creature` (`guid`, `id`, `map`, `spawnMask`, `phaseMask`, `position_x`, `position_y`, `position_z`, `orientation`, `spawntimesecsmin`, `spawntimesecsmax`, `spawndist`, `MovementType`) VALUES
(92905, 28129, 571, 1, 1, 4868.62, 5069.2, -89.0465, 0.78973, 300, 300, 10, 1),
(92908, 28129, 571, 1, 1, 4794.29, 4919.98, -72.9926, 0.09288, 300, 300, 10, 1),
(92903, 28129, 571, 1, 1, 4736.44, 5214.46, -48.4923, 0.256826, 300, 300, 10, 1),
(92904, 28129, 571, 1, 1, 4766.3, 5046.18, -60.9187, 1.13595, 300, 300, 10, 1),
(92907, 28129, 571, 1, 1, 4740.71, 5141.51, -58.3442, 1.74493, 300, 300, 10, 1),
(92909, 28129, 571, 1, 1, 4770.87, 5252.42, -66.7922, 3.32244, 300, 300, 10, 1),
(92906, 28129, 571, 1, 1, 4776.65, 5103.14, -63.3322, 2.38694, 300, 300, 10, 1),
(97073, 28129, 571, 1, 1, 4791.11, 4993.03, -65.5837, 1.07956, 300, 300, 10, 1),
(97074, 28129, 571, 1, 1, 4851.29, 5722.11, -62.7125, 2.64606, 300, 300, 10, 1),
(97075, 28129, 571, 1, 1, 4758.84, 4874.12, -68.4333, 3.91029, 300, 300, 10, 1),
(97076, 28129, 571, 1, 1, 4828.89, 4959.28, -79.8688, 4.90404, 300, 300, 10, 1),
(97077, 28129, 571, 1, 1, 4823.52, 5654.68, -53.1261, 2.99474, 300, 300, 10, 1),
(97078, 28129, 571, 1, 1, 4845.88, 5570.64, -50.5669, 1.80345, 300, 300, 10, 1),
(97079, 28129, 571, 1, 1, 4887.77, 5660.84, -62.6998, 3.4516, 300, 300, 10, 1),
(97080, 28129, 571, 1, 1, 5011.22, 5769.86, -79.2474, 0.369371, 300, 300, 10, 1),
(97081, 28129, 571, 1, 1, 5352.57, 6003.98, -31.0228, 6.00878, 300, 300, 10, 1),
(97082, 28129, 571, 1, 1, 4944.01, 5343.47, -89.6369, 5.60433, 300, 300, 10, 1),
(92943, 28129, 571, 1, 1, 5210.44, 5989.85, -45.0586, 5.90901, 300, 300, 10, 1),
(92944, 28129, 571, 1, 1, 5218.46, 5926.79, -60.7523, 4.57175, 300, 300, 10, 1),
(92945, 28129, 571, 1, 1, 5286.2, 5936.34, -57.5444, 6.28306, 300, 300, 10, 1),
(92946, 28129, 571, 1, 1, 5291.89, 5691.51, -89.0453, 0.067842, 300, 300, 10, 1),
(26098, 28129, 571, 1, 1, 5215.14, 5804.59, -73.5731, 1.48766, 300, 300, 10, 1),
(26104, 28129, 571, 1, 1, 5405.1, 6010.75, -33.3052, 3.33461, 300, 300, 10, 1),
(26118, 28129, 571, 1, 1, 5449.08, 5974.1, -39.008, 2.52707, 300, 300, 10, 1),
(26127, 28129, 571, 1, 1, 5376.01, 5975.82, -42.9487, 0.767059, 300, 300, 10, 1),
(26337, 28129, 571, 1, 1, 5296.25, 5806.18, -78.9116, 0.1372, 300, 300, 10, 1),
(26356, 28129, 571, 1, 1, 5313.5, 5690.08, -87.6664, 2.41923, 300, 300, 10, 1),
(26360, 28129, 571, 1, 1, 5324.77, 5631.49, -92.9727, 1.44257, 300, 300, 10, 1),
(26387, 28129, 571, 1, 1, 5310.89, 5565.04, -96.1476, 2.49324, 300, 300, 10, 1),
(26413, 28129, 571, 1, 1, 5174.71, 5859.6, -73.8495, 4.59011, 300, 300, 10, 1),
(26415, 28129, 571, 1, 1, 5406.08, 5816.31, -74.7013, 5.70217, 300, 300, 10, 1),
(26428, 28129, 571, 1, 1, 5294.88, 5604.29, -93.3408, 0.516965, 300, 300, 10, 1),
(26430, 28129, 571, 1, 1, 5332.63, 5462.33, -100.476, 0, 300, 300, 10, 1),
(26506, 28129, 571, 1, 1, 5462.01, 5783.15, -78.6587, 5.17079, 300, 300, 10, 1),
(26510, 28129, 571, 1, 1, 5462.01, 5898.46, -57.374, 5.76751, 300, 300, 10, 1),
(27403, 28129, 571, 1, 1, 5368.82, 5540.55, -93.7571, 0, 300, 300, 10, 1),
(27421, 28129, 571, 1, 1, 5259.67, 5682.24, -85.334, 0, 300, 300, 10, 1),
(27518, 28129, 571, 1, 1, 5386.41, 5656.83, -88.4026, 0, 300, 300, 10, 1),
(27524, 28129, 571, 1, 1, 5400.96, 5683.37, -85.0801, 0, 300, 300, 10, 1),
(27533, 28129, 571, 1, 1, 5331.81, 5869.73, -71.9931, 0, 300, 300, 10, 1),
(27583, 28129, 571, 1, 1, 5158.26, 5976.51, -59.2866, 0, 300, 300, 10, 1),
(27805, 28129, 571, 1, 1, 5135.96, 5748.49, -85.1789, 0, 300, 300, 10, 1),
(27834, 28129, 571, 1, 1, 5191.9, 5703.64, -86.2179, 0, 300, 300, 10, 1),
(27851, 28129, 571, 1, 1, 5265.59, 5425.7, -94.331, 0, 300, 300, 10, 1);
DELETE FROM `creature_addon` WHERE `guid` IN (SELECT `guid` FROM `creature` WHERE `id` IN (28001));
DELETE FROM `creature_movement` WHERE `id` IN (SELECT `guid` FROM `creature` WHERE `id` IN (28001));
DELETE FROM `creature` WHERE `id` IN (28001);
INSERT INTO `creature` (`guid`, `id`, `map`, `spawnMask`, `phaseMask`, `position_x`, `position_y`, `position_z`, `orientation`, `spawntimesecsmin`, `spawntimesecsmax`, `spawndist`, `MovementType`) VALUES
(117990, 28001, 571, 1, 1, 4770.65, 5489.01, -39.7684, 2.92141, 300, 300, 10, 1),
(117991, 28001, 571, 1, 1, 5383.37, 5619.34, -93.541, 1.11335, 300, 300, 10, 1),
(117992, 28001, 571, 1, 1, 5285.96, 5623.31, -92.756, 0.701741, 300, 300, 10, 1),
(117993, 28001, 571, 1, 1, 5250.17, 5936.97, -58.1112, 0.253674, 300, 300, 10, 1),
(117994, 28001, 571, 1, 1, 5729.14, 5311.76, -93.0845, 0.857394, 300, 300, 10, 1),
(117995, 28001, 571, 1, 1, 5394.33, 5719.5, -85.2768, 3.2194, 300, 300, 10, 1),
(117996, 28001, 571, 1, 1, 5086.18, 5742.8, -87.1724, 6.00314, 300, 300, 10, 1),
(117997, 28001, 571, 1, 1, 5333.65, 6025.72, -21.9092, 2.5412, 300, 300, 10, 1),
(117998, 28001, 571, 1, 1, 5268.95, 5817.21, -73.7829, 4.10814, 300, 300, 10, 1),
(117999, 28001, 571, 1, 1, 5222.35, 5976.37, -46.2054, 5.94324, 300, 300, 10, 1),
(118000, 28001, 571, 1, 1, 5140.39, 6014.4, -49.0876, 5.61546, 300, 300, 10, 1),
(118001, 28001, 571, 1, 1, 5137.95, 5953.53, -63.5157, 0.235896, 300, 300, 10, 1),
(118002, 28001, 571, 1, 1, 5309.75, 5972.94, -40.8278, 1.82549, 300, 300, 10, 1),
(118003, 28001, 571, 1, 1, 5215.95, 5707.58, -85.1135, 3.86406, 300, 300, 10, 1),
(118004, 28001, 571, 1, 1, 5173.66, 5851.51, -76.0618, 3.52154, 300, 300, 10, 1),
(118005, 28001, 571, 1, 1, 5196.6, 6012.35, -44.1431, 5.22668, 300, 300, 10, 1),
(118006, 28001, 571, 1, 1, 5704.92, 5370.43, -86.2542, 0.119416, 300, 300, 10, 1),
(118007, 28001, 571, 1, 1, 5358.77, 5668.51, -89.1396, 1.2097, 300, 300, 10, 1),
(118008, 28001, 571, 1, 1, 5376.73, 5950.53, -47.7698, -2.79228, 300, 300, 10, 1),
(118009, 28001, 571, 1, 1, 5334.78, 5579.26, -93.8614, 3.37308, 300, 300, 10, 1),
(118010, 28001, 571, 1, 1, 5461.02, 5895.24, -58.1245, 1.95402, 300, 300, 10, 1),
(118011, 28001, 571, 1, 1, 5389.02, 6007.05, -33.0185, 0, 300, 300, 10, 1),
(118012, 28001, 571, 1, 1, 5817.46, 5941.21, -34.9115, 5.38083, 300, 300, 10, 1),
(118013, 28001, 571, 1, 1, 6170.09, 5566.12, -44.8663, 6.03347, 300, 300, 10, 1),
(118014, 28001, 571, 1, 1, 5600.9, 5600.64, -89.1029, 1.08182, 300, 300, 10, 1),
(118015, 28001, 571, 1, 1, 5635.27, 5507.54, -84.345, 0.007814, 300, 300, 10, 1),
(118016, 28001, 571, 1, 1, 5755.23, 5993.95, -29.3459, 3.07037, 300, 300, 10, 1),
(118017, 28001, 571, 1, 1, 5734.54, 5819.91, -62.7879, 3.53969, 300, 300, 10, 1),
(118018, 28001, 571, 1, 1, 5835.16, 5690.8, -63.2592, 0.101709, 300, 300, 10, 1),
(118019, 28001, 571, 1, 1, 5907.6, 5780.23, -51.9625, 1.83876, 300, 300, 10, 1),
(118020, 28001, 571, 1, 1, 5421.18, 5796.26, -74.5738, -1.30291, 300, 300, 10, 1),
(118021, 28001, 571, 1, 1, 5880.44, 5823.47, -44.6349, 6.06261, 300, 300, 10, 1),
(118022, 28001, 571, 1, 1, 5857.09, 5872.48, -43.0094, 2.55342, 300, 300, 10, 1),
(118023, 28001, 571, 1, 1, 6050.37, 5704.45, -41.7892, 6.1243, 300, 300, 10, 1),
(118024, 28001, 571, 1, 1, 5746.95, 5888.96, -54.6346, 5.62994, 300, 300, 10, 1),
(118025, 28001, 571, 1, 1, 5694.91, 5935.99, -47.5762, 2.24954, 300, 300, 10, 1),
(118026, 28001, 571, 1, 1, 6051.48, 5240.45, -95.9909, 4.74264, 300, 300, 10, 1),
(118027, 28001, 571, 1, 1, 6124.21, 5638.66, -43.0047, 3.98901, 300, 300, 10, 1),
(118028, 28001, 571, 1, 1, 6112.47, 5524.43, -69.5989, 5.05709, 300, 300, 10, 1),
(118029, 28001, 571, 1, 1, 6093.16, 5689.39, -35.2523, 2.70809, 300, 300, 10, 1),
(118030, 28001, 571, 1, 1, 5249.76, 6029.1, -32.0905, 0, 300, 300, 10, 1),
(118031, 28001, 571, 1, 1, 5924, 5603.21, -71.0436, 2.30136, 300, 300, 10, 1),
(118032, 28001, 571, 1, 1, 5391.62, 5838.93, -75.6733, 0, 300, 300, 10, 1),
(118033, 28001, 571, 1, 1, 5309.71, 5712.41, -85.7561, 0, 300, 300, 10, 1),
(118034, 28001, 571, 1, 1, 5480.84, 5823.72, -69.4244, 0, 300, 300, 10, 1),
(118035, 28001, 571, 1, 1, 5312.7, 5774.9, -80.1327, 0, 300, 300, 10, 1),
(118036, 28001, 571, 1, 1, 5168.61, 5752.82, -83.0452, 0, 300, 300, 10, 1),
(118037, 28001, 571, 1, 1, 5102.04, 5787, -80.8065, 0, 300, 300, 10, 1),
(118038, 28001, 571, 1, 1, 5304.16, 5422.25, -97.8574, 0, 300, 300, 10, 1),
(118039, 28001, 571, 1, 1, 5158.44, 5716.59, -92.1341, 0, 300, 300, 10, 1),
(118040, 28001, 571, 1, 1, 5627.16, 5933.53, -49.7592, 0, 300, 300, 10, 1),
(118041, 28001, 571, 1, 1, 5628.04, 5727.18, -74.3978, 0, 300, 300, 10, 1),
(118042, 28001, 571, 1, 1, 5837.2, 5222.2, -99.8744, 0, 300, 300, 10, 1),
(36770, 28001, 571, 1, 1, 5929.14, 5167.1, -97.7657, 0, 300, 300, 10, 1),
(36846, 28001, 571, 1, 1, 5961.67, 5223.24, -104.09, 0, 300, 300, 10, 1),
(36896, 28001, 571, 1, 1, 5994.37, 5286.96, -101.245, 0, 300, 300, 10, 1),
(36928, 28001, 571, 1, 1, 6037.5, 5405.48, -84.7411, 0, 300, 300, 10, 1),
(36985, 28001, 571, 1, 1, 5991.72, 5728, -42.304, 0, 300, 300, 10, 1);

DELETE FROM dbscripts_on_quest_end WHERE id IN (231);
INSERT INTO dbscripts_on_quest_end (id, delay, command, datalong, datalong2, datalong3, buddy_entry, search_radius, data_flags, dataint, dataint2, dataint3, dataint4, x, y, z, o, comments) VALUES
(231,1,31,3301,30,0,0,0,0x08,0,0,0,0,0,0,0,0,'check for 3301 - terminate if alive'),
(231,100,10,3301,13000,0,0,0,0x04,0,0,0,0,-10237.699,353.66428,51.022873,2.70994114875793457,'summon 3301');
DELETE FROM dbscripts_on_relay WHERE id IN (32);
INSERT INTO dbscripts_on_relay (id, delay, command, datalong, datalong2, datalong3, buddy_entry, search_radius, data_flags, dataint, dataint2, dataint3, dataint4, x, y, z, o, comments) VALUES
(32,1,1,5,2,0,0,0,0x04,0,0,0,0,0,0,0,0,'Part of Morgan Ladimore 3301 EAI: emote'),
(32,2500,0,0,0,0,0,0,0,1014,0,0,0,0,0,0,0,'Part of Morgan Ladimore 3301 EAI: Say 1'),
(32,6000,0,0,0,0,0,0,0,1015,0,0,0,0,0,0,0,'Part of Morgan Ladimore 3301 EAI: Say 2'),
(32,9000,28,8,0,0,0,0,0x04,0,0,0,0,0,0,0,0,'Part of Morgan Ladimore 3301 EAI: STATE_KNEEL');

INSERT INTO `gameobject` (`guid`, `id`, `map`, `position_x`, `position_y`, `position_z`, `orientation`, `rotation2`, `rotation3`, `spawntimesecsmin`, `spawntimesecsmax`) VALUES
(310,2843,0, -8564.62, -212.033, 85.301, 2.47837, 0.945518, 0.325568,300,900),
(355,2843,0, -6550.42, 351.925, 392.339, 2.35619, 0.92388, 0.382683,300,900),
(396,2843,0, -6524.9, 336.046, 372.736, 6.19592, -0.0436192, 0.999048,300,900),
(439,2843,0, -6394.58, 772.351, 386.213, 5.07891, -0.566406, 0.824126,300,900),
(552,2843,0, 2041.63, 1935.11, 106.99, 4.67748, -0.719339, 0.694659,300,900);
INSERT INTO `pool_gameobject` (`guid`, `pool_entry`, `chance`, `description`) VALUES
(310, 14469, 0, 'Elwynn Forest (Echo Ridge Mine) - Battered Chest (2843)'),
(355, 775, 0, 'Dun Morogh (Coldridge Valley Cave) - Battered Chest (2843)'),
(396, 775, 0, 'Dun Morogh (Coldridge Valley Cave) - Battered Chest (2843)'),
(439, 1136, 0, 'Dun Morogh (Coldridge Valley) - Battered Chest (2843)'),
(552, 360, 0, 'Tirisfal Glades (Night Web\'s Hollow) - Battered Chest (2843)');
UPDATE `gameobject` SET `position_x` = 10261.8, `position_y` = 960.933, `position_z` = 1340.95, `orientation` = 3.24635, `rotation2` = -0.998629, `rotation3` = 0.0523532 WHERE `guid` IN (17407);
UPDATE `gameobject` SET `position_x` = 10816.9, `position_y` = 896.036, `position_z` = 1336.03, `orientation` = 0.349065, `rotation2` = 0.173648, `rotation3` = 0.984808 WHERE `guid` IN (17413);
UPDATE `gameobject` SET `position_x` = 10952.6, `position_y` = 945.797, `position_z` = 1340.77, `orientation` = 4.2237, `rotation2` = -0.857167, `rotation3` = 0.515038 WHERE `guid` IN (17417);
UPDATE `gameobject` SET `position_x` = 10908.4, `position_y` = 977.762, `position_z` = 1338.32, `orientation` = 2.82743, `rotation2` = 0.987688, `rotation3` = 0.987688 WHERE `guid` IN (17416);

DELETE FROM `creature_addon` WHERE `guid` IN (SELECT `guid` FROM `creature` WHERE `id` IN (28080,28081));
DELETE FROM `creature_movement` WHERE `id` IN (SELECT `guid` FROM `creature` WHERE `id` IN (28080,28081));
DELETE FROM `creature` WHERE `id` IN (28080,28081);
INSERT INTO `creature` (`guid`, `id`, `map`, `spawnMask`, `phaseMask`, `position_x`, `position_y`, `position_z`, `orientation`, `spawntimesecsmin`, `spawntimesecsmax`, `spawndist`, `MovementType`) VALUES
(109345, 28080, 571, 1, 1, 6541.44, 5208.82, -52.1921, 3.00197, 300, 300, 0, 0),
(109337, 28080, 571, 1, 1, 6546.08, 5159.52, -49.3941, 3.90075, 300, 300, 0, 2),
(109342, 28080, 571, 1, 1, 6553.02, 5112.19, -50.7007, 2.08499, 300, 300, 0, 2),
(109344, 28080, 571, 1, 1, 6559.39, 5226.36, -48.3119, 3.68653, 300, 300, 0, 2),
(109346, 28080, 571, 1, 1, 6570.67, 5095.3, -45.8928, 0.651706, 300, 300, 0, 4),
(109343, 28080, 571, 1, 1, 6579.11, 5160.23, -45.6312, 5.55, 300, 300, 0, 0),
(109338, 28080, 571, 1, 1, 6588.85, 5058.45, -44.8069, 2.00128, 300, 300, 0, 4),
(109347, 28080, 571, 1, 1, 6595.75, 5178.45, -44.2415, 3.29968, 300, 300, 0, 2),
(109335, 28080, 571, 1, 1, 6619.78, 5111.64, -36.4903, 6.02139, 300, 300, 0, 0),
(109336, 28080, 571, 1, 1, 6628.38, 5068.67, -38.0097, 4.29351, 300, 300, 0, 0),
(109348, 28080, 571, 1, 1, 6630.12, 5180.35, -40.8894, 2.25148, 300, 300, 0, 0),
(109341, 28080, 571, 1, 1, 6646.74, 5118.66, -36.2142, 1.58544, 300, 300, 0, 4),
(109339, 28080, 571, 1, 1, 6650.27, 5119.91, -35.6138, 4.31429, 300, 300, 0, 4),
(109340, 28080, 571, 1, 1, 6707.16, 5156.77, -19.4783, 2.32129, 300, 300, 0, 0);
INSERT INTO `creature` (`guid`, `id`, `map`, `spawnMask`, `phaseMask`, `position_x`, `position_y`, `position_z`, `orientation`, `spawntimesecsmin`, `spawntimesecsmax`, `spawndist`, `MovementType`) VALUES
(109325, 28081, 571, 1, 1, 6665.7, 5019.8, -15.8159, 3.33358, 300, 300, 0, 0),
(109326, 28081, 571, 1, 1, 6686.64, 5218.41, -17.8379, 4.13643, 300, 300, 0, 0),
(109327, 28081, 571, 1, 1, 6605.46, 5138.35, -35.9772, 1.76278, 300, 300, 0, 0),
(109328, 28081, 571, 1, 1, 6647.04, 5042.07, -31.2682, 3.82227, 300, 300, 0, 0),
(109329, 28081, 571, 1, 1, 6665.5, 5135.03, -35.3874, 0, 300, 300, 0, 0),
(109330, 28081, 571, 1, 1, 6673.42, 5156.06, -28.5076, 3.7001, 300, 300, 0, 0),
(109320, 28081, 571, 1, 1, 6631.44, 5199.98, -35.7421, 4.13643, 300, 300, 0, 0),
(109332, 28081, 571, 1, 1, 6619.93, 5190.54, -41.4014, 5.91667, 300, 300, 0, 0),
(109333, 28081, 571, 1, 1, 6587.66, 5261.57, -27.0896, 3.29867, 300, 300, 0, 0),
(109331, 28081, 571, 1, 1, 6528, 5115.81, -52.6574, 3.76991, 300, 300, 0, 0),
(109321, 28081, 571, 1, 1, 6539.81, 5196.24, -52.2772, 3.33358, 300, 300, 0, 0),
(109334, 28081, 571, 1, 1, 6571.05, 5059.18, -47.3356, 4.13643, 300, 300, 0, 0),
(109324, 28081, 571, 1, 1, 6577.89, 5076.4, -43.9511, 3.80482, 300, 300, 0, 0),
(109323, 28081, 571, 1, 1, 6605.75, 5079.89, -39.5242, 4.15388, 300, 300, 0, 0),
(109322, 28081, 571, 1, 1, 6671.56, 5111.69, -31.9934, 6.01731, 300, 300, 0, 0);
DELETE FROM creature_addon WHERE guid IN (109343,109329);
INSERT INTO creature_addon (guid,mount,stand_state,sheath_state,pvp_flags,emote,moveflags,auras) VALUES (109343,0,0,1,0,0,0,52550), (109329,0,0,1,0,0,0,52550);
DELETE FROM creature_movement WHERE Id IN (109346,109338,109339,109341,109347,109342,109337,109344);
INSERT INTO creature_movement (id, point, positionx, positiony, positionz, orientation, waittime, scriptid) VALUES
(109346,1,6570.671,5095.3013,-45.892788,100,1000,0),
(109346,2,6559.5474,5103.604,-49.1892,100,0,0),
(109346,3,6552.5073,5099,-51.272625,100,0,0),
(109346,4,6546.803,5080.2104,-53.457317,100,0,0),
(109346,5,6533.05,5069.7124,-57.86126,100,1000,0),
(109338,1,6588.851,5058.4517,-44.806923,100,1000,0),
(109338,2,6604.238,5068.67,-42.02065,100,0,0),
(109338,3,6611.9565,5061.1626,-40.81487,100,0,0),
(109338,4,6628.4575,5046.603,-37.212696,100,0,0),
(109338,5,6635.846,5036.705,-33.611435,100,0,0),
(109338,6,6645.6147,5030.552,-30.281216,100,1000,0),
(109339,1,6650.2656,5119.9087,-35.613758,100,1000,0),
(109339,2,6629.0923,5103.568,-36.932785,100,0,0),
(109339,3,6613.2656,5065.3735,-41.005787,100,0,0),
(109341,1,6646.736,5118.662,-36.214222,100,1000,12),
(109341,2,6650.071,5132.2407,-37.585438,100,0,0),
(109341,3,6643.6025,5149.8384,-41.324413,100,0,0),
(109341,4,6656.3057,5159.5723,-39.906322,100,1000,0),
(109347,1,6595.75,5178.45,-44.2415,100,100,6),
(109347,2,6598.242,5161.0728,-44.68235,100,0,0),
(109347,3,6620.496,5155.276,-42.34746,100,0,0),
(109347,4,6625.1973,5173.115,-41.174,100,0,0),
(109347,5,6610.714,5187.3403,-41.825855,100,100,5),
(109347,6,6601.62,5185.89,-42.308887,100,10,2808001),
(109342,1,6553.0215,5112.19,-50.700676,100,0,0),
(109342,2,6539.9634,5135.1597,-52.80302,100,0,0),
(109342,3,6524.4775,5128.6743,-54.22255,100,55000,0),
(109342,4,6540.7554,5131.988,-52.39721,100,0,0),
(109342,5,6546.1763,5113.8276,-51.468742,100,0,0),
(109342,6,6568.366,5119.746,-44.23522,100,10000,0),
(109342,7,6566.481,5119.1304,-45.18981,100,30000,0),
(109337,1,6546.077,5159.5176,-49.394085,100,1000,0),
(109337,2,6542.9863,5159.924,-50.60966,100,35000,0),
(109337,3,6531.1006,5148.703,-56.763813,100,0,0),
(109337,4,6517.892,5152.9883,-60.104877,100,35000,0),
(109337,5,6529.804,5149.721,-57.07485,100,0,0),
(109344,1,6559.3853,5226.3564,-48.311924,100,35000,0),
(109344,2,6555.2046,5197.408,-52.08195,100,0,0),
(109344,3,6547.772,5180.137,-53.919964,100,0,0),
(109344,4,6532.469,5170.8623,-57.49529,100,55000,0),
(109344,5,6550.3423,5182.1978,-53.135906,100,0,0),
(109344,6,6559.327,5209.6157,-50.452915,100,0,0),
(109344,7,6560.8813,5218.076,-49.114414,100,0,0),
(109344,8,6562.557,5226.4673,-47.793125,100,0,0);
DELETE FROM dbscripts_on_creature_movement WHERE id = 2808001;
INSERT INTO dbscripts_on_creature_movement (id,delay,priority,command,datalong,datalong2,datalong3,buddy_entry,search_radius,data_flags,dataint,dataint2,dataint3,dataint4,datafloat,x,y,z,o,speed,condition_id,comments) VALUES
(2808001,1,0,20,15,0,0,0,0,0x04,0,0,0,0,1.3,6595.75,5178.45,-44.2415,100,17,0,'jump');
DELETE FROM creature_spawn_data WHERE Guid IN (109339);
INSERT INTO creature_spawn_data (Guid, Id) VALUES (109339,80);
DELETE FROM dbscripts_on_relay WHERE id IN (20744,20745,20746);
INSERT INTO dbscripts_on_relay (id, delay, command, datalong, datalong2, datalong3, buddy_entry, search_radius, data_flags, dataint, dataint2, dataint3, dataint4, x, y, z, o, comments) VALUES
(20744,1,32,1,0,0,0,0,0x04,0,0,0,0,0,0,0,0,'Part of Frenzyheart Spearbearer 28080 EAI: pause WP'),
(20744,2,3,0,0,0,0,0,0x04,0,0,0,0,6625.52,5113.71,-36.912155,100,'Part of Frenzyheart Spearbearer 28080 EAI: move to'),
(20744,15000,15,52550,0,0,0,0,0x04,0,0,0,0,0,0,0,0,'Part of Frenzyheart Spearbearer 28080 EAI: cast 52550'),
(20744,40000,14,52550,0,0,0,0,0x04,0,0,0,0,0,0,0,0,'Part of Frenzyheart Spearbearer 28080 EAI: remove 52550'),
(20744,41000,32,0,0,0,0,0,0x04,0,0,0,0,0,0,0,0,'Part of Frenzyheart Spearbearer 28080 EAI: unpause WP'),
(20745,1,32,1,0,0,0,0,0x04,0,0,0,0,0,0,0,0,'Part of Frenzyheart Spearbearer 28080 EAI: pause WP'),
(20745,2,3,0,0,0,0,0,0x04,0,0,0,0,6657.04,5117.55,-34.70812,6.021385669708251953,'Part of Frenzyheart Spearbearer 28080 EAI: move to'),
(20745,8000,15,46581,0,0,0,0,0x04,0,0,0,0,0,0,0,0,'Part of Frenzyheart Spearbearer 28080 EAI: cast 46581'),
(20745,30000,14,46581,0,0,0,0,0x04,0,0,0,0,0,0,0,0,'Part of Frenzyheart Spearbearer 28080 EAI: remove 46581'),
(20745,31000,32,0,0,0,0,0,0x04,0,0,0,0,0,0,0,0,'Part of Frenzyheart Spearbearer 28080 EAI: unpause WP'),
(20746,2000,15,46581,0,0,0,0,0x04,0,0,0,0,0,0,0,0,'Part of Frenzyheart Scavenger 28080 EAI: cast 46581'),
(20746,15000,14,46581,0,0,0,0,0x04,0,0,0,0,0,0,0,0,'Part of Frenzyheart Scavenger 28080 EAI: remove 46581'),
(20746,15100,28,0,0,0,0,0,0x04,0,0,0,0,0,0,0,0,'Part of Frenzyheart Scavenger 28080 EAI: STATE_STAND ');

DELETE FROM `creature_addon` WHERE `guid` IN (SELECT `guid` FROM `creature` WHERE `id` IN (28378));
DELETE FROM `creature_movement` WHERE `id` IN (SELECT `guid` FROM `creature` WHERE `id` IN (28378));
DELETE FROM `creature` WHERE `id` IN (28378);
INSERT INTO `creature` (`guid`, `id`, `map`, `spawnMask`, `phaseMask`, `position_x`, `position_y`, `position_z`, `orientation`, `spawntimesecsmin`, `spawntimesecsmax`, `spawndist`, `MovementType`) VALUES
(82060, 28378, 571, 1, 1, 6564.86, 4805.07, -25.5232, 5.14058, 300, 300, 0, 3),
(82047, 28378, 571, 1, 1, 6556.31, 4828.89, -20.0065, 1.64974, 300, 300, 0, 3),
(82048, 28378, 571, 1, 1, 6490.37, 4773.55, -43.5895, 4.75404, 300, 300, 0, 3),
(82049, 28378, 571, 1, 1, 6423.59, 4801.75, -73.1588, 5.34427, 300, 300, 5, 1),
(82050, 28378, 571, 1, 1, 6369.62, 4853.08, -79.9876, 0.000861, 300, 300, 5, 1),
(82051, 28378, 571, 1, 1, 6541.34, 4974, -53.1594, 4.73755, 300, 300, 5, 1),
(82052, 28378, 571, 1, 1, 6531.68, 4960, -27.0812, 2.21361, 300, 300, 0, 3),
(82053, 28378, 571, 1, 1, 6468.02, 4851.96, -63.2193, 0.204634, 300, 300, 5, 1),
(82054, 28378, 571, 1, 1, 6441.98, 4942.78, -40.4706, 2.14405, 300, 300, 0, 3),
(97126, 28378, 571, 1, 1, 6478.32, 4808.34, -63.2268, 1.72262, 300, 300, 0, 2),
(82055, 28378, 571, 1, 1, 6611.32, 4782.69, -32.3482, 5.78162, 300, 300, 5, 1),
(82056, 28378, 571, 1, 1, 6420.57, 4898.15, -64.1075, 4.51751, 300, 300, 5, 1),
(82057, 28378, 571, 1, 1, 6596.85, 4957.9, -38.3574, -2.86812, 300, 300, 5, 1),
(82058, 28378, 571, 1, 1, 6576.41, 4831.39, -28.619, 5.73036, 300, 300, 0, 3),
(82059, 28378, 571, 1, 1, 6571.39, 4760.39, -42.9021, 0.87305, 300, 300, 0, 2),
(97125, 28378, 571, 1, 1, 6376.88, 4931.51, -76.1633, 1.06221, 300, 300, 10, 1),
(97124, 28378, 571, 1, 1, 6598.99, 4867.57, -40.4139, 4.84596, 300, 300, 10, 1),
(97123, 28378, 571, 1, 1, 6587.44, 4921.66, -43.5939, 6.26524, 300, 300, 10, 1),
(82061, 28378, 571, 1, 1, 6447.23, 4964.22, -64.3862, 3.2503, 300, 300, 10, 1);
DELETE FROM creature_spawn_data WHERE guid IN (82052,82054,82058,82047,82060,82048,82049,82050,82051,82053,82055,82056,82057,82059,97126,82061,97123,97124,97125);
INSERT INTO creature_spawn_data (guid, Id) VALUES (82052,20056),(82054,20056),(82058,20056),(82047,20056),(82060,20056),(82048,20056),
(82049,80),(82050,80),(82051,80),(82053,80),(82055,80),(82056,80),(82057,80),(82059,80),(97126,80),(82061,80),(97123,80),(97124,80),(97125,80);
DELETE FROM creature_movement WHERE Id IN (82052,82054,82058,82047,82060,82048,97126,82059);
INSERT INTO creature_movement (id, point, positionx, positiony, positionz, orientation, waittime, scriptid) VALUES
(82054,1,6441.9785,4942.7847,-40.470608,100,0,0),
(82054,2,6417.2246,4999.754,-39.053936,100,0,0),
(82054,3,6466.7603,5015.5615,-39.053936,100,0,0),
(82054,4,6502.6665,4956.4077,-35.831707,100,0,0),
(82052,1,6531.6826,4960.001,-27.081194,100,0,0),
(82052,2,6492.444,4963.5596,-41.60505,100,0,0),
(82052,3,6455.5186,5020.4243,-38.664524,100,0,0),
(82052,4,6544.3354,5005.1387,-30.275633,100,0,0),
(82058,1,6576.4126,4831.391,-28.619038,100,0,0),
(82058,2,6566.9326,4779.276,-28.61904,100,0,0),
(82058,3,6541.8164,4779.316,-28.61904,100,0,0),
(82058,4,6511.7017,4873.4893,-28.61904,100,0,0),
(82047,1,6556.3125,4828.8867,-20.00649,100,0,0),
(82047,2,6619.51,4792.1094,-7.673158,100,0,0),
(82047,3,6606.662,4760.3267,-7.673159,100,0,0),
(82047,4,6550.2725,4757.979,-22.784271,100,0,0),
(82060,1,6564.859,4805.072,-25.523247,100,0,0),
(82060,2,6515.902,4828.549,-32.21769,100,0,0),
(82060,3,6461.976,4799.9487,-38.384354,100,0,0),
(82060,4,6532.1816,4750.3145,-29.63436,100,0,0),
(82048,1,6490.367,4773.5464,-43.589474,100,0,0),
(82048,2,6473.398,4824.4917,-43.589474,100,0,0),
(82048,3,6422.3647,4804.9863,-47.978367,100,0,0),
(82048,4,6420.7446,4749.4673,-55.33948,100,0,0),
(97126,1,6478.3203,4808.337,-63.226837,100,0,0),
(97126,2,6483.7817,4783.5786,-61.316963,100,0,0),
(97126,3,6467.887,4762.3145,-66.99726,100,0,0),
(97126,4,6442.39,4767.922,-72.27755,100,0,0),
(97126,5,6438.8926,4790.8125,-69.389244,100,0,0),
(97126,6,6446.5366,4813.372,-67.22566,100,0,0),
(82059,1,6571.393,4760.393,-42.90209,100,0,0),
(82059,2,6575.634,4783.474,-43.868015,100,0,0),
(82059,3,6594.91,4805.65,-39.1209,100,0,0),
(82059,4,6611.66,4805.07,-33.2958,100,0,0),
(82059,5,6620.4707,4791.9126,-28.522045,100,0,0),
(82059,6,6618.19,4769.48,-27.2902,100,0,0),
(82059,7,6601.57,4753.98,-33.7515,100,0,0);
DELETE FROM dbscripts_on_relay WHERE id IN (20747);
INSERT INTO dbscripts_on_relay (id, delay, command, datalong, datalong2, datalong3, buddy_entry, search_radius, data_flags, dataint, dataint2, dataint3, dataint4, x, y, z, o, comments) VALUES
(20747,1,31,28408,35,0,0,0,0x04,0,0,0,0,0,0,0,0,'Part of Primordial Drake 28378 EAI: search for 28408'),
(20747,100,20,0,0,0,0,0,0x04,0,0,0,0,0,0,0,0,'Part of Primordial Drake 28378 EAI: idle'),
(20747,200,15,52791,0,0,28408,40,1,0,0,0,0,0,0,0,0,'Part of Primordial Drake 28378 EAI: cast 28408 on buddy'),
(20747,300,15,52793,0,0,28408,40,1,0,0,0,0,0,0,0,0,'Part of Primordial Drake 28378 EAI: cast 28408 on buddy'),
(20747,600,15,52793,0,0,28408,40,1,0,0,0,0,0,0,0,0,'Part of Primordial Drake 28378 EAI: cast 28408 on buddy'),
(20747,1200,15,52793,0,0,28408,40,1,0,0,0,0,0,0,0,0,'Part of Primordial Drake 28378 EAI: cast 28408 on buddy'),
(20747,1500,15,52793,0,0,28408,40,1,0,0,0,0,0,0,0,0,'Part of Primordial Drake 28378 EAI: cast 28408 on buddy'),
(20747,2000,20,1,5,0,0,0,0x04,0,0,0,0,0,0,0,0,'Part of Primordial Drake 28378 EAI: random movement');
DELETE FROM spell_script_target WHERE entry IN (52791,52793);
INSERT INTO spell_script_target (entry, `type`, targetEntry, inverseEffectMask) VALUES (52791, 1, 28408, 0), (52793, 1, 28408, 0);

DELETE FROM `creature_addon` WHERE `guid` IN (SELECT `guid` FROM `creature` WHERE `id` IN (28408));
DELETE FROM `creature_movement` WHERE `id` IN (SELECT `guid` FROM `creature` WHERE `id` IN (28408));
DELETE FROM `creature` WHERE `id` IN (28408);
INSERT INTO `creature` (`guid`, `id`, `map`, `spawnMask`, `phaseMask`, `position_x`, `position_y`, `position_z`, `orientation`, `spawntimesecsmin`, `spawntimesecsmax`, `spawndist`, `MovementType`) VALUES
(75944, 28408, 571, 1, 1, 6374.36, 4891.94, -78.8417, 4.86947, 300, 300, 0, 0),
(75947, 28408, 571, 1, 1, 6410.67, 4831.65, -73.7348, 2.87979, 300, 300, 0, 0),
(75946, 28408, 571, 1, 1, 6405.9, 4828.14, -75.0895, 3.12414, 300, 300, 0, 0),
(75948, 28408, 571, 1, 1, 6537.58, 4943.48, -54.5226, 5.06145, 300, 300, 0, 0),
(97128, 28408, 571, 1, 1, 6604.91, 4823.47, -35.9312, 5.89921, 300, 300, 0, 0),
(97129, 28408, 571, 1, 1, 6607.61, 4917.69, -37.9579, 4.88692, 300, 300, 0, 0),
(97130, 28408, 571, 1, 1, 6453.06, 4913.32, -62.8198, 4.2237, 300, 300, 0, 0),
(97131, 28408, 571, 1, 1, 6602.78, 4921.39, -39.038, 0.279253, 300, 300, 0, 0),
(97132, 28408, 571, 1, 1, 6572.07, 4965.24, -43.356, 0.820305, 300, 300, 0, 0),
(97133, 28408, 571, 1, 1, 6466.34, 4872.16, -62.5981, 3.7001, 300, 300, 0, 0),
(75940, 28408, 571, 1, 1, 6538.92, 4932.02, -55.14, 5.89921, 300, 300, 0, 0),
(75945, 28408, 571, 1, 1, 6489.78, 4915.25, -57.4056, 0.767945, 300, 300, 0, 0),
(75949, 28408, 571, 1, 1, 6491.69, 4801.32, -59.1572, 5.61996, 300, 300, 0, 0),
(75943, 28408, 571, 1, 1, 6674.06, 4830.89, -11.7711, 5.23599, 300, 300, 0, 0),
(75942, 28408, 571, 1, 1, 6627.54, 4846.34, -31.0652, 0.575959, 300, 300, 0, 0),
(75941, 28408, 571, 1, 1, 6589.13, 4854.44, -44.081, 6.21337, 300, 300, 0, 0),
(87043, 28408, 571, 1, 1, 6631.98, 4852.62, -30.3886, 2.84489, 300, 300, 0, 0),
(75950, 28408, 571, 1, 1, 6577.57, 4800.9, -42.9993, 1.0472, 300, 300, 0, 0),
(75939, 28408, 571, 1, 1, 6451.51, 4763.62, -71.4282, 4.81711, 300, 300, 0, 0),
(37050, 28408, 571, 1, 1, 6382.24, 4959.78, -74.6432, 6.02139, 300, 300, 0, 0),
(37205, 28408, 571, 1, 1, 6480.54, 4854.56, -61.506, 1.0821, 300, 300, 0, 0),
(37221, 28408, 571, 1, 1, 6625.14, 4775.12, -24.8253, 1.18682, 300, 300, 0, 0),
(37347, 28408, 571, 1, 1, 6456.35, 4977.72, -65.0968, 0.174533, 300, 300, 0, 0),
(37379, 28408, 571, 1, 1, 6402.74, 4945.21, -72.2515, 4.50295, 300, 300, 0, 0),
(37419, 28408, 571, 1, 1, 6407.77, 4856.44, -71.9779, 2.9147, 300, 300, 0, 0),
(37440, 28408, 571, 1, 1, 6407.73, 4959.91, -71.0056, 1.22173, 300, 300, 0, 0);
DELETE FROM `spawn_group` WHERE id = 32503;
INSERT INTO `spawn_group` (`Id`, `Name`, `Type`, `MaxCount`, `WorldState`, `Flags`) VALUES (32503, 'Sholazar Basin - Primordial Drake Egg 28408', 0, 15, 0, 0);
DELETE FROM `spawn_group_spawn` WHERE id = 32503;
INSERT IGNORE INTO `spawn_group_spawn` (`Id`, `Guid`, `SlotId`) SELECT 32503, `Guid`, -1 FROM `creature` WHERE id = 28408;

DELETE FROM `creature_addon` WHERE `guid` IN (SELECT `guid` FROM `creature` WHERE `id` IN (1426));
DELETE FROM `creature_movement` WHERE `id` IN (SELECT `guid` FROM `creature` WHERE `id` IN (1426));
DELETE FROM `creature` WHERE `id` IN (1426);
INSERT INTO `creature` (`guid`, `id`, `map`, `spawnMask`, `phaseMask`, `position_x`, `position_y`, `position_z`, `orientation`, `spawntimesecsmin`, `spawntimesecsmax`, `spawndist`, `MovementType`) VALUES
(2580, 1426, 0, 1, 1, -10536.6, 2003.7, -8.76479, 2.34942, 300, 300, 3, 1),
(2833, 1426, 0, 1, 1, -10458.9, 1954.29, 8.32358, 6.2357, 300, 300, 0, 0),
(2857, 1426, 0, 1, 1, -10474.9, 1990.84, 9.42142, 2.22722, 300, 300, 0, 0),
(5387, 1426, 0, 1, 1, -10581.5, 2003.62, -6.388, 3.13363, 300, 300, 3, 1),
(5467, 1426, 0, 1, 1, -10580.1, 1979.05, -4.34703, 5.98916, 300, 300, 3, 1),
(5518, 1426, 0, 1, 1, -10509.5, 1957.69, 6.82292, 1.67018, 300, 300, 3, 1),
(5592, 1426, 0, 1, 1, -10477.8, 1939.67, 8.05988, 3.05218, 300, 300, 0, 0),
(6099, 1426, 0, 1, 1, -10558.5, 1957.18, -3.27676, 1.06297, 300, 300, 3, 1);

DELETE FROM dbscripts_on_event WHERE id IN (264);
INSERT INTO dbscripts_on_event (id, delay, command, datalong, datalong2, datalong3, buddy_entry, search_radius, data_flags, dataint, dataint2, dataint3, dataint4, x, y, z, o, comments) VALUES
(264,1,31,2044,30,0,0,0,0x08,0,0,0,0,0,0,0,0,'check for 2044 - terminate if alive'),
(264,100,10,2044,300000,0,0,0,0,0,0,0,0,-9553.48,-1430.4,62.2947,4.68745,'summon Forlorn Spirit');

DELETE FROM `creature_addon` WHERE `guid` IN (SELECT `guid` FROM `creature` WHERE `id` IN (1028));
DELETE FROM `creature_movement` WHERE `id` IN (SELECT `guid` FROM `creature` WHERE `id` IN (1028));
DELETE FROM `creature` WHERE `id` IN (1028);
INSERT INTO `creature` (`guid`, `id`, `map`, `spawnMask`, `position_x`, `position_y`, `position_z`, `orientation`, `spawntimesecsmin`, `spawntimesecsmax`, `spawndist`, `MovementType`) VALUES
(10335, 1028, 0, 1, -3191.24, -1250.26, 9.67357, 5.03617, 300, 300, 10, 1),
(10338, 1028, 0, 1, -3151.77, -1061.51, 6.86619, 2.40806, 300, 300, 5, 1),
(10410, 1028, 0, 1, -3149.55, -1051.27, 8.24119, 1.24844, 300, 300, 5, 1),
(10425, 1028, 0, 1, -3017.69, -1017.35, 9.86585, 4.85852, 300, 300, 5, 1),
(10430, 1028, 0, 1, -3079.35, -1280.75, 6.58755, 4.55446, 300, 300, 10, 1),
(10437, 1028, 0, 1, -3150.33, -1397.19, 7.20142, 0.860063, 300, 300, 5, 1),
(10446, 1028, 0, 1, -3177.48, -1343.32, 7.31851, 0.231951, 300, 300, 5, 1),
(10483, 1028, 0, 1, -3127.61, -1322.57, 7.18994, 0.023531, 300, 300, 10, 1),
(10495, 1028, 0, 1, -3145.03, -1069.74, 7.11862, 1.02669, 300, 300, 5, 1),
(10516, 1028, 0, 1, -3138.87, -1061.58, 9.24119, 1.75327, 300, 300, 5, 1),
(10519, 1028, 0, 1, -3122.4, -1250.55, 4.76509, 0.525685, 300, 300, 5, 1),
(10573, 1028, 0, 1, -3017.84, -1076.38, 6.83754, 1.44506, 300, 300, 5, 1),
(10579, 1028, 0, 1, -3222.27, -1312.22, 5.45145, 2.10261, 300, 300, 5, 1),
(10593, 1028, 0, 1, -3244.59, -1353.08, 6.16203, 4.204, 300, 300, 10, 1),
(10598, 1028, 0, 1, -3176.48, -1417.18, 6.33753, 5.05316, 300, 300, 5, 1),
(37531, 1028, 0, 1, -3187.48, -1295.42, 9.64602, 3.38668, 300, 300, 10, 1),
(37548, 1028, 0, 1, -3147.65, -1222.12, 7.65265, 2.02023, 300, 300, 5, 1),
(37723, 1028, 0, 1, -3078.07, -881.472, -12.8637, 0.564671, 300, 300, 5, 1),
(37743, 1028, 0, 1, -3075.52, -820.704, -12.7779, 5.06933, 300, 300, 5, 1),
(37747, 1028, 0, 1, -3017.56, -883.99, -11.267, 5.3605, 300, 300, 5, 1),
(37771, 1028, 0, 1, -2988.56, -855.009, -9.10766, 2.44978, 300, 300, 5, 1),
(37778, 1028, 0, 1, -3048.89, -847.357, -14.215, 3.00197, 300, 300, 0, 0),
(37841, 1028, 0, 1, -3051.04, -931.25, -1.896, 6.15883, 300, 300, 5, 1);

DELETE FROM `creature_addon` WHERE `guid` IN (SELECT `guid` FROM `creature` WHERE `id` IN (1551));
DELETE FROM `creature_movement` WHERE `id` IN (SELECT `guid` FROM `creature` WHERE `id` IN (1551));
DELETE FROM `creature` WHERE `id` IN (1551);
INSERT INTO `creature` (`guid`, `id`, `map`, `spawnMask`, `position_x`, `position_y`, `position_z`, `orientation`, `spawntimesecsmin`, `spawntimesecsmax`, `spawndist`, `MovementType`) VALUES
(326, 1551, 0, 1, -13203.3, -501.962, 4.54984, 4.41568, 300, 300, 2, 1),
(331, 1551, 0, 1, -13228, -484.749, 4.83109, 5.74213, 300, 300, 0, 0),
(336, 1551, 0, 1, -13206.3, -548.123, 4.64249, 3.18943, 300, 300, 3, 1),
(340, 1551, 0, 1, -13222.4, -502.163, 9.54812, 5.82651, 300, 300, 0, 0),
(37773, 1551, 0, 1, -13224.9, -567.425, 4.64249, 5.14098, 300, 300, 3, 1),
(37896, 1551, 0, 1, -13202.4, -576.864, 12.9066, 4.64581, 300, 300, 2, 1),
(37898, 1551, 0, 1, -13269.1, -497.587, 20.043, 0, 300, 300, 0, 0),
(37916, 1551, 0, 1, -13260, -524.051, 16.2921, 1.8032, 300, 300, 5, 1),
(37918, 1551, 0, 1, -13259.4, -554.017, 16.9025, 0.005587, 300, 300, 2, 1),
(37924, 1551, 0, 1, -13225.9, -587.313, 4.64249, 1.9197, 300, 300, 3, 1),
(37958, 1551, 0, 1, -13257.9, -580.677, 12.7041, 1.68572, 300, 300, 0, 0),
(37965, 1551, 0, 1, -13203.7, -599.1, 4.64249, 3.76313, 300, 300, 3, 1),
(37971, 1551, 0, 1, -13134.5, -563.287, 8.13007, 2.07859, 300, 300, 2, 1),
(37975, 1551, 0, 1, -13170, -552.311, 9.34697, 4.88692, 300, 300, 2, 1),
(37979, 1551, 0, 1, -13156.7, -563.239, 4.64249, 0.273099, 300, 300, 2, 1),
(37981, 1551, 0, 1, -13118.8, -504.518, 7.52939, 5.88597, 300, 300, 2, 1),
(37982, 1551, 0, 1, -13122.1, -554.975, 10.1675, 2.9879, 300, 300, 0, 0),
(37991, 1551, 0, 1, -13250.6, -508.303, 17.9954, 3.0168, 300, 300, 2, 1),
(37998, 1551, 0, 1, -13166.3, -451.03, 8.7133, 3.33358, 300, 300, 2, 1),
(38012, 1551, 0, 1, -13178.8, -476.301, 10.0844, 2.44346, 300, 300, 2, 1),
(38016, 1551, 0, 1, -13168.8, -464.141, 3.91933, 0, 300, 300, 5, 1);

DELETE FROM `creature_addon` WHERE `guid` IN (SELECT `guid` FROM `creature` WHERE `id` IN (5276));
DELETE FROM `creature_movement` WHERE `id` IN (SELECT `guid` FROM `creature` WHERE `id` IN (5276));
DELETE FROM `creature` WHERE `id` IN (5276);
INSERT INTO `creature` (`guid`, `id`, `map`, `spawnMask`, `position_x`, `position_y`, `position_z`, `orientation`, `spawntimesecsmin`, `spawntimesecsmax`, `spawndist`, `MovementType`) VALUES
(27440, 5276, 1, 1, -3394.37, 2363.8, 40.064, 1.86596, 300, 300, 15, 1),
(27751, 5276, 1, 1, -3411, 2428.96, 53.151, 2.10991, 300, 300, 15, 1),
(27753, 5276, 1, 1, -2816, 2355.66, 36.9462, 4.32074, 300, 300, 15, 1),
(27762, 5276, 1, 1, -3408.3, 2416.07, 36.7951, 2.47626, 300, 300, 15, 1),
(27787, 5276, 1, 1, -3930.47, 1920.28, 85.971, 1.77088, 300, 300, 15, 1);

DELETE FROM `creature_addon` WHERE `guid` IN (SELECT `guid` FROM `creature` WHERE `id` IN (5261,5269,5243,5263));
DELETE FROM `creature_movement` WHERE `id` IN (SELECT `guid` FROM `creature` WHERE `id` IN (5261,5269,5243,5263));
DELETE FROM `creature` WHERE `id` IN (5261,5269,5243,5263);
INSERT INTO `creature` (`guid`, `id`, `map`, `spawnMask`, `position_x`, `position_y`, `position_z`, `orientation`, `spawntimesecsmin`, `spawntimesecsmax`, `spawndist`, `MovementType`) VALUES
(3159, 5261, 0, 1, -10347.1, -4071.27, -76.181, 2.88499, 900, 900, 5, 1),
(3302, 5261, 0, 1, -10343.5, -3926.87, -99.2853, 4.24115, 900, 900, 0, 0),
(3303, 5261, 0, 1, -10359.8, -3911.12, -99.2853, 4.57276, 900, 900, 0, 0),
(3098, 5261, 0, 1, -10349.2, -3939.03, -99.2853, 4.2586, 900, 900, 0, 0),
(3110, 5261, 0, 1, -10308.7, -4023.67, -76.3541, 1.51348, 900, 900, 2, 1),
(3268, 5261, 0, 1, -10352, -3986.08, -77.0384, 4.97419, 900, 900, 5, 1),
(38056, 5261, 0, 1, -10371.1, -3986.53, -77.0383, 0.610865, 900, 900, 2, 1),
(38066, 5261, 0, 1, -10367.3, -3984.94, -77.0383, 3.31613, 900, 900, 2, 1),
(38070, 5261, 0, 1, -10345.2, -4071.5, -76.1818, 5.96402, 900, 900, 0, 0);
INSERT INTO `creature` (`guid`, `id`, `map`, `spawnMask`, `position_x`, `position_y`, `position_z`, `orientation`, `spawntimesecsmin`, `spawntimesecsmax`, `spawndist`, `MovementType`) VALUES
(3128, 5269, 0, 1, -10360.4, -3930.23, -99.2853, 4.5204, 900, 900, 0, 0),
(3148, 5269, 0, 1, -10345.9, -3899.17, -99.2843, 2.86234, 900, 900, 0, 0),
(3275, 5269, 0, 1, -10348.9, -3953.8, -99.2851, 4.10152, 900, 900, 0, 0),
(27815, 5269, 0, 1, -10304.7, -4042.9, -76.3541, 0.857558, 900, 900, 2, 1),
(27821, 5269, 0, 1, -10293.7, -4013.42, -76.3541, 4.46281, 900, 900, 5, 1),
(27845, 5269, 0, 1, -10400.5, -3980.92, -83.3565, 4.40055, 900, 900, 2, 1),
(27867, 5243, 0, 1, -10314.6, -4078.18, -76.1826, 0.29433, 900, 900, 2, 1);
INSERT INTO `creature` (`guid`, `id`, `map`, `spawnMask`, `position_x`, `position_y`, `position_z`, `orientation`, `spawntimesecsmin`, `spawntimesecsmax`, `spawndist`, `MovementType`) VALUES
(3124, 5263, 0, 1, -10380.3, -4063, -76.3381, 3.86095, 900, 900, 2, 1),
(3264, 5263, 0, 1, -10331.5, -4078.55, -76.181, 2.94961, 900, 900, 2, 1),
(3396, 5263, 0, 1, -10359.7, -4063.47, -76.179, 5.06145, 900, 900, 2, 1),
(27886, 5263, 0, 1, -10335.2, -4077.67, -76.1814, 6.03884, 900, 900, 2, 1),
(27889, 5263, 0, 1, -10299.8, -4077.82, -76.1792, 5.77704, 900, 900, 0, 0);
REPLACE INTO `creature_spawn_entry` (`guid`, `entry`) SELECT `guid`, 5263 FROM `creature` WHERE `id` IN (5263);
REPLACE INTO `creature_spawn_entry` (`guid`, `entry`) SELECT `guid`, 5269 FROM `creature` WHERE `id` IN (5263);
UPDATE `creature` SET `id` = 0 WHERE `id` IN (5263);
INSERT INTO `creature` (`guid`, `id`, `map`, `spawnMask`, `position_x`, `position_y`, `position_z`, `orientation`, `spawntimesecsmin`, `spawntimesecsmax`, `spawndist`, `MovementType`) VALUES
(27954, 5263, 0, 1, -10254.7, -4025.53, -109.881, 5.34071, 900, 900, 5, 1),
(28003, 5263, 0, 1, -10253.8, -4004.95, -89.5871, 4.62512, 900, 900, 0, 0),
(28153, 5263, 0, 1, -10226.5, -3988.05, -89.5822, 3.50811, 900, 900, 0, 0),
(28218, 5263, 0, 1, -10249, -3983.36, -89.5798, 0.296706, 900, 900, 0, 0),
(28247, 5263, 0, 1, -10209.2, -4016.04, -89.5907, 3.78736, 900, 900, 2, 1),
(28822, 5263, 0, 1, -10216.4, -4037.6, -89.5978, 3.9619, 900, 900, 2, 1),
(29138, 5263, 0, 1, -10258.2, -4026.13, -89.6803, 2.00713, 900, 900, 2, 1),
(38072, 5263, 0, 1, -10215.6, -4015.49, -99.6279, 5.37561, 900, 900, 2, 1),
(38074, 5263, 0, 1, -10235.9, -4010.46, -109.881, 3.64774, 900, 900, 3, 1),
(38075, 5263, 0, 1, -10244.2, -3990.81, -99.715, 5.41052, 900, 900, 2, 1),
(38092, 5263, 0, 1, -10227.8, -4020.79, -109.798, 6.05629, 900, 900, 3, 1),
(38129, 5263, 0, 1, -10251.4, -4016.66, -99.7104, 5.07891, 900, 900, 5, 1);
INSERT INTO `creature` (`guid`, `id`, `map`, `spawnMask`, `position_x`, `position_y`, `position_z`, `orientation`, `spawntimesecsmin`, `spawntimesecsmax`, `spawndist`, `MovementType`) VALUES
(38131, 0, 0, 1, -10349.4, -3898.5, -99.2843, 6.24828, 900, 900, 0, 0),
(38146, 0, 0, 1, -10366.5, -3943.83, -99.2853, 4.69494, 900, 900, 0, 0),
(38150, 0, 0, 1, -10350.9, -3989.16, -77.0391, 1.67552, 900, 900, 5, 1),
(38152, 0, 0, 1, -10363.1, -4003.84, -77.1241, 2.75343, 900, 900, 3, 1),
(38158, 0, 0, 1, -10396.8, -3968.33, -83.3589, 1.65247, 900, 900, 5, 1),
(38169, 0, 0, 1, -10272.7, -4088.75, -76.2859, 1.53141, 900, 900, 2, 1),
(38172, 0, 0, 1, -10296.3, -4080.02, -76.1796, 2.26893, 900, 900, 2, 1),
(38180, 0, 0, 1, -10357.8, -4066.52, -76.1795, 1.88496, 900, 900, 2, 1);
REPLACE INTO `creature_spawn_entry` (`guid`, `entry`) SELECT `guid`, 5269 FROM `creature` WHERE `guid` IN (38131,38146,38150,38152,38158,38169,38172,38180);
REPLACE INTO `creature_spawn_entry` (`guid`, `entry`) SELECT `guid`, 5261 FROM `creature` WHERE `id` IN (5261);
REPLACE INTO `creature_spawn_entry` (`guid`, `entry`) SELECT `guid`, 5269 FROM `creature` WHERE `id` IN (5261);
UPDATE `creature` SET `id` = 0 WHERE `id` IN (5261);
REPLACE INTO `creature_spawn_entry` (`guid`, `entry`) SELECT `guid`, 5243 FROM `creature` WHERE `id` IN (5269);
REPLACE INTO `creature_spawn_entry` (`guid`, `entry`) SELECT `guid`, 5269 FROM `creature` WHERE `id` IN (5269);
UPDATE `creature` SET `id` = 0 WHERE `id` IN (5269);

UPDATE `creature` SET `position_z`=-1.484 WHERE `guid`=21063;
UPDATE `creature` SET `position_z`=161.643 WHERE `guid`=8831;
UPDATE `creature` SET `position_z`=-0.694 WHERE `guid`=3889;
UPDATE `creature` SET `position_z`=-0.256 WHERE `guid`=2956;
UPDATE `creature` SET `position_z`=-0.326 WHERE `guid`=147487;
UPDATE `creature` SET `position_z`=-2.230 WHERE `guid`=26519;
UPDATE `creature` SET `position_z`=78.332 WHERE `guid`=41217;
UPDATE `creature` SET `position_z`=18.235 WHERE `guid`=137590;

DELETE FROM `creature_addon` WHERE `guid` IN (SELECT `guid` FROM `creature` WHERE `id` IN (121));
DELETE FROM `creature_movement` WHERE `id` IN (SELECT `guid` FROM `creature` WHERE `id` IN (121));
DELETE FROM `creature` WHERE `id` IN (121);
INSERT INTO `creature` (`guid`, `id`, `map`, `spawnMask`, `position_x`, `position_y`, `position_z`, `orientation`, `spawntimesecsmin`, `spawntimesecsmax`, `spawndist`, `MovementType`) VALUES
(1677, 121, 0, 1, -11024.2, 1660.14, 42.8221, 4.10152, 300, 300, 0, 0),
(1691, 121, 0, 1, -11031.3, 1661.02, 42.9227, 5.63741, 300, 300, 0, 0),
(1707, 121, 0, 1, -11019.2, 1652.34, 43.0465, 2.53073, 300, 300, 0, 0);
REPLACE INTO `creature_spawn_entry` (`guid`, `entry`) SELECT `guid`, 121 FROM `creature` WHERE `id` IN (121);
REPLACE INTO `creature_spawn_entry` (`guid`, `entry`) SELECT `guid`, 589 FROM `creature` WHERE `id` IN (121);
UPDATE `creature` SET `id` = 0 WHERE `id` IN (121);
INSERT INTO `creature` (`guid`, `id`, `map`, `spawnMask`, `position_x`, `position_y`, `position_z`, `orientation`, `spawntimesecsmin`, `spawntimesecsmax`, `spawndist`, `MovementType`) VALUES
(1471, 121, 0, 1, -11155.2, 1722.11, 41.322, 3.49345, 300, 300, 5, 1),
(1527, 121, 0, 1, -11158.9, 1707.37, 42.9868, 1.69297, 300, 300, 0, 0),
(1541, 121, 0, 1, -11166.3, 1709.23, 41.6794, 0, 300, 300, 0, 0),
(1565, 121, 0, 1, -11204.4, 1289.99, 91.8471, 0, 300, 300, 10, 1),
(1582, 121, 0, 1, -11114.6, 1170.27, 59.8462, 3.74392, 300, 300, 5, 1),
(1597, 121, 0, 1, -11154.3, 1224.8, 78.8006, 0, 300, 300, 0, 0),
(1604, 121, 0, 1, -11230.5, 1253.95, 89.2896, 0, 300, 300, 0, 0),
(1624, 121, 0, 1, -11248.1, 1400.41, 89.609, 0, 300, 300, 0, 0),
(1625, 121, 0, 1, -11195.1, 1755.91, 36.7794, 5.69701, 300, 300, 5, 1);
UPDATE `creature_template` SET `ExtraFlags` = `ExtraFlags`|1048576 WHERE `entry` IN (589,590,1426,1669);

REPLACE INTO `gameobject` (`guid`, `id`, `map`, `position_x`, `position_y`, `position_z`, `orientation`, `rotation2`, `rotation3`, `spawntimesecsmin`, `spawntimesecsmax`) VALUES
(4514, 19019, 0, -11098.076171875, 2090.39892578125, -0.05736500024795532, 2.460912704467773437, 0.942641258239746093, 0.333807557821273803, 1800, 3600),
(6780, 19019, 0, -9750.4140625, 1811.154052734375, 0.344287991523742675, 0.506144583225250244, 0.250379562377929687, 0.968147754669189453, 1800, 3600),
(76, 19019, 0, -11059.0283203125, 1445.245361328125, 43.32360458374023437, 2.495818138122558593, 0.948323249816894531, 0.317305892705917358, 1800, 3600),
(695, 19019, 0, -11013.859375, 1528.8443603515625, 43.77469253540039062, 0.174532115459442138, 0.087155342102050781, 0.996194720268249511, 1800, 3600),
(66039, 19019, 1, 1294.64, -3592.48, 91.9036, 5.53269, -0.366501, 0.930418, 1800, 3600),
(66038, 19019, 1, 1326.78, -3639.1, 91.7399, 3.38594, -0.992546, 0.12187, 1800, 3600),
(786, 19019, 1, 1332.44, -3449.7, 95.1557, 5.67232, -0.300705, 0.953717, 1800, 3600),
(872, 19019, 1, 1367.9, -3651.88, 97.2595, 3.01941, 0.998135, 0.0610518, 1800, 3600);
REPLACE INTO `gameobject` (`guid`, `id`, `map`, `position_x`, `position_y`, `position_z`, `orientation`, `rotation2`, `rotation3`, `spawntimesecsmin`, `spawntimesecsmax`) VALUES
(8505, 106319, 0, -10204.185546875, 1181.1656494140625, 37.54426193237304687, 0.645771682262420654, 0.317304611206054687, 0.948323667049407958, 300, 900),
(8528, 106319, 0, -9685.099609375, 1525.8175048828125, 13.34247112274169921, -0.45378503203392028, -0.22495079040527343, 0.974370121955871582, 300, 900);
INSERT INTO `pool_gameobject` (`guid`, `pool_entry`, `chance`, `description`) VALUES
(8505, 209, 0, 'Westfall - Battered Chest (106319)'),
(8528, 229, 0, 'Westfall (Longshore) - Battered Chest (106319)');
UPDATE `npc_vendor` SET `maxcount` = 2, `incrtime` = 7200 WHERE `item` = 5640;
UPDATE `npc_vendor` SET `maxcount` = 2, `incrtime` = 7200 WHERE `item` = 5643;
UPDATE `npc_vendor` SET `maxcount` = 2, `incrtime` = 7200 WHERE `item` = 4788;

REPLACE INTO `creature_spawn_entry` (`guid`, `entry`) SELECT `guid`, 16580 FROM `creature` WHERE `guid` IN (91898,32751,92749,91899,58353,91901,4063,92750,91900);
REPLACE INTO `creature_spawn_entry` (`guid`, `entry`) SELECT `guid`, 16599 FROM `creature` WHERE `guid` IN (91898,32751,92749,91899,58353,91901,4063,92750,91900);
REPLACE INTO `creature_spawn_entry` (`guid`, `entry`) SELECT `guid`, 16582 FROM `creature` WHERE `guid` IN (91898,32751,92749,91899,58353,91901,4063,92750,91900);
UPDATE `creature` SET `id` = 0 WHERE `guid` IN (91898,32751,92749,91899,58353,91901,4063,92750,91900);
DELETE FROM `creature_linking` WHERE `guid` = 59504;

UPDATE `creature` SET `position_x`=7759.802, `position_y`=-2366.841, `position_z`=456.191 WHERE `guid`=22789;
UPDATE `creature` SET `position_x`=2563.566, `position_y`=-783.580, `position_z`=150.244 WHERE `guid`=14214;
UPDATE `creature` SET `position_x`=-11072.042, `position_y`=-467.183, `position_z`=31.024 WHERE `guid`=102028;
UPDATE `creature` SET `position_x`=-9701.891, `position_y`=-4032.827, `position_z`=-2.389 WHERE `guid`=2314;
UPDATE `creature` SET `position_x`=-9734.043, `position_y`=-4065.487, `position_z`=-2.943 WHERE `guid`=2531;
UPDATE `creature` SET `position_x`=-9666.823, `position_y`=-3967.156, `position_z`=-2.797 WHERE `guid`=147488;
UPDATE `creature` SET `position_x`=6779.953, `position_y`=-410.691, `position_z`=43.582 WHERE `guid`=43364;
UPDATE `creature` SET `position_x`=7216.264, `position_y`=-580.530, `position_z`=36.590 WHERE `guid`=43437;
UPDATE `creature` SET `position_x`=7058.011, `position_y`=-285.369, `position_z`=42.324 WHERE `guid`=43516;
UPDATE `creature` SET `position_x`=2985.889, `position_y`=-1453.671, `position_z`=146.363 WHERE `guid`=18500;
UPDATE `creature` SET `position_x`=5196.987, `position_y`=150.080, `position_z`=58.705 WHERE `guid`=43087;
UPDATE `creature` SET `position_x`=-7221.427, `position_y`=352.717, `position_z`=41.148 WHERE `guid`=52848;

DELETE FROM `creature_addon` WHERE `guid` IN (SELECT `guid` FROM `creature` WHERE `id` IN (1417));
DELETE FROM `creature_movement` WHERE `id` IN (SELECT `guid` FROM `creature` WHERE `id` IN (1417));
DELETE FROM `creature` WHERE `id` IN (1417);
INSERT INTO `creature` (`guid`, `id`, `map`, `spawnMask`, `position_x`, `position_y`, `position_z`, `orientation`, `spawntimesecsmin`, `spawntimesecsmax`, `spawndist`, `MovementType`) VALUES
(9742, 1417, 0, 1, -3319.16, -2616.13, 9.03193, 2.12015, 300, 300, 10, 1),
(9758, 1417, 0, 1, -3582.6, -1086.48, -16.3328, 5.09575, 300, 300, 10, 1),
(9767, 1417, 0, 1, -3463.88, -1015.16, 7.50012, 3.02998, 300, 300, 10, 1),
(9771, 1417, 0, 1, -3426.56, -1041.64, 8.91536, 2.50634, 300, 300, 10, 1),
(9776, 1417, 0, 1, -3285.11, -2589.94, 11.4449, 3.17481, 300, 300, 10, 1),
(9779, 1417, 0, 1, -3124.07, -1782.43, 9.29432, 5.76452, 300, 300, 10, 1),
(9788, 1417, 0, 1, -3569.86, -984.558, -12.8106, 6.19518, 300, 300, 10, 1),
(9789, 1417, 0, 1, -3185.49, -1814.78, 6.54428, 2.85014, 300, 300, 0, 0),
(9793, 1417, 0, 1, -3042.48, -1492.37, 5.85782, 5.25243, 300, 300, 10, 1),
(9804, 1417, 0, 1, -3079.41, -1578.33, 7.76148, 0.911293, 300, 300, 10, 1),
(9805, 1417, 0, 1, -3170.02, -2494.42, 6.21249, 3.54384, 300, 300, 10, 1),
(9825, 1417, 0, 1, -3390.04, -1206.74, 9.79091, 0.121447, 300, 300, 10, 1),
(9827, 1417, 0, 1, -3587.77, -1025.4, -16.5019, 3.95945, 300, 300, 10, 1),
(9829, 1417, 0, 1, -3614.78, -992.443, -20.2283, 1.75204, 300, 300, 10, 1),
(9845, 1417, 0, 1, -3571.52, -1156.53, -1.51096, 2.71723, 300, 300, 10, 1),
(9849, 1417, 0, 1, -3507.08, -1161.34, 7.89006, 4.62049, 300, 300, 10, 1),
(9863, 1417, 0, 1, -3282.24, -1484.19, 9.69634, 2.2752, 300, 300, 10, 1),
(9881, 1417, 0, 1, -3170.89, -1932.43, 13.521, 3.89452, 300, 300, 10, 1),
(9891, 1417, 0, 1, -3216.07, -1590.1, 6.77309, 4.73229, 300, 300, 10, 1),
(9906, 1417, 0, 1, -3238.66, -1541.1, 6.6119, 3.94915, 300, 300, 10, 1),
(9924, 1417, 0, 1, -3137.97, -1839.65, 7.46252, 0.99672, 300, 300, 10, 1),
(9934, 1417, 0, 1, -3221.88, -1647.43, 8.58752, 5.14157, 300, 300, 10, 1),
(9935, 1417, 0, 1, -3136.89, -1987.3, 10.0022, 0.130438, 300, 300, 10, 1),
(9938, 1417, 0, 1, -3238.35, -2557.09, 10.0968, 2.5059, 300, 300, 10, 1),
(9984, 1417, 0, 1, -3207.14, -2519.12, 6.21249, 0.475394, 300, 300, 10, 1),
(10014, 1417, 0, 1, -3102.21, -1932.39, 9.23509, 5.47293, 300, 300, 10, 1),
(10015, 1417, 0, 1, -3406.25, -2668.75, 6.53275, 3.11891, 300, 300, 10, 1),
(10017, 1417, 0, 1, -3048.48, -2557.4, 9.69563, 3.38628, 300, 300, 10, 1),
(10036, 1417, 0, 1, -3146.61, -2548.36, 10.1527, 2.13422, 300, 300, 10, 1),
(10056, 1417, 0, 1, -3510.6, -2846.47, 6.19728, 3.21893, 300, 300, 10, 1),
(10064, 1417, 0, 1, -3123.54, -2536.38, 9.07637, 1.58642, 300, 300, 10, 1),
(10067, 1417, 0, 1, -3446.08, -2759.4, 6.47716, 5.17597, 300, 300, 10, 1),
(10070, 1417, 0, 1, -3315.07, -2586.18, 13.3016, 1.54699, 300, 300, 0, 0),
(10078, 1417, 0, 1, -3448.21, -1158.23, 8.47542, 4.80817, 300, 300, 10, 1),
(10080, 1417, 0, 1, -3656.7, -2896.95, 12.0807, 2.00583, 300, 300, 10, 1),
(10085, 1417, 0, 1, -3712.94, -2946.66, 8.68038, 0.779873, 300, 300, 10, 1),
(10086, 1417, 0, 1, -3617.09, -2856.91, 13.6351, 4.26317, 300, 300, 10, 1),
(10087, 1417, 0, 1, -3839.61, -2957.33, 11.6369, 1.8449, 300, 300, 10, 1),
(10091, 1417, 0, 1, -3146.27, -1574.95, 9.13194, 3.71777, 300, 300, 10, 1),
(10093, 1417, 0, 1, -3095.16, -1547.46, 8.6007, 2.10787, 300, 300, 10, 1),
(10094, 1417, 0, 1, -3448.2, -1224.49, 7.627, 5.90525, 300, 300, 10, 1),
(10096, 1417, 0, 1, -3784.85, -2978.29, 6.33752, 4.64163, 300, 300, 10, 1),
(10099, 1417, 0, 1, -3377.8, -1273.79, 6.97816, 3.51157, 300, 300, 10, 1),
(10102, 1417, 0, 1, -3446.69, -1181.37, 9.18676, 3.22031, 300, 300, 10, 1),
(10112, 1417, 0, 1, -3142.05, -2057.34, 9.31714, 5.40919, 300, 300, 10, 1),
(10118, 1417, 0, 1, -3046.68, -1545.77, 3.86978, 5.03378, 300, 300, 10, 1),
(10122, 1417, 0, 1, -3899.99, -2889.88, 8.25753, 2.88477, 300, 300, 10, 1),
(10125, 1417, 0, 1, -3847.47, -2910.66, 6.05337, 2.92993, 300, 300, 10, 1),
(10127, 1417, 0, 1, -3851.13, -2947.73, 11.7605, 0.828167, 300, 300, 10, 1),
(10131, 1417, 0, 1, -3611.06, -2926.68, 6.33752, 4.63346, 300, 300, 10, 1),
(10135, 1417, 0, 1, -3655.25, -2913.18, 11.7598, 3.16548, 300, 300, 10, 1),
(10136, 1417, 0, 1, -3555.18, -2825.63, 12.8271, 5.92375, 300, 300, 10, 1),
(10137, 1417, 0, 1, -3547.99, -2807.82, 12.3492, 4.74764, 300, 300, 10, 1),
(10149, 1417, 0, 1, -4152.13, -3132.46, 5.73965, 0.928255, 300, 300, 10, 1),
(10158, 1417, 0, 1, -4224.32, -3012.97, 6.48726, 2.65989, 300, 300, 10, 1),
(10166, 1417, 0, 1, -4146.04, -3118.94, 4.47797, 1.47015, 300, 300, 10, 1),
(10178, 1417, 0, 1, -4223.42, -3041.68, 6.04878, 0.976977, 300, 300, 10, 1),
(10182, 1417, 0, 1, -3080.69, -2478.01, 17.0224, 0.897623, 300, 300, 10, 1),
(10189, 1417, 0, 1, -3179.57, -2587.15, 7.04787, 1.28552, 300, 300, 10, 1),
(10196, 1417, 0, 1, -3049.87, -2587.82, 10.2878, 0.234557, 300, 300, 10, 1),
(10197, 1417, 0, 1, -3029.19, -2469.18, 10.2581, 4.72216, 300, 300, 10, 1),
(10199, 1417, 0, 1, -4138.52, -3037.75, 6.09343, 1.3698, 300, 300, 10, 1),
(10213, 1417, 0, 1, -3955.59, -3019.75, 7.93103, 0.240708, 300, 300, 10, 1),
(10220, 1417, 0, 1, -3065.96, -2583.93, 10.9405, 6.19323, 300, 300, 10, 1),
(10227, 1417, 0, 1, -3979.24, -3013.5, 11.7125, 1.66448, 300, 300, 10, 1),
(10233, 1417, 0, 1, -3045.13, -2613.86, 11.6107, 0.554655, 300, 300, 10, 1),
(10239, 1417, 0, 1, -3479.55, -2747.36, 9.11974, 1.64308, 300, 300, 10, 1),
(10258, 1417, 0, 1, -3006.86, -2653.31, 8.2768, 3.49671, 300, 300, 10, 1),
(10260, 1417, 0, 1, -3797.94, -986.413, -18.128, 2.92109, 300, 300, 10, 1),
(10270, 1417, 0, 1, -4212.01, -2960.97, 13.4557, 4.82993, 300, 300, 10, 1),
(10275, 1417, 0, 1, -4046.45, -3064.82, 6.21252, 4.68218, 300, 300, 10, 1),
(10277, 1417, 0, 1, -4047.35, -3098.63, 7.20349, 1.81767, 300, 300, 10, 1),
(10283, 1417, 0, 1, -4135.14, -3114.8, 5.2408, 6.0849, 300, 300, 10, 1),
(10312, 1417, 0, 1, -4148.08, -3034.12, 5.84343, 0.695473, 300, 300, 10, 1),
(10325, 1417, 0, 1, -3656.16, -941.989, -5.205, 1.9513, 300, 300, 10, 1),
(10334, 1417, 0, 1, -4175.77, -3035.61, 3.39675, 0.247068, 300, 300, 10, 1),
(10337, 1417, 0, 1, -4105.13, -3093.6, 9.64633, 4.25747, 300, 300, 10, 1);

DELETE FROM `creature_addon` WHERE `guid` IN (SELECT `guid` FROM `creature` WHERE `id` IN (8597));
DELETE FROM `creature_movement` WHERE `id` IN (SELECT `guid` FROM `creature` WHERE `id` IN (8597));
DELETE FROM `creature` WHERE `id` IN (8597);
INSERT INTO `creature` (`guid`, `id`, `map`, `spawnMask`, `position_x`, `position_y`, `position_z`, `orientation`, `spawntimesecsmin`, `spawntimesecsmax`, `spawndist`, `MovementType`) VALUES
(16112, 8597, 0, 1, 2281.1, -4738.01, 95.8788, 6.24785, 300, 300, 10, 1),
(16120, 8597, 0, 1, 1943.99, -5289.06, 92.3617, 0, 300, 300, 5, 1),
(16987, 8597, 0, 1, 2231.86, -4443.39, 118.847, 6.21285, 300, 300, 0, 0),
(17190, 8597, 0, 1, 2222.34, -4938, 77.5105, 5.4895, 300, 300, 5, 1),
(17363, 8597, 0, 1, 2312.26, -4288.92, 78.2225, 5.32855, 300, 300, 5, 1),
(17398, 8597, 0, 1, 2195.61, -4210.71, 76.8386, 3.16488, 300, 300, 3, 1),
(17444, 8597, 0, 1, 2353.49, -4094.84, 77.046, 4.98438, 300, 300, 10, 1),
(17474, 8597, 0, 1, 2284.92, -4323.77, 74.4438, 1.72015, 300, 300, 10, 1),
(17502, 8597, 0, 1, 2306.72, -4240.5, 101.017, 5.03043, 300, 300, 5, 1),
(17541, 8597, 0, 1, 2147.46, -4817.17, 81.718, 0.561038, 300, 300, 3, 1),
(17586, 8597, 0, 1, 2351.08, -4663.2, 76.1008, 5.70101, 300, 300, 10, 1),
(17606, 8597, 0, 1, 1951, -5120.7, 77.8774, 4.39249, 300, 300, 10, 1),
(17650, 8597, 0, 1, 2169.97, -5116.6, 52.797, 4.93096, 300, 300, 5, 1),
(17680, 8597, 0, 1, 2222.54, -4280.76, 75.7712, 0.023433, 300, 300, 10, 1),
(17702, 8597, 0, 1, 2008.71, -5072.57, 85.8598, 1.50144, 300, 300, 10, 1),
(17721, 8597, 0, 1, 2284.56, -4825.25, 119.313, 2.29752, 300, 300, 5, 1),
(17876, 8597, 0, 1, 2199.06, -4244.9, 75.4295, 2.79699, 300, 300, 10, 1),
(38189, 8597, 0, 1, 1945.35, -5090.71, 87.0653, 1.1084, 300, 300, 10, 1),
(38211, 8597, 0, 1, 1979.3, -5271.38, 86.3963, 5.74202, 300, 300, 5, 1),
(38214, 8597, 0, 1, 2402.22, -5021.43, 76.4145, 2.87668, 300, 300, 10, 1),
(38228, 8597, 0, 1, 2167.89, -5154.88, 79.253, 1.81957, 300, 300, 5, 1),
(38231, 8597, 0, 1, 2006.67, -4758.64, 94.7629, 3.95977, 300, 300, 5, 1),
(38249, 8597, 0, 1, 2409.26, -4306.41, 75.6122, 1.34004, 300, 300, 10, 1),
(38253, 8597, 0, 1, 2072.18, -4895.64, 75.7407, 1.78387, 300, 300, 10, 1),
(38255, 8597, 0, 1, 2277.01, -4385.49, 92.3705, 0.049155, 300, 300, 10, 1),
(38262, 8597, 0, 1, 1989.97, -4710.97, 99.6578, 5.33958, 300, 300, 5, 1),
(38274, 8597, 0, 1, 2078.53, -5189.65, 80.8774, 2.20825, 300, 300, 10, 1),
(38289, 8597, 0, 1, 2181.33, -3979.92, 126.945, 1.85178, 300, 300, 10, 1),
(38291, 8597, 0, 1, 2052.04, -4756.54, 81.5141, 2.85165, 300, 300, 10, 1),
(38292, 8597, 0, 1, 2180.76, -4051.49, 96.7477, 4.12872, 300, 300, 3, 1),
(38295, 8597, 0, 1, 2042.56, -5145.09, 81.4191, 2.92102, 300, 300, 10, 1),
(38299, 8597, 0, 1, 1926.22, -4913.38, 86.4924, 3.40433, 300, 300, 10, 1),
(38300, 8597, 0, 1, 2386.46, -4311.64, 78.5234, 1.32718, 300, 300, 10, 1),
(38303, 8597, 0, 1, 2230.85, -4677.28, 73.8547, 3.25192, 300, 300, 10, 1);

DELETE FROM `creature_addon` WHERE `guid` IN (SELECT `guid` FROM `creature` WHERE `id` IN (4415));
DELETE FROM `creature_movement` WHERE `id` IN (SELECT `guid` FROM `creature` WHERE `id` IN (4415));
DELETE FROM `creature` WHERE `id` IN (4415);
INSERT INTO `creature` (`guid`, `id`, `map`, `spawnMask`, `position_x`, `position_y`, `position_z`, `orientation`, `spawntimesecsmin`, `spawntimesecsmax`, `spawndist`, `MovementType`) VALUES
(27276, 4415, 1, 1, -3780.77, -3702.8, 47.3738, 4.63057, 300, 300, 5, 1),
(27335, 4415, 1, 1, -4148.98, -3729.81, 51.1873, 4.55944, 300, 300, 5, 1),
(27393, 4415, 1, 1, -3656.87, -3578, 61.5009, 0.199126, 300, 300, 5, 1),
(27431, 4415, 1, 1, -3668.36, -3515.17, 51.3814, 4.76238, 300, 300, 5, 1),
(27492, 4415, 1, 1, -4190.84, -3767.84, 70.078, 0.271856, 300, 300, 5, 1),
(27509, 4415, 1, 1, -3711.51, -3639.53, 55.3076, 1.50631, 300, 300, 5, 1),
(10342, 4415, 1, 1, -3746.72, -3586.56, 38.4761, 1.02843, 300, 300, 5, 1),
(10356, 4415, 1, 1, -3613.65, -3558.74, 48.8766, 2.53679, 300, 300, 5, 1),
(10358, 4415, 1, 1, -3994.42, -3918.58, 92.965, 1.96804, 300, 300, 5, 1),
(10369, 4415, 1, 1, -3923.76, -3915.84, 67.6264, 0.815776, 300, 300, 5, 1),
(10377, 4415, 1, 1, -3869.28, -3900.31, 67.9058, 2.47701, 300, 300, 3, 1),
(10385, 4415, 1, 1, -3728.69, -3718.44, 46.569, 0.566879, 300, 300, 5, 1),
(10387, 4415, 1, 1, -4363.88, -3859.21, 55.8356, 1.5298, 300, 300, 5, 1),
(10392, 4415, 1, 1, -4406.96, -3809.24, 53.8778, 3.14444, 300, 300, 5, 1),
(10396, 4415, 1, 1, -4246.95, -3672.97, 62.6055, 1.17976, 300, 300, 5, 1),
(10398, 4415, 1, 1, -4158.46, -3802.44, 67.7441, 3.73281, 300, 300, 5, 1),
(10404, 4415, 1, 1, -4125.75, -3868.21, 64.005, 4.33188, 300, 300, 5, 1),
(10411, 4415, 1, 1, -4358.78, -3780, 45.9813, 2.20465, 300, 300, 5, 1),
(10412, 4415, 1, 1, -4371.57, -3714.28, 54.8037, 1.47031, 300, 300, 3, 1),
(10414, 4415, 1, 1, -4289.88, -3679.18, 74.8618, 0.892329, 300, 300, 5, 1),
(10415, 4415, 1, 1, -4369.77, -3917.44, 55.8698, 4.08216, 300, 300, 5, 1),
(10419, 4415, 1, 1, -3702.21, -3618.72, 61.8524, 1.40648, 300, 300, 5, 1),
(10424, 4415, 1, 1, -3817.98, -3824.99, 55.1494, 4.24874, 300, 300, 5, 1),
(10431, 4415, 1, 1, -4197.68, -3706, 53.2112, 0.36998, 300, 300, 5, 1);

DELETE FROM `creature_addon` WHERE `guid` IN (SELECT `guid` FROM `creature` WHERE `id` IN (4050));
DELETE FROM `creature_movement` WHERE `id` IN (SELECT `guid` FROM `creature` WHERE `id` IN (4050));
DELETE FROM `creature` WHERE `id` IN (4050);
INSERT INTO `creature` (`guid`, `id`, `map`, `spawnMask`, `position_x`, `position_y`, `position_z`, `orientation`, `spawntimesecsmin`, `spawntimesecsmax`, `spawndist`, `MovementType`) VALUES
(40589, 4050, 1, 1, 2420.39, 1790.94, 393.749, 4.5204, 300, 300, 0, 0),
(40617, 4050, 1, 1, 2366.52, 1796.29, 364.933, 0.130625, 300, 300, 0, 2),
(40636, 4050, 1, 1, 2343.83, 1837.69, 381.839, 1.23669, 300, 300, 0, 0),
(40648, 4050, 1, 1, 2405.9, 1808.95, 360.101, 4.08343, 300, 300, 0, 0),
(40698, 4050, 1, 1, 2396.08, 1820.27, 348.138, 5.28024, 300, 300, 5, 1),
(40723, 4050, 1, 1, 2400.83, 1810.79, 360.48, 5.71279, 300, 300, 0, 0),
(40726, 4050, 1, 1, 2409.83, 1827.88, 348.049, 1.52043, 300, 300, 5, 1),
(10443, 4050, 1, 1, 2408.77, 1791.66, 347.368, 0.257347, 300, 300, 2, 1);
INSERT INTO `creature_movement` (`Id`, `Point`, `PositionX`, `PositionY`, `PositionZ`, `Orientation`, `WaitTime`, `ScriptId`, `Comment`) VALUES
(40617, 1, 2365.67, 1795.63, 365.027, 0, 0, 0, NULL),
(40617, 2, 2356.72, 1795.35, 364.762, 0, 0, 0, NULL),
(40617, 3, 2346.01, 1792.19, 367.119, 0, 0, 0, NULL),
(40617, 4, 2339.08, 1790.86, 367.316, 0, 0, 0, NULL),
(40617, 5, 2332.9, 1795.69, 369.233, 0, 0, 0, NULL),
(40617, 6, 2329.74, 1804.46, 370.533, 0, 0, 0, NULL),
(40617, 7, 2327.52, 1807.9, 372.196, 0, 0, 0, NULL),
(40617, 8, 2330.48, 1802.76, 370.007, 0, 0, 0, NULL),
(40617, 9, 2333.68, 1796.03, 369.123, 0, 0, 0, NULL),
(40617, 10, 2340.54, 1790.27, 367.32, 0, 0, 0, NULL),
(40617, 11, 2347.13, 1791.5, 366.904, 0, 0, 0, NULL),
(40617, 12, 2355.65, 1794.17, 364.941, 0, 0, 0, NULL),
(40617, 13, 2360.44, 1795.07, 364.882, 0, 0, 0, NULL),
(40617, 14, 2370.01, 1796.56, 365.098, 0, 0, 0, NULL),
(40617, 15, 2378.16, 1799.21, 365.109, 0, 0, 0, NULL),
(40617, 16, 2386.49, 1802.42, 365.024, 0, 0, 0, NULL),
(40617, 17, 2396.16, 1806.36, 361.324, 0, 0, 0, NULL),
(40617, 18, 2388.95, 1803.29, 364.608, 0, 0, 0, NULL),
(40617, 19, 2381.6, 1800.65, 365.208, 0, 0, 0, NULL),
(40617, 20, 2373.67, 1798.55, 364.99, 0, 0, 0, NULL);

DELETE FROM `creature_addon` WHERE `guid` IN (SELECT `guid` FROM `creature` WHERE `id` IN (4009));
DELETE FROM `creature_movement` WHERE `id` IN (SELECT `guid` FROM `creature` WHERE `id` IN (4009));
DELETE FROM `creature` WHERE `id` IN (4009);
INSERT INTO `creature` (`guid`, `id`, `map`, `spawnMask`, `position_x`, `position_y`, `position_z`, `orientation`, `spawntimesecsmin`, `spawntimesecsmax`, `spawndist`, `MovementType`) VALUES
(38478, 4009, 1, 1, 968.599, 361.42, 32.6065, 4.90902, 300, 300, 5, 1),
(38866, 4009, 1, 1, 1141.11, 385.716, 54.1411, 1.15257, 300, 300, 5, 1),
(38949, 4009, 1, 1, 658.509, 227.958, 42.0496, 0.889763, 300, 300, 5, 1),
(39036, 4009, 1, 1, 1725.51, 922.457, 130.407, 4.19479, 300, 300, 15, 1),
(39078, 4009, 1, 1, 1780.14, 868.272, 138.411, 2.02134, 300, 300, 5, 1),
(39136, 4009, 1, 1, 1729.92, 870.364, 127.137, 3.92561, 300, 300, 15, 1),
(39188, 4009, 1, 1, 1713.66, 845.909, 125.968, 2.98464, 300, 300, 5, 1),
(39202, 4009, 1, 1, 1660.18, 758.678, 134.618, 5.19437, 300, 300, 10, 1),
(39232, 4009, 1, 1, 1765.58, 791.125, 137.343, 2.23364, 300, 300, 5, 1),
(39244, 4009, 1, 1, 1821.7, 936.047, 144.54, 1.32819, 300, 300, 15, 1),
(39344, 4009, 1, 1, 1781.4, 915.429, 137.128, 1.31486, 300, 300, 15, 1),
(39388, 4009, 1, 1, 1789.99, 753.811, 143.142, 6.18374, 300, 300, 15, 1),
(39507, 4009, 1, 1, 929.885, 37.9659, 68.5943, 4.90002, 300, 300, 5, 1),
(39531, 4009, 1, 1, 1828.97, 821.846, 145.775, 5.59945, 300, 300, 15, 1),
(39569, 4009, 1, 1, 1838.01, 776.407, 145.348, 3.35412, 300, 300, 15, 1),
(39642, 4009, 1, 1, 770.507, 193.557, 54.894, 6.22973, 300, 300, 5, 1),
(39724, 4009, 1, 1, 988.976, -4.78965, 23.7476, 3.14745, 300, 300, 3, 1),
(39754, 4009, 1, 1, 865.887, 131.566, 41.0398, 0.035176, 300, 300, 5, 1),
(39760, 4009, 1, 1, 825.226, 167.452, 46.3947, 0.055014, 300, 300, 5, 1),
(39771, 4009, 1, 1, 1234.59, -646.835, 24.5711, 1.08012, 300, 300, 5, 1),
(39835, 4009, 1, 1, 1534.16, -465.687, 52.4318, 0.202567, 300, 300, 5, 1),
(39891, 4009, 1, 1, 1339.73, 377.641, 44.7236, 5.81473, 300, 300, 5, 1),
(39945, 4009, 1, 1, 1608.09, -278.801, 56.861, 2.89306, 300, 300, 5, 1),
(40182, 4009, 1, 1, 1781.12, 748.79, 143.992, 5.117, 300, 300, 15, 1),
(10448, 4009, 1, 1, 1540.94, -156.934, 64.2751, 0.226175, 300, 300, 5, 1),
(10482, 4009, 1, 1, 1289.55, -585.213, 38.9094, 3.90766, 300, 300, 2, 1),
(10493, 4009, 1, 1, 1456.37, 306.045, 80.5825, 6.07659, 300, 300, 5, 1),
(10496, 4009, 1, 1, 1009.49, -194.965, 19.927, 0.070403, 300, 300, 3, 1),
(10502, 4009, 1, 1, 1104.11, -556.101, 10.8759, 3.32022, 300, 300, 5, 1);

DELETE FROM `creature_addon` WHERE `guid` IN (SELECT `guid` FROM `creature` WHERE `id` IN (3823));
DELETE FROM `creature_movement` WHERE `id` IN (SELECT `guid` FROM `creature` WHERE `id` IN (3823));
DELETE FROM `creature` WHERE `id` IN (3823);
INSERT INTO `creature` (`guid`, `id`, `map`, `spawnMask`, `position_x`, `position_y`, `position_z`, `orientation`, `spawntimesecsmin`, `spawntimesecsmax`, `spawndist`, `MovementType`) VALUES
(39589, 3823, 1, 1, 1654.97, -2527.46, 96.8893, 5.44942, 300, 300, 10, 1),
(39656, 3823, 1, 1, 1366.41, -2113.34, 92.9986, 1.57275, 300, 300, 10, 1),
(39728, 3823, 1, 1, 1534.19, -2465.57, 106.215, 3.51339, 300, 300, 3, 1),
(39783, 3823, 1, 1, 1384.29, -2152.77, 92.7812, 5.18394, 300, 300, 10, 1),
(39887, 3823, 1, 1, 1319.4, -2081.86, 101.939, 5.99818, 300, 300, 5, 1),
(39906, 3823, 1, 1, 1369.53, -2177.76, 93.4145, 0.476747, 300, 300, 10, 1),
(39924, 3823, 1, 1, 1417.25, -2121.13, 98.2395, 5.06842, 300, 300, 5, 1),
(40009, 3823, 1, 1, 2381.43, -216.693, 97.2128, 4.02515, 300, 300, 5, 1),
(40054, 3823, 1, 1, 2687.39, -68.5685, 93.465, 3.62052, 300, 300, 15, 1),
(40103, 3823, 1, 1, 3464.63, 118.931, 3.3743, 2.28154, 300, 300, 5, 1),
(40119, 3823, 1, 1, 1690.19, -1917.83, 99.8732, 1.49503, 300, 300, 5, 1),
(40262, 3823, 1, 1, 3289.47, 327.169, 5.65095, 2.34998, 300, 300, 5, 1),
(40593, 3823, 1, 1, 3620.29, 592.987, 6.10634, 0.737027, 300, 300, 15, 1),
(40598, 3823, 1, 1, 3616.36, 79.5398, 3.68546, 4.39681, 300, 300, 5, 1),
(40616, 3823, 1, 1, 3528.27, 547.337, 4.82804, 5.2406, 300, 300, 5, 1),
(40627, 3823, 1, 1, 3405.8, 381.591, 2.42789, 3.82396, 300, 300, 15, 1),
(40637, 3823, 1, 1, 3913.83, -18.6238, 12.4064, 3.91005, 300, 300, 5, 1),
(40664, 3823, 1, 1, 2104.83, -2683.61, 108.661, -0.410982, 300, 300, 5, 1),
(40668, 3823, 1, 1, 3852.98, 747.681, 7.62129, 2.20963, 300, 300, 5, 1),
(40671, 3823, 1, 1, 1396, -1981.86, 102.245, 2.80317, 300, 300, 0, 2),
(40692, 3823, 1, 1, 3862.05, 217.003, -0.411661, 4.01214, 300, 300, 15, 1),
(40697, 3823, 1, 1, 3546.39, 360.358, 5.904, 5.93292, 300, 300, 15, 1),
(40713, 3823, 1, 1, 2827.19, -38.2592, 99.0209, 5.95006, 300, 300, 15, 1),
(40715, 3823, 1, 1, 2740.18, 679.899, 104.156, 1.52711, 300, 300, 0, 0),
(40756, 3823, 1, 1, 2431.61, -330.656, 101.409, 3.22553, 300, 300, 15, 1),
(40763, 3823, 1, 1, 2729.99, -163.061, 106.662, 5.50707, 300, 300, 5, 1),
(40781, 3823, 1, 1, 2677.87, -61.2871, 93.3951, 4.2759, 300, 300, 15, 1),
(40782, 3823, 1, 1, 3383.05, 616.169, 5.49361, 2.0939, 300, 300, 15, 1),
(40811, 3823, 1, 1, 2718.5, -106.26, 96.052, -2.33339, 300, 300, 5, 1),
(40818, 3823, 1, 1, 1582.2, -1811.22, 126.633, 4.43314, 300, 300, 10, 1),
(40852, 3823, 1, 1, 3512.98, 437.261, 1.35244, 1.03541, 300, 300, 15, 1),
(40862, 3823, 1, 1, 3578.1, 346.029, 6.06762, 2.97082, 300, 300, 15, 1),
(40884, 3823, 1, 1, 2759.78, -107.167, 96.9139, 1.3189, 300, 300, 15, 1),
(40893, 3823, 1, 1, 3275.18, 748.095, 11.6553, 1.78735, 300, 300, 5, 1),
(40923, 3823, 1, 1, 3300.65, 667.286, 6.15171, 2.92816, 300, 300, 5, 1),
(40945, 3823, 1, 1, 4107.4, 172.191, 5.43396, 2.9952, 300, 300, 15, 1),
(40961, 3823, 1, 1, 2784.74, 287.313, 76.6574, 3.07321, 300, 300, 5, 1),
(40965, 3823, 1, 1, 4063.22, 209.464, 4.7373, 3.50451, 300, 300, 5, 1),
(40966, 3823, 1, 1, 3958.32, 137.602, 11.6365, 1.8873, 300, 300, 5, 1),
(40974, 3823, 1, 1, 3822.73, 201.272, 6.70488, 5.71848, 300, 300, 5, 1),
(40998, 3823, 1, 1, 4142.62, -4.89386, 25.3637, 3.26885, 300, 300, 15, 1),
(41011, 3823, 1, 1, 2553.75, 68.2116, 88.988, 1.52679, 300, 300, 5, 1),
(41027, 3823, 1, 1, 2914.87, 796.456, 105.778, 0.919091, 300, 300, 5, 1),
(41037, 3823, 1, 1, 2788.26, 541.379, 92.5845, 0.023833, 300, 300, 15, 1),
(41042, 3823, 1, 1, 3665.73, 141.779, 6.094, 5.82008, 300, 300, 5, 1),
(41044, 3823, 1, 1, 2882.05, 437.903, 106.848, 4.74448, 300, 300, 5, 1),
(41049, 3823, 1, 1, 3861.46, 573.959, 18.6772, 4.90962, 300, 300, 5, 1),
(41053, 3823, 1, 1, 2844.6, 378.135, 91.9906, 2.96702, 300, 300, 5, 1),
(41054, 3823, 1, 1, 2288.25, 396.858, 131.755, 3.34796, 300, 300, 5, 1),
(41056, 3823, 1, 1, 2493.39, -33.5814, 95.362, 1.74254, 300, 300, 3, 1),
(41086, 3823, 1, 1, 2433.47, 586.962, 119.97, -1.96365, 300, 300, 15, 1),
(41099, 3823, 1, 1, 2844.25, 372.233, 91.7917, 4.4293, 300, 300, 5, 1),
(41122, 3823, 1, 1, 1378.48, -1968.47, 116.238, 4.94884, 300, 300, 5, 1),
(41127, 3823, 1, 1, 2649.39, 181.873, 93.3874, 1.49454, 300, 300, 5, 1),
(41132, 3823, 1, 1, 2605.88, 235.545, 107.05, 0.602128, 300, 300, 5, 1),
(41133, 3823, 1, 1, 2596.92, 277.209, 102.488, 4.39774, 300, 300, 5, 1),
(41145, 3823, 1, 1, 2928.12, 730.341, 114.006, 4.76025, 300, 300, 5, 1),
(41179, 3823, 1, 1, 2352.34, 440.977, 118.253, 3.28067, 300, 300, 5, 1),
(41205, 3823, 1, 1, 2522.02, 362.126, 96.9792, 1.87378, 300, 300, 10, 1),
(41241, 3823, 1, 1, 2892.59, 679.506, 104.096, 1.78025, 300, 300, 5, 1),
(41248, 3823, 1, 1, 2348.91, -240.402, 115.231, 1.08189, 300, 300, 5, 1),
(41287, 3823, 1, 1, 2654.72, 229.971, 93.5796, 2.82715, 300, 300, 5, 1),
(41302, 3823, 1, 1, 2702.19, 672.292, 113.315, 0.588142, 300, 300, 3, 1),
(41345, 3823, 1, 1, 2639.44, 142.619, 92.8159, 0.254133, 300, 300, 5, 1),
(41397, 3823, 1, 1, 2593.51, 586.02, 103.121, 0.129323, 300, 300, 15, 1),
(41417, 3823, 1, 1, 2503.44, 602.071, 111.57, 1.12201, 300, 300, 15, 1),
(41424, 3823, 1, 1, 2579.37, 111.962, 91.6097, 0.109022, 300, 300, 5, 1),
(41428, 3823, 1, 1, 2560.68, -35.1924, 88.5246, 5.85751, 300, 300, 15, 1),
(41438, 3823, 1, 1, 2851.61, 639.898, 108.171, 0.672606, 300, 300, 5, 1);

DELETE FROM `creature_addon` WHERE `guid` IN (SELECT `guid` FROM `creature` WHERE `id` IN (3821));
DELETE FROM `creature_movement` WHERE `id` IN (SELECT `guid` FROM `creature` WHERE `id` IN (3821));
DELETE FROM `creature` WHERE `id` IN (3821);
INSERT INTO `creature` (`guid`, `id`, `map`, `spawnMask`, `position_x`, `position_y`, `position_z`, `orientation`, `spawntimesecsmin`, `spawntimesecsmax`, `spawndist`, `MovementType`) VALUES
(40221, 3821, 1, 1, 2079.99, -3497.81, 76.5439, 0.262741, 300, 300, 5, 1),
(40275, 3821, 1, 1, 2889.93, -2977.27, 203.536, 4.06068, 300, 300, 15, 1),
(40339, 3821, 1, 1, 2835.44, -3113.36, 182.381, 1.71669, 300, 300, 5, 1),
(40406, 3821, 1, 1, 2783.27, -3081.21, 175.097, 3.27136, 300, 300, 10, 1),
(40486, 3821, 1, 1, 2557.09, -3078.45, 135.454, 1.91723, 300, 300, 5, 1),
(40512, 3821, 1, 1, 2956.86, -3135.05, 195.266, 2.89671, 300, 300, 5, 1),
(40737, 3821, 1, 1, 2147.26, -3529.72, 48.5728, 2.94899, 300, 300, 5, 1),
(40797, 3821, 1, 1, 2315.04, -3541.31, 45.4868, 3.90213, 300, 300, 5, 1),
(40937, 3821, 1, 1, 2048.83, -3478.29, 87.1252, 1.72375, 300, 300, 5, 1),
(41060, 3821, 1, 1, 2908.7, -3592.47, 100.026, 1.54736, 300, 300, 5, 1),
(41095, 3821, 1, 1, 2126.36, -3404.18, 93.8878, 1.40115, 300, 300, 15, 1),
(41114, 3821, 1, 1, 2047.05, -3417.25, 92.8941, 3.5871, 300, 300, 15, 1),
(41136, 3821, 1, 1, 2800.65, -3130.14, 177.294, 2.41074, 300, 300, 15, 1),
(41206, 3821, 1, 1, 2907.81, -2973.39, 202.617, 5.31129, 300, 300, 15, 1),
(10504, 3821, 1, 1, 2905.33, -3486.15, 112.835, 6.14405, 300, 300, 5, 1),
(10508, 3821, 1, 1, 2859.57, -3428.91, 118.105, 5.26168, 300, 300, 5, 1),
(10529, 3821, 1, 1, 2946.83, -3449.76, 127.736, 2.00074, 300, 300, 15, 1),
(10532, 3821, 1, 1, 2699.47, -3650.24, 90.3779, 6.10054, 300, 300, 10, 1),
(10542, 3821, 1, 1, 2279.74, -3029.9, 122.576, 4.95982, 300, 300, 15, 1),
(10543, 3821, 1, 1, 2545.41, -3547.08, 59.8608, 3.27324, 300, 300, 3, 1),
(10548, 3821, 1, 1, 2219.16, -3542.81, 45.0811, 5.30926, 300, 300, 5, 1),
(10570, 3821, 1, 1, 2845.33, -3527.54, 108.782, 0, 300, 300, 5, 1),
(10572, 3821, 1, 1, 2616.43, -3681.93, 77.9271, 2.33686, 300, 300, 3, 1),
(10583, 3821, 1, 1, 2693.02, -3608.94, 104.971, 4.17968, 300, 300, 10, 1),
(10587, 3821, 1, 1, 2721.17, -3560.67, 108.477, 3.17283, 300, 300, 15, 1),
(38304, 3821, 1, 1, 2536.15, -3656.27, 61.8565, 5.99701, 300, 300, 10, 1);

DELETE FROM `creature_addon` WHERE `guid` IN (SELECT `guid` FROM `creature` WHERE `id` IN (3817));
DELETE FROM `creature_movement` WHERE `id` IN (SELECT `guid` FROM `creature` WHERE `id` IN (3817));
DELETE FROM `creature` WHERE `id` IN (3817);
INSERT INTO `creature` (`guid`, `id`, `map`, `spawnMask`, `position_x`, `position_y`, `position_z`, `orientation`, `spawntimesecsmin`, `spawntimesecsmax`, `spawndist`, `MovementType`) VALUES
(40167, 3817, 1, 1, 2447.45, -1546.35, 137.242, 2.50375, 300, 300, 10, 1),
(40178, 3817, 1, 1, 2210.76, -1310.19, 77.1685, 1.86813, 300, 300, 5, 1),
(40261, 3817, 1, 1, 2522.59, -1104.93, 131.297, 5.4349, 300, 300, 15, 1),
(40312, 3817, 1, 1, 1940.86, -693.591, 112.464, 4.97637, 300, 300, 5, 1),
(40319, 3817, 1, 1, 2616.41, -1010.29, 120.638, 5.88345, 300, 300, 15, 1),
(40347, 3817, 1, 1, 2325.23, -466.488, 100.075, 0.446604, 300, 300, 15, 1),
(40388, 3817, 1, 1, 2590.89, -1426.69, 162.857, 3.96289, 300, 300, 15, 1),
(40398, 3817, 1, 1, 2803.17, -1271.04, 204.158, 3.90256, 300, 300, 5, 1),
(40399, 3817, 1, 1, 1980.64, -728.288, 99.5879, 4.72997, 300, 300, 5, 1),
(40408, 3817, 1, 1, 2265.01, -862.158, 100.72, 2.62245, 300, 300, 15, 1),
(40427, 3817, 1, 1, 2663.02, -1038.33, 125.144, 0.910096, 300, 300, 3, 1),
(40435, 3817, 1, 1, 2236.11, -812.53, 110.747, 6.04058, 300, 300, 15, 1),
(40481, 3817, 1, 1, 2296.9, -466.944, 96.4656, 3.73229, 300, 300, 15, 1),
(40543, 3817, 1, 1, 2205.78, -779.697, 105.724, 3.14745, 300, 300, 15, 1),
(40575, 3817, 1, 1, 2009.65, -368.157, 99.8312, 5.70656, 300, 300, 15, 1),
(40619, 3817, 1, 1, 2258.02, -787.399, 109.02, 0.058641, 300, 300, 15, 1),
(40626, 3817, 1, 1, 2196.8, -670.255, 127.967, 5.23542, 300, 300, 5, 1),
(40642, 3817, 1, 1, 2329.69, -751.042, 113.097, 1.5708, 300, 300, 5, 1),
(40661, 3817, 1, 1, 2414.56, -780.304, 121.838, 2.47326, 300, 300, 15, 1),
(40670, 3817, 1, 1, 2929.49, -1301.79, 203.112, 5.09652, 300, 300, 5, 1),
(40675, 3817, 1, 1, 2055.54, -512.441, 99.8552, 0.273961, 300, 300, 5, 1),
(40691, 3817, 1, 1, 2454.05, -1642.28, 162.593, 5.55102, 300, 300, 5, 1),
(40708, 3817, 1, 1, 2508.69, -1298.67, 144.493, 0.785221, 300, 300, 5, 1),
(40712, 3817, 1, 1, 2148.96, -573.959, 102.676, 0.574766, 300, 300, 5, 1),
(40714, 3817, 1, 1, 2124.95, -957.928, 98.8138, 4.47482, 300, 300, 5, 1),
(40717, 3817, 1, 1, 2039.83, -773.295, 103.686, 1.9012, 300, 300, 5, 1),
(40721, 3817, 1, 1, 2552.09, -1503.75, 158.614, 1.63626, 300, 300, 15, 1),
(40725, 3817, 1, 1, 2293.29, -684.948, 139.502, 6.08656, 300, 300, 5, 1),
(40736, 3817, 1, 1, 2623.74, -1287.77, 149.159, 2.78648, 300, 300, 15, 1),
(40750, 3817, 1, 1, 1871.73, -640.883, 117.19, 5.31719, 300, 300, 5, 1),
(40755, 3817, 1, 1, 2232.9, -604.037, 104.21, 0.813725, 300, 300, 15, 1),
(40757, 3817, 1, 1, 2054.87, -678.462, 111.674, 3.24682, 300, 300, 5, 1),
(40765, 3817, 1, 1, 2647.83, -1499.03, 188.674, 0.662242, 300, 300, 2, 1),
(40789, 3817, 1, 1, 2644.24, -1200.97, 154.895, 6.27733, 300, 300, 5, 1),
(40795, 3817, 1, 1, 2684.25, -1429.06, 194.283, 0.044909, 300, 300, 10, 1),
(40799, 3817, 1, 1, 2504.29, -1546.59, 150.124, 0.186047, 300, 300, 3, 1),
(40801, 3817, 1, 1, 2144.89, -723.621, 108.262, 0.24853, 300, 300, 5, 1),
(40813, 3817, 1, 1, 2350.59, -917.808, 96.6732, 5.72113, 300, 300, 3, 1),
(40814, 3817, 1, 1, 1921.31, -423.498, 106.255, 2.57673, 300, 300, 10, 1),
(40817, 3817, 1, 1, 2876.64, -1178.3, 180.808, 2.98381, 300, 300, 0, 0),
(40840, 3817, 1, 1, 2277.95, -1112.29, 95.5275, 0.089953, 300, 300, 5, 1),
(40867, 3817, 1, 1, 2882.65, -1189.58, 178.648, 4.77005, 300, 300, 5, 1),
(40877, 3817, 1, 1, 2801.19, -1171.08, 171.143, 4.83771, 300, 300, 5, 1),
(40982, 3817, 1, 1, 2704.8, -1196.6, 160.537, 0.880808, 300, 300, 15, 1),
(41008, 3817, 1, 1, 2391.41, -880.808, 150.454, 3.76321, 300, 300, 5, 1),
(41067, 3817, 1, 1, 2355.48, -517.081, 120.157, 2.54655, 300, 300, 3, 1),
(41190, 3817, 1, 1, 2078.69, -435.192, 96.6761, 4.88814, 300, 300, 5, 1),
(41210, 3817, 1, 1, 2222.21, -552.833, 102.454, 0.16289, 300, 300, 15, 1),
(41283, 3817, 1, 1, 2253.85, -562.269, 102.872, 6.00409, 300, 300, 15, 1),
(38305, 3817, 1, 1, 2533.06, -1463.97, 163.013, 2.26429, 300, 300, 5, 1),
(38308, 3817, 1, 1, 2248.8, -1077.61, 106.463, 3.69926, 300, 300, 5, 1),
(38311, 3817, 1, 1, 2318.73, -981.721, 91.5928, 3.72356, 300, 300, 15, 1),
(38312, 3817, 1, 1, 2330.89, -1029.68, 109.335, 5.71631, 300, 300, 5, 1),
(38318, 3817, 1, 1, 2253.2, -1152.72, 87.2554, 3.87586, 300, 300, 5, 1),
(38319, 3817, 1, 1, 2119.27, -529.646, 110.777, 4.42711, 300, 300, 5, 1),
(38321, 3817, 1, 1, 2011.87, -607.283, 101.978, 3.85297, 300, 300, 15, 1),
(38322, 3817, 1, 1, 2584.25, -1249.04, 145.567, 0.436064, 300, 300, 15, 1),
(38331, 3817, 1, 1, 2681.25, -1529.27, 208.826, 4.71239, 300, 300, 5, 1),
(38341, 3817, 1, 1, 2226.83, -969.273, 89.3588, 5.38564, 300, 300, 5, 1),
(38343, 3817, 1, 1, 1925.15, -481.529, 114.499, 0.072351, 300, 300, 5, 1),
(38344, 3817, 1, 1, 2735.73, -1195.89, 164.726, 5.70223, 300, 300, 15, 1),
(38346, 3817, 1, 1, 2194.07, -916.772, 93.3797, 5.93858, 300, 300, 5, 1),
(38357, 3817, 1, 1, 2286.51, -939.285, 86.8047, 1.75746, 300, 300, 15, 1),
(38360, 3817, 1, 1, 2753.1, -1242.78, 172.849, 4.4828, 300, 300, 5, 1),
(38364, 3817, 1, 1, 2935.38, -1244.76, 190.396, 2.79869, 300, 300, 15, 1),
(38366, 3817, 1, 1, 2391.98, -694.825, 151.623, 0.250576, 300, 300, 3, 1),
(38367, 3817, 1, 1, 2632.97, -1423.21, 180.707, 6.25828, 300, 300, 3, 1),
(38370, 3817, 1, 1, 2075.69, -526.669, 100.156, 5.87937, 300, 300, 5, 1),
(38371, 3817, 1, 1, 1970.87, -579.038, 112.508, 0.811525, 300, 300, 3, 1),
(38375, 3817, 1, 1, 2577.12, -1331.8, 151.48, 0.871227, 300, 300, 15, 1);

UPDATE `creature` SET `position_x`=3490.822, `position_y`=-5213.993, `position_z`=86.585 WHERE `guid`=52176;
UPDATE `creature` SET `position_x`=-5688.776, `position_y`=3643.666, `position_z`=-14.521 WHERE `guid`=26126;
UPDATE `creature` SET `position_x`=-3394.369, `position_y`=2363.804, `position_z`=40.064 WHERE `guid`=27440;
UPDATE `creature` SET `position_x`=-5075.499, `position_y`=-1046.237, `position_z`=-3.101 WHERE `guid`=24040;

INSERT INTO `questgiver_greeting` VALUES (2151, 0, 'Hail, $C.  The roads of our fair forest are not entirely without peril.  Tread cautiously.', 0, 0);
INSERT INTO `questgiver_greeting` VALUES (3657, 0, 'I must keep vigilant watch, $n. Auberdine is surrounded by enemies, new and old. Watch your step when you leave this town for I cannot protect you outside of it. That is why I need help with tasks that would take me outside.', 0, 0);
INSERT INTO `questgiver_greeting` VALUES (4088, 0, 'A warrior''s path is one of determination, $gbrother:sister;.  It may begin with strength of arms, but it endures through force of will.', 1, 0);
DELETE FROM `creature_questrelation` WHERE `id` = 3657 AND `quest` = 1684;
INSERT INTO `creature_questrelation` (`id`, `quest`) VALUES (3657, 1684);

UPDATE `creature` SET `position_x`=-309.066, `position_y`=-3159.099, `position_z`=216.378 WHERE `guid`=36397;
UPDATE `creature` SET `position_x`=-761.264, `position_y`=-4585.398, `position_z`=50.101 WHERE `guid`=35891;
DELETE FROM `creature_addon` WHERE `guid` IN (SELECT `guid` FROM `creature` WHERE `id` IN (3124));
DELETE FROM `creature_movement` WHERE `id` IN (SELECT `guid` FROM `creature` WHERE `id` IN (3124));
DELETE FROM `creature` WHERE `id` IN (3124);
INSERT INTO `creature` (`guid`, `id`, `map`, `spawnMask`, `position_x`, `position_y`, `position_z`, `orientation`, `spawntimesecsmin`, `spawntimesecsmax`, `spawndist`, `MovementType`) VALUES
(34661, 3124, 1, 1, -311.728, -4383.49, 55.4956, 4.99568, 300, 300, 10, 1),
(34748, 3124, 1, 1, -283.734, -4353.08, 54.2889, 2.46091, 300, 300, 10, 1),
(34803, 3124, 1, 1, -284.146, -4386.08, 57.6236, 4.70264, 300, 300, 10, 1),
(34807, 3124, 1, 1, -354.449, -4152.44, 53.0701, 5.65346, 300, 300, 10, 1),
(34893, 3124, 1, 1, -379.151, -4149.79, 52.1301, 3.63162, 300, 300, 10, 1),
(34912, 3124, 1, 1, -425.434, -4150.13, 52.0528, 3.52404, 300, 300, 10, 1),
(34997, 3124, 1, 1, -448.941, -4118.7, 51.1081, 6.04742, 300, 300, 10, 1),
(35005, 3124, 1, 1, -457.278, -4156.35, 47.5627, 4.24282, 300, 300, 5, 1),
(35034, 3124, 1, 1, -287.857, -4286.79, 60.4528, 5.24688, 300, 300, 5, 1),
(35290, 3124, 1, 1, -379.617, -4088.91, 49.3236, 4.62413, 300, 300, 10, 1),
(35312, 3124, 1, 1, -386.839, -4051.39, 51.8339, -1.09711, 300, 300, 10, 1),
(35320, 3124, 1, 1, -355.606, -4075.84, 51.8144, 2.16719, 300, 300, 5, 1),
(35378, 3124, 1, 1, -279.493, -4214.26, 55.2843, 5.68814, 300, 300, 10, 1),
(35391, 3124, 1, 1, -410.204, -4120.98, 50.2176, 4.26844, 300, 300, 10, 1),
(35458, 3124, 1, 1, -448.071, -4082.53, 53.1445, 5.99819, 300, 300, 5, 1),
(35492, 3124, 1, 1, -415.359, -4055.64, 52.2608, 4.64114, 300, 300, 5, 1),
(35521, 3124, 1, 1, -427.062, -4080.09, 49.5018, 2.75415, 300, 300, 10, 1),
(35540, 3124, 1, 1, -350.135, -4113.14, 50.8045, 0.226893, 300, 300, 10, 1),
(35548, 3124, 1, 1, -320.45, -4153.63, 53.2861, 0.893706, 300, 300, 10, 1),
(35604, 3124, 1, 1, -261.13, -4373.69, 61.5519, 0.317264, 300, 300, 10, 1),
(35617, 3124, 1, 1, -607.076, -4113.04, 74.9527, 3.32366, 300, 300, 5, 1),
(35648, 3124, 1, 1, -548.718, -4080.81, 70.8147, 0.494206, 300, 300, 5, 1),
(35649, 3124, 1, 1, -511.388, -4174.16, 77.2973, 5.16868, 300, 300, 5, 1),
(35654, 3124, 1, 1, -546.414, -4148.11, 73.5143, 3.45665, 300, 300, 5, 1),
(35674, 3124, 1, 1, -252.066, -4227.22, 62.8692, 5.16003, 300, 300, 5, 1),
(35683, 3124, 1, 1, -585.422, -4151.6, 76.4519, 5.23609, 300, 300, 5, 1),
(35716, 3124, 1, 1, -787.391, -4246.54, 52.6586, 6.20025, 300, 300, 5, 1),
(35726, 3124, 1, 1, -212.5, -4170.83, 64.5858, 1.5979, 300, 300, 5, 1),
(35733, 3124, 1, 1, -353.203, -4452.88, 53.6991, 4.17099, 300, 300, 10, 1),
(35747, 3124, 1, 1, -707.628, -4346.49, 47.975, 1.85982, 300, 300, 5, 1),
(35772, 3124, 1, 1, -509.617, -4117.39, 59.5013, 2.42814, 300, 300, 5, 1),
(35779, 3124, 1, 1, -579.552, -4114.32, 74.1403, 5.62348, 300, 300, 10, 1),
(35782, 3124, 1, 1, -680.309, -4145.69, 36.0694, 1.65108, 300, 300, 5, 1),
(35793, 3124, 1, 1, -676.942, -4114.47, 39.304, 3.65357, 300, 300, 5, 1),
(35834, 3124, 1, 1, -346.629, -4045.22, 51.1096, 5.92702, 300, 300, 5, 1),
(35838, 3124, 1, 1, -354.141, -4421.33, 50.6012, 3.11921, 300, 300, 10, 1),
(35858, 3124, 1, 1, -544.639, -4116.73, 65.7142, 5.70841, 300, 300, 10, 1),
(35864, 3124, 1, 1, -518.958, -4076.93, 69.8705, 6.11225, 300, 300, 5, 1),
(35871, 3124, 1, 1, -448.264, -4459.52, 50.2802, 4.84749, 300, 300, 10, 1),
(35917, 3124, 1, 1, -788.542, -4286.46, 52.8241, 4.1216, 300, 300, 5, 1),
(35934, 3124, 1, 1, -310.417, -4414.58, 56.9974, 6.09144, 300, 300, 10, 1),
(35946, 3124, 1, 1, -282.794, -4416.63, 56.6823, 1.39555, 300, 300, 10, 1),
(35968, 3124, 1, 1, -414.235, -4455.12, 50.3399, 4.02693, 300, 300, 10, 1),
(35983, 3124, 1, 1, -610.693, -4084.09, 77.4566, 2.75703, 300, 300, 5, 1),
(36000, 3124, 1, 1, -248.622, -4252.35, 63.0932, 5.3856, 300, 300, 10, 1),
(36004, 3124, 1, 1, -289.924, -4246.46, 65.532, 5.04897, 300, 300, 5, 1),
(36018, 3124, 1, 1, -582.936, -4082.73, 72.6444, 2.28972, 300, 300, 10, 1),
(36025, 3124, 1, 1, -380.768, -4449.68, 52.4944, 4.51997, 300, 300, 10, 1),
(36045, 3124, 1, 1, -756.204, -4352.79, 52.2143, 1.72013, 300, 300, 5, 1),
(36093, 3124, 1, 1, -448.24, -4480.23, 50.55, 4.39538, 300, 300, 5, 1),
(36094, 3124, 1, 1, -248.867, -4181.38, 55.9118, 4.10963, 300, 300, 10, 1),
(36101, 3124, 1, 1, -513.156, -4156.63, 77.3819, 4.34319, 300, 300, 5, 1),
(36113, 3124, 1, 1, -304.944, -4437.49, 59.0555, 0.551751, 300, 300, 10, 1),
(36216, 3124, 1, 1, -180.7, -4243.65, 56.9324, 0.313795, 300, 300, 5, 1),
(36217, 3124, 1, 1, -378.179, -4125.45, 50.7667, 4.83762, 300, 300, 10, 1);
DELETE FROM `creature_addon` WHERE `guid` IN (SELECT `guid` FROM `creature` WHERE `id` IN (3122));
DELETE FROM `creature_movement` WHERE `id` IN (SELECT `guid` FROM `creature` WHERE `id` IN (3122));
DELETE FROM `creature` WHERE `id` IN (3122);
INSERT INTO `creature` (`guid`, `id`, `map`, `spawnMask`, `position_x`, `position_y`, `position_z`, `orientation`, `spawntimesecsmin`, `spawntimesecsmax`, `spawndist`, `MovementType`) VALUES
(31971, 3122, 1, 1, -969.792, -5184.38, 1.96031, 1.15182, 300, 300, 5, 1),
(32018, 3122, 1, 1, -1349.64, -5127.29, 2.48994, 4.06915, 300, 300, 10, 1),
(32062, 3122, 1, 1, -1148.28, -5102.96, 4.70231, 3.70393, 300, 300, 5, 1),
(32122, 3122, 1, 1, -945.296, -5210.26, 2.68998, 5.01002, 300, 300, 5, 1),
(32177, 3122, 1, 1, 151.262, -4162.34, 49.6573, 0.283403, 300, 300, 10, 1),
(32227, 3122, 1, 1, -1104.86, -5148.86, 1.79509, 5.63553, 300, 300, 5, 1),
(32554, 3122, 1, 1, -1311.75, -5567.6, 7.56791, 0.104594, 300, 300, 5, 1),
(32703, 3122, 1, 1, -653.125, -5544.12, 4.45992, 5.14691, 300, 300, 5, 1),
(32711, 3122, 1, 1, -818.032, -5319.66, 4.05685, 3.88806, 300, 300, 10, 1),
(32750, 3122, 1, 1, -1029.9, -5561.69, 4.82141, 4.11951, 300, 300, 10, 1),
(32759, 3122, 1, 1, -1519.97, -5298.45, 7.61597, 1.43593, 300, 300, 5, 1),
(32760, 3122, 1, 1, 623.504, -4298.57, 17.8049, 4.93152, 300, 300, 10, 1),
(32783, 3122, 1, 1, -702.447, -5513.37, 7.98932, 5.47556, 300, 300, 10, 1),
(32879, 3122, 1, 1, -776.658, -5377.5, 4.90476, 4.54468, 300, 300, 5, 1),
(32948, 3122, 1, 1, -1251.62, -5345.36, 4.86702, 0.428786, 300, 300, 5, 1),
(32990, 3122, 1, 1, -721.791, -5573.39, 27.9249, 5.44706, 300, 300, 10, 1),
(33010, 3122, 1, 1, -1084.46, -5622.65, 3.96953, 1.02683, 300, 300, 5, 1),
(33157, 3122, 1, 1, -1093.47, -5393.64, 11.1093, 1.12573, 300, 300, 5, 1),
(33382, 3122, 1, 1, -673.941, -5652.9, 9.65711, 2.53073, 300, 300, 0, 0),
(33419, 3122, 1, 1, 611.027, -4312.82, 18.6202, 5.79334, 300, 300, 10, 1),
(33433, 3122, 1, 1, 864.631, -4969.7, 8.45053, 5.98081, 300, 300, 5, 1),
(33475, 3122, 1, 1, 504.167, -4595.83, 49.1586, 5.85217, 300, 300, 10, 1),
(33532, 3122, 1, 1, 493.719, -4887.28, 24.0111, 1.21385, 300, 300, 10, 1),
(33558, 3122, 1, 1, 587.3, -4109.71, 18.117, 3.92664, 300, 300, 5, 1),
(33619, 3122, 1, 1, 461.779, -4104.26, 29.4362, 4.95814, 300, 300, 5, 1),
(33642, 3122, 1, 1, 34.0617, -4139.97, 68.2903, 3.65856, 300, 300, 5, 1),
(33704, 3122, 1, 1, 593.222, -4865.46, 24.5547, 5.62141, 300, 300, 5, 1),
(33762, 3122, 1, 1, 511.469, -4480.06, 47.7049, 2.5861, 300, 300, 5, 1),
(33766, 3122, 1, 1, 993.052, -5028.1, 12.7936, 5.49779, 300, 300, 5, 1),
(33846, 3122, 1, 1, -824.783, -5591.58, 4.33208, 4.60767, 300, 300, 0, 0),
(33847, 3122, 1, 1, -697.752, -5605.07, 26.8175, 0.122868, 300, 300, 5, 1),
(33950, 3122, 1, 1, -1144.04, -5339.8, 5.29149, 1.51135, 300, 300, 5, 1),
(33952, 3122, 1, 1, -1261.3, -5584.93, 8.39413, 1.11152, 300, 300, 10, 1),
(33981, 3122, 1, 1, 879.705, -5041.08, 4.95404, 4.81922, 300, 300, 10, 1),
(34283, 3122, 1, 1, 208.815, -4300.84, 43.8047, 0.226506, 300, 300, 10, 1),
(34386, 3122, 1, 1, 803.126, -5009.11, 10.4341, 2.40457, 300, 300, 10, 1),
(34475, 3122, 1, 1, 733.031, -4886.37, 28.3956, 1.7138, 300, 300, 10, 1),
(34510, 3122, 1, 1, 561.871, -4629.33, 38.2371, 0.85002, 300, 300, 5, 1),
(34517, 3122, 1, 1, 168.14, -4252.11, 49.4872, 5.95093, 300, 300, 10, 1),
(34537, 3122, 1, 1, 508.203, -4548.33, 50.6149, 3.77078, 300, 300, 5, 1),
(34590, 3122, 1, 1, 167.115, -4103.98, 50.0388, 1.38631, 300, 300, 5, 1),
(34669, 3122, 1, 1, 149.9, -4035.82, 48.9886, 4.4114, 300, 300, 10, 1),
(34693, 3122, 1, 1, 946.397, -4977.17, 9.32296, 1.99556, 300, 300, 10, 1),
(34828, 3122, 1, 1, -1147.91, -5580.94, 8.62285, 0.341721, 300, 300, 0, 0),
(34861, 3122, 1, 1, -691.501, -5676.06, 6.38531, 3.85605, 300, 300, 5, 1),
(34875, 3122, 1, 1, -823.853, -5653.07, 5.14065, 5.81016, 300, 300, 10, 1),
(34941, 3122, 1, 1, -1586, -5242.36, 6.00324, 2.91418, 300, 300, 10, 1),
(34951, 3122, 1, 1, -1294.94, -5129.05, 2.11107, 1.63687, 300, 300, 10, 1),
(35077, 3122, 1, 1, -1029.89, -5516.54, 7.27228, 5.73885, 300, 300, 10, 1),
(35084, 3122, 1, 1, -1328.27, -5490.06, 6.44178, 1.30592, 300, 300, 5, 1),
(35094, 3122, 1, 1, -19.6653, -4050.76, 62.6509, 2.08576, 300, 300, 5, 1),
(35134, 3122, 1, 1, 777.325, -4928.43, 21.6668, 0.215905, 300, 300, 5, 1),
(35171, 3122, 1, 1, 595.818, -4201.23, 14.3149, 5.64964, 300, 300, 10, 1),
(36711, 3122, 1, 1, 125.764, -4091.38, 54.1881, 3.8731, 300, 300, 10, 1),
(36780, 3122, 1, 1, 962.5, -4952.53, 12.0673, 4.71239, 300, 300, 10, 1),
(36923, 3122, 1, 1, 1130.52, -4572.23, 17.6088, 3.07753, 300, 300, 10, 1),
(36962, 3122, 1, 1, 664.271, -4838.06, 26.4969, 1.36104, 300, 300, 5, 1),
(37051, 3122, 1, 1, 77.7896, -4196.88, 60.786, 3.14159, 300, 300, 5, 1),
(37104, 3122, 1, 1, 481.397, -4410.52, 40.3712, 5.01022, 300, 300, 5, 1),
(37138, 3122, 1, 1, 519.162, -4383.35, 34.0373, 0.141069, 300, 300, 5, 1);
DELETE FROM `creature_addon` WHERE `guid` IN (SELECT `guid` FROM `creature` WHERE `id` IN (3100));
DELETE FROM `creature_movement` WHERE `id` IN (SELECT `guid` FROM `creature` WHERE `id` IN (3100));
DELETE FROM `creature` WHERE `id` IN (3100);
INSERT INTO `creature` (`guid`, `id`, `map`, `spawnMask`, `position_x`, `position_y`, `position_z`, `orientation`, `spawntimesecsmin`, `spawntimesecsmax`, `spawndist`, `MovementType`) VALUES
(34585, 3100, 1, 1, 1481.16, -4812.48, 38.747, 4.19457, 300, 300, 5, 1),
(34906, 3100, 1, 1, 1456.47, -4913.08, 8.65841, 6.03408, 300, 300, 5, 1),
(36124, 3100, 1, 1, 1420.91, -4875.81, 12.8975, 1.02779, 300, 300, 5, 1),
(36142, 3100, 1, 1, 1420.02, -4845, 16.5256, 4.88921, 300, 300, 5, 1),
(36377, 3100, 1, 1, 1391.2, -4702.03, 30.2808, 1.06178, 300, 300, 5, 1),
(36420, 3100, 1, 1, 1360.49, -4484.77, 27.7505, 2.03444, 300, 300, 5, 1),
(36445, 3100, 1, 1, 1353.44, -4616.96, 26.936, 2.70591, 300, 300, 5, 1),
(36665, 3100, 1, 1, 1352.54, -4901.31, 11.6341, 0.573919, 300, 300, 10, 1),
(36746, 3100, 1, 1, 1348.4, -4785.8, 24.7409, 5.74089, 300, 300, 5, 1),
(36750, 3100, 1, 1, 1343.24, -4949.2, 6.45251, 2.61106, 300, 300, 5, 1),
(36793, 3100, 1, 1, 1342.82, -4688.55, 33.3423, 5.29958, 300, 300, 5, 1),
(36810, 3100, 1, 1, 1314.01, -4880.69, 12.8864, 0.270265, 300, 300, 10, 1),
(36950, 3100, 1, 1, 1308.42, -4761.22, 22.5638, 5.57419, 300, 300, 5, 1),
(37015, 3100, 1, 1, 1287.12, -4723.31, 19.6114, 4.11235, 300, 300, 10, 1),
(37018, 3100, 1, 1, 1287, -4614.38, 20.8714, 1.14385, 300, 300, 5, 1),
(37063, 3100, 1, 1, 1270.55, -4303.5, 28.4232, 6.10297, 300, 300, 5, 1),
(37128, 3100, 1, 1, 1270.51, -4287.87, 24.8377, 6.09709, 300, 300, 5, 1),
(37174, 3100, 1, 1, 1260.82, -4387.59, 29.0774, 3.3681, 300, 300, 5, 1),
(37209, 3100, 1, 1, 1260.31, -4279, 24.6246, 3.287, 300, 300, 5, 1),
(37248, 3100, 1, 1, 1259.58, -4654.98, 17.217, 2.92102, 300, 300, 5, 1),
(37262, 3100, 1, 1, 1253.35, -4381, 28.8476, 5.831, 300, 300, 5, 1),
(37319, 3100, 1, 1, 1252.83, -4850.85, 17.6862, 0.044936, 300, 300, 10, 1),
(37336, 3100, 1, 1, 1250.48, -4515.17, 21.7041, 5.09636, 300, 300, 0, 0),
(37353, 3100, 1, 1, 1249.14, -4739, 17.5909, 1.64907, 300, 300, 5, 1),
(37375, 3100, 1, 1, 1240.33, -4894.29, 11.7185, 0.376152, 300, 300, 10, 1),
(37407, 3100, 1, 1, 1222.19, -4367.85, 28.1284, 5.0174, 300, 300, 5, 1),
(37434, 3100, 1, 1, 1221, -4692.24, 16.9644, 2.78205, 300, 300, 10, 1),
(37449, 3100, 1, 1, 1219.03, -4178.16, 24.1252, 5.4531, 300, 300, 10, 1),
(37536, 3100, 1, 1, 1218.72, -4353.9, 21.7839, 4.86554, 300, 300, 5, 1),
(37546, 3100, 1, 1, 1215.96, -4799.11, 15.9298, 2.18951, 300, 300, 5, 1),
(37550, 3100, 1, 1, 1211.61, -4246, 24.763, 1.551, 300, 300, 5, 1),
(37581, 3100, 1, 1, 1207.81, -4931.38, 17.1661, 1.749, 300, 300, 5, 1),
(37620, 3100, 1, 1, 1207.23, -4084.26, 21.3099, 5.71896, 300, 300, 10, 1),
(37656, 3100, 1, 1, 1197.92, -4297, 21.5986, 5.721, 300, 300, 5, 1),
(37688, 3100, 1, 1, 1194.27, -4831.29, 17.7507, 1.38605, 300, 300, 10, 1),
(37738, 3100, 1, 1, 1190.81, -4761.39, 18.3047, 4.29158, 300, 300, 5, 1),
(37752, 3100, 1, 1, 1188.5, -4219.9, 24.6479, 0.246637, 300, 300, 10, 1),
(37806, 3100, 1, 1, 1186.37, -4046.63, 14.7298, 2.58271, 300, 300, 5, 1),
(37828, 3100, 1, 1, 1185.55, -4339, 21.4941, 3.01, 300, 300, 5, 1),
(37874, 3100, 1, 1, 1181.82, -4978.9, 11.5814, 1.7703, 300, 300, 5, 1),
(37994, 3100, 1, 1, 1176.96, -4412.65, 21.6106, 3.62086, 300, 300, 5, 1),
(38142, 3100, 1, 1, 1170.5, -4253.13, 23.0116, 3.73231, 300, 300, 10, 1),
(38148, 3100, 1, 1, 1158.73, -4491.68, 20.7351, 0.430301, 300, 300, 10, 1),
(38279, 3100, 1, 1, 1156.5, -4202.82, 23.2881, 0.872079, 300, 300, 5, 1),
(38314, 3100, 1, 1, 1154.45, -5003.49, 14.0119, 1.21759, 300, 300, 5, 1),
(38317, 3100, 1, 1, 1153.37, -4349.22, 26.3771, 6.25784, 300, 300, 0, 0),
(38326, 3100, 1, 1, 1151.27, -4878.34, 21.4794, 1.95747, 300, 300, 10, 1),
(38334, 3100, 1, 1, 1148.27, -4053.48, 16.0972, 4.97538, 300, 300, 10, 1),
(38444, 3100, 1, 1, 1146.39, -4370.79, 25.3582, 4.12298, 300, 300, 10, 1),
(38496, 3100, 1, 1, 1141.19, -4818.62, 17.9146, 1.17996, 300, 300, 5, 1),
(38577, 3100, 1, 1, 1138.53, -3930.24, 20.5361, 1.99927, 300, 300, 5, 1),
(38613, 3100, 1, 1, 1127, -4983.91, 20.0305, 6.24022, 300, 300, 5, 1),
(38677, 3100, 1, 1, 1125.54, -4858.68, 19.9125, 5.66862, 300, 300, 5, 1),
(38684, 3100, 1, 1, 1123.9, -4393.71, 24.9768, 5.71978, 300, 300, 0, 0),
(38698, 3100, 1, 1, 1119.3, -4317.4, 25.3861, 5.56757, 300, 300, 5, 1),
(38721, 3100, 1, 1, 1116.56, -4041.96, 14.5495, 6.01428, 300, 300, 10, 1),
(38725, 3100, 1, 1, 1097.25, -4453.69, 21.4117, 2.87483, 300, 300, 10, 1),
(38731, 3100, 1, 1, 1094.51, -5012.36, 24.917, 6.04864, 300, 300, 5, 1),
(38739, 3100, 1, 1, 1087.76, -4495.67, 19.1597, 4.96681, 300, 300, 10, 1),
(38752, 3100, 1, 1, 1087.55, -4883.97, 14.7821, 2.03451, 300, 300, 5, 1),
(38761, 3100, 1, 1, 1079.04, -4529.97, 17.898, 0.283681, 300, 300, 10, 1),
(38772, 3100, 1, 1, 1062.02, -4322.98, 20.4529, 4.08646, 300, 300, 5, 1),
(38777, 3100, 1, 1, 1060.85, -4010.61, 20.7468, 6.00371, 300, 300, 5, 1),
(38823, 3100, 1, 1, 1052.25, -4248.49, 19.7144, 2.40798, 300, 300, 10, 1),
(38825, 3100, 1, 1, 1051.5, -4217.67, 18.8802, 0.892691, 300, 300, 10, 1),
(38855, 3100, 1, 1, 1048.93, -4285.95, 16.6591, 1.33384, 300, 300, 5, 1),
(38864, 3100, 1, 1, 1048.04, -4102.8, 18.1339, 5.6014, 300, 300, 10, 1),
(38926, 3100, 1, 1, 1043.42, -4921.25, 14.9446, 2.8825, 300, 300, 10, 1),
(38929, 3100, 1, 1, 1040.28, -4087.09, 17.525, 1.51059, 300, 300, 10, 1),
(38936, 3100, 1, 1, 1024.98, -4394.06, 17.0952, 2.89322, 300, 300, 0, 0),
(38939, 3100, 1, 1, 1022.03, -4330.38, 16.8225, 4.51826, 300, 300, 5, 1),
(38940, 3100, 1, 1, 1021.37, -4214.88, 22.3222, 1.07309, 300, 300, 10, 1),
(38965, 3100, 1, 1, 1018.98, -4285.32, 22.4867, 5.56984, 300, 300, 5, 1),
(39004, 3100, 1, 1, 1015.87, -5012.18, 14.356, 3.43277, 300, 300, 5, 1),
(39012, 3100, 1, 1, 1005.81, -4186.09, 22.7472, 5.0773, 300, 300, 5, 1),
(39017, 3100, 1, 1, 986.871, -4313.26, 23.9862, 2.57512, 300, 300, 5, 1),
(39022, 3100, 1, 1, 981.594, -4973.44, 13.807, 1.60106, 300, 300, 5, 1),
(39073, 3100, 1, 1, 953.786, -5084.64, 6.82536, 5.65865, 300, 300, 10, 1),
(39089, 3100, 1, 1, 953.472, -3874.6, 18.9394, 1.20203, 300, 300, 10, 1),
(39100, 3100, 1, 1, 944.079, -5016.22, 4.54811, 5.32232, 300, 300, 5, 1),
(39101, 3100, 1, 1, 941.068, -4969.79, 9.10522, 2.62463, 300, 300, 10, 1),
(39105, 3100, 1, 1, 924.659, -4363.43, 16.4217, 2.47834, 300, 300, 10, 1),
(39111, 3100, 1, 1, 918.541, -4320.35, 24.0849, 6.05668, 300, 300, 5, 1),
(39112, 3100, 1, 1, 891.443, -3868.43, 23.5632, 1.1466, 300, 300, 5, 1),
(39116, 3100, 1, 1, 882.518, -4285.03, 26.7538, 2.87832, 300, 300, 5, 1),
(39125, 3100, 1, 1, 878.71, -3929.26, 22.3406, 3.76048, 300, 300, 5, 1),
(39183, 3100, 1, 1, 855.287, -4322.91, 21.483, 4.97267, 300, 300, 5, 1),
(39184, 3100, 1, 1, 846.225, -5049.74, 5.66478, 4.77546, 300, 300, 5, 1),
(39194, 3100, 1, 1, 844.863, -4360.83, 14.202, 1.83868, 300, 300, 5, 1),
(39201, 3100, 1, 1, 824.101, -4244.03, 22.3816, 2.96396, 300, 300, 5, 1),
(39208, 3100, 1, 1, 818.712, -3918.78, 19.3186, 2.52342, 300, 300, 5, 1),
(39218, 3100, 1, 1, 817.242, -4879.1, 36.9637, 4.15993, 300, 300, 5, 1),
(39223, 3100, 1, 1, 811.604, -4223.2, 21.5221, 1.21911, 300, 300, 5, 1),
(39228, 3100, 1, 1, 808.545, -4970.58, 14.4481, 5.61119, 300, 300, 5, 1),
(39251, 3100, 1, 1, 793.892, -4849.49, 37.9546, 0.329637, 300, 300, 5, 1),
(39262, 3100, 1, 1, 790.821, -3985.48, 23.9374, 4.96009, 300, 300, 5, 1),
(39264, 3100, 1, 1, 759.396, -4978.06, 15.5497, 5.06502, 300, 300, 10, 1),
(39267, 3100, 1, 1, 751.511, -3954.12, 18.9971, 1.82335, 300, 300, 5, 1),
(39296, 3100, 1, 1, 716.31, -3847.78, 20.3994, 2.24447, 300, 300, 5, 1),
(39302, 3100, 1, 1, 689.869, -3920.57, 16.2779, 1.71545, 300, 300, 5, 1),
(39314, 3100, 1, 1, 683.26, -3875.76, 18.8849, 1.70315, 300, 300, 5, 1),
(39317, 3100, 1, 1, 620.225, -4003.89, 6.11856, 1.21853, 300, 300, 5, 1),
(39335, 3100, 1, 1, 617.739, -4084.65, 13.5117, 0.034907, 300, 300, 0, 0),
(39336, 3100, 1, 1, 576.57, -3862.04, 20.7616, 3.83957, 300, 300, 5, 1),
(39339, 3100, 1, 1, 548.732, -3881.98, 20.2963, 4.56939, 300, 300, 10, 1),
(39355, 3100, 1, 1, 449.76, -3889.83, 23.7893, 4.71044, 300, 300, 10, 1),
(39359, 3100, 1, 1, 438.843, -3883.92, 24.8132, 0.143001, 300, 300, 10, 1),
(39365, 3100, 1, 1, 420.817, -3842.8, 24.4851, 0.83192, 300, 300, 5, 1),
(39366, 3100, 1, 1, 350.821, -3925.56, 32.478, 2.78896, 300, 300, 10, 1),
(39367, 3100, 1, 1, 323.819, -3985.72, 36.2393, 1.85062, 300, 300, 10, 1),
(39370, 3100, 1, 1, 310.81, -4113.59, 32.4873, 2.93118, 300, 300, 5, 1),
(39381, 3100, 1, 1, 283.734, -3812.65, 26.5398, 1.33498, 300, 300, 5, 1),
(39384, 3100, 1, 1, 246.518, -4053.72, 39.6223, 0.119507, 300, 300, 5, 1),
(39400, 3100, 1, 1, 246.015, -4001.79, 39.2477, 4.51398, 300, 300, 10, 1),
(39428, 3100, 1, 1, 226.015, -3913.86, 40.2995, 3.42687, 300, 300, 10, 1),
(39432, 3100, 1, 1, 215.747, -3953.06, 41.9481, 4.69676, 300, 300, 10, 1),
(39433, 3100, 1, 1, 202.218, -3842.42, 35.3245, 4.53723, 300, 300, 5, 1),
(39444, 3100, 1, 1, 182.609, -3912.88, 43.0926, 5.94476, 300, 300, 10, 1),
(39445, 3100, 1, 1, 170.342, -3814.81, 30.2373, 6.13217, 300, 300, 10, 1),
(39447, 3100, 1, 1, 150.001, -3850.14, 34.7701, 2.60815, 300, 300, 10, 1),
(39452, 3100, 1, 1, 107.606, -3911.93, 45.6596, 2.63507, 300, 300, 10, 1),
(39468, 3100, 1, 1, 99.8162, -3973.65, 43.3172, 5.97674, 300, 300, 5, 1),
(39474, 3100, 1, 1, 86.0148, -3999.21, 46.5746, 2.56442, 300, 300, 5, 1),
(39483, 3100, 1, 1, 73.4153, -3879.27, 42.0055, 2.79734, 300, 300, 10, 1),
(39495, 3100, 1, 1, 69.0059, -3820.44, 33.681, 6.07742, 300, 300, 10, 1),
(39520, 3100, 1, 1, 63.9385, -4054.78, 53.6712, 0.015624, 300, 300, 5, 1),
(39539, 3100, 1, 1, -12.8648, -4047.54, 60.8185, 5.32106, 300, 300, 5, 1),
(39547, 3100, 1, 1, -38.2486, -3925.65, 56.6165, 0.448789, 300, 300, 5, 1),
(39562, 3100, 1, 1, -116.23, -3945.95, 53.745, 0.487601, 300, 300, 10, 1),
(39574, 3100, 1, 1, -146.719, -3888.08, 41.2559, 3.18775, 300, 300, 10, 1),
(39587, 3100, 1, 1, -153.058, -3947.95, 54.2896, 0.319747, 300, 300, 10, 1),
(39619, 3100, 1, 1, -153.509, -3836.66, 29.049, 1.89993, 300, 300, 5, 1),
(39626, 3100, 1, 1, -157.508, -3960.32, 55.2023, 1.81341, 300, 300, 10, 1);
DELETE FROM `creature_addon` WHERE `guid` IN (SELECT `guid` FROM `creature` WHERE `id` IN (2956));
DELETE FROM `creature_movement` WHERE `id` IN (SELECT `guid` FROM `creature` WHERE `id` IN (2956));
DELETE FROM `creature` WHERE `id` IN (2956);
INSERT INTO `creature` (`guid`, `id`, `map`, `spawnMask`, `position_x`, `position_y`, `position_z`, `orientation`, `spawntimesecsmin`, `spawntimesecsmax`, `spawndist`, `MovementType`) VALUES
(28217, 2956, 1, 1, -2314.87, -113.409, -9.38592, 6.01611, 300, 300, 15, 1),
(28262, 2956, 1, 1, -1816.76, -284.566, -7.96046, 4.60215, 300, 300, 20, 1),
(28459, 2956, 1, 1, -2555.22, -936.102, -7.12971, 4.45556, 300, 300, 20, 1),
(28678, 2956, 1, 1, -2579.87, -919.681, -5.38771, 5.35773, 300, 300, 20, 1),
(28748, 2956, 1, 1, -2317.54, -47.7322, -2.91901, 2.08359, 300, 300, 20, 1),
(28782, 2956, 1, 1, -2616.55, 180.361, 63.2155, 4.24874, 300, 300, 20, 1),
(28792, 2956, 1, 1, -2719.5, 217.22, 80.5595, 3.19633, 300, 300, 20, 1),
(28859, 2956, 1, 1, -2649.02, 148.309, 47.3755, 5.75476, 300, 300, 20, 1),
(28871, 2956, 1, 1, -2250.99, -782.348, -3.00931, 5.86239, 300, 300, 20, 1),
(28876, 2956, 1, 1, -2780, 152.124, 53.6048, 1.15444, 300, 300, 20, 1),
(28940, 2956, 1, 1, -2916.35, 151.109, 81.1488, 2.31449, 300, 300, 20, 1),
(29003, 2956, 1, 1, -2547.32, -475.735, -5.92679, 0.919926, 300, 300, 20, 1),
(29014, 2956, 1, 1, -2614.95, -348.671, -7.80111, 4.58967, 300, 300, 20, 1),
(29044, 2956, 1, 1, -2248.6, -857.28, -7.08295, 3.95893, 300, 300, 20, 1),
(29089, 2956, 1, 1, -1615.02, 246.582, 7.10993, 1.07223, 300, 300, 20, 1),
(29118, 2956, 1, 1, -2748.02, -954.166, 22.0536, 4.15856, 300, 300, 3, 1),
(29136, 2956, 1, 1, -1927.13, 233.84, 60.509, 2.18264, 300, 300, 20, 1),
(29143, 2956, 1, 1, -2383.76, -720.154, -5.71359, 4.65522, 300, 300, 20, 1),
(29173, 2956, 1, 1, -2621.33, -758.521, -5.34071, 2.55967, 300, 300, 20, 1),
(29192, 2956, 1, 1, -2612.61, -412.417, -6.26391, 3.09606, 300, 300, 20, 1),
(29246, 2956, 1, 1, -2566.35, -530.988, -3.52096, 2.29392, 300, 300, 20, 1),
(29268, 2956, 1, 1, -2059.25, 20.9133, 14.9932, 1.65373, 300, 300, 20, 1),
(29278, 2956, 1, 1, -2585.76, -184.669, -4.67294, 2.01668, 300, 300, 20, 1),
(29289, 2956, 1, 1, -2350, -650, -7.54984, 0.766407, 300, 300, 20, 1),
(29297, 2956, 1, 1, -2676.14, -16.7724, 3.37195, 5.39262, 300, 300, 20, 1),
(29329, 2956, 1, 1, -2847.46, 107.454, 72.9947, 5.27492, 300, 300, 20, 1),
(29354, 2956, 1, 1, -2392.09, 20.0011, 15.6631, 2.76217, 300, 300, 20, 1),
(29377, 2956, 1, 1, -1777.19, -198.79, -9.29985, 1.13766, 300, 300, 20, 1),
(29384, 2956, 1, 1, -1684.07, 164.062, 1.30477, 4.76518, 300, 300, 20, 1),
(29388, 2956, 1, 1, -2033.25, -196.54, -9.33522, 5.54688, 300, 300, 20, 1),
(29393, 2956, 1, 1, -1577.11, 221.244, -0.799335, 0.117566, 300, 300, 20, 1),
(29397, 2956, 1, 1, -2446.35, 85.0515, 32.635, 5.1935, 300, 300, 20, 1),
(29398, 2956, 1, 1, -2032.29, -31.2062, -2.33958, 4.05608, 300, 300, 20, 1),
(29412, 2956, 1, 1, -2221.05, -5.52162, 14.0926, 1.76277, 300, 300, 20, 1),
(29419, 2956, 1, 1, -2981, 214.086, 76.9923, 2.34514, 300, 300, 20, 1),
(29420, 2956, 1, 1, -2315.77, -1119.91, -7.11702, 5.16354, 300, 300, 20, 1),
(29423, 2956, 1, 1, -2157.03, -158.981, -9.11041, 1.90737, 300, 300, 20, 1),
(29439, 2956, 1, 1, -2610.9, -49.4141, -1.62717, 0.204678, 300, 300, 20, 1),
(29462, 2956, 1, 1, -2418.39, -29.6549, -1.56414, 5.43012, 300, 300, 20, 1),
(29489, 2956, 1, 1, -2582.47, -150.699, -4.12167, 5.52936, 300, 300, 20, 1),
(29498, 2956, 1, 1, -2445.21, -88, -2.90602, 2.85439, 300, 300, 20, 1),
(29501, 2956, 1, 1, -2148.28, -1167.37, 31.0318, 5.32152, 300, 300, 3, 1),
(29502, 2956, 1, 1, -2548.53, -108.522, -3.55403, 5.13319, 300, 300, 20, 1),
(29517, 2956, 1, 1, -1481.61, 116.586, 0.931797, 4.14122, 300, 300, 20, 1),
(29529, 2956, 1, 1, -1439.91, 283.226, 15.5076, 3.02813, 300, 300, 20, 1),
(29538, 2956, 1, 1, -2544.49, 11.7637, 10.502, 6.19748, 300, 300, 20, 1),
(29560, 2956, 1, 1, -2569.57, 93.6331, 42.8196, 0.836403, 300, 300, 20, 1),
(29573, 2956, 1, 1, -1670.64, -256.396, -13.4884, 5.38011, 300, 300, 20, 1),
(29584, 2956, 1, 1, -1851.52, -812.745, -1.93501, 0.431664, 300, 300, 20, 1),
(29585, 2956, 1, 1, -2708.38, -270.985, 5.19964, 1.8499, 300, 300, 20, 1),
(29587, 2956, 1, 1, -2554.08, 37.247, 17.9603, 4.94505, 300, 300, 20, 1),
(29599, 2956, 1, 1, -2710.84, -316.79, 2.566, 5.8606, 300, 300, 20, 1),
(29601, 2956, 1, 1, -1788.18, 212.357, 37.2747, 5.39414, 300, 300, 20, 1),
(29613, 2956, 1, 1, -2118.7, 175.969, 56.6317, 4.39681, 300, 300, 20, 1),
(29618, 2956, 1, 1, -1338.35, 338.603, 14.265, 2.37277, 300, 300, 20, 1),
(29621, 2956, 1, 1, -1709.86, -759.85, 1.29349, 2.36172, 300, 300, 20, 1),
(29624, 2956, 1, 1, -2195.22, 26.7337, 26.7748, 1.93643, 300, 300, 20, 1),
(29634, 2956, 1, 1, -2635.22, -63.9381, -4.2629, 0.6607, 300, 300, 20, 1),
(29644, 2956, 1, 1, -1322.96, 317.938, 3.01788, 2.09648, 300, 300, 20, 1),
(29647, 2956, 1, 1, -2132.56, 53.0019, 31.9648, 3.01821, 300, 300, 20, 1),
(29656, 2956, 1, 1, -1672.37, -827.623, 22.7446, 1.6726, 300, 300, 20, 1),
(29662, 2956, 1, 1, -2527.26, 155.281, 58.6705, 1.78121, 300, 300, 20, 1),
(29677, 2956, 1, 1, -1842.55, -461.321, -7.99099, 5.69406, 300, 300, 20, 1),
(29679, 2956, 1, 1, -1744.55, -890.924, 68.477, 6.06282, 300, 300, 20, 1),
(29683, 2956, 1, 1, -2086.63, 34.3739, 19.1876, 1.7613, 300, 300, 20, 1),
(29694, 2956, 1, 1, -2214.44, 204.668, 75.203, 1.4789, 300, 300, 20, 1),
(29695, 2956, 1, 1, -2382.24, 182.339, 48.7058, 1.47697, 300, 300, 20, 1),
(29700, 2956, 1, 1, -2259.2, 157.188, 61.8086, 1.8118, 300, 300, 20, 1),
(29706, 2956, 1, 1, -2165.44, 216.745, 69.8101, 3.20218, 300, 300, 20, 1),
(29707, 2956, 1, 1, -2374.1, 117.085, 45.3492, 3.29336, 300, 300, 20, 1),
(29718, 2956, 1, 1, -2064.9, 209.476, 78.0209, 2.88715, 300, 300, 20, 1),
(29723, 2956, 1, 1, -1985.12, 166.272, 49.3453, 4.85152, 300, 300, 20, 1),
(29724, 2956, 1, 1, -2676.22, 23.2356, 15.0965, 4.7558, 300, 300, 20, 1),
(29728, 2956, 1, 1, -2021.02, 147.52, 52.4086, 1.28552, 300, 300, 20, 1),
(29733, 2956, 1, 1, -1616.05, -751.352, -26.6389, 2.39761, 300, 300, 20, 1),
(29735, 2956, 1, 1, -2779.8, -52.1184, 0.998954, 2.68406, 300, 300, 20, 1),
(29746, 2956, 1, 1, -2750.6, -122.002, -2.40831, 1.18401, 300, 300, 20, 1),
(29751, 2956, 1, 1, -1535.27, -783.424, -28.6515, 3.04173, 300, 300, 20, 1),
(29761, 2956, 1, 1, -1755.26, -120.234, -2.26323, 4.58038, 300, 300, 20, 1),
(29787, 2956, 1, 1, -1816.46, -647.732, -10.256, 1.52582, 300, 300, 20, 1),
(29788, 2956, 1, 1, -1646.16, -468.504, -20.8354, 0.342761, 300, 300, 20, 1),
(29790, 2956, 1, 1, -1547.85, -306.794, -32.7618, 4.54949, 300, 300, 20, 1),
(29793, 2956, 1, 1, -2908.46, 260.4, 84.3924, 1.87834, 300, 300, 20, 1),
(29796, 2956, 1, 1, -2819.97, 251.055, 78.542, 3.70229, 300, 300, 20, 1),
(29806, 2956, 1, 1, -1605.61, -185.745, -7.16831, 0.280982, 300, 300, 20, 1),
(29811, 2956, 1, 1, -3008.75, 255.748, 98.9632, 0.072281, 300, 300, 20, 1),
(29817, 2956, 1, 1, -1515.97, -255.513, -11.4972, 1.54346, 300, 300, 20, 1),
(29824, 2956, 1, 1, -2548.22, 246.626, 86.2551, 3.46508, 300, 300, 20, 1),
(29826, 2956, 1, 1, -2667.8, 293.131, 105.149, 2.85257, 300, 300, 20, 1),
(29828, 2956, 1, 1, -2227.16, -1007.28, 0.726291, 2.95497, 300, 300, 20, 1),
(29834, 2956, 1, 1, -1537.64, -900.249, 33.1375, 4.19374, 300, 300, 20, 1),
(29845, 2956, 1, 1, -1876.81, -951.563, 34.699, 1.8703, 300, 300, 20, 1),
(29851, 2956, 1, 1, -1352.53, -340.73, -37.492, 0.183139, 300, 300, 20, 1);
INSERT INTO `creature` (`guid`, `id`, `map`, `spawnMask`, `position_x`, `position_y`, `position_z`, `orientation`, `spawntimesecsmin`, `spawntimesecsmax`, `spawndist`, `MovementType`) VALUES
(29858, 3251, 1, 1, -3081.56, -1943.39, 95.1666, 2.89144, 300, 300, 5, 1),
(29877, 3251, 1, 1, -3098.58, -1942.98, 95.7836, 6.13934, 300, 300, 5, 1),
(29880, 3251, 1, 1, -3218.03, -1852.77, 95.2031, 2.5468, 300, 300, 5, 1),
(29885, 3251, 1, 1, -3296.89, -1879.2, 93.3054, 3.9386, 300, 300, 5, 1),
(29889, 3251, 1, 1, -3216.2, -1746.64, 94.7566, 4.32989, 300, 300, 5, 1),
(29894, 3251, 1, 1, -3123.86, -1763.66, 94.147, 0.516069, 300, 300, 0, 0),
(29908, 3251, 1, 1, -3118.84, -1782.04, 96.5188, 3.38364, 300, 300, 5, 1),
(29916, 3251, 1, 1, -3103.99, -1727.39, 94.0993, 6.14235, 300, 300, 5, 1),
(29918, 3251, 1, 1, -3113.19, -1716.16, 95.8493, 3.64509, 300, 300, 5, 1),
(29921, 3251, 1, 1, -3275.97, -1835.85, 92.0864, 0.590005, 300, 300, 5, 1),
(29924, 3251, 1, 1, -3197.77, -1738.97, 96.0417, 2.7199, 300, 300, 5, 1),
(29932, 3251, 1, 1, -3278.14, -1853, 94.085, 5.41972, 300, 300, 5, 1),
(29944, 3251, 1, 1, -3109.81, -2287.85, 94.6979, 3.17013, 300, 300, 5, 1),
(29960, 3251, 1, 1, -3118.83, -2306.54, 93.1666, 2.4654, 300, 300, 5, 1),
(29988, 3251, 1, 1, -3133.06, -2174.04, 94.5769, 1.76995, 300, 300, 5, 1),
(29993, 3251, 1, 1, -3205.87, -1859.3, 93.0417, 4.60217, 300, 300, 5, 1),
(29996, 3251, 1, 1, -3268.98, -1962.48, 95.4619, 5.6666, 300, 300, 5, 1),
(30001, 3251, 1, 1, -3193.06, -2245.15, 92.4167, 2.07378, 300, 300, 5, 1),
(30009, 3251, 1, 1, -3211.27, -1843.05, 94.1667, 4.76554, 300, 300, 5, 1),
(30010, 3251, 1, 1, -3204.41, -1721.95, 95.6649, 0.56449, 300, 300, 5, 1),
(30015, 3251, 1, 1, -3282.42, -1947.85, 94.9079, 2.24031, 300, 300, 5, 1),
(30022, 3251, 1, 1, -3118.48, -2184.97, 94.9001, 4.3771, 300, 300, 5, 1),
(30053, 3251, 1, 1, -3088.65, -1686.67, 94.4166, 3.14857, 300, 300, 5, 1),
(30076, 3251, 1, 1, -3171.73, -2244.99, 92.6667, 0.809212, 300, 300, 5, 1);

UPDATE `creature` SET `position_x`=-12899.201, `position_y`=-316.159, `position_z`=13.071 WHERE `guid`=596;

DELETE FROM `creature_addon` WHERE `guid` IN (SELECT `guid` FROM `creature` WHERE `id` IN (2321));
DELETE FROM `creature_movement` WHERE `id` IN (SELECT `guid` FROM `creature` WHERE `id` IN (2321));
DELETE FROM `creature` WHERE `id` IN (2321);
INSERT INTO `creature` (`guid`, `id`, `map`, `spawnMask`, `position_x`, `position_y`, `position_z`, `orientation`, `spawntimesecsmin`, `spawntimesecsmax`, `spawndist`, `MovementType`) VALUES
(42395, 2321, 1, 1, 7134.98, -30.7195, 11.6997, 1.05649, 300, 300, 10, 1),
(42411, 2321, 1, 1, 6540.65, -194.262, 37.5723, 4.35202, 300, 300, 10, 1),
(43305, 2321, 1, 1, 5896.76, 41.6667, 31.5897, 0, 300, 300, 5, 1),
(43322, 2321, 1, 1, 6528.88, -155.563, 37.0822, 1.67923, 300, 300, 10, 1),
(43328, 2321, 1, 1, 5328.24, 386.83, 29.0164, 1.86633, 300, 300, 10, 1),
(43355, 2321, 1, 1, 5468.83, 366.184, 21.1599, 5.93304, 300, 300, 5, 1),
(43356, 2321, 1, 1, 5247.2, 71.5227, 40.9219, 3.71082, 300, 300, 3, 1),
(43357, 2321, 1, 1, 6472.68, -152.637, 40.1489, 2.32787, 300, 300, 10, 1),
(43358, 2321, 1, 1, 6377.43, -147.509, 33.5234, 5.67134, 300, 300, 5, 1),
(43359, 2321, 1, 1, 5597.69, 441.879, 20.5556, 1.85272, 300, 300, 10, 1),
(43373, 2321, 1, 1, 7073.96, 23.6581, 16.5192, 4.71239, 300, 300, 5, 1),
(43382, 2321, 1, 1, 7210.16, 18.504, 9.79192, 0.783555, 300, 300, 5, 1),
(43385, 2321, 1, 1, 6396.79, 21.9752, 28.1692, 4.58997, 300, 300, 10, 1),
(43390, 2321, 1, 1, 5253.28, 118.769, 42.9824, 3.68084, 300, 300, 10, 1),
(43397, 2321, 1, 1, 7338.5, -262.911, 10.3835, 0.921363, 300, 300, 5, 1),
(43399, 2321, 1, 1, 6389.12, 105.274, 35.4388, 1.54444, 300, 300, 10, 1),
(43411, 2321, 1, 1, 6594.25, 317.664, 29.145, 5.58027, 300, 300, 5, 1),
(43417, 2321, 1, 1, 5942.44, -52.328, 42.7115, 5.68326, 300, 300, 2, 1),
(43427, 2321, 1, 1, 6018.12, -77.9431, 57.4557, 2.57007, 300, 300, 5, 1),
(43441, 2321, 1, 1, 5402.13, 330.199, 28.9699, 1.00521, 300, 300, 5, 1),
(43454, 2321, 1, 1, 6459.9, -42.1875, 37.1926, 1.43676, 300, 300, 5, 1),
(43470, 2321, 1, 1, 5326.31, 40.085, 54.7726, 5.54616, 300, 300, 5, 1),
(43509, 2321, 1, 1, 6580.67, -178.569, 36.44, 2.5823, 300, 300, 5, 1),
(43550, 2321, 1, 1, 6731.51, 286.796, 26.1645, 1.92956, 300, 300, 5, 1),
(43560, 2321, 1, 1, 5395.61, 65.4296, 39.1696, 4.37499, 300, 300, 2, 1),
(43596, 2321, 1, 1, 5361.19, 111.686, 33.4911, 0.377203, 300, 300, 10, 1),
(43598, 2321, 1, 1, 7331.96, -30.6303, 10.8918, 1.29598, 300, 300, 10, 1),
(43622, 2321, 1, 1, 5541.51, 447.866, 18.7464, 2.13685, 300, 300, 10, 1),
(43633, 2321, 1, 1, 6556.77, 97.7185, 37.2307, 5.80616, 300, 300, 10, 1),
(43637, 2321, 1, 1, 6805.12, 295.421, 24.2668, 1.45129, 300, 300, 5, 1),
(43638, 2321, 1, 1, 6531.1, 298.875, 34.1623, 0.129179, 300, 300, 5, 1),
(43659, 2321, 1, 1, 6735.29, 343.503, 25.9049, 4.23651, 300, 300, 5, 1),
(43660, 2321, 1, 1, 6522.77, 235.417, 29.0267, 1.24693, 300, 300, 5, 1),
(43671, 2321, 1, 1, 6652.62, 370.642, 29.0148, 3.16307, 300, 300, 5, 1),
(43681, 2321, 1, 1, 6819.65, 220.531, 20.1396, 5.22851, 300, 300, 5, 1),
(43692, 2321, 1, 1, 7244.77, -60.0102, 14.4286, 2.54532, 300, 300, 5, 1),
(43696, 2321, 1, 1, 5603.36, 353.127, 25.677, 4.73582, 300, 300, 5, 1),
(43714, 2321, 1, 1, 6859.59, 198.296, 12.1421, 0.278131, 300, 300, 5, 1),
(43720, 2321, 1, 1, 6473.9, 11.51, 33.2876, 5.73473, 300, 300, 5, 1),
(43761, 2321, 1, 1, 6928.74, -32.7908, 19.54, 4.52036, 300, 300, 5, 1),
(43777, 2321, 1, 1, 6800.59, 167.587, 20.7779, 2.40003, 300, 300, 5, 1),
(43779, 2321, 1, 1, 6874.18, 23.3443, 21.9416, 4.41998, 300, 300, 5, 1),
(43783, 2321, 1, 1, 6471.27, 137.162, 40.6334, 1.59524, 300, 300, 5, 1),
(43784, 2321, 1, 1, 5726.13, 347.465, 23.0554, 4.25261, 300, 300, 5, 1),
(43787, 2321, 1, 1, 6599.13, 149.062, 34.9477, 0.072351, 300, 300, 10, 1),
(43798, 2321, 1, 1, 5407.21, 399.608, 19.6576, 4.68833, 300, 300, 10, 1),
(43815, 2321, 1, 1, 5271.43, 177.132, 37.5938, 5.35238, 300, 300, 10, 1),
(43834, 2321, 1, 1, 5684.1, 378.88, 13.8449, 1.09499, 300, 300, 10, 1),
(43851, 2321, 1, 1, 5461.19, 213.721, 29.4056, 4.1832, 300, 300, 10, 1),
(43867, 2321, 1, 1, 6538.3, -31.026, 37.7735, 4.74317, 300, 300, 5, 1),
(43886, 2321, 1, 1, 6445.05, 65.4094, 32.6673, 3.37246, 300, 300, 5, 1),
(43889, 2321, 1, 1, 5827.81, 337.5, 23.9363, 3.14159, 300, 300, 5, 1),
(43900, 2321, 1, 1, 5385.73, 212.365, 30.006, 1.94081, 300, 300, 5, 1),
(43915, 2321, 1, 1, 5792.06, 417.317, 12.9581, 2.44207, 300, 300, 10, 1),
(43953, 2321, 1, 1, 7183.26, 48.7793, 12.2401, 4.52956, 300, 300, 10, 1),
(43966, 2321, 1, 1, 6654.83, 287.004, 32.4325, 1.29215, 300, 300, 5, 1),
(43968, 2321, 1, 1, 6525.7, 35.9856, 34.508, 2.72515, 300, 300, 5, 1),
(43978, 2321, 1, 1, 6448.04, 251.12, 34.1798, 2.38227, 300, 300, 5, 1),
(43992, 2321, 1, 1, 6812.32, 368.923, 19.7894, 3.00846, 300, 300, 5, 1),
(43993, 2321, 1, 1, 6326.41, 195.298, 32.9998, 4.37922, 300, 300, 10, 1),
(44002, 2321, 1, 1, 5999.28, 102.24, 26.6181, 1.58349, 300, 300, 10, 1),
(44006, 2321, 1, 1, 5919.52, 129.454, 32.176, 5.67953, 300, 300, 5, 1),
(44009, 2321, 1, 1, 6955.54, 60.1361, 16.5172, 1.00309, 300, 300, 5, 1),
(44024, 2321, 1, 1, 7365.36, -61.8171, 13.3703, 4.90736, 300, 300, 10, 1),
(44025, 2321, 1, 1, 7027.5, 23.9574, 16.3463, 3.99815, 300, 300, 10, 1),
(44033, 2321, 1, 1, 4521.43, 661.648, 24.6657, 4.95142, 300, 300, 0, 0),
(44046, 2321, 1, 1, 6871.63, 138.021, 13.7961, 0, 300, 300, 5, 1),
(44063, 2321, 1, 1, 6261.01, 164.722, 38.1742, 2.93309, 300, 300, 5, 1),
(44073, 2321, 1, 1, 5861.12, 439.657, 16.1832, 4.13163, 300, 300, 10, 1),
(44092, 2321, 1, 1, 5737.41, 438.503, 11.0785, 0.859312, 300, 300, 10, 1),
(44095, 2321, 1, 1, 5339.45, 230.016, 30.3132, 3.99062, 300, 300, 5, 1),
(44137, 2321, 1, 1, 7053.83, 68.3311, 17.3742, 3.0653, 300, 300, 10, 1),
(44159, 2321, 1, 1, 5358.3, 425.998, 26.423, 5.75903, 300, 300, 5, 1),
(44166, 2321, 1, 1, 5929.47, 88.521, 31.9249, 5.0755, 300, 300, 5, 1),
(44174, 2321, 1, 1, 5799.09, -17.7311, 38.3694, 5.58756, 300, 300, 10, 1),
(44244, 2321, 1, 1, 6851.51, 350.122, 18.8306, 3.9111, 300, 300, 5, 1),
(44258, 2321, 1, 1, 5509.79, 420.279, 20.548, 1.04774, 300, 300, 10, 1),
(44259, 2321, 1, 1, 7350.6, -142.366, 12.4047, 3.07905, 300, 300, 5, 1),
(44273, 2321, 1, 1, 7208.43, -123.868, 16.5956, 1.46812, 300, 300, 5, 1),
(44278, 2321, 1, 1, 5445.85, 105.22, 34.7077, 4.22427, 300, 300, 10, 1),
(44279, 2321, 1, 1, 5478.04, 419.295, 23.0279, 1.8703, 300, 300, 10, 1),
(44287, 2321, 1, 1, 6870.67, 418.552, 14.8537, 2.62245, 300, 300, 5, 1),
(44289, 2321, 1, 1, 7263.38, 23.5843, 11.5681, 4.43946, 300, 300, 5, 1),
(44323, 2321, 1, 1, 7181.95, 135.177, 12.6987, 2.63577, 300, 300, 5, 1),
(44365, 2321, 1, 1, 7310.18, -45.8215, 9.209, 4.29069, 300, 300, 10, 1),
(44369, 2321, 1, 1, 6872.79, 71.1162, 16.9864, 3.30633, 300, 300, 5, 1),
(44370, 2321, 1, 1, 7208.85, 76.2363, 11.4583, 6.20314, 300, 300, 5, 1),
(44375, 2321, 1, 1, 5393.92, 139.371, 35.1161, 2.26229, 300, 300, 5, 1),
(44385, 2321, 1, 1, 5473.15, 193.578, 30.8983, 0.189937, 300, 300, 5, 1),
(44399, 2321, 1, 1, 6743.04, 399.136, 23.1014, 5.95124, 300, 300, 5, 1),
(44400, 2321, 1, 1, 5344.02, 170.722, 33.5065, 3.42257, 300, 300, 5, 1),
(44401, 2321, 1, 1, 7107.76, 76.4364, 15.1635, 5.86431, 300, 300, 5, 1),
(44427, 2321, 1, 1, 7264.31, -129.492, 15.9805, 2.0327, 300, 300, 5, 1),
(44444, 2321, 1, 1, 7310.88, 45.9119, 11.1627, 2.85659, 300, 300, 10, 1),
(44469, 2321, 1, 1, 6207.45, 390.236, 30.5306, 4.93413, 300, 300, 5, 1),
(44472, 2321, 1, 1, 6259.79, 438.038, 23.7918, 0.617761, 300, 300, 10, 1),
(44500, 2321, 1, 1, 7301.8, -198.342, 14.5519, 1.00559, 300, 300, 5, 1),
(44519, 2321, 1, 1, 4519.65, 662.168, 24.5682, 4.7561, 300, 300, 0, 0);
DELETE FROM `creature_addon` WHERE `guid` IN (SELECT `guid` FROM `creature` WHERE `id` IN (2323));
DELETE FROM `creature_movement` WHERE `id` IN (SELECT `guid` FROM `creature` WHERE `id` IN (2323));
DELETE FROM `creature` WHERE `id` IN (2323);
INSERT INTO `creature` (`guid`, `id`, `map`, `spawnMask`, `position_x`, `position_y`, `position_z`, `orientation`, `spawntimesecsmin`, `spawntimesecsmax`, `spawndist`, `MovementType`) VALUES
(42217, 2323, 1, 1, 4786.87, 444.263, 31.5129, 4.48043, 300, 300, 10, 1),
(42249, 2323, 1, 1, 4743.63, 103.188, 55.5208, 5.7304, 300, 300, 10, 1),
(42255, 2323, 1, 1, 4335.8, 561.656, 58.42, 4.14545, 300, 300, 3, 1),
(42264, 2323, 1, 1, 4488.64, 663.661, 27.4444, 2.99265, 300, 300, 10, 1),
(42275, 2323, 1, 1, 4333.76, 548.018, 58.17, 2.07715, 300, 300, 10, 1),
(42303, 2323, 1, 1, 4325.65, -0.240875, 65.324, 1.71891, 300, 300, 5, 1),
(42326, 2323, 1, 1, 4707.08, 443.317, 39.0695, 3.20023, 300, 300, 10, 1),
(42344, 2323, 1, 1, 4216.32, 551.917, 60.1162, 4.91476, 300, 300, 3, 1),
(42356, 2323, 1, 1, 4543.52, 688.476, 25.4545, 0.480331, 300, 300, 10, 1),
(42391, 2323, 1, 1, 4483.09, 514.934, 43.8908, 2.80402, 300, 300, 5, 1),
(42392, 2323, 1, 1, 4419.01, 583.857, 44.0997, 4.37067, 300, 300, 10, 1),
(42401, 2323, 1, 1, 4442.36, 468.996, 50.5491, 1.00392, 300, 300, 3, 1),
(42415, 2323, 1, 1, 4245.03, 538.41, 58.5345, 3.40462, 300, 300, 10, 1),
(42434, 2323, 1, 1, 4335.35, 19.7, 59.7845, 1.87648, 300, 300, 10, 1),
(42445, 2323, 1, 1, 4402.74, 477.624, 59.5541, 4.47783, 300, 300, 10, 1),
(42448, 2323, 1, 1, 4203.07, 517.952, 58.6559, 5.62249, 300, 300, 10, 1),
(42451, 2323, 1, 1, 4399.75, 396.842, 58.2832, 5.87983, 300, 300, 5, 1),
(42500, 2323, 1, 1, 4838.79, 594.591, 7.04069, 0.548832, 300, 300, 0, 0),
(42508, 2323, 1, 1, 4425.23, 289.032, 60.0113, 1.51898, 300, 300, 10, 1),
(42518, 2323, 1, 1, 4831.74, 112.116, 49.2377, 4.745, 300, 300, 0, 0),
(42523, 2323, 1, 1, 4813.69, 503.153, 32.0359, 3.34416, 300, 300, 5, 1),
(42528, 2323, 1, 1, 4388.38, 454.669, 60.994, 5.16206, 300, 300, 5, 1),
(42530, 2323, 1, 1, 4158.82, 508.703, 65.9411, 4.97111, 300, 300, 2, 1),
(42536, 2323, 1, 1, 4442.7, 588.175, 39.6417, 1.98575, 300, 300, 10, 1),
(42547, 2323, 1, 1, 4821.76, 386.5, 43.945, 2.13936, 300, 300, 10, 1),
(42579, 2323, 1, 1, 4303.19, 418.273, 63.0767, 2.93903, 300, 300, 10, 1),
(42590, 2323, 1, 1, 4418.17, 171.217, 55.8924, 1.64776, 300, 300, 5, 1),
(42597, 2323, 1, 1, 4343.81, -69.0556, 82.9622, 4.79358, 300, 300, 5, 1),
(42607, 2323, 1, 1, 4159.12, 441.525, 58.768, 2.57636, 300, 300, 2, 1),
(42621, 2323, 1, 1, 4320.6, 317.099, 60.213, 2.46036, 300, 300, 10, 1),
(42658, 2323, 1, 1, 4755.36, 355.646, 52.5475, 1.38413, 300, 300, 5, 1),
(42706, 2323, 1, 1, 4281.44, 525.724, 56.804, 1.65986, 300, 300, 10, 1),
(42770, 2323, 1, 1, 4343.11, 453.701, 60.7767, 2.24401, 300, 300, 10, 1),
(42772, 2323, 1, 1, 4247.71, 291.395, 60.4347, 0.121328, 300, 300, 5, 1),
(42774, 2323, 1, 1, 4247.85, 348.237, 59.5944, 3.15917, 300, 300, 5, 1),
(42803, 2323, 1, 1, 4683.05, 517.822, 28.7967, 5.48106, 300, 300, 5, 1),
(42834, 2323, 1, 1, 4291.65, 264.834, 57.9445, 1.03021, 300, 300, 10, 1),
(42836, 2323, 1, 1, 4770.68, 515.014, 31.7379, 0.838558, 300, 300, 10, 1),
(42837, 2323, 1, 1, 4793.66, 285.453, 51.543, 0.448365, 300, 300, 5, 1),
(42845, 2323, 1, 1, 4201.56, 349.901, 58.4025, 1.5708, 300, 300, 3, 1),
(42849, 2323, 1, 1, 4734.28, 586.381, 27.6126, 4.4633, 300, 300, 10, 1),
(42852, 2323, 1, 1, 4275.33, 481.515, 61.5433, 1.92087, 300, 300, 10, 1),
(42857, 2323, 1, 1, 4738.97, 649.884, 19.6573, 0.048837, 300, 300, 10, 1),
(42868, 2323, 1, 1, 4315.55, 282.467, 57.3835, 1.44179, 300, 300, 10, 1),
(42872, 2323, 1, 1, 4193.41, 397.748, 58.8981, 5.54064, 300, 300, 3, 1),
(42878, 2323, 1, 1, 4346.93, 380.717, 62.3124, 1.66852, 300, 300, 10, 1),
(42884, 2323, 1, 1, 7684.02, -1068.46, 39.3032, 3.76321, 300, 300, 10, 1),
(42888, 2323, 1, 1, 7712.71, -1095.75, 44.3643, 0.910096, 300, 300, 2, 1),
(42893, 2323, 1, 1, 7929.43, -1160.12, 42.2273, 3.19443, 300, 300, 5, 1),
(42900, 2323, 1, 1, 7811.43, -1107.65, 44.3659, 1.79985, 300, 300, 3, 1),
(42902, 2323, 1, 1, 7798.23, -1094.36, 39.8684, 0.019545, 300, 300, 10, 1),
(42915, 2323, 1, 1, 4819.61, 173.699, 51.3165, 5.00048, 300, 300, 10, 1),
(42917, 2323, 1, 1, 4740.92, 260.128, 53.7259, 5.33834, 300, 300, 5, 1),
(42948, 2323, 1, 1, 7883.13, -1045.51, 30.4041, 3.06845, 300, 300, 10, 1),
(42953, 2323, 1, 1, 4435.69, 173.555, 59.5037, 6.0919, 300, 300, 5, 1),
(42957, 2323, 1, 1, 4695.25, 242.91, 56.9477, 1.59228, 300, 300, 10, 1),
(42963, 2323, 1, 1, 4488.46, 221.84, 61.2269, 1.60064, 300, 300, 5, 1),
(42965, 2323, 1, 1, 7945.35, -1094.61, 34.4843, 5.93858, 300, 300, 5, 1),
(42967, 2323, 1, 1, 7752.15, -916.563, 24.5972, 0.289026, 300, 300, 5, 1),
(42975, 2323, 1, 1, 7712.82, -883.953, 15.3808, 2.64037, 300, 300, 10, 1),
(42993, 2323, 1, 1, 7782.48, -955.146, 32.8177, 4.84256, 300, 300, 10, 1);
DELETE FROM `creature_addon` WHERE `guid` IN (SELECT `guid` FROM `creature` WHERE `id` IN (3809));
DELETE FROM `creature_movement` WHERE `id` IN (SELECT `guid` FROM `creature` WHERE `id` IN (3809));
DELETE FROM `creature` WHERE `id` IN (3809);
INSERT INTO `creature` (`guid`, `id`, `map`, `spawnMask`, `position_x`, `position_y`, `position_z`, `orientation`, `spawntimesecsmin`, `spawntimesecsmax`, `spawndist`, `MovementType`) VALUES
(39484, 3809, 1, 1, 1721.67, -2162.38, 95.9878, 4.97884, 300, 300, 5, 1),
(39577, 3809, 1, 1, 1347.55, -2113.53, 93.7973, 1.87648, 300, 300, 10, 1),
(39602, 3809, 1, 1, 1385.5, -2217.12, 93.5024, 1.30925, 300, 300, 5, 1),
(39940, 3809, 1, 1, 1303.79, -2153.59, 92.5071, 5.29262, 300, 300, 10, 1),
(40163, 3809, 1, 1, 2194.04, -729.431, 105.157, 3.87844, 300, 300, 3, 1),
(40169, 3809, 1, 1, 2514.67, -1204.2, 131.704, 2.09397, 300, 300, 15, 1),
(40232, 3809, 1, 1, 1647.81, -2133.18, 109.114, 2.1588, 300, 300, 5, 1),
(40268, 3809, 1, 1, 2574.87, -924.745, 140.905, 1.8385, 300, 300, 3, 1),
(40330, 3809, 1, 1, 3295.97, -242.628, 124.917, 0.143885, 300, 300, 15, 1),
(40362, 3809, 1, 1, 2601.04, -1337.02, 155.217, 4.71239, 300, 300, 5, 1),
(40377, 3809, 1, 1, 2680.95, -1186.97, 157.87, 4.19809, 300, 300, 15, 1),
(40384, 3809, 1, 1, 2604.13, -1473.39, 171.32, 4.24175, 300, 300, 15, 1),
(40434, 3809, 1, 1, 2512.28, -1257.36, 132.656, 4.51289, 300, 300, 15, 1),
(40482, 3809, 1, 1, 2944.73, -1209.27, 186.248, 6.25356, 300, 300, 5, 1),
(40544, 3809, 1, 1, 2845.49, -1220.14, 183.306, 4.76908, 300, 300, 15, 1),
(40581, 3809, 1, 1, 2526.61, -1585, 147.945, 1.70412, 300, 300, 10, 1),
(40591, 3809, 1, 1, 1992.54, -685.709, 101.362, 4.85639, 300, 300, 15, 1),
(40620, 3809, 1, 1, 2581.83, -1314.35, 148.939, 4.78829, 300, 300, 15, 1),
(40638, 3809, 1, 1, 2701.1, -859.84, 144.747, -1.28333, 300, 300, 3, 1),
(40639, 3809, 1, 1, 2238.71, -1108.68, 92.7443, 6.04249, 300, 300, 15, 1),
(40677, 3809, 1, 1, 2620.36, -1227.94, 148.878, 5.97299, 300, 300, 3, 1),
(40719, 3809, 1, 1, 2008.08, -571.563, 100.442, 5.9519, 300, 300, 15, 1),
(40722, 3809, 1, 1, 1965.6, -567.09, 113.281, 4.25728, 300, 300, 3, 1),
(40728, 3809, 1, 1, 2176.03, -941.531, 93.4146, 3.05562, 300, 300, 15, 1),
(40729, 3809, 1, 1, 2113, -664.809, 105.073, 1.71043, 300, 300, 15, 1),
(40741, 3809, 1, 1, 2986.54, -682.877, 170.452, 6.26366, 300, 300, 5, 1),
(40743, 3809, 1, 1, 3115.61, -579.792, 153.109, 4.65082, 300, 300, 15, 1),
(40746, 3809, 1, 1, 2971.16, -745.943, 173.367, 1.378, 300, 300, 15, 1),
(40753, 3809, 1, 1, 2906.17, -806.347, 168.929, 2.3202, 300, 300, 15, 1),
(40754, 3809, 1, 1, 3015.16, -721.037, 171.768, 4.35545, 300, 300, 5, 1),
(40766, 3809, 1, 1, 3109.1, -119.269, 102.574, 1.58642, 300, 300, 5, 1),
(40777, 3809, 1, 1, 2979.3, -774.917, 177.038, 2.51294, 300, 300, 3, 1),
(40783, 3809, 1, 1, 1704.95, -1975.24, 98.2891, 0.302755, 300, 300, 5, 1),
(40785, 3809, 1, 1, 2166.23, -584.794, 103.011, 0.424032, 300, 300, 15, 1),
(40791, 3809, 1, 1, 3035.1, -949.248, 205.483, 5.14112, 300, 300, 3, 1),
(40812, 3809, 1, 1, 2623.98, -1498.69, 183.829, 2.10619, 300, 300, 3, 1),
(40816, 3809, 1, 1, 2357.82, -469.013, 104.475, 5.78415, 300, 300, 15, 1),
(40825, 3809, 1, 1, 3035.38, -628.197, 170.407, 1.15693, 300, 300, 3, 1),
(40827, 3809, 1, 1, 3230.43, -517.199, 147.489, 3.30503, 300, 300, 5, 1),
(40829, 3809, 1, 1, 3104.42, -565.507, 152.441, 3.60655, 300, 300, 3, 1),
(40841, 3809, 1, 1, 2100.38, -689.776, 104.055, 6.27895, 300, 300, 3, 1),
(40853, 3809, 1, 1, 2741.01, -1268.67, 179.185, 5.98132, 300, 300, 5, 1),
(40855, 3809, 1, 1, 2555.23, -1207.54, 139.703, 1.34004, 300, 300, 15, 1),
(40876, 3809, 1, 1, 3041.08, -175.291, 103.941, 0.075192, 300, 300, 15, 1),
(40913, 3809, 1, 1, 2939.92, -1190.74, 183.805, 0.958499, 300, 300, 5, 1),
(40952, 3809, 1, 1, 2618.02, -1088.63, 127.145, 0.009282, 300, 300, 3, 1),
(41048, 3809, 1, 1, 2239.6, -942.449, 86.1625, 3.40031, 300, 300, 15, 1),
(41080, 3809, 1, 1, 1970.88, -521.337, 112.632, 5.85624, 300, 300, 5, 1),
(41143, 3809, 1, 1, 2107.84, -873.458, 98.5271, 6.2324, 300, 300, 15, 1),
(41228, 3809, 1, 1, 1981.45, -404.674, 97.3993, 4.8326, 300, 300, 5, 1),
(41254, 3809, 1, 1, 1667.42, -2173.62, 92.3751, 4.56842, 300, 300, 5, 1),
(41266, 3809, 1, 1, 2644.81, -1023.05, 121.211, 2.25653, 300, 300, 15, 1),
(41332, 3809, 1, 1, 2611.94, -1051.11, 120.55, 1.45443, 300, 300, 15, 1),
(41349, 3809, 1, 1, 2710.55, -1146.07, 170.719, 0.212526, 300, 300, 5, 1),
(41392, 3809, 1, 1, 2548.52, -1265.93, 141.242, 5.89719, 300, 300, 15, 1),
(41405, 3809, 1, 1, 2130.43, -643.652, 104.83, 3.17745, 300, 300, 15, 1),
(41430, 3809, 1, 1, 1938.87, -667.573, 113.438, 4.84062, 300, 300, 5, 1),
(41521, 3809, 1, 1, 2219.49, -845.046, 102.525, 3.58996, 300, 300, 15, 1),
(30081, 3809, 1, 1, 1980.71, -724.178, 99.9177, 3.43719, 300, 300, 15, 1),
(30123, 3809, 1, 1, 2269.88, -876.464, 98.5102, 0.095878, 300, 300, 15, 1),
(30124, 3809, 1, 1, 3160.04, -479.183, 138.007, 1.81985, 300, 300, 15, 1),
(30137, 3809, 1, 1, 2373.18, -771.121, 118.432, 0.742487, 300, 300, 15, 1),
(30139, 3809, 1, 1, 2141.24, -854.411, 99.5212, 3.66075, 300, 300, 5, 1),
(30142, 3809, 1, 1, 2111.07, -639.402, 104.552, 1.76934, 300, 300, 3, 1),
(30143, 3809, 1, 1, 2314.33, -715.631, 127.363, 1.26325, 300, 300, 3, 1),
(30150, 3809, 1, 1, 2337.8, -946.903, 90.829, 0.226506, 300, 300, 15, 1),
(30157, 3809, 1, 1, 2254.86, -784.795, 108.752, 5.43757, 300, 300, 15, 1),
(30162, 3809, 1, 1, 2618.79, -894.747, 144.478, 1.51313, 300, 300, 5, 1),
(30204, 3809, 1, 1, 2260.23, -507.636, 100.635, 4.19378, 300, 300, 15, 1),
(30215, 3809, 1, 1, 1449.25, -2149.99, 90.3586, 0.354246, 300, 300, 5, 1),
(30220, 3809, 1, 1, 2239.46, -586.661, 104.313, 0.143141, 300, 300, 15, 1),
(30245, 3809, 1, 1, 2625.22, -1030.09, 119.693, 2.98906, 300, 300, 15, 1),
(30250, 3809, 1, 1, 2318.05, -748.627, 116.775, 4.08805, 300, 300, 15, 1),
(30257, 3809, 1, 1, 2207.49, -540.074, 104.673, 0.79575, 300, 300, 2, 1),
(30275, 3809, 1, 1, 2281.85, -484.178, 99.1736, 3.32508, 300, 300, 15, 1),
(30284, 3809, 1, 1, 2352.21, -947.693, 92.5419, 2.08257, 300, 300, 15, 1),
(30287, 3809, 1, 1, 2168.22, -1085.59, 102.34, 0.273993, 300, 300, 5, 1),
(30295, 3809, 1, 1, 2420.54, -792.628, 122.464, 0.246443, 300, 300, 15, 1),
(30302, 3809, 1, 1, 2700.04, -1458.27, 213.425, 2.76791, 300, 300, 5, 1),
(30313, 3809, 1, 1, 2554.92, -1485.88, 161.711, 0.506715, 300, 300, 15, 1),
(30329, 3809, 1, 1, 1923.78, -458.803, 112.225, 5.9778, 300, 300, 10, 1),
(30349, 3809, 1, 1, 2047.98, -415.036, 95.6911, 2.33222, 300, 300, 15, 1),
(30355, 3809, 1, 1, 2295.47, -997.381, 95.4581, 0.799209, 300, 300, 5, 1),
(30366, 3809, 1, 1, 2291.61, -679.881, 137.285, 5.31015, 300, 300, 5, 1),
(30373, 3809, 1, 1, 2281.03, -580.195, 112.888, 6.11408, 300, 300, 5, 1),
(30376, 3809, 1, 1, 2981.77, -1276.44, 200.364, 5.60845, 300, 300, 5, 1),
(30379, 3809, 1, 1, 2382.4, -948.031, 103.062, 5.4667, 300, 300, 3, 1),
(30387, 3809, 1, 1, 2575.67, -1543.62, 158.659, 4.75616, 300, 300, 3, 1),
(30418, 3809, 1, 1, 2444.84, -892.368, 145.878, 4.56331, 300, 300, 5, 1),
(30443, 3809, 1, 1, 2315.13, -903.292, 99.1944, 4.2793, 300, 300, 0, 0),
(30462, 3809, 1, 1, 2090.41, -595.307, 103.248, 5.5542, 300, 300, 5, 1),
(30467, 3809, 1, 1, 1386.15, -2214.12, 93.0453, 5.30037, 300, 300, 5, 1);

# 14079_01_mangos_worldstate_expression_spawn_group.sql
ALTER TABLE `spawn_group` ADD COLUMN `WorldStateExpression` INT(11) NOT NULL DEFAULT 0 AFTER `WorldState`;

# 14080_01_mangos_pursuit.sql
UPDATE creature_template SET Pursuit=15000 WHERE Pursuit=0;

UPDATE creature SET position_x = -12447.966, position_y = -151.76617, position_z = 14.337921, spawndist = 0, MovementType = 4 WHERE guid = 612;
UPDATE creature SET position_x = -12510.512, position_y = -138.4299, position_z = 14.252567, spawndist = 0, MovementType = 4 WHERE guid = 81593;
UPDATE creature SET position_x = -12424.158, position_y = -159.98242, position_z = 15.49489, spawndist = 0, MovementType = 4 WHERE guid = 81594;
UPDATE creature SET position_x = -12355.838, position_y = -143.27876, position_z = 14.692976, spawndist = 0, MovementType = 4 WHERE guid = 616;
DELETE FROM creature_movement WHERE Id IN (612,81593,81594,616);
INSERT INTO creature_movement (id, point, positionx, positiony, positionz, orientation, waittime, scriptid) VALUES
(612,1,-12447.966,-151.76617,14.337921,100,1000,0),
(612,2,-12461.174,-164.22017,13.828644,100,0,0),
(612,3,-12472.579,-158.54004,12.755236,100,0,0),
(612,4,-12479.421,-151.31413,13.766466,100,0,0),
(612,5,-12482.205,-146.77388,13.460558,100,0,0),
(612,6,-12477.674,-133.54622,13.599718,100,0,0),
(612,7,-12476.492,-120.59581,14.307914,100,0,0),
(612,8,-12473.814,-114.51932,14.661918,100,0,0),
(612,9,-12477.571,-104.48557,15.366019,100,0,0),
(612,10,-12482.592,-101.37446,15.860404,100,0,0),
(612,11,-12488.577,-102.76747,15.427787,100,0,0),
(612,12,-12494.074,-109.51888,14.988578,100,0,0),
(612,13,-12496.214,-114.92611,14.721488,100,1000,0),
(81593,1,-12510.512,-138.4299,14.252567,100,1000,0),
(81593,2,-12512.325,-145.03787,13.785526,100,0,0),
(81593,3,-12510.416,-148.48817,13.183964,100,0,0),
(81593,4,-12502.983,-150.42839,13.127567,100,0,0),
(81593,5,-12494.947,-154.64128,13.070421,100,0,0),
(81593,6,-12492.963,-158.66786,13.623888,100,0,0),
(81593,7,-12494.911,-162.107,12.563829,100,0,0),
(81593,8,-12500.701,-166.48448,12.190311,100,0,0),
(81593,9,-12509.896,-168.11523,12.10676,100,0,0),
(81593,10,-12513.966,-163.21951,12.11536,100,0,0),
(81593,11,-12517.796,-151.31055,12.636845,100,0,0),
(81593,12,-12525.114,-128.80154,12.537823,100,0,0),
(81593,13,-12527.569,-103.6403,14.137676,100,0,0),
(81593,14,-12524.28,-85.9528,15.543843,100,0,0),
(81593,15,-12535.834,-70.83984,16.234701,100,0,0),
(81593,16,-12542.12,-68.14659,17.239584,100,0,0),
(81593,17,-12546.523,-58.070312,21.488155,100,1000,0),
(81594,1,-12424.158,-159.98242,15.49489,100,1000,0),
(81594,2,-12416.638,-171.79547,16.776531,100,0,0),
(81594,3,-12410.559,-189.05772,16.848553,100,0,0),
(81594,4,-12407.943,-201.84972,16.343113,100,0,0),
(81594,5,-12415.914,-215.98395,16.468113,100,0,0),
(81594,6,-12428.836,-214.81511,16.218113,100,0,0),
(81594,7,-12440.022,-212.40984,15.075117,100,0,0),
(81594,8,-12446.555,-200.6506,17.749922,100,0,0),
(81594,9,-12452.857,-198.8125,15.184616,100,0,0),
(81594,10,-12460.495,-193.64519,15.250534,100,0,0),
(81594,11,-12466.138,-191.89735,15.200729,100,0,0),
(81594,12,-12475.541,-190.88857,14.287793,100,1000,0),
(616,1,-12355.838,-143.27876,14.692976,100,1000,0),
(616,2,-12362.068,-145.29297,13.471785,100,0,0),
(616,3,-12370.216,-143.09137,14.043459,100,0,0),
(616,4,-12381.346,-138.54655,16.049074,100,0,0),
(616,5,-12393.226,-142.38976,15.263918,100,0,0),
(616,6,-12413.768,-142.60254,16.03029,100,0,0),
(616,7,-12432.716,-137.19336,15.49489,100,0,0),
(616,8,-12446.12,-134.13054,16.641388,100,0,0),
(616,9,-12457.802,-134.57216,14.462921,100,1000,0);
UPDATE `creature` SET `position_x` = '-12502',`position_y` = '-161.412',`position_z` = '12.7526',`orientation` = '3.57746' WHERE `guid` =604;
UPDATE creature SET spawndist = 3, MovementType = 1 WHERE guid IN (584,604,561);

DELETE FROM creature_addon WHERE guid IN(SELECT guid FROM creature WHERE id = 28004);
DELETE FROM creature_template_addon WHERE entry IN (28004);
INSERT INTO creature_template_addon (entry, mount, stand_state, sheath_state, pvp_flags, emote, moveflags, auras) VALUES (28004,0,1,1,0,0,0,NULL);
DELETE FROM `creature_movement` WHERE `id` IN (SELECT `guid` FROM `creature` WHERE `id` IN (28004));
DELETE FROM `creature` WHERE `id` IN (28004);
INSERT INTO `creature` (`guid`, `id`, `map`, `spawnMask`, `phaseMask`, `position_x`, `position_y`, `position_z`, `orientation`, `spawntimesecsmin`, `spawntimesecsmax`, `spawndist`, `MovementType`) VALUES
(99463, 28004, 571, 1, 1, 6460.41, 4370.54, -26.333, 0, 300, 300, 0, 3),
(30491, 28004, 571, 1, 1, 6596.23, 4485.54, -18.9589, 3.08923, 300, 300, 5, 1),
(99462, 28004, 571, 1, 1, 6436.89, 4576.83, -47.2625, 4.46643, 300, 300, 0, 3),
(30504, 28004, 571, 1, 1, 6470.14, 4565.89, -43.2414, 2.49582, 300, 300, 0, 0),
(97030, 28004, 571, 1, 1, 6447.93, 4442.08, -36.9326, 1.75363, 300, 300, 0, 3),
(30506, 28004, 571, 1, 1, 6382.64, 4301.84, -42.149, 1.16937, 300, 300, 0, 0),
(30549, 28004, 571, 1, 1, 6523.23, 4357.7, -37.8063, 3.40339, 300, 300, 0, 0),
(30554, 28004, 571, 1, 1, 6523.01, 4390.44, -32.4983, 2.53073, 300, 300, 0, 0),
(30557, 28004, 571, 1, 1, 6479.5, 4518.79, -58.6353, 1.23918, 300, 300, 0, 0),
(30630, 28004, 571, 1, 1, 6457.47, 4414.32, -42.9636, 0.715585, 300, 300, 0, 0),
(97031, 28004, 571, 1, 1, 6449.1, 4341.33, -25.2263, 4.5809, 300, 300, 0, 3),
(30598, 28004, 571, 1, 1, 6456.27, 4304.03, -45.8744, 3.12414, 300, 300, 0, 0),
(97032, 28004, 571, 1, 1, 6418.56, 4270.08, -27.263, 2.72809, 300, 300, 0, 3),
(30660, 28004, 571, 1, 1, 6423.78, 4359.03, -46.1613, 0.279253, 300, 300, 0, 0),
(30676, 28004, 571, 1, 1, 6496.46, 4316.49, -27.039, 0.401426, 300, 300, 5, 1),
(30688, 28004, 571, 1, 1, 6439.11, 4288.38, -36.7001, 2.42601, 300, 300, 0, 0),
(30690, 28004, 571, 1, 1, 6518.66, 4346.77, -36.4723, 2.63545, 300, 300, 0, 0),
(30739, 28004, 571, 1, 1, 6597.92, 4561.86, -41.7784, 3.12414, 300, 300, 0, 0),
(30759, 28004, 571, 1, 1, 6473.84, 4357.38, -41.1347, 1.41372, 300, 300, 0, 0),
(30769, 28004, 571, 1, 1, 6554.18, 4493.84, -46.6764, 3.05433, 300, 300, 0, 0),
(97033, 28004, 571, 1, 1, 6526.42, 4560.69, -45.1895, 3.23378, 300, 300, 0, 3),
(30802, 28004, 571, 1, 1, 6463.77, 4349.87, -38.4698, 0.645772, 300, 300, 0, 0),
(97035, 28004, 571, 1, 1, 6460.63, 4517.92, -23.2169, 1.28724, 300, 300, 0, 3),
(30830, 28004, 571, 1, 1, 6485.67, 4487.93, -49.0885, 5.14872, 300, 300, 0, 0),
(30838, 28004, 571, 1, 1, 6536.27, 4387.37, -44.3818, 3.97935, 300, 300, 0, 0),
(97034, 28004, 571, 1, 1, 6578.18, 4382.87, 4.53019, 4.0695, 300, 300, 0, 3),
(30846, 28004, 571, 1, 1, 6546.31, 4428.03, -39.92, 0.715585, 300, 300, 0, 0),
(30920, 28004, 571, 1, 1, 6598.93, 4536.77, -40.2397, 3.35103, 300, 300, 0, 0);
DELETE FROM creature_spawn_data WHERE guid IN (99462,97034,97030,97031,97033,97035,99463,97032);
INSERT INTO creature_spawn_data (guid, Id) VALUES (99462,80),(97034,80),(97030,80),(97031,80),(97033,80),(97035,80),(99463,80),(97032,80);
DELETE FROM creature_movement WHERE Id IN (99462,97034,97030,97031,97033,97035,99463,97032);
INSERT INTO creature_movement (id, point, positionx, positiony, positionz, orientation, waittime, scriptid) VALUES
(99462,1,6436.89,4576.826,-47.26251,100,0,0),
(99462,2,6455.878,4514.622,-47.26251,100,0,0),
(99462,3,6514.061,4537.127,-47.26251,100,0,0),
(99462,4,6485.6035,4593.2827,-47.26251,100,0,0),
(97034,1,6578.1797,4382.866,4.530186,100,0,0),
(97034,2,6553.324,4442.518,-26.35871,100,0,0),
(97034,3,6510.9116,4459.379,-24.050287,100,0,0),
(97034,4,6504.8994,4409.2744,-18.966951,100,0,0),
(97030,1,6447.9297,4442.076,-36.932606,100,0,0),
(97030,2,6508.0366,4489.285,-36.932606,100,0,0),
(97030,3,6477.631,4531.2134,-36.932606,100,0,0),
(97030,4,6429.53,4497.86,-36.932606,100,0,0),
(97031,1,6449.1035,4341.325,-25.226255,100,0,0),
(97031,2,6516.0645,4377.7456,-18.642923,100,0,0),
(97031,3,6514.901,4457.3853,-25.226255,100,0,0),
(97031,4,6448.94,4465.155,-26.559591,100,0,0),
(97031,5,6391.9004,4358.7036,-25.226255,100,0,0),
(97033,1,6526.4243,4560.686,-45.18946,100,0,0),
(97033,2,6508.1426,4540.404,-45.18946,100,0,0),
(97033,3,6501.171,4488.0615,-41.411602,100,0,0),
(97033,4,6550.647,4450.7856,-36.05045,100,0,0),
(97033,5,6580.2183,4526.29,-30.772688,100,0,0),
(97033,6,6574.513,4560.8496,-43.74502,100,0,0),
(97035,1,6460.6333,4517.9204,-23.216854,100,0,0),
(97035,2,6533.214,4567.764,-23.216854,100,0,0),
(97035,3,6579.2275,4513.3735,-23.216854,100,0,0),
(97035,4,6568.1367,4475.961,-23.216854,100,0,0),
(97035,5,6521.111,4418.112,-23.216854,100,0,0),
(97035,6,6467.3267,4440.726,-23.216854,100,0,0),
(99463,1,6460.4116,4370.541,-26.333033,100,0,0),
(99463,2,6489.498,4423.408,-31.249702,100,0,0),
(99463,3,6427.6,4441.304,-30.194145,100,0,0),
(99463,4,6415.1597,4384.434,-27.721924,100,0,0),
(97032,1,6418.564,4270.0757,-27.262966,100,0,0),
(97032,2,6370.464,4250.389,-27.262966,100,0,0),
(97032,3,6364.2993,4306.8535,-27.262966,100,0,0),
(97032,4,6414.488,4321.1323,-27.262966,100,0,0);
DELETE FROM dbscripts_on_relay WHERE id IN (20748);
INSERT INTO dbscripts_on_relay (id, delay, command, datalong, datalong2, datalong3, buddy_entry, search_radius, data_flags, dataint, dataint2, dataint3, dataint4, x, y, z, o, comments) VALUES
(20748,1,31,28380,100,0,0,0,0,0,0,0,0,0,0,0,0,'Part of Goretalon Roc 28004 EAI: search for 28380'),
(20748,200,37,0,0,0,28380,105,1,0,0,0,0,0,0,0,0,'Part of Goretalon Roc 28004 EAI: move to target'),
(20748,1000,32,1,0,0,0,0,0x04,0,0,0,0,0,0,0,0,'Part of Goretalon Roc 28004 EAI: pause WP'),
(20748,15000,15,52930,0,0,0,0,0,0,0,0,0,0,0,0,0,'Part of Goretalon Roc 28004 EAI: cast 52930'),
(20748,16000,15,52930,0,0,0,0,0,0,0,0,0,0,0,0,0,'Part of Goretalon Roc 28004 EAI: cast 52930'),
(20748,17000,15,52930,0,0,0,0,0,0,0,0,0,0,0,0,0,'Part of Goretalon Roc 28004 EAI: cast 52930'),
(20748,18000,15,52930,0,0,0,0,0,0,0,0,0,0,0,0,0,'Part of Goretalon Roc 28004 EAI: cast 52930'),
(20748,23000,32,0,0,0,0,0,0x04,0,0,0,0,0,0,0,0,'Part of Goretalon Roc 28004 EAI: unpause WP');
DELETE FROM `creature_addon` WHERE `guid` IN (SELECT `guid` FROM `creature` WHERE `id` IN (28380));
DELETE FROM `creature_movement` WHERE `id` IN (SELECT `guid` FROM `creature` WHERE `id` IN (28380));
DELETE FROM `creature` WHERE `id` IN (28380);
INSERT INTO `creature` (`guid`, `id`, `map`, `spawnMask`, `phaseMask`, `position_x`, `position_y`, `position_z`, `orientation`, `spawntimesecsmin`, `spawntimesecsmax`, `spawndist`, `MovementType`) VALUES
(92878, 28380, 571, 1, 1, 6419.92, 4379.31, -48.1074, 1.02974, 300, 300, 5, 1),
(92879, 28380, 571, 1, 1, 6428.27, 4314.68, -48.2994, 6.07375, 300, 300, 5, 1),
(92880, 28380, 571, 1, 1, 6518.59, 4460.51, -51.6174, 4.7822, 300, 300, 5, 1),
(92881, 28380, 571, 1, 1, 6498.93, 4354.43, -47.6476, 5.70723, 300, 300, 5, 1),
(92882, 28380, 571, 1, 1, 6542.08, 4551.73, -59.864, 1.02974, 300, 300, 5, 1),
(92883, 28380, 571, 1, 1, 6641.3, 4644.2, -0.123248, 1.95003, 300, 300, 5, 1),
(92884, 28380, 571, 1, 1, 6453.29, 4447.19, -55.2235, 0.733038, 300, 300, 5, 1),
(92885, 28380, 571, 1, 1, 6448.16, 4522.58, -63.3666, 6.02139, 300, 300, 5, 1),
(92886, 28380, 571, 1, 1, 6371.15, 4604.16, -69.8189, 2.09721, 300, 300, 5, 1),
(92887, 28380, 571, 1, 1, 6196.52, 4398.69, -73.3018, 2.85606, 300, 300, 5, 1),
(92888, 28380, 571, 1, 1, 6275.41, 4512.13, -79.3673, 2.84244, 300, 300, 5, 1),
(92889, 28380, 571, 1, 1, 6302.45, 4574.37, -76.2014, 4.15338, 300, 300, 5, 1),
(92890, 28380, 571, 1, 1, 6224.74, 4482.35, -84.5098, 1.8684, 300, 300, 5, 1),
(92891, 28380, 571, 1, 1, 6363.63, 5023.65, -79.2684, 4.36871, 300, 300, 5, 1),
(92892, 28380, 571, 1, 1, 6057.52, 4616.26, -94.0768, 6.0856, 300, 300, 5, 1),
(92893, 28380, 571, 1, 1, 6056.3, 4729.79, -94.5294, 5.26064, 300, 300, 5, 1),
(92894, 28380, 571, 1, 1, 6304.77, 4286.44, -45.2505, 3.2967, 300, 300, 5, 1),
(92895, 28380, 571, 1, 1, 6442.63, 5276.95, -52.9607, 0.940725, 300, 300, 5, 1),
(92896, 28380, 571, 1, 1, 6376.38, 5109.53, -73.4733, 3.29318, 300, 300, 5, 1);
DELETE FROM creature_addon WHERE guid IN (522487,522497,522503,522488,522504,522501,522502);
INSERT INTO creature_addon (guid, mount, stand_state, sheath_state, pvp_flags, emote, moveflags, auras) VALUES
(92878,0,0,1,0,0,0,29266),(92879,0,0,1,0,0,0,29266),(92880,0,0,1,0,0,0,29266),(92881,0,0,1,0,0,0,29266),(92882,0,0,1,0,0,0,29266),(92884,0,0,1,0,0,0,29266),(92885,0,0,1,0,0,0,29266);

UPDATE creature SET position_x = -1634.9185, position_y = 5979.2266, position_z = 209.4375, orientation = 0.22689, spawndist = 0, MovementType = 0 WHERE id = 22199;
DELETE FROM `creature_addon` WHERE `guid` IN (SELECT `guid` FROM `creature` WHERE `id` IN (22143));
DELETE FROM `creature_movement` WHERE `id` IN (SELECT `guid` FROM `creature` WHERE `id` IN (22143));
DELETE FROM `creature` WHERE `id` IN (22143);
INSERT INTO `creature` (`guid`, `id`, `map`, `spawnMask`, `phaseMask`, `position_x`, `position_y`, `position_z`, `orientation`, `spawntimesecsmin`, `spawntimesecsmax`, `spawndist`, `MovementType`) VALUES
(53903, 22143, 530, 1, 1, -1269.07, 5649.21, 216.559, 5.55015, 180, 300, 0, 0),
(53904, 22143, 530, 1, 1, -1301.19, 5580.58, 195.546, 5.42797, 180, 300, 0, 0),
(53905, 22143, 530, 1, 1, -1335.23, 5600.84, 217.054, 5.96903, 180, 300, 0, 0),
(65230, 22143, 530, 1, 1, -1358.33, 5629.17, 181.564, 2.54326, 180, 300, 7, 1),
(65271, 22143, 530, 1, 1, -1316.88, 5776.67, 184.562, 4.6965, 180, 300, 7, 1),
(65286, 22143, 530, 1, 1, -1372.16, 5757.37, 190.111, 5.42797, 180, 300, 0, 0),
(71639, 22143, 530, 1, 1, -1356.87, 5780.09, 191.262, 0.5236, 180, 300, 0, 0),
(77972, 22143, 530, 1, 1, -1282.33, 5836.36, 185.744, 3.88389, 180, 300, 7, 1),
(78579, 22143, 530, 1, 1, -1324.42, 5901.17, 190.924, 5.93103, 180, 300, 7, 1),
(80911, 22143, 530, 1, 1, -1517.04, 5998.72, 193.299, 0.0902636, 180, 300, 7, 1),
(80912, 22143, 530, 1, 1, -1476, 5947.1, 231.603, 0.344486, 180, 300, 0, 0),
(80913, 22143, 530, 1, 1, -1472.73, 5925.05, 195.575, 4.60181, 180, 300, 7, 1),
(84600, 22143, 530, 1, 1, -1551.51, 5916.12, 199.858, 2.251, 180, 300, 0, 0),
(92400, 22143, 530, 1, 1, -1501.91, 5836.11, 202.229, 6.02919, 180, 300, 7, 1),
(31036, 22143, 530, 1, 1, -1356.88, 5565.41, 184.527, 4.88692, 300, 300, 0, 0),
(31107, 22143, 530, 1, 1, -1292.73, 5747.12, 189.254, 0.523599, 300, 300, 0, 0),
(31150, 22143, 530, 1, 1, -1528.35, 6032.48, 196.321, 0.15708, 300, 300, 0, 0);
DELETE FROM `creature_addon` WHERE `guid` IN (SELECT `guid` FROM `creature` WHERE `id` IN (22144));
DELETE FROM `creature_movement` WHERE `id` IN (SELECT `guid` FROM `creature` WHERE `id` IN (22144));
DELETE FROM `creature` WHERE `id` IN (22144);
INSERT INTO `creature` (`guid`, `id`, `map`, `spawnMask`, `phaseMask`, `position_x`, `position_y`, `position_z`, `orientation`, `spawntimesecsmin`, `spawntimesecsmax`, `spawndist`, `MovementType`) VALUES
(80898, 22144, 530, 1, 1, -1225.82, 5704.18, 215.689, 0.2094, 180, 300, 0, 0),
(80899, 22144, 530, 1, 1, -1389.16, 5643, 181.557, 2.37364, 180, 300, 0, 0),
(80900, 22144, 530, 1, 1, -1401.08, 5650.16, 181.733, 0, 180, 300, 0, 0),
(80901, 22144, 530, 1, 1, -1388.5, 5654.46, 181.56, 3.45575, 180, 300, 0, 0),
(80902, 22144, 530, 1, 1, -1285.55, 5752.42, 189.372, 3.40339, 180, 300, 0, 0),
(80903, 22144, 530, 1, 1, -1329.63, 5853.33, 222.52, 0.64577, 180, 300, 0, 0),
(80904, 22144, 530, 1, 1, -1360.46, 5847.37, 187.21, 4.1483, 180, 300, 7, 1),
(80905, 22144, 530, 1, 1, -1393.63, 5880.54, 186.209, 3.00554, 180, 300, 7, 1),
(80906, 22144, 530, 1, 1, -1539.96, 6030.67, 196.472, 3.3684, 180, 300, 0, 0),
(80907, 22144, 530, 1, 1, -1529.31, 5898.28, 198.779, 1.67677, 180, 300, 7, 1),
(80908, 22144, 530, 1, 1, -1477.65, 5817.77, 204.174, 1.71225, 180, 300, 7, 1),
(80909, 22144, 530, 1, 1, -1465.09, 5851.52, 200.15, 2.61799, 180, 300, 0, 0),
(80910, 22144, 530, 1, 1, -1469.77, 5862, 199.182, 4.01426, 180, 300, 0, 0),
(31155, 22144, 530, 1, 1, -1440.3, 5899.81, 193.14, 0, 300, 300, 7, 1);
UPDATE creature SET position_x = -1575.7747, position_y = 5997.138, position_z = 204.34544, orientation = 5.8294, spawndist = 0, MovementType = 0 WHERE guid = 80916;
UPDATE creature SET position_x = -1577.7799, position_y = 5976.894, position_z = 204.50618, orientation = 0.22689, spawndist = 0, MovementType = 0 WHERE guid = 80915;
UPDATE creature SET position_x = -1353.485, position_y = 5594.7017, position_z = 218.27502, orientation = 4.88692, spawndist = 0, MovementType = 0 WHERE guid = 53906;
UPDATE creature SET position_x = -1482.8422, position_y = 5852.8423, position_z = 200.70442, orientation = 0.38397, spawndist = 0, MovementType = 0 WHERE guid = 80918;
UPDATE creature SET position_x = -1373.7693, position_y = 5599.164, position_z = 195.211645, orientation = 0, spawndist = 0, MovementType = 4 WHERE guid = 53907;
UPDATE creature SET position_x = -1322.9941, position_y = 5859.077, position_z = 205.74423, orientation = 0, spawndist = 0, MovementType = 4 WHERE guid = 80917;
UPDATE creature SET position_x = -1550.0046, position_y = 5984.9204, position_z = 193.84393, orientation = 0, spawndist = 0, MovementType = 4 WHERE guid = 80920;
DELETE FROM creature_movement WHERE Id IN (53907,80917,80920);
INSERT INTO creature_movement (id, point, positionx, positiony, positionz, orientation, waittime, scriptid) VALUES
(53907,1,-1373.7693,5599.164,195.211645,100,1000,0),
(53907,2,-1366.7146,5604.9346,191.03488,100,0,0),
(53907,3,-1358.7052,5613.14,185.6946,100,0,0),
(53907,4,-1352.1925,5624.71,182.43411,100,0,0),
(53907,5,-1360.6525,5636.2173,181.30502,100,0,0),
(53907,6,-1357.3253,5652.495,181.3292,100,0,0),
(53907,7,-1343.7795,5658.4194,185.50021,100,0,0),
(53907,8,-1327.0345,5662.197,191.612,100,0,0),
(53907,9,-1311.6396,5665.0454,194.03656,100,0,0),
(53907,10,-1300.6411,5679.059,193.43634,100,0,0),
(53907,11,-1287.3041,5689.6924,190.55656,100,0,0),
(53907,12,-1279.0184,5699.8306,192.1027,100,0,0),
(53907,13,-1269.6617,5691.0854,204.40508,100,0,0),
(53907,14,-1258.8746,5680.8345,210.05325,100,0,0),
(53907,15,-1253.5874,5674.237,213.99051,100,0,0),
(53907,16,-1243.1036,5677.681,219.095,100,3000,0),
(80917,1,-1322.9941,5859.077,205.74423,100,1000,0),
(80917,2,-1312.4825,5849.4907,199.87872,100,0,0),
(80917,3,-1316.0476,5845.3667,197.44382,100,0,0),
(80917,4,-1325.4635,5839.9575,192.44418,100,0,0),
(80917,5,-1340.9473,5827.587,185.28294,100,0,0),
(80917,6,-1333.0148,5812.51,184.88353,100,0,0),
(80917,7,-1325.6235,5797.9756,184.15146,100,0,0),
(80917,8,-1326.2097,5781.752,183.13657,100,0,0),
(80917,9,-1332.8027,5768.9365,183.09409,100,0,0),
(80917,10,-1332.6561,5753.9365,181.89757,100,0,0),
(80917,11,-1333.0829,5736.4556,180.56139,100,0,0),
(80917,12,-1334.5795,5720.6177,180.18018,100,1000,0),
(80920,1,-1550.0046,5984.9204,193.84393,100,1000,0),
(80920,2,-1535.7494,5985.677,192.82147,100,0,0),
(80920,3,-1528.1656,5971.6963,192.40155,100,0,0),
(80920,4,-1523.5214,5956.992,193.55644,100,0,0),
(80920,5,-1522.4642,5943.3984,194.69768,100,0,0),
(80920,6,-1525.1309,5930.6777,195.59897,100,0,0),
(80920,7,-1512.262,5917.6885,194.72397,100,0,0),
(80920,8,-1503.641,5905.1997,194.72397,100,0,0),
(80920,9,-1493.6573,5911.205,194.59872,100,0,0),
(80920,10,-1484.298,5917.734,194.59872,100,0,0),
(80920,11,-1487.2847,5928.231,194.59872,100,0,0),
(80920,12,-1496.1875,5936.9956,194.533,100,0,0),
(80920,13,-1495.8109,5944.1704,194.84819,100,0,0),
(80920,14,-1480.5841,5940.2046,199.67686,100,0,0),
(80920,15,-1468.0492,5937.2256,205.68356,100,0,0),
(80920,16,-1462.5131,5936.5127,208.22531,100,0,0),
(80920,17,-1461.0615,5944.1064,212.15076,100,0,0),
(80920,18,-1462.2545,5954.1064,217.4036,100,0,0),
(80920,19,-1462.0271,5963.0635,220.88971,100,1000,0);
UPDATE creature SET position_x = -1337.0262, position_y = 5707.4595, position_z = 180.88647, orientation = 0, spawndist = 0, MovementType = 4 WHERE guid = 80919;
UPDATE creature SET position_x = -1529.1022, position_y = 5971.2354, position_z = 192.32965, orientation = 0, spawndist = 0, MovementType = 4 WHERE guid = 80897;
DELETE FROM creature_movement WHERE Id IN (80919,80897);
INSERT INTO creature_movement (id, point, positionx, positiony, positionz, orientation, waittime, scriptid) VALUES
(80919,1,-1337.0262,5707.4595,180.88647,100,1000,0),
(80919,2,-1333.2715,5731.0923,180.42444,100,0,0),
(80919,3,-1332.2416,5754.8022,182.02342,100,0,0),
(80919,4,-1330.8141,5779.441,182.90317,100,0,0),
(80919,5,-1324.8698,5800.5825,184.4934,100,0,0),
(80919,6,-1350.4838,5824.8813,186.40355,100,0,0),
(80919,7,-1385.0696,5843.7646,185.51933,100,1000,0),
(80897,1,-1529.1022,5971.2354,192.32965,100,1000,0),
(80897,2,-1521.5082,5957.255,193.6414,100,0,0),
(80897,3,-1515.2727,5940.264,194.59306,100,0,0),
(80897,4,-1501.0074,5922.7915,194.59897,100,0,0),
(80897,5,-1479.9641,5914.016,195.54355,100,0,0),
(80897,6,-1458.5493,5917.2524,194.74959,100,0,0),
(80897,7,-1437.5106,5908.632,193.41145,100,0,0),
(80897,8,-1413.0393,5889.397,187.32613,100,1000,0);

UPDATE creature_template SET StaticFlags1=StaticFlags1|0x80000000, StaticFlags3=StaticFlags3&~(0x00000400|0x00000800) WHERE StaticFlags3&(0x00000400|0x00000800);

INSERT INTO worldstate_name(Id,Name) SELECT CompleteWorldStateID, CONCAT('Shadowfang Keep - ', EncounterName) FROM instance_dungeon_encounters a WHERE CompleteWorldStateID>0 AND NOT EXISTS(SELECT b.CompleteWorldStateID FROM instance_dungeon_encounters b WHERE a.Id!=b.Id AND a.CompleteWorldStateID= b.CompleteWorldStateID AND a.Difficulty<b.Difficulty) AND MapId=33;
INSERT INTO worldstate_name(Id,Name) SELECT CompleteWorldStateID, CONCAT('Wailing Caverns - ', EncounterName) FROM instance_dungeon_encounters a WHERE CompleteWorldStateID>0 AND NOT EXISTS(SELECT b.CompleteWorldStateID FROM instance_dungeon_encounters b WHERE a.Id!=b.Id AND a.CompleteWorldStateID= b.CompleteWorldStateID AND a.Difficulty<b.Difficulty) AND MapId=43;
INSERT INTO worldstate_name(Id,Name) SELECT CompleteWorldStateID, CONCAT('Blackfathom deeps - ', EncounterName) FROM instance_dungeon_encounters a WHERE CompleteWorldStateID>0 AND NOT EXISTS(SELECT b.CompleteWorldStateID FROM instance_dungeon_encounters b WHERE a.Id!=b.Id AND a.CompleteWorldStateID= b.CompleteWorldStateID AND a.Difficulty<b.Difficulty) AND MapId=48;
INSERT INTO worldstate_name(Id,Name) SELECT CompleteWorldStateID, CONCAT('Uldaman - ', EncounterName) FROM instance_dungeon_encounters a WHERE CompleteWorldStateID>0 AND NOT EXISTS(SELECT b.CompleteWorldStateID FROM instance_dungeon_encounters b WHERE a.Id!=b.Id AND a.CompleteWorldStateID= b.CompleteWorldStateID AND a.Difficulty<b.Difficulty) AND MapId=70;
INSERT INTO worldstate_name(Id,Name) SELECT CompleteWorldStateID, CONCAT('Gnomeregan - ', EncounterName) FROM instance_dungeon_encounters a WHERE CompleteWorldStateID>0 AND NOT EXISTS(SELECT b.CompleteWorldStateID FROM instance_dungeon_encounters b WHERE a.Id!=b.Id AND a.CompleteWorldStateID= b.CompleteWorldStateID AND a.Difficulty<b.Difficulty) AND MapId=90;
INSERT INTO worldstate_name(Id,Name) SELECT CompleteWorldStateID, CONCAT('Sunken Temple - ', EncounterName) FROM instance_dungeon_encounters a WHERE CompleteWorldStateID>0 AND NOT EXISTS(SELECT b.CompleteWorldStateID FROM instance_dungeon_encounters b WHERE a.Id!=b.Id AND a.CompleteWorldStateID= b.CompleteWorldStateID AND a.Difficulty<b.Difficulty) AND MapId=109;
INSERT INTO worldstate_name(Id,Name) SELECT CompleteWorldStateID, CONCAT('Scarlet Monastery - ', EncounterName) FROM instance_dungeon_encounters a WHERE CompleteWorldStateID>0 AND NOT EXISTS(SELECT b.CompleteWorldStateID FROM instance_dungeon_encounters b WHERE a.Id!=b.Id AND a.CompleteWorldStateID= b.CompleteWorldStateID AND a.Difficulty<b.Difficulty) AND MapId=189;
INSERT INTO worldstate_name(Id,Name) SELECT CompleteWorldStateID, CONCAT('Zul''Farrak - ', EncounterName) FROM instance_dungeon_encounters a WHERE CompleteWorldStateID>0 AND NOT EXISTS(SELECT b.CompleteWorldStateID FROM instance_dungeon_encounters b WHERE a.Id!=b.Id AND a.CompleteWorldStateID= b.CompleteWorldStateID AND a.Difficulty<b.Difficulty) AND MapId=209;
INSERT INTO worldstate_name(Id,Name) SELECT CompleteWorldStateID, CONCAT('Blackrock Spire - ', EncounterName) FROM instance_dungeon_encounters a WHERE CompleteWorldStateID>0 AND NOT EXISTS(SELECT b.CompleteWorldStateID FROM instance_dungeon_encounters b WHERE a.Id!=b.Id AND a.CompleteWorldStateID= b.CompleteWorldStateID AND a.Difficulty<b.Difficulty) AND MapId=229;
INSERT INTO worldstate_name(Id,Name) SELECT CompleteWorldStateID, CONCAT('Blackrock Depths - ', EncounterName) FROM instance_dungeon_encounters a WHERE CompleteWorldStateID>0 AND NOT EXISTS(SELECT b.CompleteWorldStateID FROM instance_dungeon_encounters b WHERE a.Id!=b.Id AND a.CompleteWorldStateID= b.CompleteWorldStateID AND a.Difficulty<b.Difficulty) AND MapId=230;
INSERT INTO worldstate_name(Id,Name) SELECT CompleteWorldStateID, CONCAT('Onyxia''s Lair - ', EncounterName) FROM instance_dungeon_encounters a WHERE CompleteWorldStateID>0 AND NOT EXISTS(SELECT b.CompleteWorldStateID FROM instance_dungeon_encounters b WHERE a.Id!=b.Id AND a.CompleteWorldStateID= b.CompleteWorldStateID AND a.Difficulty<b.Difficulty) AND MapId=249;
INSERT INTO worldstate_name(Id,Name) SELECT CompleteWorldStateID, CONCAT('Caverns of Time - ', EncounterName) FROM instance_dungeon_encounters a WHERE CompleteWorldStateID>0 AND NOT EXISTS(SELECT b.CompleteWorldStateID FROM instance_dungeon_encounters b WHERE a.Id!=b.Id AND a.CompleteWorldStateID= b.CompleteWorldStateID AND a.Difficulty<b.Difficulty) AND MapId=269;
INSERT INTO worldstate_name(Id,Name) SELECT CompleteWorldStateID, CONCAT('Scholomance - ', EncounterName) FROM instance_dungeon_encounters a WHERE CompleteWorldStateID>0 AND NOT EXISTS(SELECT b.CompleteWorldStateID FROM instance_dungeon_encounters b WHERE a.Id!=b.Id AND a.CompleteWorldStateID= b.CompleteWorldStateID AND a.Difficulty<b.Difficulty) AND MapId=289;
INSERT INTO worldstate_name(Id,Name) SELECT CompleteWorldStateID, CONCAT('Zul''gurub - ', EncounterName) FROM instance_dungeon_encounters a WHERE CompleteWorldStateID>0 AND NOT EXISTS(SELECT b.CompleteWorldStateID FROM instance_dungeon_encounters b WHERE a.Id!=b.Id AND a.CompleteWorldStateID= b.CompleteWorldStateID AND a.Difficulty<b.Difficulty) AND MapId=309;
INSERT INTO worldstate_name(Id,Name) SELECT CompleteWorldStateID, CONCAT('Stratholme - ', EncounterName) FROM instance_dungeon_encounters a WHERE CompleteWorldStateID>0 AND NOT EXISTS(SELECT b.CompleteWorldStateID FROM instance_dungeon_encounters b WHERE a.Id!=b.Id AND a.CompleteWorldStateID= b.CompleteWorldStateID AND a.Difficulty<b.Difficulty) AND MapId=329;
INSERT INTO worldstate_name(Id,Name) SELECT CompleteWorldStateID, CONCAT('Maraudon - ', EncounterName) FROM instance_dungeon_encounters a WHERE CompleteWorldStateID>0 AND NOT EXISTS(SELECT b.CompleteWorldStateID FROM instance_dungeon_encounters b WHERE a.Id!=b.Id AND a.CompleteWorldStateID= b.CompleteWorldStateID AND a.Difficulty<b.Difficulty) AND MapId=349;
INSERT INTO worldstate_name(Id,Name) SELECT CompleteWorldStateID, CONCAT('Molten Core - ', EncounterName) FROM instance_dungeon_encounters a WHERE CompleteWorldStateID>0 AND NOT EXISTS(SELECT b.CompleteWorldStateID FROM instance_dungeon_encounters b WHERE a.Id!=b.Id AND a.CompleteWorldStateID= b.CompleteWorldStateID AND a.Difficulty<b.Difficulty) AND MapId=409;
INSERT INTO worldstate_name(Id,Name) SELECT CompleteWorldStateID, CONCAT('Dire Maul - ', EncounterName) FROM instance_dungeon_encounters a WHERE CompleteWorldStateID>0 AND NOT EXISTS(SELECT b.CompleteWorldStateID FROM instance_dungeon_encounters b WHERE a.Id!=b.Id AND a.CompleteWorldStateID= b.CompleteWorldStateID AND a.Difficulty<b.Difficulty) AND MapId=429;
INSERT INTO worldstate_name(Id,Name) SELECT CompleteWorldStateID, CONCAT('Blackwing Lair - ', EncounterName) FROM instance_dungeon_encounters a WHERE CompleteWorldStateID>0 AND NOT EXISTS(SELECT b.CompleteWorldStateID FROM instance_dungeon_encounters b WHERE a.Id!=b.Id AND a.CompleteWorldStateID= b.CompleteWorldStateID AND a.Difficulty<b.Difficulty) AND MapId=469;
DELETE FROM worldstate_name WHERE Id IN(4823);
INSERT INTO worldstate_name(Id,Name) SELECT CompleteWorldStateID, CONCAT('Temple of Ahn''Qiraj - ', EncounterName) FROM instance_dungeon_encounters a WHERE CompleteWorldStateID>0 AND NOT EXISTS(SELECT b.CompleteWorldStateID FROM instance_dungeon_encounters b WHERE a.Id!=b.Id AND a.CompleteWorldStateID= b.CompleteWorldStateID AND a.Difficulty<b.Difficulty) AND MapId=531;
INSERT INTO worldstate_name(Id,Name) SELECT CompleteWorldStateID, CONCAT('Karazahn - ', EncounterName) FROM instance_dungeon_encounters a WHERE CompleteWorldStateID>0 AND NOT EXISTS(SELECT b.CompleteWorldStateID FROM instance_dungeon_encounters b WHERE a.Id!=b.Id AND a.CompleteWorldStateID= b.CompleteWorldStateID AND a.Difficulty<b.Difficulty) AND MapId=532;
INSERT INTO worldstate_name(Id,Name) SELECT CompleteWorldStateID, CONCAT('Naxxramas - ', EncounterName) FROM instance_dungeon_encounters a WHERE CompleteWorldStateID>0 AND NOT EXISTS(SELECT b.CompleteWorldStateID FROM instance_dungeon_encounters b WHERE a.Id!=b.Id AND a.CompleteWorldStateID= b.CompleteWorldStateID AND a.Difficulty<b.Difficulty) AND MapId=533;
INSERT INTO worldstate_name(Id,Name) SELECT CompleteWorldStateID, CONCAT('Battle for Mount Hyjal - ', EncounterName) FROM instance_dungeon_encounters a WHERE CompleteWorldStateID>0 AND NOT EXISTS(SELECT b.CompleteWorldStateID FROM instance_dungeon_encounters b WHERE a.Id!=b.Id AND a.CompleteWorldStateID= b.CompleteWorldStateID AND a.Difficulty<b.Difficulty) AND MapId=534;
INSERT INTO worldstate_name(Id,Name) SELECT CompleteWorldStateID, CONCAT('Shattered Halls - ', EncounterName) FROM instance_dungeon_encounters a WHERE CompleteWorldStateID>0 AND NOT EXISTS(SELECT b.CompleteWorldStateID FROM instance_dungeon_encounters b WHERE a.Id!=b.Id AND a.CompleteWorldStateID= b.CompleteWorldStateID AND a.Difficulty<b.Difficulty) AND MapId=540;
INSERT INTO worldstate_name(Id,Name) SELECT CompleteWorldStateID, CONCAT('Blood Furnace - ', EncounterName) FROM instance_dungeon_encounters a WHERE CompleteWorldStateID>0 AND NOT EXISTS(SELECT b.CompleteWorldStateID FROM instance_dungeon_encounters b WHERE a.Id!=b.Id AND a.CompleteWorldStateID= b.CompleteWorldStateID AND a.Difficulty<b.Difficulty) AND MapId=542;
INSERT INTO worldstate_name(Id,Name) SELECT CompleteWorldStateID, CONCAT('The Steamvault - ', EncounterName) FROM instance_dungeon_encounters a WHERE CompleteWorldStateID>0 AND NOT EXISTS(SELECT b.CompleteWorldStateID FROM instance_dungeon_encounters b WHERE a.Id!=b.Id AND a.CompleteWorldStateID= b.CompleteWorldStateID AND a.Difficulty<b.Difficulty) AND MapId=545;
INSERT INTO worldstate_name(Id,Name) SELECT CompleteWorldStateID, CONCAT('The Underbog - ', EncounterName) FROM instance_dungeon_encounters a WHERE CompleteWorldStateID>0 AND NOT EXISTS(SELECT b.CompleteWorldStateID FROM instance_dungeon_encounters b WHERE a.Id!=b.Id AND a.CompleteWorldStateID= b.CompleteWorldStateID AND a.Difficulty<b.Difficulty) AND MapId=546;
INSERT INTO worldstate_name(Id,Name) SELECT CompleteWorldStateID, CONCAT('The Slave Pens - ', EncounterName) FROM instance_dungeon_encounters a WHERE CompleteWorldStateID>0 AND NOT EXISTS(SELECT b.CompleteWorldStateID FROM instance_dungeon_encounters b WHERE a.Id!=b.Id AND a.CompleteWorldStateID= b.CompleteWorldStateID AND a.Difficulty<b.Difficulty) AND MapId=547;
INSERT INTO worldstate_name(Id,Name) SELECT CompleteWorldStateID, CONCAT('Serpentshrine Cavern - ', EncounterName) FROM instance_dungeon_encounters a WHERE CompleteWorldStateID>0 AND NOT EXISTS(SELECT b.CompleteWorldStateID FROM instance_dungeon_encounters b WHERE a.Id!=b.Id AND a.CompleteWorldStateID= b.CompleteWorldStateID AND a.Difficulty<b.Difficulty) AND MapId=548;
INSERT INTO worldstate_name(Id,Name) SELECT CompleteWorldStateID, CONCAT('The Eye - ', EncounterName) FROM instance_dungeon_encounters a WHERE CompleteWorldStateID>0 AND NOT EXISTS(SELECT b.CompleteWorldStateID FROM instance_dungeon_encounters b WHERE a.Id!=b.Id AND a.CompleteWorldStateID= b.CompleteWorldStateID AND a.Difficulty<b.Difficulty) AND MapId=550;
INSERT INTO worldstate_name(Id,Name) SELECT CompleteWorldStateID, CONCAT('The Arcatraz - ', EncounterName) FROM instance_dungeon_encounters a WHERE CompleteWorldStateID>0 AND NOT EXISTS(SELECT b.CompleteWorldStateID FROM instance_dungeon_encounters b WHERE a.Id!=b.Id AND a.CompleteWorldStateID= b.CompleteWorldStateID AND a.Difficulty<b.Difficulty) AND MapId=552;
INSERT INTO worldstate_name(Id,Name) SELECT CompleteWorldStateID, CONCAT('The Botanica - ', EncounterName) FROM instance_dungeon_encounters a WHERE CompleteWorldStateID>0 AND NOT EXISTS(SELECT b.CompleteWorldStateID FROM instance_dungeon_encounters b WHERE a.Id!=b.Id AND a.CompleteWorldStateID= b.CompleteWorldStateID AND a.Difficulty<b.Difficulty) AND MapId=553;
INSERT INTO worldstate_name(Id,Name) SELECT CompleteWorldStateID, CONCAT('The Mechanar - ', EncounterName) FROM instance_dungeon_encounters a WHERE CompleteWorldStateID>0 AND NOT EXISTS(SELECT b.CompleteWorldStateID FROM instance_dungeon_encounters b WHERE a.Id!=b.Id AND a.CompleteWorldStateID= b.CompleteWorldStateID AND a.Difficulty<b.Difficulty) AND MapId=554;
INSERT INTO worldstate_name(Id,Name) SELECT CompleteWorldStateID, CONCAT('Shadow Labyrinth - ', EncounterName) FROM instance_dungeon_encounters a WHERE CompleteWorldStateID>0 AND NOT EXISTS(SELECT b.CompleteWorldStateID FROM instance_dungeon_encounters b WHERE a.Id!=b.Id AND a.CompleteWorldStateID= b.CompleteWorldStateID AND a.Difficulty<b.Difficulty) AND MapId=555;
INSERT INTO worldstate_name(Id,Name) SELECT CompleteWorldStateID, CONCAT('Sethekk Halls - ', EncounterName) FROM instance_dungeon_encounters a WHERE CompleteWorldStateID>0 AND NOT EXISTS(SELECT b.CompleteWorldStateID FROM instance_dungeon_encounters b WHERE a.Id!=b.Id AND a.CompleteWorldStateID= b.CompleteWorldStateID AND a.Difficulty<b.Difficulty) AND MapId=556;
INSERT INTO worldstate_name(Id,Name) SELECT CompleteWorldStateID, CONCAT('Mana-Tombs - ', EncounterName) FROM instance_dungeon_encounters a WHERE CompleteWorldStateID>0 AND NOT EXISTS(SELECT b.CompleteWorldStateID FROM instance_dungeon_encounters b WHERE a.Id!=b.Id AND a.CompleteWorldStateID= b.CompleteWorldStateID AND a.Difficulty<b.Difficulty) AND MapId=557;
INSERT INTO worldstate_name(Id,Name) SELECT CompleteWorldStateID, CONCAT('Auchenai Crypts - ', EncounterName) FROM instance_dungeon_encounters a WHERE CompleteWorldStateID>0 AND NOT EXISTS(SELECT b.CompleteWorldStateID FROM instance_dungeon_encounters b WHERE a.Id!=b.Id AND a.CompleteWorldStateID= b.CompleteWorldStateID AND a.Difficulty<b.Difficulty) AND MapId=558;
INSERT INTO worldstate_name(Id,Name) SELECT CompleteWorldStateID, CONCAT('The Escape From Durnholde - ', EncounterName) FROM instance_dungeon_encounters a WHERE CompleteWorldStateID>0 AND NOT EXISTS(SELECT b.CompleteWorldStateID FROM instance_dungeon_encounters b WHERE a.Id!=b.Id AND a.CompleteWorldStateID= b.CompleteWorldStateID AND a.Difficulty<b.Difficulty) AND MapId=560;
INSERT INTO worldstate_name(Id,Name) SELECT CompleteWorldStateID, CONCAT('Black Temple - ', EncounterName) FROM instance_dungeon_encounters a WHERE CompleteWorldStateID>0 AND NOT EXISTS(SELECT b.CompleteWorldStateID FROM instance_dungeon_encounters b WHERE a.Id!=b.Id AND a.CompleteWorldStateID= b.CompleteWorldStateID AND a.Difficulty<b.Difficulty) AND MapId=564;
INSERT INTO worldstate_name(Id,Name) SELECT CompleteWorldStateID, CONCAT('Zul''Aman - ', EncounterName) FROM instance_dungeon_encounters a WHERE CompleteWorldStateID>0 AND NOT EXISTS(SELECT b.CompleteWorldStateID FROM instance_dungeon_encounters b WHERE a.Id!=b.Id AND a.CompleteWorldStateID= b.CompleteWorldStateID AND a.Difficulty<b.Difficulty) AND MapId=568;
INSERT INTO worldstate_name(Id,Name) SELECT CompleteWorldStateID, CONCAT('Utgarde Keep - ', EncounterName) FROM instance_dungeon_encounters a WHERE CompleteWorldStateID>0 AND NOT EXISTS(SELECT b.CompleteWorldStateID FROM instance_dungeon_encounters b WHERE a.Id!=b.Id AND a.CompleteWorldStateID= b.CompleteWorldStateID AND a.Difficulty<b.Difficulty) AND MapId=574;
INSERT INTO worldstate_name(Id,Name) SELECT CompleteWorldStateID, CONCAT('Utgarde Pinnacle - ', EncounterName) FROM instance_dungeon_encounters a WHERE CompleteWorldStateID>0 AND NOT EXISTS(SELECT b.CompleteWorldStateID FROM instance_dungeon_encounters b WHERE a.Id!=b.Id AND a.CompleteWorldStateID= b.CompleteWorldStateID AND a.Difficulty<b.Difficulty) AND MapId=575;
INSERT INTO worldstate_name(Id,Name) SELECT CompleteWorldStateID, CONCAT('The Nexus - ', EncounterName) FROM instance_dungeon_encounters a WHERE CompleteWorldStateID>0 AND NOT EXISTS(SELECT b.CompleteWorldStateID FROM instance_dungeon_encounters b WHERE a.Id!=b.Id AND a.CompleteWorldStateID= b.CompleteWorldStateID AND a.Difficulty<b.Difficulty) AND MapId=576;
INSERT INTO worldstate_name(Id,Name) SELECT CompleteWorldStateID, CONCAT('The Oculus - ', EncounterName) FROM instance_dungeon_encounters a WHERE CompleteWorldStateID>0 AND NOT EXISTS(SELECT b.CompleteWorldStateID FROM instance_dungeon_encounters b WHERE a.Id!=b.Id AND a.CompleteWorldStateID= b.CompleteWorldStateID AND a.Difficulty<b.Difficulty) AND MapId=578;
INSERT INTO worldstate_name(Id,Name) SELECT CompleteWorldStateID, CONCAT('Sunwell Plateau - ', EncounterName) FROM instance_dungeon_encounters a WHERE CompleteWorldStateID>0 AND NOT EXISTS(SELECT b.CompleteWorldStateID FROM instance_dungeon_encounters b WHERE a.Id!=b.Id AND a.CompleteWorldStateID= b.CompleteWorldStateID AND a.Difficulty<b.Difficulty) AND MapId=580;
INSERT INTO worldstate_name(Id,Name) SELECT CompleteWorldStateID, CONCAT('Magisters Terrace - ', EncounterName) FROM instance_dungeon_encounters a WHERE CompleteWorldStateID>0 AND NOT EXISTS(SELECT b.CompleteWorldStateID FROM instance_dungeon_encounters b WHERE a.Id!=b.Id AND a.CompleteWorldStateID= b.CompleteWorldStateID AND a.Difficulty<b.Difficulty) AND MapId=585;
INSERT INTO worldstate_name(Id,Name) SELECT CompleteWorldStateID, CONCAT('The Culling of Stratholme - ', EncounterName) FROM instance_dungeon_encounters a WHERE CompleteWorldStateID>0 AND NOT EXISTS(SELECT b.CompleteWorldStateID FROM instance_dungeon_encounters b WHERE a.Id!=b.Id AND a.CompleteWorldStateID= b.CompleteWorldStateID AND a.Difficulty<b.Difficulty) AND MapId=595;
INSERT INTO worldstate_name(Id,Name) SELECT CompleteWorldStateID, CONCAT('Halls of Stone - ', EncounterName) FROM instance_dungeon_encounters a WHERE CompleteWorldStateID>0 AND NOT EXISTS(SELECT b.CompleteWorldStateID FROM instance_dungeon_encounters b WHERE a.Id!=b.Id AND a.CompleteWorldStateID= b.CompleteWorldStateID AND a.Difficulty<b.Difficulty) AND MapId=599;
INSERT INTO worldstate_name(Id,Name) SELECT CompleteWorldStateID, CONCAT('Drak''Tharon Keep - ', EncounterName) FROM instance_dungeon_encounters a WHERE CompleteWorldStateID>0 AND NOT EXISTS(SELECT b.CompleteWorldStateID FROM instance_dungeon_encounters b WHERE a.Id!=b.Id AND a.CompleteWorldStateID= b.CompleteWorldStateID AND a.Difficulty<b.Difficulty) AND MapId=600;
INSERT INTO worldstate_name(Id,Name) SELECT CompleteWorldStateID, CONCAT('Azjol-Nerub - ', EncounterName) FROM instance_dungeon_encounters a WHERE CompleteWorldStateID>0 AND NOT EXISTS(SELECT b.CompleteWorldStateID FROM instance_dungeon_encounters b WHERE a.Id!=b.Id AND a.CompleteWorldStateID= b.CompleteWorldStateID AND a.Difficulty<b.Difficulty) AND MapId=601;
INSERT INTO worldstate_name(Id,Name) SELECT CompleteWorldStateID, CONCAT('Halls of Lightning - ', EncounterName) FROM instance_dungeon_encounters a WHERE CompleteWorldStateID>0 AND NOT EXISTS(SELECT b.CompleteWorldStateID FROM instance_dungeon_encounters b WHERE a.Id!=b.Id AND a.CompleteWorldStateID= b.CompleteWorldStateID AND a.Difficulty<b.Difficulty) AND MapId=602;
INSERT INTO worldstate_name(Id,Name) SELECT CompleteWorldStateID, CONCAT('Ulduar - ', EncounterName) FROM instance_dungeon_encounters a WHERE CompleteWorldStateID>0 AND NOT EXISTS(SELECT b.CompleteWorldStateID FROM instance_dungeon_encounters b WHERE a.Id!=b.Id AND a.CompleteWorldStateID= b.CompleteWorldStateID AND a.Difficulty<b.Difficulty) AND MapId=603;
INSERT INTO worldstate_name(Id,Name) SELECT CompleteWorldStateID, CONCAT('Gun''drak', EncounterName) FROM instance_dungeon_encounters a WHERE CompleteWorldStateID>0 AND NOT EXISTS(SELECT b.CompleteWorldStateID FROM instance_dungeon_encounters b WHERE a.Id!=b.Id AND a.CompleteWorldStateID= b.CompleteWorldStateID AND a.Difficulty<b.Difficulty) AND MapId=604;
INSERT INTO worldstate_name(Id,Name) SELECT CompleteWorldStateID, CONCAT('Violet Hold - ', EncounterName) FROM instance_dungeon_encounters a WHERE CompleteWorldStateID>0 AND NOT EXISTS(SELECT b.CompleteWorldStateID FROM instance_dungeon_encounters b WHERE a.Id!=b.Id AND a.CompleteWorldStateID= b.CompleteWorldStateID AND a.Difficulty<b.Difficulty) AND MapId=608;
INSERT INTO worldstate_name(Id,Name) SELECT CompleteWorldStateID, CONCAT('The Obsidian Sanctum - ', EncounterName) FROM instance_dungeon_encounters a WHERE CompleteWorldStateID>0 AND NOT EXISTS(SELECT b.CompleteWorldStateID FROM instance_dungeon_encounters b WHERE a.Id!=b.Id AND a.CompleteWorldStateID= b.CompleteWorldStateID AND a.Difficulty<b.Difficulty) AND MapId=615;
INSERT INTO worldstate_name(Id,Name) SELECT CompleteWorldStateID, CONCAT('The Eye of Eternity - ', EncounterName) FROM instance_dungeon_encounters a WHERE CompleteWorldStateID>0 AND NOT EXISTS(SELECT b.CompleteWorldStateID FROM instance_dungeon_encounters b WHERE a.Id!=b.Id AND a.CompleteWorldStateID= b.CompleteWorldStateID AND a.Difficulty<b.Difficulty) AND MapId=616;
INSERT INTO worldstate_name(Id,Name) SELECT CompleteWorldStateID, CONCAT('Ahn''kahet: The Old Kingdom', EncounterName) FROM instance_dungeon_encounters a WHERE CompleteWorldStateID>0 AND NOT EXISTS(SELECT b.CompleteWorldStateID FROM instance_dungeon_encounters b WHERE a.Id!=b.Id AND a.CompleteWorldStateID= b.CompleteWorldStateID AND a.Difficulty<b.Difficulty) AND MapId=619;
INSERT INTO worldstate_name(Id,Name) SELECT CompleteWorldStateID, CONCAT('Vault of Archavon - ', EncounterName) FROM instance_dungeon_encounters a WHERE CompleteWorldStateID>0 AND NOT EXISTS(SELECT b.CompleteWorldStateID FROM instance_dungeon_encounters b WHERE a.Id!=b.Id AND a.CompleteWorldStateID= b.CompleteWorldStateID AND a.Difficulty<b.Difficulty) AND MapId=624;
INSERT INTO worldstate_name(Id,Name) SELECT CompleteWorldStateID, CONCAT('Icecrown Citadel - ', EncounterName) FROM instance_dungeon_encounters a WHERE CompleteWorldStateID>0 AND NOT EXISTS(SELECT b.CompleteWorldStateID FROM instance_dungeon_encounters b WHERE a.Id!=b.Id AND a.CompleteWorldStateID= b.CompleteWorldStateID AND a.Difficulty<b.Difficulty) AND MapId=631;
INSERT INTO worldstate_name(Id,Name) SELECT CompleteWorldStateID, CONCAT('The Forge of Souls - ', EncounterName) FROM instance_dungeon_encounters a WHERE CompleteWorldStateID>0 AND NOT EXISTS(SELECT b.CompleteWorldStateID FROM instance_dungeon_encounters b WHERE a.Id!=b.Id AND a.CompleteWorldStateID= b.CompleteWorldStateID AND a.Difficulty<b.Difficulty) AND MapId=632;
INSERT INTO worldstate_name(Id,Name) SELECT CompleteWorldStateID, CONCAT('Trial of the Crusader - ', EncounterName) FROM instance_dungeon_encounters a WHERE CompleteWorldStateID>0 AND NOT EXISTS(SELECT b.CompleteWorldStateID FROM instance_dungeon_encounters b WHERE a.Id!=b.Id AND a.CompleteWorldStateID= b.CompleteWorldStateID AND a.Difficulty<b.Difficulty) AND MapId=649;
INSERT INTO worldstate_name(Id,Name) SELECT CompleteWorldStateID, CONCAT('Trial of the Champion - ', EncounterName) FROM instance_dungeon_encounters a WHERE CompleteWorldStateID>0 AND NOT EXISTS(SELECT b.CompleteWorldStateID FROM instance_dungeon_encounters b WHERE a.Id!=b.Id AND a.CompleteWorldStateID= b.CompleteWorldStateID AND a.Difficulty<b.Difficulty) AND MapId=650;
INSERT INTO worldstate_name(Id,Name) SELECT CompleteWorldStateID, CONCAT('Pit of Saron - ', EncounterName) FROM instance_dungeon_encounters a WHERE CompleteWorldStateID>0 AND NOT EXISTS(SELECT b.CompleteWorldStateID FROM instance_dungeon_encounters b WHERE a.Id!=b.Id AND a.CompleteWorldStateID= b.CompleteWorldStateID AND a.Difficulty<b.Difficulty) AND MapId=658;
INSERT INTO worldstate_name(Id,Name) SELECT CompleteWorldStateID, CONCAT('Halls of Reflection - ', EncounterName) FROM instance_dungeon_encounters a WHERE CompleteWorldStateID>0 AND NOT EXISTS(SELECT b.CompleteWorldStateID FROM instance_dungeon_encounters b WHERE a.Id!=b.Id AND a.CompleteWorldStateID= b.CompleteWorldStateID AND a.Difficulty<b.Difficulty) AND MapId=668;
INSERT INTO worldstate_name(Id,Name) SELECT CompleteWorldStateID, CONCAT('The Ruby Sanctum - ', EncounterName) FROM instance_dungeon_encounters a WHERE CompleteWorldStateID>0 AND NOT EXISTS(SELECT b.CompleteWorldStateID FROM instance_dungeon_encounters b WHERE a.Id!=b.Id AND a.CompleteWorldStateID= b.CompleteWorldStateID AND a.Difficulty<b.Difficulty) AND MapId=724;

SET @SGUID := 352;
DELETE FROM `creature` WHERE `id` IN (5984,5988);
DELETE FROM `creature` WHERE `guid` IN (1222,1228,1357,1469);
INSERT INTO `creature` (`guid`, `id`, `map`, `spawnMask`, `position_x`, `position_y`, `position_z`, `orientation`, `spawntimesecsmin`, `spawntimesecsmax`, `spawndist`, `MovementType`) VALUES
(1495, 0, 0, 1, -11183.3505859375, -2747.520507812500, 16.97761535644531250, 2.826084375381469726, 300, 300, 45, 1),
(1499, 0, 0, 1, -11150.4189453125, -2717.149658203125, 13.22927379608154296, 3.951645374298095703, 300, 300, 45, 1),
(1511, 0, 0, 1, -11219.1533203125, -2715.764404296875, 12.55648803710937500, 4.066617012023925781, 300, 300, 45, 1),
(1535, 0, 0, 1, -11115.4921875000, -2752.935058593750, 16.86852264404296875, 1.991650462150573730, 300, 300, 45, 1),
(1551, 0, 0, 1, -11082.5039062500, -2717.601562500000, 24.01535224914550781, 5.525404453277587890, 300, 300, 45, 1),
(1576, 0, 0, 1, -11015.7050781250, -2720.931884765625, 6.597763538360595703, 1.872130513191223144, 300, 300, 45, 1),
(1623, 0, 0, 1, -11049.0390625000, -2751.917480468750, 1.954324364662170410, 5.535081863403320312, 300, 300, 45, 1),
(1666, 0, 0, 1, -11082.8183593750, -2783.965820312500, 9.525691032409667968, 5.883290290832519531, 300, 300, 45, 1),
(1683, 0, 0, 1, -11015.6972656250, -2783.094970703125, 4.435871601104736328, 3.902266740798950195, 300, 300, 45, 1),
(1716, 0, 0, 1, -10985.4814453125, -2753.118408203125, 5.555165290832519531, 3.433154821395874023, 300, 300, 45, 1),
(1746, 0, 0, 1, -10951.2236328125, -2781.518798828125, 6.640338420867919921, 2.343593835830688476, 300, 300, 45, 1),
(1749, 0, 0, 1, -10920.0498046875, -2802.031005859375, 27.33265113830566406, 3.957661151885986328, 300, 300, 45, 1),
(1754, 0, 0, 1, -10982.9941406250, -2818.182617187500, 6.432218551635742187, 5.579684734344482421, 300, 300, 45, 1),
(1786, 0, 0, 1, -10951.7451171875, -2849.248779296875, 7.633199691772460937, 4.567790031433105468, 300, 300, 45, 1),
(1797, 0, 0, 1, -10917.6015625000, -2884.864013671875, 12.52983856201171875, 3.717906475067138671, 300, 300, 45, 1),
(1801, 0, 0, 1, -11016.6582031250, -2852.387695312500, 9.227956771850585937, 0.539656877517700195, 300, 300, 45, 1),
(1813, 0, 0, 1, -10983.9501953125, -2882.390869140625, 4.543100357055664062, 4.387303829193115234, 300, 300, 45, 1),
(1852, 0, 0, 1, -10985.9687500000, -2850.178222656250, 10.43008041381835937, 5.296145439147949218, 300, 300, 45, 1),
(1915, 0, 0, 1, -11047.8994140625, -2816.543457031250, 10.16077136993408203, 3.553248405456542968, 300, 300, 45, 1),
(1929, 0, 0, 1, -11050.8144531250, -2883.959228515625, 7.090510368347167968, 3.881198883056640625, 300, 300, 45, 1),
(1932, 0, 0, 1, -11084.6914062500, -2849.568115234375, 11.55408668518066406, 2.994563579559326171, 300, 300, 45, 1),
(1730, 0, 0, 1, -11115.1533203125, -2888.179199218750, 11.25590896606445312, 2.073104858398437500, 300, 300, 45, 1),
(1766, 0, 0, 1, -11217.9062500000, -2982.665771484375, 3.954016208648681640, 0.746683716773986816, 300, 300, 45, 1),
(1828, 0, 0, 1, -11185.0595703125, -2948.733886718750, 19.03934860229492187, 5.597696304321289062, 300, 300, 45, 1),
(2705, 0, 0, 1, -11244.2412109375, -2949.585449218750, 13.99283695220947265, 0.656975507736206054, 300, 300, 45, 1),
(1222, 0, 0, 1, -10968.90, -3129.94, 43.3566, 0, 300, 300, 20, 1),
(1228, 0, 0, 1, -11000.80, -3133.33, 40.2169, 0, 300, 300, 20, 1),
(1357, 0, 0, 1, -11066.80, -3135.77, 45.7657, 0, 300, 300, 20, 1),
(1469, 0, 0, 1, -11118.90, -3100.48, 44.4948, 0, 300, 300, 10, 1);
INSERT INTO `spawn_group` (`Id`, `Name`, `Type`, `MaxCount`, `WorldState`, `Flags`, `StringId`) VALUES
(@SGUID + 000, 'Blasted Lands - Starving Snickerfang | Scorpok Stinger (1) Wandering 000', 0, 0, 0, 0, 0),
(@SGUID + 001, 'Blasted Lands - Starving Snickerfang | Scorpok Stinger (1) Wandering 001', 0, 0, 0, 0, 0),
(@SGUID + 002, 'Blasted Lands - Starving Snickerfang | Scorpok Stinger (1) Wandering 002', 0, 0, 0, 0, 0),
(@SGUID + 003, 'Blasted Lands - Starving Snickerfang | Scorpok Stinger (1) Wandering 003', 0, 0, 0, 0, 0),
(@SGUID + 004, 'Blasted Lands - Starving Snickerfang | Scorpok Stinger (1) Wandering 004', 0, 0, 0, 0, 0),
(@SGUID + 005, 'Blasted Lands - Starving Snickerfang | Scorpok Stinger (1) Wandering 005', 0, 0, 0, 0, 0),
(@SGUID + 006, 'Blasted Lands - Starving Snickerfang | Scorpok Stinger (1) Wandering 006', 0, 0, 0, 0, 0),
(@SGUID + 007, 'Blasted Lands - Starving Snickerfang | Scorpok Stinger (1) Wandering 007', 0, 0, 0, 0, 0),
(@SGUID + 008, 'Blasted Lands - Starving Snickerfang | Scorpok Stinger (1) Wandering 008', 0, 0, 0, 0, 0),
(@SGUID + 009, 'Blasted Lands - Starving Snickerfang | Scorpok Stinger (1) Wandering 009', 0, 0, 0, 0, 0),
(@SGUID + 010, 'Blasted Lands - Starving Snickerfang | Scorpok Stinger (1) Wandering 010', 0, 0, 0, 0, 0),
(@SGUID + 011, 'Blasted Lands - Starving Snickerfang | Scorpok Stinger (1) Wandering 011', 0, 0, 0, 0, 0),
(@SGUID + 012, 'Blasted Lands - Starving Snickerfang | Scorpok Stinger (1) Wandering 012', 0, 0, 0, 0, 0),
(@SGUID + 013, 'Blasted Lands - Starving Snickerfang | Scorpok Stinger (1) Wandering 013', 0, 0, 0, 0, 0),
(@SGUID + 014, 'Blasted Lands - Starving Snickerfang | Scorpok Stinger (1) Wandering 014', 0, 0, 0, 0, 0),
(@SGUID + 015, 'Blasted Lands - Starving Snickerfang | Scorpok Stinger (1) Wandering 015', 0, 0, 0, 0, 0),
(@SGUID + 016, 'Blasted Lands - Starving Snickerfang | Scorpok Stinger (1) Wandering 016', 0, 0, 0, 0, 0),
(@SGUID + 017, 'Blasted Lands - Starving Snickerfang | Scorpok Stinger (1) Wandering 017', 0, 0, 0, 0, 0),
(@SGUID + 018, 'Blasted Lands - Starving Snickerfang | Scorpok Stinger (1) Wandering 018', 0, 0, 0, 0, 0),
(@SGUID + 019, 'Blasted Lands - Starving Snickerfang | Scorpok Stinger (1) Wandering 019', 0, 0, 0, 0, 0),
(@SGUID + 020, 'Blasted Lands - Starving Snickerfang | Scorpok Stinger (1) Wandering 020', 0, 0, 0, 0, 0),
(@SGUID + 021, 'Blasted Lands - Starving Snickerfang | Scorpok Stinger (1) Wandering 021', 0, 0, 0, 0, 0),
(@SGUID + 022, 'Blasted Lands - Starving Snickerfang | Scorpok Stinger (1) Wandering 022', 0, 0, 0, 0, 0),
(@SGUID + 023, 'Blasted Lands - Starving Snickerfang | Scorpok Stinger (1) Wandering 023', 0, 0, 0, 0, 0),
(@SGUID + 024, 'Blasted Lands - Starving Snickerfang | Scorpok Stinger (1) Wandering 024', 0, 0, 0, 0, 0);
INSERT INTO `spawn_group_spawn` (`Id`, `Guid`, `SlotId`, `Chance`) VALUES
(@SGUID + 000, 1495, 0, 0), (@SGUID + 001, 1499, 0, 0), (@SGUID + 002, 1511, 0, 0), (@SGUID + 003, 1535, 0, 0), (@SGUID + 004, 1551, 0, 0),
(@SGUID + 005, 1576, 0, 0), (@SGUID + 006, 1623, 0, 0), (@SGUID + 007, 1666, 0, 0), (@SGUID + 008, 1683, 0, 0), (@SGUID + 009, 1716, 0, 0),
(@SGUID + 010, 1746, 0, 0), (@SGUID + 011, 1749, 0, 0), (@SGUID + 012, 1754, 0, 0), (@SGUID + 013, 1786, 0, 0), (@SGUID + 014, 1797, 0, 0),
(@SGUID + 015, 1801, 0, 0), (@SGUID + 016, 1813, 0, 0), (@SGUID + 017, 1852, 0, 0), (@SGUID + 018, 1915, 0, 0), (@SGUID + 019, 1929, 0, 0),
(@SGUID + 020, 1932, 0, 0), (@SGUID + 021, 1730, 0, 0), (@SGUID + 022, 1766, 0, 0), (@SGUID + 023, 1828, 0, 0), (@SGUID + 024, 2705, 0, 0);
INSERT INTO `spawn_group_entry` (`Id`, `Entry`, `MinCount`, `MaxCount`, `Chance`) VALUES
(@SGUID + 000, 5984, 0, 0, 0), (@SGUID + 000, 5988, 0, 0, 0), (@SGUID + 001, 5984, 0, 0, 0), (@SGUID + 001, 5988, 0, 0, 0), (@SGUID + 002, 5984, 0, 0, 0), (@SGUID + 002, 5988, 0, 0, 0),
(@SGUID + 003, 5984, 0, 0, 0), (@SGUID + 003, 5988, 0, 0, 0), (@SGUID + 004, 5984, 0, 0, 0), (@SGUID + 004, 5988, 0, 0, 0), (@SGUID + 005, 5984, 0, 0, 0), (@SGUID + 005, 5988, 0, 0, 0),
(@SGUID + 006, 5984, 0, 0, 0), (@SGUID + 006, 5988, 0, 0, 0), (@SGUID + 007, 5984, 0, 0, 0), (@SGUID + 007, 5988, 0, 0, 0), (@SGUID + 008, 5984, 0, 0, 0), (@SGUID + 008, 5988, 0, 0, 0),
(@SGUID + 009, 5984, 0, 0, 0), (@SGUID + 009, 5988, 0, 0, 0), (@SGUID + 010, 5984, 0, 0, 0), (@SGUID + 010, 5988, 0, 0, 0), (@SGUID + 011, 5984, 0, 0, 0), (@SGUID + 011, 5988, 0, 0, 0),
(@SGUID + 012, 5984, 0, 0, 0), (@SGUID + 012, 5988, 0, 0, 0), (@SGUID + 013, 5984, 0, 0, 0), (@SGUID + 013, 5988, 0, 0, 0), (@SGUID + 014, 5984, 0, 0, 0), (@SGUID + 014, 5988, 0, 0, 0),
(@SGUID + 015, 5984, 0, 0, 0), (@SGUID + 015, 5988, 0, 0, 0), (@SGUID + 016, 5984, 0, 0, 0), (@SGUID + 016, 5988, 0, 0, 0), (@SGUID + 017, 5984, 0, 0, 0), (@SGUID + 017, 5988, 0, 0, 0),
(@SGUID + 018, 5984, 0, 0, 0), (@SGUID + 018, 5988, 0, 0, 0), (@SGUID + 019, 5984, 0, 0, 0), (@SGUID + 019, 5988, 0, 0, 0), (@SGUID + 020, 5984, 0, 0, 0), (@SGUID + 020, 5988, 0, 0, 0),
(@SGUID + 021, 5984, 0, 0, 0), (@SGUID + 021, 5988, 0, 0, 0), (@SGUID + 022, 5984, 0, 0, 0), (@SGUID + 022, 5988, 0, 0, 0), (@SGUID + 023, 5984, 0, 0, 0), (@SGUID + 023, 5988, 0, 0, 0),
(@SGUID + 024, 5984, 0, 0, 0), (@SGUID + 024, 5988, 0, 0, 0);

DELETE FROM `creature` WHERE `guid` = 88581;
DELETE FROM `creature` WHERE `guid` = 88582;
DELETE FROM `creature` WHERE `guid` = 88583;
DELETE FROM `creature` WHERE `guid` = 88584;
DELETE FROM `creature` WHERE `guid` = 88585;
UPDATE gossip_menu_option SET action_menu_id = -1, action_script_id = 972800 WHERE menu_id = 9728;
DELETE FROM dbscripts_on_gossip WHERE id = 972800;
INSERT INTO dbscripts_on_gossip (id, delay, command, datalong, datalong2, datalong3, buddy_entry, search_radius, data_flags, dataint, dataint2, dataint3, dataint4, x, y, z, o, comments) VALUES
(972800,1,45,0,20308,0,0,0,0,0,0,0,0,0,0,0,0,'Mosswalker Victim 28113 - Random Script (q.12580)');
DELETE FROM dbscript_random_templates WHERE id BETWEEN 20308 AND 20310;
INSERT INTO dbscript_random_templates (id, type, target_id, chance, comments) VALUES
(20308,1,20751,40,'Mosswalker Victim 28113 - Random Script 1 (q.12580)'),
(20308,1,20752,60,'Mosswalker Victim 28113 - Random Script 2 (q.12580)'),
(20309,0,28905,0,'Mosswalker Victim 28113 - Complete Random Say 1 (q.12580)'),
(20309,0,28907,0,'Mosswalker Victim 28113 - Complete Random Say 2 (q.12580)'),
(20309,0,28908,0,'Mosswalker Victim 28113 - Complete Random Say 3 (q.12580)'),
(20309,0,28909,0,'Mosswalker Victim 28113 - Complete Random Say 4 (q.12580)'),
(20309,0,28906,0,'Mosswalker Victim 28113 - Complete Random Say 5 (q.12580)'),
(20310,0,28902,0,'Mosswalker Victim 28113 - Fail Random Say 1 (q.12580)'),
(20310,0,28901,0,'Mosswalker Victim 28113 - Fail Random Say 2 (q.12580)'),
(20310,0,28903,0,'Mosswalker Victim 28113 - Fail Random Say 3 (q.12580)'),
(20310,0,28904,0,'Mosswalker Victim 28113 - Fail Random Say 4 (q.12580)'),
(20310,0,28900,0,'Mosswalker Victim 28113 - Fail Random Say 5 (q.12580)'),
(20310,0,28630,0,'Mosswalker Victim 28113 - Fail Random Say 6 (q.12580)');
DELETE FROM dbscripts_on_relay WHERE id BETWEEN 20751 AND 20752;
INSERT INTO dbscripts_on_relay (id, delay, command, datalong, datalong2, datalong3, buddy_entry, search_radius, data_flags, dataint, dataint2, dataint3, dataint4, x, y, z, o, comments) VALUES
(20751,1,0,0,0,0,0,0,0x04,15158,0,0,0,0,0,0,0,'Mosswalker Victim 28113 - Say (q.12580)'),
(20751,2,29,1,0,0,0,0,0x04,0,0,0,0,0,0,0,0,'Mosswalker Victim 28113 - Npc Flags Removed (q.12580)'),
(20751,10,14,45801,0,0,0,0,0x04,0,0,0,0,0,0,0,0,'Mosswalker Victim 28113 - Aura Removed (q.12580)'),
(20751,50,14,52165,0,0,0,0,0x04,0,0,0,0,0,0,0,0,'Mosswalker Victim 28113 - Aura Removed (q.12580)'),
(20751,100,28,0,0,0,0,0,0x04,0,0,0,0,0,0,0,0,'Mosswalker Victim 28113 - Stand State (q.12580)'),
(20751,200,36,0,0,0,0,0,0,0,0,0,0,0,0,0,0,'Mosswalker Victim 28113 - Face Player (q.12580)'),
(20751,1000,0,20309,0,0,0,0,0,0,0,0,0,0,0,0,0,'Mosswalker Victim 28113 - Random text (q.12580)'),
(20751,1100,15,52157,0,0,0,0,0,0,0,0,0,0,0,0,0,'Mosswalker Victim 28113 - Cast 52157 (q.12580)'),
(20751,2000,20,1,10,0,0,0,0x04,0,0,0,0,0,0,0,0,'Mosswalker Victim 28113 - Set Randommovement (q.12580)'),
(20751,3000,18,10000,0,0,0,0,0x04,0,0,0,0,0,0,0,0,'Mosswalker Victim 28113 - despawn self (deleyed)(q.12580)'),
(20752,1,0,0,0,0,0,0,0x04,15158,0,0,0,0,0,0,0,'Mosswalker Victim 28113 - Say (q.12580)'),
(20752,2,29,1,0,0,0,0,0x04,0,0,0,0,0,0,0,0,'Mosswalker Victim 28113 - Npc Flags Removed (q.12580)'),
(20752,100,0,20310,0,0,0,0,0,0,0,0,0,0,0,0,0,'Mosswalker Victim 28113 - Random text (q.12580)'),
(20752,1000,15,52156,0,0,0,0,0,0,0,0,0,0,0,0,0,'Mosswalker Victim 28113 - Cast 52156 (q.12580)'),
(20752,4000,15,7,0,0,0,0,0x04,0,0,0,0,0,0,0,0,'Mosswalker Victim 28113 - Cast 7 (q.12580)'),
(20752,5000,18,10000,0,0,0,0,0x04,0,0,0,0,0,0,0,0,'Mosswalker Victim 28113 - despawn Self (deleyed)(q.12580)');

DELETE FROM `creature_movement` WHERE `id` IN (SELECT `guid` FROM `creature` WHERE `id` IN (29124));
DELETE FROM creature_addon WHERE guid IN(SELECT guid FROM creature WHERE id = 29124);
DELETE FROM `creature` WHERE `id` IN (29124);
DELETE FROM creature_template_addon WHERE entry IN (29124);
INSERT INTO creature_template_addon (entry, mount, stand_state, sheath_state, pvp_flags, emote, moveflags, auras) VALUES (29124,0,0,1,0,0,0,'53213 54189');
DELETE FROM creature_spawn_data WHERE guid IN (31193,31237,523914);
INSERT INTO creature_spawn_data (guid, Id) VALUES (31193,1),(31237,1),(523914,1);
INSERT INTO `creature` (`guid`, `id`, `map`, `spawnMask`, `phaseMask`, `position_x`, `position_y`, `position_z`, `orientation`, `spawntimesecsmin`, `spawntimesecsmax`, `spawndist`, `MovementType`) VALUES
(97069, 29124, 571, 1, 1, 5444.03, 4026.5, -52.866, 0.360642, 300, 300, 10, 1),
(97068, 29124, 571, 1, 1, 5505.06, 3811.55, -57.2957, 3.87743, 300, 300, 10, 1),
(97067, 29124, 571, 1, 1, 5551.78, 3828.29, -39.1186, 1.15061, 300, 300, 7, 1),
(97066, 29124, 571, 1, 1, 5513.75, 3774.31, -54.1595, 0.134165, 300, 300, 7, 1),
(97065, 29124, 571, 1, 1, 5662.7, 3710.85, -17.0033, 1.17192, 300, 300, 10, 1),
(97064, 29124, 571, 1, 1, 5658.56, 3866.79, -54.0624, 0.760541, 300, 300, 5, 1),
(97063, 29124, 571, 1, 1, 5643.97, 3650.99, -23.2938, 4.39558, 300, 300, 10, 1),
(97062, 29124, 571, 1, 1, 5672.92, 3686.82, -23.4706, 3.15554, 300, 300, 10, 1),
(31156, 29124, 571, 1, 1, 5531.38, 3865.89, -66.2215, 5.03238, 300, 300, 0, 4),
(97061, 29124, 571, 1, 1, 5617.52, 3674, -24.7597, 1.43629, 300, 300, 10, 1),
(97060, 29124, 571, 1, 1, 5645.93, 3743.35, -7.20141, 2.02956, 300, 300, 10, 1),
(31180, 29124, 571, 1, 1, 5562.06, 3753.47, -18.5619, 5.62523, 300, 300, 0, 2),
(97059, 29124, 571, 1, 1, 5607.58, 3734.07, 4.98414, 3.76792, 300, 300, 10, 1),
(97058, 29124, 571, 1, 1, 5684.59, 3818.74, -64.0925, 4.71239, 300, 300, 10, 1),
(97057, 29124, 571, 1, 1, 5690.39, 3718.29, -33.563, 4.5106, 300, 300, 10, 1),
(97056, 29124, 571, 1, 1, 5557.6, 3886.3, -75.5415, 4.85362, 300, 300, 10, 1),
(97055, 29124, 571, 1, 1, 5558.1, 3700.69, -36.1032, 0.583446, 300, 300, 10, 1),
(97054, 29124, 571, 1, 1, 5710.59, 3954.73, -76.3189, 3.37212, 300, 300, 5, 1),
(97053, 29124, 571, 1, 1, 5622.81, 3779.11, -7.02932, 0, 300, 300, 10, 1),
(31237, 29124, 571, 1, 1, 5658.46, 3800.85, -31.1573, 0, 300, 300, 0, 2),
(31248, 29124, 571, 1, 1, 5593.14, 3809.5, -14.5074, 5.10088, 300, 300, 10, 1),
(31266, 29124, 571, 1, 1, 5550.82, 4107.83, 43.3189, 3.48883, 180, 180, 3, 1),
(31268, 29124, 571, 1, 1, 5589.4, 3889.89, -95.254, 3.19626, 300, 300, 10, 1),
(31193, 29124, 571, 1, 1, 5579.52, 4010.55, -7.34902, 0, 300, 300, 0, 4);
DELETE FROM creature_movement WHERE Id IN (31156,31193,31180,31237);
INSERT INTO creature_movement (id, point, positionx, positiony, positionz, orientation, waittime, scriptid) VALUES
(31156,1,5531.38,3865.89,-66.2215,100,0,0),
(31156,2,5552.011,3875.748,-70.70092,100,0,0),
(31156,3,5556.6704,3885.4602,-74.84755,100,0,0),
(31156,4,5554.403,3901.6206,-71.980705,100,0,0),
(31156,5,5557.171,3914.5576,-71.65868,100,0,0),
(31156,6,5551.1006,3928.25,-66.65868,100,0,0),
(31156,7,5538.1514,3935.174,-59.122414,100,0,0),
(31156,8,5525.7476,3936.8455,-56.3533,100,0,0),
(31193,1,5579.523,4010.552,-7.349018,100,0,0),
(31193,2,5595.082,4033.8213,5.54615,100,0,0),
(31193,3,5603.0083,4059.4553,20.18628,100,0,0),
(31193,4,5596.383,4088.2874,31.87343,100,0,0),
(31180,1,5562.0615,3753.4731,-18.561882,100,0,0),
(31180,2,5555.883,3777.2305,-22.46022,100,0,0),
(31180,3,5571.134,3768.9385,-12.812517,100,0,0),
(31180,4,5577.2563,3744.1223,-9.392136,100,0,0),
(31237,1,5658.463,3800.8472,-31.157307,100,0,0),
(31237,2,5651.988,3811.7917,-32.305378,100,0,0),
(31237,3,5647.9575,3806.754,-26.642414,100,0,0),
(31237,4,5650.018,3780.0208,-21.265911,100,0,0);
DELETE FROM `creature_movement` WHERE `id` IN (SELECT `guid` FROM `creature` WHERE `id` IN (28108));
DELETE FROM creature_addon WHERE guid IN(SELECT guid FROM creature WHERE id = 28108);
DELETE FROM `creature` WHERE `id` IN (28108);
INSERT INTO `creature` (`guid`, `id`, `map`, `spawnMask`, `phaseMask`, `position_x`, `position_y`, `position_z`, `orientation`, `spawntimesecsmin`, `spawntimesecsmax`, `spawndist`, `MovementType`) VALUES
(96942, 28108, 571, 1, 1, 6011.18, 4126.45, -66.682, 0, 300, 300, 0, 2),
(33629, 28108, 571, 1, 1, 5454.55, 3946.73, -73.6866, 5.43073, 300, 300, 10, 1),
(96956, 28108, 571, 1, 1, 5445.16, 4139.3, -90.4675, 5.31096, 300, 300, 10, 1),
(96957, 28108, 571, 1, 1, 5944.7, 4213.77, -79.5553, 1.87375, 300, 300, 10, 1),
(96958, 28108, 571, 1, 1, 5599.86, 3582.11, -21.3569, 0.868462, 300, 300, 10, 1),
(96959, 28108, 571, 1, 1, 5411.1, 3986.55, -76.5012, 1.82355, 300, 300, 10, 1),
(96960, 28108, 571, 1, 1, 5451.13, 3890.68, -68.2895, 1.65029, 300, 300, 10, 1),
(96961, 28108, 571, 1, 1, 6085.3, 4158.54, -55.5236, 2.73606, 300, 300, 10, 1),
(117195, 28108, 571, 1, 1, 6111.17, 4042.79, -36.254, 4.59094, 300, 300, 10, 1),
(117196, 28108, 571, 1, 1, 5710.01, 4283.13, -104.3, 3.30241, 300, 300, 10, 1),
(117197, 28108, 571, 1, 1, 6045.06, 4180.64, -64.2807, 1.85089, 300, 300, 10, 1),
(117198, 28108, 571, 1, 1, 5498.05, 4267.95, -110.242, 1.05734, 300, 300, 10, 1),
(117199, 28108, 571, 1, 1, 5355.52, 4122.15, -87.5346, 5.60999, 300, 300, 10, 1),
(117200, 28108, 571, 1, 1, 5411.72, 4165.33, -91.4308, 4.90132, 300, 300, 10, 1),
(117201, 28108, 571, 1, 1, 5518.99, 4214.66, -97.7828, 0.596105, 300, 300, 10, 1),
(117202, 28108, 571, 1, 1, 5554.35, 4270.24, -105.609, 5.2802, 300, 300, 10, 1),
(117203, 28108, 571, 1, 1, 5446.82, 4315.32, -135.638, 5.78325, 300, 300, 10, 1),
(117204, 28108, 571, 1, 1, 5554.49, 3558.8, -16.4444, 3.31044, 300, 300, 10, 1),
(117205, 28108, 571, 1, 1, 5459.03, 3652.82, -28.5981, 5.05482, 300, 300, 10, 1),
(117206, 28108, 571, 1, 1, 5474.03, 3622.08, -21.6082, 2.54455, 300, 300, 10, 1),
(117207, 28108, 571, 1, 1, 5481.75, 3543.28, -9.89662, 5.77761, 300, 300, 10, 1),
(117208, 28108, 571, 1, 1, 5811.12, 3949.5, -67.4988, 5.42559, 300, 300, 10, 1),
(31298, 28108, 571, 1, 1, 5945.36, 3913.75, -39.6038, 3.59617, 300, 300, 10, 1),
(31367, 28108, 571, 1, 1, 5880.04, 3876.74, -41.3168, 3.80939, 300, 300, 10, 1),
(31380, 28108, 571, 1, 1, 5845.85, 3920.74, -59.6771, 0.508664, 300, 300, 10, 1),
(31401, 28108, 571, 1, 1, 5410.71, 4249.38, -100.654, 1.18412, 300, 300, 10, 1),
(31407, 28108, 571, 1, 1, 6043.92, 4123.5, -60.6529, 0.752383, 300, 300, 10, 1),
(31427, 28108, 571, 1, 1, 6015.92, 4152.58, -62.6776, 3.83654, 300, 300, 10, 1),
(31451, 28108, 571, 1, 1, 5553.45, 3761.6, -111.773, 5.84685, 300, 300, 0, 0),
(31453, 28108, 571, 1, 1, 5753.16, 3845.12, -63.2614, 4.58624, 300, 300, 10, 1),
(31458, 28108, 571, 1, 1, 6112.15, 4122.65, -47.8552, 1.29534, 300, 300, 10, 1),
(31509, 28108, 571, 1, 1, 5912.65, 3778.75, -10.689, 1.89069, 300, 300, 10, 1),
(31523, 28108, 571, 1, 1, 5980.35, 3855.43, -13.3451, 3.57747, 300, 300, 10, 1),
(31577, 28108, 571, 1, 1, 5850.4, 3726.02, -16.1477, 3.61092, 300, 300, 10, 1),
(31610, 28108, 571, 1, 1, 5870.47, 3760.99, -17.6519, 2.09648, 300, 300, 10, 1),
(31658, 28108, 571, 1, 1, 5418.08, 4061.56, -82.1445, 3.47168, 300, 300, 10, 1),
(31679, 28108, 571, 1, 1, 5945.13, 3808.39, -8.88156, 5.39461, 300, 300, 10, 1),
(31682, 28108, 571, 1, 1, 5616.65, 4284.54, -103.367, 4.82808, 300, 300, 10, 1),
(96954, 28108, 571, 1, 1, 5875.36, 3587.54, 7.39174, 5.77704, 300, 300, 0, 0),
(96955, 28108, 571, 1, 1, 5854.56, 3630.97, 6.97543, 3.54302, 300, 300, 0, 0),
(31687, 28108, 571, 1, 1, 5818.65, 4022.87, -82.0588, 1.62402, 300, 300, 10, 1),
(31705, 28108, 571, 1, 1, 5814.78, 3849.92, -52.3263, 4.55531, 300, 300, 10, 1),
(31711, 28108, 571, 1, 1, 5918.13, 4189.1, -79.9539, 3.58653, 300, 300, 10, 1),
(31727, 28108, 571, 1, 1, 5629.92, 4222.56, -94.4169, 2.33874, 300, 300, 10, 1),
(31764, 28108, 571, 1, 1, 5824.41, 4062.2, -87.35, -1.26737, 300, 300, 0, 0),
(31778, 28108, 571, 1, 1, 5925.13, 4135.45, -84.8991, 3.80367, 300, 300, 10, 1),
(31809, 28108, 571, 1, 1, 5688.79, 3577.75, -13.7189, 4.66215, 300, 300, 10, 1),
(31886, 28108, 571, 1, 1, 5594.88, 3785.18, -106.804, 2.18166, 300, 300, 0, 0),
(31890, 28108, 571, 1, 1, 5903.18, 4082.53, -87.3979, 2.98451, 300, 300, 0, 0),
(31903, 28108, 571, 1, 1, 5914.03, 4089.34, -87.3693, 3.89081, 300, 300, 10, 1),
(31906, 28108, 571, 1, 1, 5881.87, 4066.08, -87.4102, 3.81971, 300, 300, 10, 1),
(32005, 28108, 571, 1, 1, 5984.3, 4140.41, -75.1071, 2.24117, 300, 300, 10, 1),
(32006, 28108, 571, 1, 1, 5642.21, 3551.12, -14.431, 3.05677, 300, 300, 10, 1),
(32014, 28108, 571, 1, 1, 5891.18, 4098.11, -85.8543, 2.53073, 300, 300, 0, 0),
(32028, 28108, 571, 1, 1, 5916.14, 4091.3, -86.3395, 5.16779, 300, 300, 10, 1),
(32029, 28108, 571, 1, 1, 5848.62, 3814.86, -39.1224, 2.55474, 300, 300, 10, 1),
(32046, 28108, 571, 1, 1, 5779.32, 3857.41, -64.8752, 3.09622, 300, 300, 10, 1),
(32047, 28108, 571, 1, 1, 5554.43, 3655.78, -25.7734, 2.93641, 300, 300, 10, 1),
(96952, 28108, 571, 1, 1, 5866.44, 3654.62, -3.29976, 3.36848, 300, 300, 0, 0),
(32073, 28108, 571, 1, 1, 5802.63, 4049.33, -82.7373, 0.382529, 300, 300, 0, 0),
(96950, 28108, 571, 1, 1, 5835.04, 3649.08, -5.93504, 4.41568, 300, 300, 0, 0),
(96951, 28108, 571, 1, 1, 5837.31, 3669.61, -4.51347, 3.33358, 300, 300, 0, 0),
(32100, 28108, 571, 1, 1, 5813.96, 4020.17, -81.3962, 5.76352, 300, 300, 10, 1),
(32101, 28108, 571, 1, 1, 5816.02, 4015.98, -81.009, 0.726259, 300, 300, 10, 1),
(32102, 28108, 571, 1, 1, 5755.02, 3945, -71.8916, 3.04979, 300, 300, 10, 1),
(32136, 28108, 571, 1, 1, 5924.31, 4185.39, -78.9505, 2.15856, 300, 300, 10, 1),
(32182, 28108, 571, 1, 1, 5862.59, 4075.24, -87.4654, 5.96166, 300, 300, 10, 1),
(32204, 28108, 571, 1, 1, 5964.98, 4084.03, -70.7281, 2.8217, 300, 300, 10, 1),
(96953, 28108, 571, 1, 1, 5867.26, 3676.47, -3.44032, 1.13446, 300, 300, 0, 0),
(32223, 28108, 571, 1, 1, 5926.92, 4136.84, -84.1576, 3.79895, 300, 300, 10, 1),
(32234, 28108, 571, 1, 1, 5821.16, 4064.79, -87.308, 5.61954, 300, 300, 10, 1),
(32256, 28108, 571, 1, 1, 5889.11, 4096.36, -87.3738, 1.52637, 300, 300, 10, 1),
(32267, 28108, 571, 1, 1, 5913.2, 4081.98, -87.3693, 0.545505, 300, 300, 10, 1),
(32272, 28108, 571, 1, 1, 6004.78, 4097.14, -66.1903, 4.40668, 300, 300, 10, 1),
(32296, 28108, 571, 1, 1, 5835.12, 4044.62, -86.9794, 2.9651, 300, 300, 0, 0),
(32379, 28108, 571, 1, 1, 5806.98, 4043.93, -83.2208, 1.88766, 300, 300, 0, 0),
(32385, 28108, 571, 1, 1, 5942.31, 4152.49, -81.7334, 0.377946, 300, 300, 10, 1),
(32446, 28108, 571, 1, 1, 5944.25, 4140.09, -82.3363, 5.00289, 300, 300, 10, 1),
(32563, 28108, 571, 1, 1, 5875.97, 4065.41, -87.4102, 3.31812, 300, 300, 10, 1),
(32642, 28108, 571, 1, 1, 5901.4, 4081.23, -87.3693, 0.631418, 300, 300, 10, 1),
(32646, 28108, 571, 1, 1, 5762.04, 3821.53, -54.1122, 0.855483, 300, 300, 10, 1),
(96947, 28108, 571, 1, 1, 5766.56, 3646.45, -16.4138, 0.663225, 300, 300, 0, 0),
(96946, 28108, 571, 1, 1, 5768.29, 3589.49, -9.7025, 1.22173, 300, 300, 0, 0),
(96945, 28108, 571, 1, 1, 5757.63, 3615.09, -15.895, 4.59022, 300, 300, 0, 0),
(96948, 28108, 571, 1, 1, 5770.28, 3554.25, -10.0772, 5.5676, 300, 300, 0, 0),
(96944, 28108, 571, 1, 1, 5731.96, 3602.25, -16.7771, 0.174533, 300, 300, 0, 0),
(96949, 28108, 571, 1, 1, 5818.63, 3576.36, -8.37338, 1.0472, 300, 300, 0, 0),
(96943, 28108, 571, 1, 1, 5735.46, 3639.28, -16.5955, 3.83972, 300, 300, 0, 0),
(32661, 28108, 571, 1, 1, 5569.65, 3812.94, -101.104, 0.453786, 300, 300, 0, 0),
(32674, 28108, 571, 1, 1, 5981.89, 4113.46, -70.891, 4.0394, 300, 300, 10, 1),
(32756, 28108, 571, 1, 1, 5688.15, 3724.17, -112.404, 3.07178, 300, 300, 0, 0),
(32922, 28108, 571, 1, 1, 5786.65, 3912.48, -66.0102, 5.70694, 300, 300, 10, 1),
(33076, 28108, 571, 1, 1, 5602.05, 3695.04, -116.439, 1.44862, 300, 300, 0, 0),
(33100, 28108, 571, 1, 1, 5556.92, 3716.13, -117.201, 0.523599, 300, 300, 0, 0),
(33136, 28108, 571, 1, 1, 6153.25, 4080.89, -23.88, 0, 300, 300, 10, 1),
(33235, 28108, 571, 1, 1, 6118.27, 4183.8, -49.3439, 0, 300, 300, 10, 1),
(33357, 28108, 571, 1, 1, 6147.43, 4152.61, -42.6521, 0, 300, 300, 10, 1),
(33395, 28108, 571, 1, 1, 6145.26, 4212.65, -47.5945, 0, 300, 300, 10, 1);
DELETE FROM creature_spawn_data WHERE guid IN (96943,96944,96945,96947,96946,96948,96949,96950,96955,96951,96954,96952,96953);
INSERT INTO creature_spawn_data (guid, Id) VALUES (96943,80),(96944,80),(96945,80),(96947,80),(96946,80),(96948,80),(96949,80),(96950,80),(96955,80),(96951,80),(96954,80),(96952,80),(96953,80);
DELETE FROM dbscripts_on_relay WHERE id IN (20749);
INSERT INTO dbscripts_on_relay (id, delay, command, datalong, datalong2, datalong3, buddy_entry, search_radius, data_flags, dataint, dataint2, dataint3, dataint4, x, y, z, o, comments) VALUES
(20749,1,31,28113,5,0,0,0,0,0,0,0,0,0,0,0,0,'Part of Bonescythe Ravager 28108 EAI: search for 28380'),
(20749,100,15,52170,0,0,28113,7,1,0,0,0,0,0,0,0,0,'Part of Bonescythe Ravager 28108 EAI: cast 52170 on buddy');
DELETE FROM creature_movement WHERE Id IN (96942);
INSERT INTO creature_movement (id, point, positionx, positiony, positionz, orientation, waittime, scriptid) VALUES
(96942,1,6011.1753,4126.4517,-66.681984,100,100,5),
(96942,2,5947.133,4152.441,-81.58974,100,0,0),
(96942,3,5925.1313,4135.454,-85.1666,100,100,20);
DELETE FROM `creature_movement` WHERE `id` IN (SELECT `guid` FROM `creature` WHERE `id` IN (29123));
DELETE FROM creature_addon WHERE guid IN(SELECT guid FROM creature WHERE id = 29123);
DELETE FROM `creature` WHERE `id` IN (29123);
INSERT INTO `creature` (`guid`, `id`, `map`, `spawnMask`, `phaseMask`, `position_x`, `position_y`, `position_z`, `orientation`, `spawntimesecsmin`, `spawntimesecsmax`, `spawndist`, `MovementType`) VALUES
(97113, 29123, 571, 1, 1, 5473.97, 3669.05, -32.7905, 4.16375, 300, 300, 0, 4),
(97114, 29123, 571, 1, 1, 5649.96, 4247.9, -96.8796, 1.91848, 300, 300, 0, 4),
(97115, 29123, 571, 1, 1, 5549.5, 4250.68, -102.239, 5.54343, 300, 300, 0, 4),
(97116, 29123, 571, 1, 1, 5429.49, 4116.38, -87.4355, 4.78599, 300, 300, 0, 4),
(97117, 29123, 571, 1, 1, 5984.24, 3876.21, -20.5065, 1.65128, 300, 300, 0, 4),
(33712, 29123, 571, 1, 1, 5861.33, 3811.41, -33.3912, 1.0907, 300, 300, 0, 4),
(33812, 29123, 571, 1, 1, 5883.68, 3918.13, -52.6702, 4.6997, 300, 300, 0, 4),
(36276, 29123, 571, 1, 1, 6052.43, 4180.84, -63.7807, 4.06781, 300, 300, 0, 4),
(36722, 29123, 571, 1, 1, 6052.43, 4180.84, -63.7807, 0, 300, 300, 0, 4);
DELETE FROM creature_movement WHERE Id IN (97116,97113,36276,36722,33712,33812,97117,97114,97115);
INSERT INTO creature_movement (id, point, positionx, positiony, positionz, orientation, waittime, scriptid) VALUES
(97116,1,5429.486,4116.38,-87.43551,100,1000,0),
(97116,2,5422.5835,4075.8447,-85.451035,100,0,0),
(97116,3,5402.901,4050.7495,-80.027145,100,0,0),
(97116,4,5391.578,4018.709,-78.20673,100,0,0),
(97116,5,5388.721,3991.2063,-75.113914,100,0,0),
(97116,6,5390.818,3962.9055,-72.98955,100,0,0),
(97116,7,5399.2607,3944.3528,-69.636765,100,1000,0),
(97113,1,5473.97,3669.05,-32.7905,100,1000,0),
(97113,2,5463.21,3655.35,-29.3854,100,0,0),
(97113,3,5453.45,3639.45,-21.4445,100,0,0),
(97113,4,5456.14,3619.38,-17.632,100,0,0),
(97113,5,5459.89,3596.52,-14.7094,100,0,0),
(97113,6,5465.64,3574.19,-13.9081,100,0,0),
(97113,7,5477.14,3553.03,-11.2166,100,0,0),
(97113,8,5502.62,3538.4944,-10.577428,100,0,0),
(97113,9,5526.617,3543.8098,-10.801427,100,0,0),
(97113,10,5552.2065,3563.0852,-15.916111,100,0,0),
(97113,11,5568.6064,3591.716,-19.726778,100,1000,0),
(36276,1,6052.4297,4180.842,-63.780655,100,1000,0),
(36276,2,6047.029,4146.2515,-61.755634,100,0,0),
(36276,3,6058.812,4124.908,-58.680367,100,0,0),
(36276,4,6062.3057,4100.2554,-56.29792,100,0,0),
(36276,5,6044.869,4077.0737,-56.15743,100,0,0),
(36276,6,6007.218,4071.8745,-64.074135,100,0,0),
(36276,7,5986.6685,4079.3884,-64.993355,100,1000,0),
(36722,1,6128.0767,4050.015,-30.038792,100,1000,0),
(36722,2,6147.3774,4085.9363,-28.393574,100,0,0),
(36722,3,6156.211,4109.7314,-32.786724,100,0,0),
(36722,4,6157.457,4131.9204,-35.655743,100,0,0),
(36722,5,6160.4556,4155.0293,-38.030876,100,0,0),
(36722,6,6175.9688,4171.8613,-37.428295,100,0,0),
(36722,7,6193.232,4191.6113,-33.093945,100,1000,0),
(33712,1,5861.3306,3811.408,-33.391193,100,1000,0),
(33712,2,5851.888,3792.4124,-33.23952,100,0,0),
(33712,3,5847.8125,3774.072,-28.494282,100,0,0),
(33712,4,5840.12,3759.0776,-26.211365,100,0,0),
(33712,5,5828.562,3753.3958,-27.724197,100,0,0),
(33712,6,5817.707,3742.131,-25.353226,100,0,0),
(33712,7,5817.893,3731.1277,-22.865595,100,0,0),
(33712,8,5828.663,3711.197,-16.247187,100,1000,0),
(33812,1,5883.677,3918.128,-52.67024,100,1000,0),
(33812,2,5853.54,3905.9543,-57.868706,100,0,0),
(33812,3,5824.2573,3907.207,-58.628174,100,0,0),
(33812,4,5801.6504,3921.2305,-64.410645,100,0,0),
(33812,5,5770.2573,3921.4084,-71.65959,100,0,0),
(33812,6,5744.383,3897.4697,-68.91915,100,0,0),
(33812,7,5739.7847,3868.737,-68.8597,100,0,0),
(33812,8,5739.536,3848.9888,-65.08778,100,0,0),
(33812,9,5750.7017,3788.9053,-48.838966,100,0,0),
(33812,10,5736.2,3765.0269,-40.513447,100,1000,0),
(97117,1,5984.243,3876.2065,-20.506489,100,1000,0),
(97117,2,5958.5493,3869.6277,-23.227768,100,0,0),
(97117,3,5936.685,3844.6633,-21.017084,100,0,0),
(97117,4,5927.4404,3811.3298,-13.786158,100,0,0),
(97117,5,5930.109,3779.7366,-5.0564976,100,0,0),
(97117,6,5912.449,3756.6853,-6.263523,100,1000,0),
(97114,1,5649.962,4247.897,-96.87963,100,1000,0),
(97114,2,5674.443,4225.108,-95.24976,100,0,0),
(97114,3,5672.929,4179.154,-90.73612,100,0,0),
(97114,4,5688.047,4137.449,-88.56277,100,0,0),
(97114,5,5714.535,4109.005,-86.78551,100,0,0),
(97114,6,5716.968,4081.114,-91.00684,100,1000,0),
(97115,1,5549.503,4250.684,-102.2385,100,1000,0),
(97115,2,5517.37,4245.553,-101.4264,100,0,0),
(97115,3,5494.8945,4240.3047,-100.80138,100,0,0),
(97115,4,5472.309,4223.7617,-99.83419,100,0,0),
(97115,5,5449.43,4217.659,-100.0306,100,0,0),
(97115,6,5422.4897,4220.6216,-97.56941,100,0,0),
(97115,7,5403.732,4237.741,-97.55021,100,0,0),
(97115,8,5379.967,4241.0215,-95.55279,100,1000,0);
DELETE FROM `creature_movement` WHERE `id` IN (SELECT `guid` FROM `creature` WHERE `id` IN (28641));
DELETE FROM creature_addon WHERE guid IN(SELECT guid FROM creature WHERE id = 28641);
DELETE FROM `creature` WHERE `id` IN (28641);
INSERT INTO `creature` (`guid`, `id`, `map`, `spawnMask`, `phaseMask`, `position_x`, `position_y`, `position_z`, `orientation`, `spawntimesecsmin`, `spawntimesecsmax`, `spawndist`, `MovementType`) VALUES
(117972, 28641, 571, 1, 1, 5640.79, 3564.5, -14.5606, 5.69735, 300, 300, 0, 2),
(117969, 28641, 571, 1, 1, 5817.27, 3645.19, -12.5105, 0.506762, 300, 300, 0, 4),
(117973, 28641, 571, 1, 1, 5714.64, 3626.61, -22.4457, 0.90474, 300, 300, 0, 2),
(117974, 28641, 571, 1, 1, 5891.61, 3687.21, 4.10373, 2.78367, 300, 300, 0, 2),
(117975, 28641, 571, 1, 1, 5805.26, 3578.31, -9.76416, 1.96273, 300, 300, 0, 4),
(117970, 28641, 571, 1, 1, 5698.34, 3872.27, -66.4435, 1.38043, 300, 300, 0, 2),
(117968, 28641, 571, 1, 1, 5726.53, 3611.74, -17.0259, 3.36242, 300, 300, 0, 4),
(117977, 28641, 571, 1, 1, 5739.93, 3572.67, -11.3638, 5.88291, 300, 300, 0, 4),
(117976, 28641, 571, 1, 1, 5794.36, 3561.99, -9.08206, 3.13203, 300, 300, 0, 4),
(117971, 28641, 571, 1, 1, 5575.05, 3818.94, -101.109, 0.927056, 300, 300, 0, 2);
DELETE FROM creature_movement WHERE Id IN (117971,117972,117976,117977,117968,117969,117974,117973,117975,117970);
INSERT INTO creature_movement (id, point, positionx, positiony, positionz, orientation, waittime, scriptid) VALUES
(117971,1,5575.046,3818.9387,-101.10875,100,1000,2864101),
(117971,2,5582.634,3813.3767,-102.30971,100,0,0),
(117971,3,5581.61,3780.9927,-108.50906,100,0,0),
(117971,4,5565.884,3761.424,-112.29544,100,0,0),
(117971,5,5563.538,3722.1128,-117.18064,100,0,0),
(117971,6,5579.07,3706.8567,-117.42321,100,0,0),
(117971,7,5600.152,3705.2964,-116.78309,100,0,0),
(117971,8,5610.5205,3725.0703,-114.62219,100,100,2864102),
(117971,9,5572.859,3709.3723,-118.062874,100,0,0),
(117971,10,5561.6313,3732.23,-115.436874,100,0,0),
(117971,11,5566.7036,3760.6116,-112.30583,100,0,0),
(117971,12,5590.24,3798.32,-105.243,100,0,0),
(117971,13,5584.1777,3806.4558,-103.808304,100,0,0),
(117972,1,5640.7866,3564.5002,-14.560648,100,0,0),
(117972,2,5614.487,3573.9502,-18.897583,100,0,0),
(117972,3,5603.174,3597.297,-20.970825,100,0,0),
(117972,4,5628.105,3611.1233,-22.09371,100,0,0),
(117972,5,5652.19,3605.6667,-18.069925,100,0,0),
(117972,6,5692.8047,3576.9556,-13.688175,100,0,0),
(117972,7,5728.643,3553.198,-8.012596,100,0,0),
(117972,8,5759.709,3534.2163,-0.37791157,100,0,0),
(117972,9,5743.933,3530.332,-1.860276,100,0,0),
(117972,10,5725.5605,3544.168,-5.370384,100,0,0),
(117972,11,5683.5337,3563.0134,-11.879571,100,0,0),
(117976,1,5794.359,3561.9915,-9.082062,100,100,2864101),
(117976,2,5756.759,3562.352,-10.047223,100,0,0),
(117976,3,5741.167,3548.5461,-6.232892,100,0,0),
(117976,4,5760.1416,3521.307,2.71968,100,0,0),
(117977,1,5739.9326,3572.6687,-11.3637905,100,100,2864101),
(117977,2,5772.9883,3578.9133,-10.23042,100,0,0),
(117977,3,5794.1787,3591.4692,-10.394238,100,0,0),
(117977,4,5793.225,3614.371,-11.864794,100,0,0),
(117977,5,5768.428,3624.8599,-14.224657,100,0,0),
(117977,6,5747.2153,3616.0044,-17.068735,100,0,0),
(117968,1,5726.5293,3611.7444,-17.02587,100,100,2864101),
(117968,2,5737.5386,3629.639,-16.131235,100,0,0),
(117968,3,5766.075,3636.054,-15.653381,100,0,0),
(117968,4,5791.205,3641.3643,-11.482462,100,0,0),
(117968,5,5803.6973,3671.7969,-18.31118,100,0,0),
(117969,1,5817.2666,3645.1926,-12.510454,100,100,2864101),
(117969,2,5847.6963,3662.159,-4.6731515,100,0,0),
(117969,3,5874.5,3660.9094,-1.4822083,100,0,0),
(117969,4,5889.3496,3653.4565,8.302704,100,0,0),
(117974,1,5891.6094,3687.212,4.1037292,100,100,2864101),
(117974,2,5869.4644,3716.1746,-9.873348,100,0,0),
(117974,3,5848.84,3723.8447,-15.790617,100,0,0),
(117974,4,5813.587,3751.3472,-29.434769,100,0,0),
(117974,5,5786.5923,3776.2493,-40.954,100,0,0),
(117974,6,5758.0273,3804.947,-49.565525,100,0,0),
(117974,7,5730.801,3835.5771,-60.790382,100,0,0),
(117974,8,5712.9253,3855.1028,-62.75364,100,0,0),
(117974,9,5695.8384,3872.3325,-66.44269,100,100,2864102),
(117974,10,5744.8345,3819.6663,-55.78623,100,0,0),
(117974,11,5771.2007,3795.355,-46.634907,100,0,0),
(117974,12,5803.9087,3768.1199,-35.751225,100,0,0),
(117974,13,5829.578,3746.2102,-25.015335,100,0,0),
(117974,14,5848.689,3725.764,-16.412321,100,0,0),
(117974,15,5875.7725,3709.635,-5.004696,100,0,0),
(117974,16,5889.3174,3700.4966,0.4077797,100,0,0),
(117973,1,5714.6377,3626.6145,-22.44567,100,100,2864101),
(117973,2,5712.809,3676.1206,-27.05563,100,0,0),
(117973,3,5723.675,3696.1008,-29.953213,100,0,0),
(117973,4,5741.11,3722.21,-33.7561,100,0,0),
(117973,5,5750.608,3749.015,-36.32787,100,0,0),
(117973,6,5741.251,3790.8845,-48.317024,100,0,0),
(117973,7,5724.949,3821.8008,-58.63981,100,0,0),
(117973,8,5714.49,3840.73,-59.6895,100,0,0),
(117973,9,5696.71,3872.82,-66.6387,100,100,2864102),
(117973,10,5707.55,3852.8,-62.0887,100,0,0),
(117973,11,5717.01,3832.39,-58.7974,100,0,0),
(117973,12,5725.783,3813.7092,-56.67648,100,0,0),
(117973,13,5733.555,3778.8489,-44.319466,100,0,0),
(117973,14,5738.9507,3738.3381,-35.217182,100,0,0),
(117973,15,5736.4585,3713.8376,-32.663326,100,0,0),
(117973,16,5719.3345,3689.0022,-29.086636,100,0,0),
(117973,17,5713.01,3657.26,-25.3406,100,0,0),
(117975,1,5805.2583,3578.3108,-9.764155,100,100,2864101),
(117975,2,5811.55,3612.5083,-10.547079,100,0,0),
(117975,3,5829.7295,3610.9548,-5.3726406,100,0,0),
(117975,4,5839.655,3586.929,2.838993,100,0,0),
(117975,5,5853.6963,3590.105,6.2511024,100,0,0),
(117975,6,5852.7954,3615.886,6.8389688,100,0,0),
(117970,1,5698.336,3872.2747,-66.44354,100,100,2864102),
(117970,2,5735.456,3821.9558,-57.981297,100,0,0),
(117970,3,5751.702,3795.606,-49.0857,100,0,0),
(117970,4,5762.5874,3767.7188,-38.640022,100,0,0),
(117970,5,5775.817,3735.8298,-34.05612,100,0,0),
(117970,6,5784.54,3707.93,-27.2331,100,0,0),
(117970,7,5795.401,3679.5854,-20.408829,100,100,2864101),
(117970,8,5777.393,3709.4854,-27.513603,100,0,0),
(117970,9,5764.5073,3737.5496,-35.44411,100,0,0),
(117970,10,5753.83,3759.51,-37.8137,100,0,0),
(117970,11,5744.8525,3781.251,-45.466877,100,0,0),
(117970,12,5730.099,3812.0383,-55.640663,100,0,0),
(117970,13,5720.802,3834.8967,-59.349342,100,0,0);
DELETE FROM dbscripts_on_creature_movement WHERE id IN (2864101,2864102);
INSERT INTO dbscripts_on_creature_movement (id, delay, command, datalong, datalong2, datalong3, buddy_entry, search_radius, data_flags, dataint, dataint2, dataint3, dataint4, x, y, z, o, comments) VALUES
(2864101,1,35,5,10,0,0,0,0,0,0,0,0,0,0,0,0,'Part of Blighted Corpse 28641 EAI: Send Event 5 - safety check'),
(2864101,10,15,52142,0,0,0,0,0,0,0,0,0,0,0,0,0,'Part of Blighted Corpse 28641 EAI: Cast 52142'),
(2864101,100,15,52140,0,0,0,0,0,0,0,0,0,0,0,0,0,'Part of Blighted Corpse 28641 EAI: Cast 52140'),
(2864102,100,35,5,10,0,0,0,0,0,0,0,0,0,0,0,0,'Part of Blighted Corpse 28641 EAI: Send Event 5');
DELETE FROM `creature_movement` WHERE `id` IN (SELECT `guid` FROM `creature` WHERE `id` IN (28113));
DELETE FROM creature_addon WHERE guid IN(SELECT guid FROM creature WHERE id = 28113);
DELETE FROM `creature` WHERE `id` IN (28113);
DELETE FROM creature_template_addon WHERE entry IN (28113);
INSERT INTO creature_template_addon (entry, mount, stand_state, sheath_state, pvp_flags, emote, moveflags, auras) VALUES (28113,0,0,1,0,0,0,45801);
UPDATE creature SET spawndist = 0, MovementType = 0 WHERE id = 28113;
UPDATE creature_template SET RegenerateStats = 0, MovementType = 0 WHERE entry = 28113;
INSERT INTO `creature` (`guid`, `id`, `map`, `spawnMask`, `phaseMask`, `position_x`, `position_y`, `position_z`, `orientation`, `spawntimesecsmin`, `spawntimesecsmax`, `spawndist`, `MovementType`) VALUES
(82026, 28113, 571, 1, 1, 5786.98, 3600.55, -10.6589, 4.76475, 300, 300, 0, 0),
(82025, 28113, 571, 1, 1, 5608, 3722.11, -114.819, 2.47837, 300, 300, 0, 0),
(82024, 28113, 571, 1, 1, 5824.41, 3626.72, -8.12578, 4.04916, 300, 300, 0, 0),
(82023, 28113, 571, 1, 1, 5746.79, 3583.59, -9.86666, 1.37881, 300, 300, 0, 0),
(82022, 28113, 571, 1, 1, 5849.38, 3654.13, -3.1932, 2.63545, 300, 300, 0, 0),
(82021, 28113, 571, 1, 1, 5809.15, 3557.71, -7.90025, 1.0821, 300, 300, 0, 0),
(82020, 28113, 571, 1, 1, 5794.87, 3674.29, -18.5171, 5.5676, 300, 300, 0, 0),
(82019, 28113, 571, 1, 1, 5887.35, 3595.63, 8.40358, 4.2237, 300, 300, 0, 0),
(82018, 28113, 571, 1, 1, 5752.32, 3649.55, -16.2017, 1.02974, 300, 300, 0, 0),
(82017, 28113, 571, 1, 1, 5791.35, 3549.79, -8.57478, 3.08923, 300, 300, 0, 0),
(82016, 28113, 571, 1, 1, 5877.79, 3613.83, 7.98776, 2.9147, 300, 300, 0, 0),
(82015, 28113, 571, 1, 1, 5697.98, 3869.89, -66.0157, 2.40855, 300, 300, 0, 0),
(82014, 28113, 571, 1, 1, 5862.08, 3609.84, 7.11145, 5.84685, 300, 300, 0, 0),
(82027, 28113, 571, 1, 1, 5864.49, 3654.17, -3.25095, 3.36848, 300, 300, 0, 0),
(82028, 28113, 571, 1, 1, 5877.11, 3586.57, 7.41946, 5.77704, 300, 300, 0, 0),
(82029, 28113, 571, 1, 1, 5835.34, 3669.23, -4.5878, 3.33358, 300, 300, 0, 0),
(82030, 28113, 571, 1, 1, 5852.72, 3630.19, 6.9223, 3.54302, 300, 300, 0, 0),
(82031, 28113, 571, 1, 1, 5834.46, 3647.17, -5.62595, 4.41568, 300, 300, 0, 0),
(82032, 28113, 571, 1, 1, 5868.11, 3678.28, -3.28498, 1.13446, 300, 300, 0, 0),
(82033, 28113, 571, 1, 1, 5768.13, 3647.68, -16.3991, 0.663225, 300, 300, 0, 0),
(82034, 28113, 571, 1, 1, 5768.97, 3591.37, -9.27209, 1.22173, 300, 300, 0, 0),
(82035, 28113, 571, 1, 1, 5757.39, 3613.1, -15.8556, 4.59022, 300, 300, 0, 0),
(82036, 28113, 571, 1, 1, 5771.79, 3552.94, -9.77143, 5.5676, 300, 300, 0, 0),
(82037, 28113, 571, 1, 1, 5733.93, 3602.6, -16.6056, 0.174533, 300, 300, 0, 0),
(82038, 28113, 571, 1, 1, 5819.63, 3578.09, -7.9993, 1.0472, 300, 300, 0, 0),
(82039, 28113, 571, 1, 1, 5733.93, 3638, -16.5477, 3.83972, 300, 300, 0, 0);
DELETE FROM creature_addon WHERE guid IN (82014,82015,82016,82017,82018,82019,82020,82021,82022,82023,82024,82025,82026);
INSERT INTO creature_addon (guid, mount, stand_state, sheath_state, pvp_flags, emote, moveflags, auras) VALUES
(82014,0,0,1,0,0,0,'45801 52165 29266 49132'),
(82015,0,0,1,0,0,0,'45801 52165 29266 49132'),
(82016,0,0,1,0,0,0,'45801 52165 29266 49132'),
(82017,0,0,1,0,0,0,'45801 52165 29266 49132'),
(82018,0,0,1,0,0,0,'45801 52165 29266 49132'),
(82019,0,0,1,0,0,0,'45801 52165 29266 49132'),
(82020,0,0,1,0,0,0,'45801 52165 29266 49132'),
(82021,0,0,1,0,0,0,'45801 52165 29266 49132'),
(82022,0,0,1,0,0,0,'45801 52165 29266 49132'),
(82023,0,0,1,0,0,0,'45801 52165 29266 49132'),
(82024,0,0,1,0,0,0,'45801 52165 29266 49132'),
(82025,0,0,1,0,0,0,'45801 52165 29266 49132'),
(82026,0,0,1,0,0,0,'45801 52165 29266 49132');
DELETE FROM dbscripts_on_relay WHERE id IN (20750);
INSERT INTO dbscripts_on_relay (id, delay, command, datalong, datalong2, datalong3, buddy_entry, search_radius, data_flags, dataint, dataint2, dataint3, dataint4, x, y, z, o, comments) VALUES
(20750,1,37,0,0,0,0,0,2,0,0,0,0,0,0,0,0,'Part of Mosswalker Victim 28113 EAI: follow Master');
DELETE FROM `creature_movement` WHERE `id` IN (SELECT `guid` FROM `creature` WHERE `id` IN (28101));
DELETE FROM creature_addon WHERE guid IN(SELECT guid FROM creature WHERE id = 28101);
DELETE FROM `creature` WHERE `id` IN (28101);
INSERT INTO `creature` (`guid`, `id`, `map`, `spawnMask`, `phaseMask`, `position_x`, `position_y`, `position_z`, `orientation`, `spawntimesecsmin`, `spawntimesecsmax`, `spawndist`, `MovementType`) VALUES
(96933, 28101, 571, 1, 1, 5611.21, 3577.92, -19.9379, 4.63954, 300, 300, 10, 1),
(96934, 28101, 571, 1, 1, 5457.25, 3583.97, -14.6509, 4.91088, 300, 300, 10, 1),
(96935, 28101, 571, 1, 1, 5386.45, 3664.01, -7.32978, 1.88916, 300, 300, 10, 1),
(96936, 28101, 571, 1, 1, 5444.8, 3792.84, -66.3987, 4.56188, 300, 300, 10, 1),
(96937, 28101, 571, 1, 1, 6178.75, 4054.23, -5.46366, 1.22146, 300, 300, 10, 1),
(96938, 28101, 571, 1, 1, 5559.35, 3527.64, -10.4823, 1.56178, 300, 300, 10, 1),
(96939, 28101, 571, 1, 1, 5473.06, 3685.6, -36.3021, 1.55384, 300, 300, 10, 1),
(96940, 28101, 571, 1, 1, 5877.85, 4017.36, -65.5666, 4.26002, 300, 300, 10, 1),
(96941, 28101, 571, 1, 1, 5885.26, 3948.03, -60.0789, 1.77362, 300, 300, 10, 1),
(117173, 28101, 571, 1, 1, 5958.6, 3875.83, -25.1935, 5.80294, 300, 300, 10, 1),
(117174, 28101, 571, 1, 1, 5577.53, 4264.84, -100.691, 4.51289, 300, 300, 10, 1),
(117175, 28101, 571, 1, 1, 5695.86, 3967.25, -77.9874, 3.52391, 300, 300, 10, 1),
(117176, 28101, 571, 1, 1, 5377.63, 4139.22, -88.3261, 3.27796, 300, 300, 10, 1),
(117177, 28101, 571, 1, 1, 5367.23, 4091.23, -83.731, 3.48767, 300, 300, 10, 1),
(117178, 28101, 571, 1, 1, 5689.7, 3609.47, -19.1678, 4.95194, 300, 300, 10, 1),
(117179, 28101, 571, 1, 1, 5943.31, 3755.11, 4.06563, 5.51719, 300, 300, 10, 1),
(117180, 28101, 571, 1, 1, 5990.2, 4184.29, -71.5884, 3.22862, 300, 300, 10, 1),
(117181, 28101, 571, 1, 1, 6079.48, 4220.67, -68.7291, 2.72886, 300, 300, 10, 1),
(117182, 28101, 571, 1, 1, 5516.65, 4384.41, -133.905, 2.59576, 300, 300, 10, 1),
(117183, 28101, 571, 1, 1, 6016.8, 4215.96, -76.0631, 4.58966, 300, 300, 10, 1),
(117184, 28101, 571, 1, 1, 6211.34, 4183.81, -25.8803, 2.57823, 300, 300, 10, 1),
(117185, 28101, 571, 1, 1, 5875.8, 3812.03, -30.8137, 4.48779, 300, 300, 10, 1),
(117186, 28101, 571, 1, 1, 6258.33, 4156.46, -14.417, 0.204877, 300, 300, 10, 1),
(117187, 28101, 571, 1, 1, 5757.18, 3777.65, -42.3741, 4.693, 300, 300, 10, 1),
(117188, 28101, 571, 1, 1, 5805.96, 3755.04, -31.6887, 0.322059, 300, 300, 10, 1),
(117189, 28101, 571, 1, 1, 5786.08, 3713.16, -28.3128, 0.936416, 300, 300, 10, 1),
(117190, 28101, 571, 1, 1, 5750.65, 4014.94, -81.5672, 5.01102, 300, 300, 10, 1),
(117191, 28101, 571, 1, 1, 5785.06, 3986.5, -75.3, 0.240851, 300, 300, 10, 1),
(117192, 28101, 571, 1, 1, 6126.34, 3982.23, -6.41553, 2.17542, 300, 300, 10, 1),
(117193, 28101, 571, 1, 1, 5811.3, 3913.48, -61.3663, 1.0867, 300, 300, 10, 1),
(117194, 28101, 571, 1, 1, 5758.34, 3888.65, -67.7465, 4.82597, 300, 300, 10, 1),
(37192, 28101, 571, 1, 1, 5805.49, 3862.64, -55.5122, 2.36199, 300, 300, 10, 1),
(37194, 28101, 571, 1, 1, 5724.24, 3880.86, -69.2952, 4.11954, 300, 300, 10, 1),
(37231, 28101, 571, 1, 1, 5725.11, 3820.33, -58.4528, 1.4494, 300, 300, 10, 1),
(37317, 28101, 571, 1, 1, 5377.74, 4031.12, -80.7067, 1.72922, 300, 300, 10, 1),
(37320, 28101, 571, 1, 1, 6114.86, 4019.59, -28.4563, 5.21613, 300, 300, 10, 1),
(37378, 28101, 571, 1, 1, 5485.73, 3851.4, -64.359, 4.22302, 300, 300, 10, 1),
(37397, 28101, 571, 1, 1, 5477, 3921.03, -71.8242, 2.62507, 300, 300, 10, 1),
(37401, 28101, 571, 1, 1, 5718.3, 4109.3, -86.7268, 3.35359, 300, 300, 10, 1),
(37418, 28101, 571, 1, 1, 6146.78, 4016.85, -11.65, 0, 300, 300, 10, 1),
(37533, 28101, 571, 1, 1, 6180.21, 4119.56, -23.8632, 0, 300, 300, 10, 1),
(37543, 28101, 571, 1, 1, 6160.72, 4172.27, -42.3534, 0, 300, 300, 10, 1);

UPDATE `creature_template` SET `NpcFlags` = `NpcFlags`|2 WHERE `Entry` IN (4205,5516,16673,16738);
UPDATE `creature_template` SET `ExtraFlags` = '0' WHERE `Entry` =15608;

UPDATE `creature_template` SET `Faction` = 35 WHERE `entry` = 5914;
DELETE FROM `creature` WHERE `guid` = 34596;

INSERT INTO `creature_spell_targeting` (`Id`, `Type`, `Param1`, `Param2`, `Param3`, `UnitCondition`, `Comments`) VALUES
(110, 1, 4, 0, 3, -1, 'Attack - ATTACKING_TARGET_FARTHEST_AWAY - SELECT_FLAG_IN_LOS & SELECT_FLAG_PLAYER'),
(120, 1, 1, 0, 512, -1, 'Attack - ATTACKING_TARGET_TOPAGGRO - SELECT_FLAG_NOT_AURA'),
(121, 1, 0, 0, 512, -1, 'Attack - ATTACKING_TARGET_RANDOM - SELECT_FLAG_NOT_AURA');

SET @PATH := 8284;
DELETE FROM waypoint_path_name WHERE `PathId` = @PATH;
INSERT INTO `waypoint_path_name` (`PathId`, `Name`) VALUES (@PATH, ' Searing Gorge - Suntara Stones - Escort Quest');
DELETE FROM waypoint_path WHERE `PathId` = @PATH;
INSERT INTO `waypoint_path` (`PathId`, `Point`, `PositionX`, `PositionY`, `PositionZ`, `Orientation`, `WaitTime`, `ScriptId`) VALUES 
(@PATH,1,-7007.35,-1739.4038,234.22345,100,0,0),
(@PATH,2,-7007.5977,-1733.5464,234.22345,100,0,0),
(@PATH,3,-7008.2,-1729.9734,234.13889,100,0,0),
(@PATH,4,-7004.6772,-1725.7087,234.28781,100,0,0),
(@PATH,5,-6999.761,-1727.7898,235.76096,100,0,0),
(@PATH,6,-6994.8945,-1732.6509,238.11496,100,0,0),
(@PATH,7,-6988.7,-1736.4849,240.50157,100,0,0),
(@PATH,8,-6975.559,-1736.8402,241.82066,100,0,0),
(@PATH,9,-6966.643,-1738.5826,241.8706,100,0,0),
(@PATH,10,-6949.428,-1739.8962,241.74365,100,0,0),
(@PATH,11,-6935.871,-1737.2726,241.18848,100,0,0),
(@PATH,12,-6933.8896,-1726.99,241.93823,100,0,0),
(@PATH,13,-6933.8853,-1720.4655,242.0083,100,0,0),
(@PATH,14,-6928.8735,-1718.0385,242.51015,100,0,0),
(@PATH,15,-6922.6333,-1717.234,241.65321,100,0,0),
(@PATH,16,-6911.9966,-1716.894,241.87001,100,0,0),
(@PATH,17,-6898.189,-1721.564,243.02145,100,0,0),
(@PATH,18,-6879.2607,-1735.6318,242.21579,100,0,0),
(@PATH,19,-6875.3813,-1740.9135,244.63303,100,0,0),
(@PATH,20,-6870.965,-1744.6965,246.89084,100,0,0),
(@PATH,21,-6868.176,-1747.5645,249.3713,100,0,0),
(@PATH,22,-6864.226,-1749.0392,251.05151,100,0,0),
(@PATH,23,-6856.3267,-1751.0432,251.59106,100,0,0),
(@PATH,24,-6856.3267,-1751.0432,251.59106,6.0350,9000,@PATH*100+1),
(@PATH,25,-6857.2495,-1739.843,251.59106,100,0,0),
(@PATH,26,-6860.625,-1731.1506,251.87221,100,0,0),
(@PATH,27,-6861.4917,-1725.185,251.7599,100,0,0),
(@PATH,28,-6860.8384,-1717.3593,251.58485,100,0,0),
(@PATH,29,-6857.7095,-1709.6969,251.58485,100,0,0),
(@PATH,30,-6852.437,-1699.1887,250.47266,100,0,0),
(@PATH,31,-6849.2607,-1690.6925,250.97754,100,0,0),
(@PATH,32,-6843.33,-1683.049,251.52197,100,0,0),
(@PATH,33,-6835.1846,-1680.0264,251.52197,100,0,0),
(@PATH,34,-6828.133,-1678.4764,251.63634,100,0,0),
(@PATH,35,-6821.616,-1675.821,251.54259,100,0,0),
(@PATH,36,-6816.5176,-1672.6562,250.88634,100,4000,0),
(@PATH,37,-6816.5176,-1672.6562,250.88634,100,3000,0),
(@PATH,38,-6816.5176,-1672.6562,250.88634,5.309157848358154296,3000,@PATH*100+2),
(@PATH,39,-6809.266,-1681.4537,250.27257,100,0,0),
(@PATH,40,-6806.062,-1686.4592,253.13202,100,0,0),
(@PATH,41,-6805.2173,-1687.8234,254.06775,100,0,0),
(@PATH,42,-6803.182,-1691.2994,256.37674,100,0,0),
(@PATH,43,-6798.365,-1698.1028,259.5503,100,0,0),
(@PATH,44,-6792.0083,-1704.2106,259.56085,100,0,0),
(@PATH,45,-6785.5254,-1712.6486,259.56085,100,0,0),
(@PATH,46,-6781.8535,-1721.8246,259.56085,100,0,0),
(@PATH,47,-6778.1675,-1733.2856,259.56085,100,0,0),
(@PATH,48,-6776.8794,-1743.4701,259.57822,100,0,0),
(@PATH,49,-6775.84,-1762.4336,257.35727,100,0,0),
(@PATH,50,-6776.2915,-1771.599,256.96143,100,0,0),
(@PATH,51,-6776.532,-1781.5063,256.96143,100,0,0),
(@PATH,52,-6774.147,-1791.1455,256.96143,100,1000,0),
(@PATH,53,-6774.147,-1791.1455,256.96143,100,5000,@PATH*100+3),
(@PATH,54,-6766.577,-1800.8004,256.91608,100,0,0),
(@PATH,55,-6755.3813,-1804.1647,256.24933,100,0,0),
(@PATH,56,-6743.6665,-1809.9576,254.28375,100,0,0),
(@PATH,57,-6732.5605,-1813.1914,253.66483,100,0,0),
(@PATH,58,-6722.552,-1815.0754,252.80862,100,0,0),
(@PATH,59,-6711.7485,-1815.8403,251.64627,100,0,0),
(@PATH,60,-6696.8335,-1817.226,250.04663,100,4000,@PATH*100+4),
(@PATH,61,-6692.01,-1818.5449,249.74365,100,0,0),
(@PATH,62,-6686.947,-1819.9214,249.62256,100,0,0),
(@PATH,63,-6667.781,-1832.7863,248.3208,100,0,0),
(@PATH,64,-6660.8374,-1836.0184,247.50035,100,0,0),
(@PATH,65,-6648.6987,-1859.2858,244.85265,100,0,0),
(@PATH,66,-6638.862,-1871.7513,244.23521,100,0,0),
(@PATH,67,-6633.4673,-1886.3053,244.23521,100,0,0),
(@PATH,68,-6623.089,-1899.7131,244.39366,100,0,0),
(@PATH,69,-6605.815,-1914.2263,244.38072,100,0,0),
(@PATH,70,-6588.8276,-1919.0641,244.27594,100,0,0),
(@PATH,71,-6566.911,-1924.0061,244.27594,100,0,0),
(@PATH,72,-6544.987,-1938.3533,244.36143,100,0,0),
(@PATH,73,-6530.4478,-1956.4531,245.57872,100,0,0),
(@PATH,74,-6518.979,-1964.602,245.7152,100,0,0),
(@PATH,75,-6499.173,-1969.9186,244.36388,100,0,0),
(@PATH,76,-6483.0522,-1969.9032,244.2755,100,0,0),
(@PATH,77,-6466.489,-1967.2472,244.76877,100,0,0),
(@PATH,78,-6453.063,-1969.6393,245.11765,100,0,0),
(@PATH,79,-6442.995,-1978.2552,244.57297,100,0,0),
(@PATH,80,-6414.674,-1978.6744,247.36795,100,0,0),
(@PATH,81,-6404.737,-1978.191,247.9744,100,0,0),
(@PATH,82,-6393.585,-1979.3717,247.57613,100,0,0),
(@PATH,83,-6388.7646,-1983.4796,246.83272,100,1,@PATH*100+5);
DELETE FROM `dbscripts_on_creature_movement` WHERE id BETWEEN @PATH*100+1 AND @PATH*100+5;
INSERT INTO dbscripts_on_creature_movement(id, delay, priority, command, datalong, datalong2, datalong3, buddy_entry, search_radius, data_flags, dataint, dataint2, dataint3, dataint4, datafloat, x, y, z, o, speed, condition_id, comments) VALUES
(@PATH*100+1,1000,0,0,0,0,0,0,0,0,4345,0,0,0,0,0,0,0,0,0,0,'Dorius Stonetender - Say Text'),
(@PATH*100+1,1000,1,28,8,0,0,0,0,0,0,0,0,0,0,0,0,0,0,0,0,'Dorius Stonetender - State Kneel'),
(@PATH*100+1,6000,0,10,8337,300000,1,0,0,0,8,0,0,0,0,-6853.902, -1768.343, 253.676, 1.69,0,0,'Dorius Stonetender - Spawn Dark Iron Steelshifter'),
(@PATH*100+1,6000,1,10,8337,300000,2,0,0,0,8,0,0,0,0,-6846.377, -1739.689, 252.630, 4.22,0,0,'Dorius Stonetender - Spawn Dark Iron Steelshifter'),
(@PATH*100+1,6000,2,40,0,0,0,147516,16546,17,0,0,0,0,0,0,0,0,0,0,0,'Dorius Stonetender - Despawn DarkIron GO'),
(@PATH*100+1,6000,2,40,0,0,0,147516,7952,17,0,0,0,0,0,0,0,0,0,0,0,'Dorius Stonetender - Despawn DarkIron GO'),
(@PATH*100+1,8000,1,28,0,0,0,0,0,0,0,0,0,0,0,0,0,0,0,0,0,'Dorius Stonetender - Remove State Kneel'),
(@PATH*100+2,0,0,0,0,0,0,0,0,0,4355,0,0,0,0,0,0,0,0,0,0,'Dorius Stonetender - Say Text'),
(@PATH*100+2,0,1,1,5,0,0,0,0,0,0,0,0,0,0,0,0,0,0,0,0,'Dorius Stonetender - Emote Exclamation'),
(@PATH*100+3,0,2,0,0,0,0,0,0,0,4356,0,0,0,0,0,0,0,0,0,0,'Dorius Stonetender - Say Text'),
(@PATH*100+3,0,3,10,8337,300000,3,0,0,0,8,0,0,0,0,-6795.187, -1772.727, 256.857, 5.48,0,0,'Dorius Stonetender - Spawn Dark Iron Steelshifter'),
(@PATH*100+3,0,4,10,8337,300000,4,0,0,0,8,0,0,0,0,-6805.320, -1806.258, 261.357, 0.42,0,0,'Dorius Stonetender - Spawn Dark Iron Steelshifter'),
(@PATH*100+3,0,5,40,0,0,0,147517,15873,17,0,0,0,0,0,0,0,0,0,0,0,'Dorius Stonetender - Despawn DarkIron GO'),
(@PATH*100+3,0,6,40,0,0,0,147517,15944,17,0,0,0,0,0,0,0,0,0,0,0,'Dorius Stonetender - Despawn DarkIron GO'),
(@PATH*100+3,2000,0,28,8,0,0,0,0,0,0,0,0,0,0,0,0,0,0,0,0,'Dorius Stonetender - State Kneel'),
(@PATH*100+3,4000,1,28,0,0,0,0,0,0,0,0,0,0,0,0,0,0,0,0,0,'Dorius Stonetender - Remove State Kneel'),
(@PATH*100+4,3000,0,25,1,0,0,0,0,0,0,0,0,0,0,0,0,0,0,0,0,'Dorius Stonetender - Set Run'),
(@PATH*100+4,4000,1,0,0,0,0,0,0,0,4357,0,0,0,0,0,0,0,0,0,0,'Dorius Stonetender - Say Text'),
(@PATH*100+5,0,0,20,0,0,0,0,0,0,0,0,0,0,0,0,0,0,0,0,0,'Dorius Stonetender - Change Movement'),
(@PATH*100+5,0,1,0,0,0,0,0,0,0,4363,0,0,0,0,0,0,0,0,0,0,'Dorius Stonetender - Say Text'),
(@PATH*100+5,1000,0,10,8338,10000,0,0,0,0,8,0,0,8338,0,-6369.839,-1974.8733,256.84335,3.5683,0,0,'Dorius Stonetender - Spawn Dark Iron Marksman');
REPLACE INTO `gameobject` (`guid`, `id`, `map`, `spawnMask`, `phaseMask`, `position_x`, `position_y`, `position_z`, `orientation`, `rotation0`, `rotation1`, `rotation2`, `rotation3`, `spawntimesecsmin`, `spawntimesecsmax`) VALUES
(7952, 147516, 0, 1, 1, -6846.97, -1737.11, 254.38, -1.85005, 0, 0, -0.798636, 0.601815, 540, 540),
(16546, 147516, 0, 1, 1, -6851.65, -1767.97, 253.54, 3.10669, 0, 0, 0.999848, 0.0174505, 540, 540);
DELETE FROM `gameobject` WHERE `guid` = 133;
DELETE FROM `gameobject` WHERE `guid` = 11558;
REPLACE INTO `gameobject` (`guid`, `id`, `map`, `spawnMask`, `phaseMask`, `position_x`, `position_y`, `position_z`, `orientation`, `rotation0`, `rotation1`, `rotation2`, `rotation3`, `spawntimesecsmin`, `spawntimesecsmax`) VALUES
(15944, 147517, 0, 1, 1, -6808.36, -1806.41, 261.995, -2.84489, 0, 0, -0.989016, 0.147808, 540, 540),
(15873, 147517, 0, 1, 1, -6798.13, -1770.21, 258.562, -2.40855, 0, 0, -0.93358, 0.35837, 540, 540);
REPLACE INTO `gameobject` (`guid`, `id`, `map`, `spawnMask`, `phaseMask`, `position_x`, `position_y`, `position_z`, `orientation`, `rotation0`, `rotation1`, `rotation2`, `rotation3`, `spawntimesecsmin`, `spawntimesecsmax`) VALUES
(22495, 175704, 0, 1, 1, -6386.89, -1984.05, 246.73, -1.27409, 0, 0, -0.594823, 0.803857, -540, -540);
REPLACE INTO `creature` (`guid`, `id`, `map`, `spawnMask`, `position_x`, `position_y`, `position_z`, `orientation`, `spawntimesecsmin`, `spawntimesecsmax`, `spawndist`, `MovementType`) VALUES
(7031, 8284, 0, 1, -7007.21, -1749.16, 234.182, 1.37881, 500, 500, 0, 0);
DELETE FROM `creature` WHERE `guid` = 7612;
SET @RELAYID := 8284;
DELETE FROM `dbscripts_on_relay` WHERE id = @RELAYID;
INSERT INTO dbscripts_on_relay(id, delay, priority, command, datalong, datalong2, datalong3, buddy_entry, search_radius, data_flags, dataint, dataint2, dataint3, dataint4, datafloat, x, y, z, o, speed, condition_id, comments) VALUES
(@RELAYID,0,0,0,0,0,0,0,0,0,4359,0,0,0,0,0,0,0,0,0,0,'Dorius Stonetender - Say Text'),
(@RELAYID,0,1,15,12218,0,0,0,0,0,0,0,0,0,0,0,0,0,0,0,0,'Dorius Stonetender - Cast Spell'),
(@RELAYID,1000,0,0,0,0,0,0,0,0,5944,0,0,0,0,0,0,0,0,0,0,'Dorius Stonetender - Say Text'),
(@RELAYID,1000,1,9,22495,300,0,0,0,0,0,0,0,0,0,0,0,0,0,0,0,'Dorius Stonetender - Respawn Object'),
(@RELAYID,1000,2,21,1,0,0,0,0,0,0,0,0,0,0,0,0,0,0,0,0,'Dorius Stonetender - Set Active'),
(@RELAYID,1000,3,28,7,0,0,0,0,0,0,0,0,0,0,0,0,0,0,0,0,'Dorius Stonetender - Emote Death'),
(@RELAYID,241000,0,21,0,0,0,0,0,0,0,0,0,0,0,0,0,0,0,0,0,'Dorius Stonetender - Remove Active'),
(@RELAYID,241000,1,18,0,0,0,0,0,0,0,0,0,0,0,0,0,0,0,0,0,'Dorius Stonetender - Despawn Self');
SET @RELAYID := 8338;
DELETE FROM creature_spawn_data_template WHERE Entry = @RELAYID;
INSERT INTO `creature_spawn_data_template` (`Entry`, `RelayId`, `Name`) VALUES (@RELAYID, @RELAYID, 'Dark Iron Marksman - RelayScript on Spawn');
DELETE FROM `dbscripts_on_relay` WHERE id = @RELAYID;
INSERT INTO dbscripts_on_relay(id, delay, priority, command, datalong, datalong2, datalong3, buddy_entry, search_radius, data_flags, dataint, dataint2, dataint3, dataint4, datafloat, x, y, z, o, speed, condition_id, comments) VALUES
(@RELAYID,0,0,0,0,0,0,0,0,0,4358,0,0,0,0,0,0,0,0,0,0,'Dark Iron Marksman - Say Text'),
(@RELAYID,1000,0,15,12198,0,0,8284,30,0,0,0,0,0,0,0,0,0,0,0,0,'Dark Iron Marksman - Cast Spell'),
(@RELAYID,9000,0,0,0,0,0,0,0,0,4362,0,0,0,0,0,0,0,0,0,0,'Dark Iron Marksman - Say Text'),
(@RELAYID,9000,1,15,12244,0,0,0,0,4,0,0,0,0,0,0,0,0,0,0,0,'Dark Iron Marksman - Cast Spell');
SET @PATH := 8337;
DELETE FROM creature_movement_template WHERE Entry = @PATH;
INSERT INTO `creature_movement_template` (`Entry`, `PathId`, `Point`, `PositionX`, `PositionY`, `PositionZ`, `Orientation`, `WaitTime`, `ScriptId`) VALUES 
(@PATH,1,1,-6853.902, -1768.343, 253.676,100, 1, @PATH*100+1),
(@PATH,1,2,-6855.8496,-1754.6787,251.59106,100, 1, 3),
(@PATH,2,1,-6846.377,-1739.689,252.630,100, 1, 5),
(@PATH,2,2,-6853.7925,-1748.3933,251.62465,100, 1, 3),
(@PATH,3,1,-6795.187, -1772.727, 256.857,100, 1, 5),
(@PATH,3,2,-6779.0215,-1787.7145,256.96143,100, 1, 3),
(@PATH,4,1,-6805.320, -1806.258, 261.357,100, 1, 5),
(@PATH,4,2,-6778.149,-1798.5288,256.96143,100, 1, 3);
DELETE FROM `dbscripts_on_creature_movement` WHERE id = @PATH*100+1;
INSERT INTO dbscripts_on_creature_movement(id, delay, priority, command, datalong, datalong2, datalong3, buddy_entry, search_radius, data_flags, dataint, dataint2, dataint3, dataint4, datafloat, x, y, z, o, speed, condition_id, comments) VALUES
(@PATH*100+1,0,0,25,1,0,0,0,0,0,0,0,0,0,0,0,0,0,0,0,0,'Dark Iron Steelshifter - Set Run'),
(@PATH*100+1,0,0,0,0,0,0,0,0,0,4347,0,0,0,0,0,0,0,0,0,0,'Dark Iron Steelshifter - Say Text');
UPDATE `creature_template` SET `MovementType`='2' WHERE (`Entry`='8337');
UPDATE `creature_template` SET `MovementType`='0' WHERE (`Entry`='8338');
UPDATE `creature` SET `spawntimesecsmin` = '540', `spawntimesecsmax` = '540' WHERE `guid` =9663;

UPDATE spell_target_position SET target_orientation=3.12187 WHERE Id IN(33582);
UPDATE spell_target_position SET target_orientation=1.36025 WHERE Id IN(33583);
UPDATE spell_target_position SET target_orientation=5.58017 WHERE Id IN(33584);
UPDATE spell_target_position SET target_orientation=0.047734 WHERE Id IN(33585);
UPDATE spell_target_position SET target_orientation=6.01283 WHERE Id IN(33586);
DELETE FROM spell_target_position WHERE Id IN(33614,33615,33567,33616);
INSERT INTO spell_target_position(id, target_map, target_position_x, target_position_y, target_position_z, target_orientation) VALUES
(33614,555,-261.676,-297.69,17.08701,1.36025),
(33615,555,-282.272,-240.432,12.6839,5.58017),
(33567,555,-291.833,-268.595,12.68254,0.047734),
(33616,555,-303.966,-255.759,12.6834,6.01283);

REPLACE INTO `item_loot_template` (`entry`, `item`, `ChanceOrQuestChance`, `groupid`, `mincountOrRef`, `maxcount`, `condition_id`, `comments`) VALUES
(33926, 27498, 1, 1, -27498, 1, 0, 'TEMP name 27498 reference_loot_template'),
(33926, 33457, 1, 1, -33457, 1, 0, 'TEMP name 33457 reference_loot_template');

UPDATE `item_loot_template` SET `ChanceOrQuestChance` = '5',`groupid` = '2' WHERE `entry` =6307 AND `item` =2406;
UPDATE `item_loot_template` SET `ChanceOrQuestChance` = '5',`groupid` = '2' WHERE `entry` =6307 AND `item` =2409;
UPDATE `item_loot_template` SET `ChanceOrQuestChance` = '5',`groupid` = '2' WHERE `entry` =6307 AND `item` =2601;
UPDATE `item_loot_template` SET `groupid` = '1' WHERE `entry` =6307 AND `item` =1477;
INSERT INTO `item_loot_template` (`entry`, `item`, `ChanceOrQuestChance`, `groupid`, `mincountOrRef`, `maxcount`, `condition_id`, `comments`) VALUES
(6307, 954, 10, 1, -954, 1, 0, 'TEMP name 954 reference_loot_template');

SET @CHEST := 39616;
DELETE FROM `gameobject` WHERE `guid` BETWEEN @CHEST + 1 AND @CHEST + 47;
INSERT INTO `gameobject` (`guid`, `id`, `map`, `position_x`, `position_y`, `position_z`, `orientation`, `rotation0`, `rotation1`, `rotation2`, `rotation3`, `spawntimesecsmin`, `spawntimesecsmax`) VALUES
(@CHEST + 1, 106318, 0, -8835.63, -886.67, 73.9311, 3.76991, 0, 0, -0.951056, 0.309017, 300, 900),
(@CHEST + 2, 106318, 0, -5581.71, 731.792, 391.769, 2.89725, 0, 0, 0.992546, 0.12187, 300, 900),
(@CHEST + 3, 106318, 0, -5576.89, -1727.13, 353.111, 1.37881, 0, 0, 0.636078, 0.771625, 300, 900),
(@CHEST + 4, 106318, 0, -5335.97, -238.183, 440.331, 1.64061, 0, 0, 0.731353, 0.681999, 300, 900),
(@CHEST + 5, 106318, 0, -5299.75, -105.227, 403.395, 1.62316, 0, 0, 0.725374, 0.688355, 300, 900),
(@CHEST + 6, 106318, 0, 2914.1, 377.418, 31.4822, 3.57793, 0, 0, -0.976295, 0.216442, 300, 900),
(@CHEST + 7, 106318, 0, 2369.75, 1890.5, 0.597555, 5.58505, 0, 0, -0.34202, 0.939693, 300, 900),
(@CHEST + 8, 106318, 0, 2572.63, 525.238, 15.1067, 5.44543, 0, 0, -0.406736, 0.913546, 300, 900),
(@CHEST + 9, 106318, 0, 2155.44, -510.988, 81.639, 3.99681, 0, 0, -0.909961, 0.414694, 300, 900),
(@CHEST + 10, 106318, 1, -2716.83, -1188.43, 16.7843, 5.07891, 0, 0, -0.566406, 0.824126, 300, 900),
(@CHEST + 11, 106318, 1, -2625.28, -1390.26, 24.5035, 5.72468, 0, 0, -0.275637, 0.961262, 300, 900),
(@CHEST + 12, 106318, 1, -2445.71, 438.709, 61.7603, 0.541051, 0, 0, 0.267238, 0.963631, 300, 900),
(@CHEST + 13, 106318, 1, -1889.33, -1096.98, 90.3293, 2.80998, 0, 0, 0.986285, 0.16505, 300, 900),
(@CHEST + 14, 106318, 1, -1128.24, -5508.42, 6.31908, 1.5708, 0, 0, 0.707107, 0.707107, 300, 900),
(@CHEST + 15, 106318, 1, -1075.23, 542.538, 49.8483, 4.03171, 0, 0, -0.902585, 0.430512, 300, 900),
(@CHEST + 16, 106318, 1, -998.083, 589.474, 81.9395, 2.53072, 0, 0, 0.953716, 0.300708, 300, 900),
(@CHEST + 17, 106318, 1, -657.78, 193.815, 46.8042, 0.506145, 0, 0, 0.25038, 0.968148, 300, 900),
(@CHEST + 18, 106318, 1, -546.707, 72.7293, 52.2842, 0.802851, 0, 0, 0.390731, 0.920505, 300, 900),
(@CHEST + 19, 106318, 1, -1039.7, -4589.81, 25.8219, 0.209439, 0, 0, 0.104528, 0.994522, 300, 900),
(@CHEST + 20, 106318, 1, -973.911, -4427.44, 30.0156, 4.64258, 0, 0, -0.731354, 0.681998, 300, 900),
(@CHEST + 21, 106318, 1, -665.037, -787.125, 43.6133, 1.43117, 0, 0, 0.656058, 0.75471, 300, 900),
(@CHEST + 22, 106318, 1, -591.331, -681.56, 27.4432, 5.42797, 0, 0, -0.414693, 0.909961, 300, 900),
(@CHEST + 23, 106318, 1, -327.539, -5266.53, -8.39004, 0.750491, 0, 0, 0.366501, 0.930418, 300, 900),
(@CHEST + 24, 106318, 1, -63.7777, -5372.09, -17.8134, 3.89209, 0, 0, -0.930417, 0.366502, 300, 900),
(@CHEST + 25, 106318, 1, 6.73275, -5228.02, -13.3655, 1.309, 0, 0, 0.608761, 0.793354, 300, 900),
(@CHEST + 26, 106318, 1, 323.345, -5261.72, -17.6114, 0.157079, 0, 0, 0.0784588, 0.996917, 300, 900),
(@CHEST + 27, 106318, 1, -264.111, -5131.67, 24.3416, 2.32129, 0, 0, 0.91706, 0.39875, 300, 900),
(@CHEST + 28, 106318, 1, -238.197, -5110, 41.3468, 2.9496, 0, 0, 0.995396, 0.0958512, 300, 900),
(@CHEST + 29, 106318, 1, 19.8772, -4274.1, 72.5779, 1.58825, 0, 0, 0.71325, 0.70091, 300, 900),
(@CHEST + 30, 106318, 1, 51.5796, -4479.08, 50.4658, 1.5708, 0, 0, 0.707107, 0.707107, 300, 900),
(@CHEST + 31, 106318, 1, 633.847, -4487.7, 11.8494, 0.680677, 0, 0, 0.333806, 0.942642, 300, 900),
(@CHEST + 32, 106318, 1, 896.122, -4646.7, 18.3639, 2.19911, 0, 0, 0.891006, 0.453991, 300, 900),
(@CHEST + 33, 106318, 1, 811.543, -4806.71, 11.0355, 0.733038, 0, 0, 0.358368, 0.93358, 300, 900),
(@CHEST + 34, 106318, 1, 960.046, -4777.73, 22.268, 2.02458, 0, 0, 0.848047, 0.529921, 300, 900),
(@CHEST + 35, 106318, 1, 1027.07, -4821.19, 15.2047, 2.47837, 0, 0, 0.945518, 0.325568, 300, 900),
(@CHEST + 36, 106318, 1, 877.265, -4738.9, 30.0118, 4.10153, 0, 0, -0.887011, 0.461749, 300, 900),
(@CHEST + 37, 106318, 1, 908.547, -4754.28, 18.7004, 2.32129, 0, 0, 0.91706, 0.39875, 300, 900),
(@CHEST + 38, 106318, 1, 1546.7, -4750.5, 14.4975, 2.35619, 0, 0, 0.92388, 0.382683, 300, 900),
(@CHEST + 39, 106318, 1, 9183.7, 1372.79, 1315.07, 3.59538, 0, 0, -0.97437, 0.224951, 300, 900),
(@CHEST + 40, 106318, 1, 9631.6, 463.32, 1312.8, 2.67035, 0, 0, 0.972369, 0.233448, 300, 900),
(@CHEST + 41, 106318, 1, 10371.9, 1923.33, 1319.97, 0.977383, 0, 0, 0.469471, 0.882948, 300, 900),
(@CHEST + 42, 106318, 1, 10419.7, 1908.99, 1321.27, 2.61799, 0, 0, 0.965925, 0.258821, 300, 900),
(@CHEST + 43, 106318, 1, 9776.05, 1547.38, 1299.49, 0.715585, 0, 0, 0.350207, 0.936672, 300, 900),
(@CHEST + 44, 106318, 1, 10134.8, 1183.48, 1323.54, 5.37562, 0, 0, -0.438371, 0.898794, 300, 900),
(@CHEST + 45, 106318, 1, 10511.2, 2002.39, 1327.38, 0.279252, 0, 0, 0.139173, 0.990268, 300, 900),
(@CHEST + 46, 106318, 1, 10652.6, 2016.06, 1326.44, 3.61284, 0, 0, -0.972369, 0.233448, 300, 900),
(@CHEST + 47, 106318, 1, 10863.5, 2125.58, 1327.06, 2.63544, 0, 0, 0.968147, 0.250381, 300, 900);
DELETE FROM `pool_template` WHERE `entry` = 14207;
UPDATE `pool_gameobject` SET `pool_entry` = 2315 WHERE `guid` =5644;
INSERT INTO `pool_template` (`entry`, `max_limit`, `description`) VALUES (132, 1, 'Dun Morogh (Shimmer Ridge) - Chest Pool');
DELETE FROM `pool_gameobject` WHERE `guid` BETWEEN @CHEST + 1 AND @CHEST + 47;
INSERT INTO `pool_gameobject` (`guid`, `pool_entry`, `chance`, `description`) VALUES
(@CHEST + 1, 537, 0, 'Elwynn Forest (Stone Cairn Lake) - Battered Chest (106318)'),
(@CHEST + 2, 484, 0, 'Dun Morogh (Frostmane Hold) - Battered Chest (106318)'),
(@CHEST + 3, 820, 0, 'Dun Morogh (Gol\'Bolar Quarry Mine) - Battered Chest (106318)'),
(@CHEST + 4, 132, 0, 'Dun Morogh (Shimmer Ridge) - Battered Chest (106318)'),
(@CHEST + 5, 488, 0, 'Dun Morogh (Iceflow Lake) - Battered Chest (106318)'),
(@CHEST + 6, 742, 0, 'Tirisfal Glades (Garren\'s Haunt) - Battered Chest (106318)'),
(@CHEST + 7, 31, 0, 'Tirisfal Glades - Battered Chest (106318)'),
(@CHEST + 8, 31, 0, 'Tirisfal Glades - Battered Chest (106318)'),
(@CHEST + 9, 822, 0, 'Tirisfal Glades (Crusader\'s Outpost) - Battered Chest (106318)'),
(@CHEST + 10, 2318, 0, 'Mulgore (The Rolling Plains) - Battered Chest (106318)'),
(@CHEST + 11, 2318, 0, 'Mulgore (The Rolling Plains) - Battered Chest (106318)'),
(@CHEST + 12, 2315, 0, 'Mulgore (Palemane Rock) - Battered Chest (106318)'),
(@CHEST + 13, 2317, 0, 'Mulgore (The Venture Co. Mine) - Battered Chest (106318)'),
(@CHEST + 14, 9110, 0, 'Durotar (Echo Isles) - Battered Chest (106318)'),
(@CHEST + 15, 2312, 0, 'Mulgore - Battered Chest (106318)'),
(@CHEST + 16, 2312, 0, 'Mulgore - Battered Chest (106318)'),
(@CHEST + 17, 2312, 0, 'Mulgore - Battered Chest (106318)'),
(@CHEST + 18, 2312, 0, 'Mulgore - Battered Chest (106318)'),
(@CHEST + 19, 9063, 0, 'Durotar (Kolkar Crag) - Battered Chest (106318)'),
(@CHEST + 20, 9063, 0, 'Durotar (Kolkar Crag) - Battered Chest (106318)'),
(@CHEST + 21, 32, 0, 'Mulgore (Windfury Ridge) - Battered Chest (106318)'),
(@CHEST + 22, 32, 0, 'Mulgore (Windfury Ridge) - Battered Chest (106318)'),
(@CHEST + 23, 9096, 0, 'Durotar (Scuttle Coast) - Battered Chest (106318)'),
(@CHEST + 24, 9096, 0, 'Durotar (Scuttle Coast) - Battered Chest (106318)'),
(@CHEST + 25, 9096, 0, 'Durotar (Scuttle Coast) - Battered Chest (106318)'),
(@CHEST + 26, 9096, 0, 'Durotar (Scuttle Coast) - Battered Chest (106318)'),
(@CHEST + 27, 9108, 0, 'Durotar (Tiragarde Keep) - Battered Chest (106318)'),
(@CHEST + 28, 9108, 0, 'Durotar (Tiragarde Keep) - Battered Chest (106318)'),
(@CHEST + 29, 9058, 0, 'Durotar (Razormane Grounds) - Battered Chest (106318)'),
(@CHEST + 30, 9058, 0, 'Durotar (Razormane Grounds) - Battered Chest (106318)'),
(@CHEST + 31, 9054, 0, 'Durotar (Razorwind Canyon) - Battered Chest (106318)'),
(@CHEST + 32, 9054, 0, 'Durotar (Razorwind Canyon) - Battered Chest (106318)'),
(@CHEST + 33, 9099, 0, 'Durotar (Drygulch Ravine) - Battered Chest (106318)'),
(@CHEST + 34, 9099, 0, 'Durotar (Drygulch Ravine) - Battered Chest (106318)'),
(@CHEST + 35, 9099, 0, 'Durotar (Drygulch Ravine) - Battered Chest (106318)'),
(@CHEST + 36, 14215, 0, 'Durotar (Dustwind Cave) - Battered Chest (106318)'),
(@CHEST + 37, 14215, 0, 'Durotar (Dustwind Cave) - Battered Chest (106318)'),
(@CHEST + 38, 9105, 0, 'Durotar (Skull Rock) - Battered Chest (106318)'),
(@CHEST + 39, 9117, 0, 'Teldrassil - Battered Chest (106318)'),
(@CHEST + 40, 9117, 0, 'Teldrassil - Battered Chest (106318)'),
(@CHEST + 41, 9117, 0, 'Teldrassil - Battered Chest (106318)'),
(@CHEST + 42, 9117, 0, 'Teldrassil - Battered Chest (106318)'),
(@CHEST + 43, 9117, 0, 'Teldrassil (Ban\'ethil Barrow Den) - Battered Chest (106318)'),
(@CHEST + 44, 9117, 0, 'Teldrassil (Fel Rock) - Battered Chest (106318)'),
(@CHEST + 45, 33, 0, 'Teldrassil (The Oracle Glade) - Battered Chest (106318)'),
(@CHEST + 46, 33, 0, 'Teldrassil (The Oracle Glade) - Battered Chest (106318)'),
(@CHEST + 47, 33, 0, 'Teldrassil (The Oracle Glade) - Battered Chest (106318)');
DELETE FROM `pool_template` WHERE `entry` BETWEEN 31 AND 33;
INSERT INTO `pool_template` (`entry`, `max_limit`, `description`) VALUES
(31, 1, 'Tirisfal Glades - Chest Pool'),
(32, 1, 'Mulgore (Windfury Ridge) - Chest Pool'),
(33, 1, 'Teldrassil (The Oracle Glade) - Chest Pool');

UPDATE creature SET position_x = -6378.0757, position_y = 1268.4653, position_z = 7.2708583, orientation = 2.44346, spawndist = 0, MovementType = 0 WHERE id = 26081;
DELETE FROM creature_addon WHERE guid IN(SELECT guid FROM creature WHERE id = 26081);
DELETE FROM creature_template_addon WHERE entry IN (26081);
INSERT INTO creature_template_addon (entry, mount, stand_state, sheath_state, pvp_flags, emote, moveflags, auras) VALUES (26081,0,0,1,0,380,0,NULL);
UPDATE creature SET position_x = -6373.5254, position_y = 1267.8834, position_z = 7.2708583, orientation = 2.3911, spawndist = 0, MovementType = 0 WHERE guid = 131221;
UPDATE creature SET position_x = -6378.6113, position_y = 1263.2047, position_z = 7.2708573, orientation = 3.03687, spawndist = 0, MovementType = 0 WHERE guid = 131222;

UPDATE `gameobject_template` SET `faction` = '1732' WHERE `entry` =188129;
UPDATE `gameobject_template` SET `faction` = '1735' WHERE `entry` =188128;

DELETE FROM gossip_menu WHERE entry IN(6687,6686,6688);
INSERT INTO gossip_menu(entry, text_id, script_id, condition_id) VALUES
(6686,8060,0,0),
(6687,8059,0,0),
(6688,8061,0,0);
DELETE FROM gossip_menu_option WHERE menu_id IN (6687,6686);
INSERT INTO gossip_menu_option (menu_id, id, option_icon, option_text, option_broadcast_text, option_id, npc_option_npcflag, action_menu_id, action_poi_id, action_script_id, box_coded, box_money, box_text, box_broadcast_text, condition_id) VALUES
(6687,0,0,'Reporting for duty, sir.',11274,1,1,6686,0,0,0,0,NULL,0,2990),
(6686,0,0,'I\'m ready!',11334,1,1,-1,0,668601,0,0,NULL,0,0);
DELETE FROM conditions WHERE condition_entry = 2990;
INSERT INTO conditions(condition_entry, type, value1, value2, value3, value4, flags, comments) VALUES (2990,9,8731,0,0,0,0,'');
DELETE FROM dbscripts_on_gossip WHERE id = 668601;
INSERT INTO dbscripts_on_gossip (id, delay, command, datalong, datalong2, datalong3, buddy_entry, search_radius, data_flags, dataint, dataint2, dataint3, dataint4, x, y, z, o, comments) VALUES
(668601,1,31,15620,200,0,0,0,0x08,0,0,0,0,0,0,0,0,'search for 15620 - terminate if alive'),
(668601,100,21,1,0,0,0,0,0x04,0,0,0,0,0,0,0,0,'active'),
(668601,101,29,1,0,0,0,0,0x04,0,0,0,0,0,0,0,0,'NPC Flags Removed'),
(668601,102,25,0,0,0,0,0,0x04,0,0,0,0,0,0,0,0,'Run OFF'),
(668601,103,3,0,0,0,0,0,0x04,0,0,0,0,-7551.8066,708.42114,-17.226425,4.537,'move'),
(668601,1000,10,15620,1800000,0,0,0,0x08,0,0,0,0,-7610.63,671.6507,-48.72991,0.501217305660247802,'Summon 15620'),
(668601,5000,0,0,0,0,0,0,0x04,11286,0,0,0,0,0,0,0,'text'),
(668601,8000,1,25,0,0,0,0,0x04,0,0,0,0,0,0,0,0,'emote'),
(668601,10000,25,1,0,0,0,0,0x04,0,0,0,0,0,0,0,0,'Run ON'),
(668601,11000,3,0,0,0,0,0,0x04,0,0,0,0,-7548.4204,719.8852,-16.355494,1.61682,'move'),
(668601,13000,1,22,0,0,0,0,0x04,0,0,0,0,0,0,0,0,'emote'),
(668601,13500,0,0,0,0,0,0,0x04,11287,0,0,0,0,0,0,0,'text'),
(668601,13600,35,5,50,0,0,0,0x04,0,0,0,0,0,0,0,0,'send event 5'),
(668601,15000,3,0,0,0,0,0,0x04,0,0,0,0,-7548.4204,719.8852,-16.355494,4.537856101989746093,'move');
UPDATE creature_template SET UnitFlags = 832, DamageMultiplier = 8.5, CorpseDecay = 300, MovementType = 2 WHERE entry IN(15620);
DELETE FROM creature_movement_template WHERE entry = 15620;
INSERT INTO creature_movement_template (Entry, Point, PositionX, PositionY, PositionZ, Orientation, WaitTime, ScriptId) VALUES
(15620,1,-7570.335,683.43274,-50.11782,100,0,0),
(15620,2,-7563.5977,688.08136,-47.48374,100,0,0),
(15620,3,-7562.8477,688.58136,-48.23374,100,0,0),
(15620,4,-7561.8477,688.83136,-45.48374,100,0,0),
(15620,5,-7561.0977,689.33136,-45.73374,100,0,0),
(15620,6,-7560.3477,689.83136,-41.73374,100,0,0),
(15620,7,-7558.5977,691.08136,-36.48374,100,0,0),
(15620,8,-7557.5977,691.58136,-33.98374,100,0,0),
(15620,9,-7556.8477,692.08136,-32.23374,100,0,0),
(15620,10,-7556.0977,692.58136,-31.483742,100,0,0),
(15620,11,-7555.1816,693.13574,-30.733772,100,1,0),
(15620,12,-7549.8647,697.7108,-25.523811,100,0,0),
(15620,13,-7549.347,699.26483,-23.908577,100,0,0),
(15620,14,-7549.4707,704.62756,-20.83761,100,0,0),
(15620,15,-7550.3,712.328,-16.426,100,100,1562001),
(15620,16,-7548.16,722.592,-16.3067,100,1000,20);
DELETE FROM dbscripts_on_creature_movement WHERE id = 1562001;
INSERT INTO dbscripts_on_creature_movement (id, delay, command, datalong, datalong2, datalong3, buddy_entry, search_radius, data_flags, dataint, dataint2, dataint3, dataint4, x, y, z, o, comments) VALUES
(1562001,1,35,6,100,0,0,0,0,0,0,0,0,0,0,0,0,'Hive\'Regal Hunter-Killer - send Event AI 6'),
(1562001,100,48,768,0,0,0,0,0x04,0,0,0,0,0,0,0,0,'Hive\'Regal Hunter-Killer - Remove UnitFlags'),
(1562001,200,26,0,0,0,15612,100,1,0,0,0,0,0,0,0,0,'Hive\'Regal Hunter-Killer - attack Krug');
UPDATE creature SET spawntimesecsmin = 300, spawntimesecsmax = 300 WHERE id IN (15612,15613,15615,15616,15617);
UPDATE creature_template SET DamageMultiplier = 3 WHERE entry IN (15612);
UPDATE creature_template SET DamageMultiplier = 1 WHERE entry IN (15613,15615,15616,15617);
DELETE FROM dbscripts_on_relay WHERE id BETWEEN 33 AND 52;
INSERT INTO dbscripts_on_relay (id, delay, command, datalong, datalong2, datalong3, buddy_entry, search_radius, data_flags, dataint, dataint2, dataint3, dataint4, x, y, z, o, comments) VALUES
(33,1,21,1,0,0,0,0,0x04,0,0,0,0,0,0,0,0,'Part of Krug Skullsplit 15612 EAI - Active'),
(33,2,29,3,1,0,0,0,0x04,0,0,0,0,0,0,0,0,'Part of Krug Skullsplit 15612 EAI - Add NpcFlags'),
(33,3,52,6688,0,0,0,0,0x04,0,0,0,0,0,0,0,0,'Part of Krug Skullsplit 15612 EAI: Set Gossip'),
(33,180000,29,2,0,0,0,0,0x04,0,0,0,0,0,0,0,0,'Part of Krug Skullsplit 15612 EAI - Remove NpcFlags'),
(33,180001,52,6687,0,0,0,0,0x04,0,0,0,0,0,0,0,0,'Part of Krug Skullsplit 15612 EAI: Set Gossip'),
(33,180002,21,0,0,0,0,0,0x04,0,0,0,0,0,0,0,0,'Part of Krug Skullsplit 15612 EAI - UnActive'),
(34,1,25,1,0,0,0,0,0x04,0,0,0,0,0,0,0,0,'Part of Merok Longstride 15613 EAI - Run on'),
(34,10,3,0,0,0,0,0,0x04,0,0,0,0,-7544.742,721.3121,-15.842302,4.537,'Part of Merok Longstride 15613 EAI - move'),
(50,1,3,0,0,0,0,0,0x04,0,0,0,0,-7537.146,731.184,-16.490795,2.79252,'Part of Merok Longstride 15613 EAI - move'),
(50,10000,3,0,0,0,0,0,0x04,0,0,0,0,-7537.146,731.184,-16.490795,2.79252,'Part of Merok Longstride 15613 EAI - safe move'),
(35,1,25,1,0,0,0,0,0x04,0,0,0,0,0,0,0,0,'Part of Shadow Priestess Shai 15615 EAI - Run on'),
(35,10,3,0,0,0,0,0,0x04,0,0,0,0,-7552.0063,720.9287,-16.642857,4.9305,'Part of Shadow Priestess Shai 15615 EAI - move'),
(51,1,3,0,0,0,0,0,0x04,0,0,0,0,-7556.597,749.00696,-17.57885,5.61996,'Part ofShadow Priestess Shai 15615 EAI - move'),
(51,10000,3,0,0,0,0,0,0x04,0,0,0,0,-7556.597,749.00696,-17.57885,5.61996,'Part of Shadow Priestess Shai 15615 EAI - safe move'),
(36,1,25,1,0,0,0,0,0x04,0,0,0,0,0,0,0,0,'Part of Orgrimmar Legion Axe Thrower 15617 EAI - Run on'),
(36,10,3,0,0,0,0,0,0x04,0,0,0,0,-7547.876,726.9385,-16.33075,4.6513,'Part of Orgrimmar Legion Axe Thrower 15617 EAI - move'),
(37,1,3,0,0,0,0,0,0x04,0,0,0,0,-7552.7256,740.40765,-17.447472,2.3038,'Part of Orgrimmar Legion Axe Thrower 15617 EAI - move'),
(37,10000,3,0,0,0,0,0,0x04,0,0,0,0,-7552.7256,740.40765,-17.447472,2.3038,'Part of Orgrimmar Legion Axe Thrower 15617 EAI - safe move'),
(38,1,25,1,0,0,0,0,0x04,0,0,0,0,0,0,0,0,'Part of Orgrimmar Legion Axe Thrower 15617 EAI - Run on'),
(38,10,3,0,0,0,0,0,0x04,0,0,0,0,-7545.8535,729.58594,-16.083582,4.58478,'Part of Orgrimmar Legion Axe Thrower 15617 EAI - move'),
(39,1,3,0,0,0,0,0,0x04,0,0,0,0,-7551.3037,742.05194,-17.667734,3.019,'Part of Orgrimmar Legion Axe Thrower 15617 EAI - move'),
(39,10000,3,0,0,0,0,0,0x04,0,0,0,0,-7551.3037,742.05194,-17.667734,3.019,'Part of Orgrimmar Legion Axe Thrower 15617 EAI - safe move'),
(40,1,25,1,0,0,0,0,0x04,0,0,0,0,0,0,0,0,'Part of Orgrimmar Legion Axe Thrower 15617 EAI - Run on'),
(40,10,3,0,0,0,0,0,0x04,0,0,0,0,-7550.059,728.9959,-16.487635,4.7368,'Part of Orgrimmar Legion Axe Thrower 15617 EAI - move'),
(41,1,3,0,0,0,0,0,0x04,0,0,0,0,-7551.561,744.48157,-17.870377,3.6652,'Part of Orgrimmar Legion Axe Thrower 15617 EAI - move'),
(41,10000,3,0,0,0,0,0,0x04,0,0,0,0,-7551.561,744.48157,-17.870377,3.6652,'Part of Orgrimmar Legion Axe Thrower 15617 EAI - safe move'),
(42,1,25,1,0,0,0,0,0x04,0,0,0,0,0,0,0,0,'Part of Orgrimmar Legion Axe Thrower 15617 EAI - Run on'),
(42,10,3,0,0,0,0,0,0x04,0,0,0,0,-7543.761,731.3052,-16.487146,4.52279,'Part of Orgrimmar Legion Axe Thrower 15617 EAI - move'),
(43,1,3,0,0,0,0,0,0x04,0,0,0,0,-7554.27,746.03204,-17.662876,4.6251,'Part of Orgrimmar Legion Axe Thrower 15617 EAI - move'),
(43,10000,3,0,0,0,0,0,0x04,0,0,0,0,-7554.27,746.03204,-17.662876,4.6251,'Part of Orgrimmar Legion Axe Thrower 15617 EAI - safe move'),
(44,1,25,1,0,0,0,0,0x04,0,0,0,0,0,0,0,0,'Part of Orgrimmar Legion Axe Thrower 15617 EAI - Run on'),
(44,10,3,0,0,0,0,0,0x04,0,0,0,0,-7552.2427,731.05334,-16.831995,4.809,'Part of Orgrimmar Legion Axe Thrower 15617 EAI - move'),
(45,1,3,0,0,0,0,0,0x04,0,0,0,0,-7556.7485,744.3583,-17.410648,5.68977,'Part of Orgrimmar Legion Axe Thrower 15617 EAI - move'),
(45,10000,3,0,0,0,0,0,0x04,0,0,0,0,-7556.7485,744.3583,-17.410648,5.68977,'Part of Orgrimmar Legion Axe Thrower 15617 EAI - safe move'),
(46,1,25,1,0,0,0,0,0x04,0,0,0,0,0,0,0,0,'Part of Orgrimmar Legion Axe Thrower 15617 EAI - Run on'),
(46,10,3,0,0,0,0,0,0x04,0,0,0,0,-7541.7036,733.48846,-16.688915,4.4733,'Part of Orgrimmar Legion Axe Thrower 15617 EAI - move'),
(47,1,3,0,0,0,0,0,0x04,0,0,0,0,-7556.8735,741.62976,-17.257341,0.5236,'Part of Orgrimmar Legion Axe Thrower 15617 EAI - move'),
(47,10000,3,0,0,0,0,0,0x04,0,0,0,0,-7556.8735,741.62976,-17.257341,0.5236,'Part of Orgrimmar Legion Axe Thrower 15617 EAI - safe move'),
(48,1,25,1,0,0,0,0,0x04,0,0,0,0,0,0,0,0,'Part of Orgrimmar Legion Axe Thrower 15617 EAI - Run on'),
(48,10,3,0,0,0,0,0,0x04,0,0,0,0,-7554.426,733.1108,-16.793055,4.87165,'Part of Orgrimmar Legion Axe Thrower 15617 EAI - move'),
(49,1,3,0,0,0,0,0,0x04,0,0,0,0,-7555.1797,740.34973,-17.277504,1.32645,'Part of Orgrimmar Legion Axe Thrower 15617 EAI - move'),
(49,10000,3,0,0,0,0,0,0x04,0,0,0,0,-7555.1797,740.34973,-17.277504,1.32645,'Part of Orgrimmar Legion Axe Thrower 15617 EAI - safe move');
DELETE FROM gossip_menu WHERE entry IN(6623,6622,6949);
INSERT INTO gossip_menu(entry, text_id, script_id, condition_id) VALUES
(6623,7874,0,0),
(6622,7875,0,0),
(6949,8237,0,0);
DELETE FROM gossip_menu_option WHERE menu_id IN (6623,6622);
INSERT INTO gossip_menu_option (menu_id, id, option_icon, option_text, option_broadcast_text, option_id, npc_option_npcflag, action_menu_id, action_poi_id, action_script_id, box_coded, box_money, box_text, box_broadcast_text, condition_id) VALUES
(6623,0,0,'I\'m here to aid the Captain.',11006,1,1,6622,0,0,0,0,NULL,0,2991),
(6622,0,0,'I\'ll wait.',11413,1,1,-1,0,662201,0,0,NULL,0,0);
DELETE FROM dbscripts_on_gossip WHERE id IN (662201);
INSERT INTO dbscripts_on_gossip (id, delay, command, datalong, datalong2, datalong3, buddy_entry, search_radius, data_flags, dataint, dataint2, dataint3, dataint4, x, y, z, o, comments) VALUES
(662201,1,31,15449,200,0,0,0,0x08,0,0,0,0,0,0,0,0,'search for 15449 - terminate if alive'),
(662201,100,21,1,0,0,0,0,0x04,0,0,0,0,0,0,0,0,'active'),
(662201,101,29,1,0,0,0,0,0x04,0,0,0,0,0,0,0,0,'NPC Flags Removed'),
(662201,200,10,15441,900000,0,0,0,0x08,0,0,0,88,-7207.7603,1430.0612,5.2083325,5.3194,'Summon 15441'),
(662201,201,10,15442,900000,0,0,0,0x08,0,0,0,89,-7169.231,1380.7969,3.0650182,2.398,'Summon 15442'),
(662201,3000,0,0,0,0,0,0,0x04,11394,0,0,0,0,0,0,0,'text'),
(662201,10000,1,66,0,0,0,0,0x04,0,0,0,0,0,0,0,0,'emote'),
(662201,16000,3,0,0,0,0,0,0x04,0,0,0,0,-7178.561,1392.0747,2.8916323,0.087266,'move'),
(662201,16001,1,25,0,0,0,0,0x04,0,0,0,0,0,0,0,0,'emote'),
(662201,16100,0,0,0,0,0,0,0x04,10974,0,0,0,0,0,0,0,'text'),
(662201,23000,0,0,0,0,0,0,0x04,11356,0,0,0,0,0,0,0,'text'),
(662201,23001,10,15440,900000,0,0,0,0x08,0,0,0,90,-7162.1313,1379.5212,3.0027514,2.208057,'Summon 15440'),
(662201,25000,35,5,50,0,0,0,0,0,0,0,0,0,0,0,0,'Send Event 5'),
(662201,28001,10,15449,1800000,0,0,0,0x08,0,0,0,0,-7215.693,1458.8447,-3.1210537,5.16508,'Summon 15449'),
(662201,35000,3,0,0,0,0,0,0x04,0,0,0,0,-7178.561,1392.0747,2.8916323,5.777,'move'),
(662201,35001,1,66,0,0,0,0,0x04,0,0,0,0,0,0,0,0,'emote'),
(662201,38000,3,0,0,0,0,0,0x04,0,0,0,0,-7178.561,1392.0747,2.8916323,2.25147,'move');
DELETE FROM creature_movement_template WHERE entry IN (15441);
INSERT INTO creature_movement_template (entry, pathId, point, positionx, positiony, positionz, orientation, waittime, scriptid) VALUES
(15441,1,1,-7207.7603,1430.0612,5.2083325,100,0,0),
(15441,1,2,-7195.75,1410.4182,5.2330947,100,0,0),
(15441,1,3,-7189.2734,1403.0304,4.0071425,100,0,0),
(15441,1,4,-7179.86,1393.2805,2.843207,5.3756,19000,1544101),
(15441,1,6,-7168.705,1389.649,2.919412,2.2689,1000,3);
DELETE FROM dbscripts_on_creature_movement WHERE id = 1544101;
INSERT INTO dbscripts_on_creature_movement (id, delay, command, datalong, datalong2, datalong3, buddy_entry, search_radius, data_flags, dataint, dataint2, dataint3, dataint4, x, y, z, o, comments) VALUES
(1544101,1,1,66,0,0,0,0,0,0,0,0,0,0,0,0,0,'Ironforge Brigade Rifleman - emote'),
(1544101,100,0,0,0,0,0,0,0x04,10973,0,0,0,0,0,0,0,'Ironforge Brigade Rifleman - Say'),
(1544101,101,35,5,0,0,0,0,0x04,0,0,0,0,0,0,0,0,'Ironforge Brigade Rifleman - Send Event 5 (self)');
DELETE FROM creature_spawn_data_template WHERE `entry` IN (88);
INSERT INTO creature_spawn_data_template (entry, SpawnFlags,RelayId,Name) VALUES (88,1,20663,'- SPAWN FLAG RUN, RelayId 20663');
DELETE FROM creature_movement_template WHERE entry IN (15442);
INSERT INTO creature_movement_template (entry, pathId, point, positionx, positiony, positionz, orientation, waittime, scriptid) VALUES
(15442,1,1,-7169.231,1380.7969,3.0650182,2.398,0,0),
(15442,1,2,-7176.1895,1391.653,3.3684,2.398,12000,0),
(15442,1,3,-7176.1895,1391.653,3.3684,2.398,1000,1066),
(15442,1,4,-7164.078,1381.8844,2.919417,100,6000,1544201);
DELETE FROM dbscripts_on_creature_movement WHERE id = 1544201;
INSERT INTO dbscripts_on_creature_movement (id, delay, command, datalong, datalong2, datalong3, buddy_entry, search_radius, data_flags, dataint, dataint2, dataint3, dataint4, x, y, z, o, comments) VALUES
(1544201,1,1,66,0,0,0,0,0x04,0,0,0,0,0,0,0,0,'Ironforge Brigade Footman - emote'),
(1544201,100,0,0,0,0,0,0,0x04,10976,0,0,0,0,0,0,0,'Ironforge Brigade Footman - say'),
(1544201,101,35,5,0,0,0,0,0x04,0,0,0,0,0,0,0,0,'Ironforge Brigade Footman - Send Event 5 (self)'),
(1544201,110,20,0,0,0,0,0,0x04,0,0,0,0,0,0,0,0,'Ironforge Brigade Footman - idle');
DELETE FROM creature_spawn_data_template WHERE `entry` IN (89);
INSERT INTO creature_spawn_data_template (entry, RelayId, Name) VALUES (89,20663,'- RelayId 20663');
UPDATE creature_template SET Faction = 1611, NpcFlags = 2, EquipmentTemplateId = 250 WHERE entry IN(15440);
DELETE FROM creature_movement_template WHERE entry IN (15440);
INSERT INTO creature_movement_template (entry, pathId, point, positionx, positiony, positionz, orientation, waittime, scriptid) VALUES
(15440,1,1,-7162.1313,1379.5212,3.0027514,2.208057,3000,0),
(15440,1,2,-7174.816,1390.562,2.966527,100,3000,1544001),
(15440,1,3,-7179.5303,1394.5319,2.3387,100,10000,1544002);
DELETE FROM dbscripts_on_creature_movement WHERE id IN (1544001,1544002);
INSERT INTO dbscripts_on_creature_movement (id, delay, command, datalong, datalong2, datalong3, buddy_entry, search_radius, data_flags, dataint, dataint2, dataint3, dataint4, x, y, z, o, comments) VALUES
(1544001,1,1,1,0,0,0,0,0x04,0,0,0,0,0,0,0,0,'Captain Blackanvil - emote'),
(1544001,100,0,0,0,0,0,0,0x04,10964,0,0,0,0,0,0,0,'Captain Blackanvil - say'),
(1544002,1,1,1,0,0,0,0,0x04,0,0,0,0,0,0,0,0,'Captain Blackanvil - emote'),
(1544002,100,0,0,0,0,0,0,0x04,10968,0,0,0,0,0,0,0,'Captain Blackanvil - say'),
(1544002,3000,1,22,0,0,0,0,0x04,0,0,0,0,0,0,0,0,'Captain Blackanvil - emote'),
(1544002,3001,3,0,0,0,0,0,0x04,0,0,0,0,0,0,0,2.526,'Captain Blackanvil - move'),
(1544002,3100,0,0,0,0,0,0,0x04,10982,0,0,0,0,0,0,0,'Captain Blackanvil - say'),
(1544002,5100,0,0,0,0,0,0,0x04,10970,0,0,0,0,0,0,0,'Captain Blackanvil - say'),
(1544002,5101,35,6,50,0,0,0,0,0,0,0,0,0,0,0,0,'Captain Blackanvil - Send Event 6'),
(1544002,6000,20,0,0,0,0,0,0x04,0,0,0,0,0,0,0,0,'Captain Blackanvil - idle');
DELETE FROM creature_spawn_data_template WHERE `entry` IN (90);
INSERT INTO creature_spawn_data_template (entry, UnitFlags, RelayId, Name) VALUES (90,33536,20663,'- RelayId 20663');
UPDATE creature_template SET Faction = 1395, UnitFlags = 832, DamageMultiplier = 8.5, CorpseDecay = 300, MovementType = 2 WHERE entry IN(15449);
DELETE FROM creature_movement_template WHERE entry = 15449;
INSERT INTO creature_movement_template (Entry, Point, PositionX, PositionY, PositionZ, Orientation, WaitTime, ScriptId) VALUES
(15449,1,-7215.693,1458.8447,-3.1210537,5.16508,0,0),
(15449,2,-7210.614,1446.5219,-0.774911,100,0,0),
(15449,3,-7200.527,1422.5425,5.40259,100,0,0),
(15449,4,-7203.5703,1410.9662,5.495494,100,1000000,1544901),
(15449,5,-7191.466,1399.9132,3.978827,100,0,0);
DELETE FROM dbscripts_on_creature_movement WHERE id IN (1544901);
INSERT INTO dbscripts_on_creature_movement (id, delay, command, datalong, datalong2, datalong3, buddy_entry, search_radius, data_flags, dataint, dataint2, dataint3, dataint4, x, y, z, o, comments) VALUES
(1544901,1,35,8,100,0,0,0,0,0,0,0,0,0,0,0,0,'Hive\'Zora Abomination 15449 - send Event AI 8'),
(1544901,100,48,768,0,0,0,0,0x04,0,0,0,0,0,0,0,0,'Hive\'Zora Abomination 15449 - Remove UnitFlags'),
(1544901,200,26,0,0,0,15440,100,1,0,0,0,0,0,0,0,0,'Hive\'Zora Abomination 15449 - attack Blackanvil');
UPDATE creature SET spawntimesecsmin = 300, spawntimesecsmax = 300 WHERE id IN (15443,15903,15444,15441,15442,15449);
UPDATE creature_template SET DamageMultiplier = 3 WHERE entry IN (15443);
UPDATE creature_template SET DamageMultiplier = 1 WHERE entry IN (15903,15444,15441,15442);
DELETE FROM dbscripts_on_relay WHERE id BETWEEN 53 AND 84;
INSERT INTO dbscripts_on_relay (id, delay, command, datalong, datalong2, datalong3, buddy_entry, search_radius, data_flags, dataint, dataint2, dataint3, dataint4, x, y, z, o, comments) VALUES
(53,1000,3,0,0,0,0,0,0x04,0,0,0,0,-7168.6685,1394.3657,2.943416,2.925,'Part of Sergeant Carnes 15903 EAI - move'),
(54,1,3,0,0,0,0,0,0x04,0,0,0,0,-7160.947,1401.1855,3.0375133,4.10152,'Part of Sergeant Carnes 15903 EAI - move'),
(54,10000,3,0,0,0,0,0,0x04,0,0,0,0,-7160.947,1401.1855,3.0375133,4.10152,'Part of Sergeant Carnes 15903 EAI - safe move'),
(55,1000,3,0,0,0,0,0,0x04,0,0,0,0,-7177.405,1393.0306,3.091943,2.3038,'Part of Arcanist Nozzlespring 15444 EAI - move'),
(56,1,3,0,0,0,0,0,0x04,0,0,0,0,-7166.9097,1404.1198,2.9698133,3.2812,'Part of Arcanist Nozzlespring 15444 EAI - move'),
(56,10000,3,0,0,0,0,0,0x04,0,0,0,0,-7166.9097,1404.1198,2.9698133,3.2812,'Part of Arcanist Nozzlespring 15444 EAI - safe move'),
(57,1000,3,0,0,0,0,0,0x04,0,0,0,0,-7172.8164,1389.6763,2.919412,2.4609,'Part of Ironforge Brigade Rifleman 15441 EAI - move'),
(58,1,3,0,0,0,0,0,0x04,0,0,0,0,-7163.413,1389.0591,2.8928092,2.87979,'Part of Ironforge Brigade Rifleman 15441 EAI - move'),
(58,10000,3,0,0,0,0,0,0x04,0,0,0,0,-7163.413,1389.0591,2.8928092,2.87979,'Part of Ironforge Brigade Rifleman 15441 EAI - safe move'),
(59,1000,3,0,0,0,0,0,0x04,0,0,0,0,-7170.662,1391.6168,2.919412,2.3911,'Part of Ironforge Brigade Rifleman 15441 EAI - move'),
(60,1,3,0,0,0,0,0,0x04,0,0,0,0,-7164.2715,1403.1415,3.0027473,3.159,'Part of Ironforge Brigade Rifleman 15441 EAI - move'),
(60,10000,3,0,0,0,0,0,0x04,0,0,0,0,-7164.2715,1403.1415,3.0027473,3.159,'Part of Ironforge Brigade Rifleman 15441 EAI - safe move'),
(61,1000,3,0,0,0,0,0,0x04,0,0,0,0,-7174.86,1383.3921,2.919416,2.3387,'Part of Ironforge Brigade Rifleman 15441 EAI - move'),
(62,1,3,0,0,0,0,0,0x04,0,0,0,0,-7167.7505,1380.4862,3.0027502,2.02458,'Part of Ironforge Brigade Rifleman 15441 EAI - move'),
(62,10000,3,0,0,0,0,0,0x04,0,0,0,0,-7167.7505,1380.4862,3.0027502,2.02458,'Part of Ironforge Brigade Rifleman 15441 EAI - safe move'),
(63,1000,3,0,0,0,0,0,0x04,0,0,0,0,-7177.0522,1385.4811,2.919411,2.35619,'Part of Ironforge Brigade Rifleman 15441 EAI - move'),
(64,1,3,0,0,0,0,0,0x04,0,0,0,0,-7166.9243,1387.3278,3.0027452,1.361357,'Part of Ironforge Brigade Rifleman 15441 EAI - move'),
(64,10000,3,0,0,0,0,0,0x04,0,0,0,0,-7166.9243,1387.3278,3.0027452,1.361357,'Part of Ironforge Brigade Rifleman 15441 EAI - safe move'),
(65,1000,3,0,0,0,0,0,0x04,0,0,0,0,-7170.761,1387.5787,2.919412,2.3038,'Part of Ironforge Brigade Rifleman 15441 EAI - move'),
(66,1,3,0,0,0,0,0,0x04,0,0,0,0,-7169.733,1405.132,2.7783232,5.044,'Part of Ironforge Brigade Rifleman 15441 EAI - move'),
(66,10000,3,0,0,0,0,0,0x04,0,0,0,0,-7169.733,1405.132,2.7783232,5.044,'Part of Ironforge Brigade Rifleman 15441 EAI - safe move'),
(67,1000,3,0,0,0,0,0,0x04,0,0,0,0,-7174.879,1387.5894,2.919412,2.44346,'Part of Ironforge Brigade Rifleman 15441 EAI - move'),
(68,1,3,0,0,0,0,0,0x04,0,0,0,0,-7164.139,1391.2416,3.0027463,3.8397,'Part of Ironforge Brigade Rifleman 15441 EAI - move'),
(68,10000,3,0,0,0,0,0,0x04,0,0,0,0,-7164.139,1391.2416,3.0027463,3.8397,'Part of Ironforge Brigade Rifleman 15441 EAI - safe move'),
(69,1000,3,0,0,0,0,0,0x04,0,0,0,0,-7172.975,1385.422,2.919416,2.3736,'Part of Ironforge Brigade Rifleman 15441 EAI - move'),
(70,1,3,0,0,0,0,0,0x04,0,0,0,0,-7178.1353,1390.4185,2.9810643,2.234,'Part of Ironforge Brigade Rifleman 15441 EAI - move'),
(70,10000,3,0,0,0,0,0,0x04,0,0,0,0,-7178.1353,1390.4185,2.9810643,2.234,'Part of Ironforge Brigade Rifleman 15441 EAI - safe move'),
(71,1000,3,0,0,0,0,0,0x04,0,0,0,0,-7172.7666,1393.6962,3.073042,2.35619,'Part of Ironforge Brigade Footman 15442 EAI - move'),
(72,1,25,1,0,0,0,0,0x04,0,0,0,0,0,0,0,0,'Part of Ironforge Brigade Footman 15442 EAI - RUN ON'),
(72,10,3,0,0,0,0,0,0x04,0,0,0,0,-7183.3896,1404.201,4.169739,2.35619,'Part of Ironforge Brigade Footman 15442 EAI - move'),
(73,1,3,0,0,0,0,0,0x04,0,0,0,0,-7169.231,1380.7969,3.0386415,2.007,'Part of Ironforge Brigade Footman 15442 EAI - move'),
(73,10000,3,0,0,0,0,0,0x04,0,0,0,0,-7169.231,1380.7969,3.0386415,2.007,'Part of Ironforge Brigade Footman 15442 EAI - safe move'),
(74,1000,3,0,0,0,0,0,0x04,0,0,0,0,-7177.0103,1389.5869,2.920661,2.35619,'Part of Ironforge Brigade Footman 15442 EAI - move'),
(75,1,25,1,0,0,0,0,0x04,0,0,0,0,0,0,0,0,'Part of Ironforge Brigade Footman 15442 EAI - RUN ON'),
(75,10,3,0,0,0,0,0,0x04,0,0,0,0,-7187.4116,1400.0577,3.949679,2.35619,'Part of Ironforge Brigade Footman 15442 EAI - move'),
(76,1,3,0,0,0,0,0,0x04,0,0,0,0,-7187.4116,1400.0577,3.949679,2.35619,'Part of Ironforge Brigade Footman 15442 EAI - move'),
(76,10000,3,0,0,0,0,0,0x04,0,0,0,0,-7164.3145,1387.0052,2.8852112,1.989675,'Part of Ironforge Brigade Footman 15442 EAI - safe move'),
(77,1000,3,0,0,0,0,0,0x04,0,0,0,0,-7174.9873,1391.656,2.987242,2.3387,'Part of Ironforge Brigade Footman 15442 EAI - move'),
(78,1,25,1,0,0,0,0,0x04,0,0,0,0,0,0,0,0,'Part of Ironforge Brigade Footman 15442 EAI - RUN ON'),
(78,10,3,0,0,0,0,0,0x04,0,0,0,0,-7185.2603,1402.104,4.07097,2.3387,'Part of Ironforge Brigade Footman 15442 EAI - move'),
(79,1,3,0,0,0,0,0,0x04,0,0,0,0,-7172.894,1381.3248,3.0027502,1.93731,'Part of Ironforge Brigade Footman 15442 EAI - move'),
(79,10000,3,0,0,0,0,0,0x04,0,0,0,0,-7172.894,1381.3248,3.0027502,1.93731,'Part of Ironforge Brigade Footman 15442 EAI - safe move'),
(80,1000,3,0,0,0,0,0,0x04,0,0,0,0,-7179.092,1387.4589,2.919413,2.3387,'Part of Ironforge Brigade Footman 15442 EAI - move'),
(81,1,25,1,0,0,0,0,0x04,0,0,0,0,0,0,0,0,'Part of Ironforge Brigade Footman 15442 EAI - RUN ON'),
(81,10,3,0,0,0,0,0,0x04,0,0,0,0,-7189.437,1397.9579,3.783503,2.3387,'Part of Ironforge Brigade Footman 15442 EAI - move'),
(82,1,3,0,0,0,0,0,0x04,0,0,0,0,-7166.9097,1391.6007,2.9916933,5.1313,'Part of Ironforge Brigade Footman 15442 EAI - move'),
(82,10000,3,0,0,0,0,0,0x04,0,0,0,0,-7166.9097,1391.6007,2.9916933,5.1313,'Part of Ironforge Brigade Footman 15442 EAI - safe move'),
(83,1,21,1,0,0,0,0,0x04,0,0,0,0,0,0,0,0,'Part of Captain Blackanvil 15440 EAI - Active'),
(83,2,29,2,1,0,0,0,0x04,0,0,0,0,0,0,0,0,'Part of Captain Blackanvil 15440 EAI - Add NpcFlags'),
(83,180000,29,2,0,0,0,0,0x04,0,0,0,0,0,0,0,0,'Part of Captain Blackanvil 15440 EAI - Remove NpcFlags'),
(83,180002,21,0,0,0,0,0,0x04,0,0,0,0,0,0,0,0,'Part of Captain Blackanvil 15440 EAI - UnActive'),
(83,180003,18,0,0,0,0,0,0x04,0,0,0,0,0,0,0,0,'Part of Captain Blackanvil 15440 EAI - despawn'),
(84,1,3,0,0,0,0,0,0x04,0,0,0,0,-7178.561,1392.0747,2.8916323,2.25147,'Part of Janela Stouthammer 15443 EAI - move'),
(84,2,21,1,0,0,0,0,0x04,0,0,0,0,0,0,0,0,'Part of Janela Stouthammer 15443 EAI - Active'),
(84,3,29,3,1,0,0,0,0x04,0,0,0,0,0,0,0,0,'Part of Janela Stouthammer 15443 EAI - Add NpcFlags'),
(84,4,52,6949,0,0,0,0,0x04,0,0,0,0,0,0,0,0,'Part of Janela Stouthammer 15443 EAI: Set Gossip'),
(84,10000,3,0,0,0,0,0,0x04,0,0,0,0,-7178.561,1392.0747,2.8916323,2.25147,'Part of Janela Stouthammer 15443 EAI - safe move'),
(84,180000,29,2,0,0,0,0,0x04,0,0,0,0,0,0,0,0,'Part of Janela Stouthammer 15443 EAI - Remove NpcFlags'),
(84,180001,52,6623,0,0,0,0,0x04,0,0,0,0,0,0,0,0,'Part of Janela Stouthammer 15443 EAI: Set Gossip'),
(84,180002,21,0,0,0,0,0,0x04,0,0,0,0,0,0,0,0,'Part of Janela Stouthammer 15443 EAI - UnActive');

UPDATE creature_model_info SET combat_reach=1 WHERE modelid=17728;

UPDATE creature_template SET `Faction` = 1395, `SpeedWalk` = 1, `SpeedRun` = 1.71429, `MeleeBaseAttackTime` = 2000, `RangedBaseAttackTime` = 2000, `DamageMultiplier` = 6.4 WHERE `entry` = 15620;
UPDATE creature_template SET `SpeedRun` = 2.85714 WHERE `entry` = 15449;
UPDATE `creature_model_info` SET `bounding_radius` = 8.15, `combat_reach` = 7.5 WHERE `modelid` = 15576;
UPDATE `creature_model_info` SET `bounding_radius` = 7.965, `combat_reach` = 6.75 WHERE `modelid` = 15452;
UPDATE creature_template SET `Faction` = 310 WHERE `entry` IN (10040,10041,13136,13301);

DELETE FROM string_id WHERE Id IN(10000) AND Name IN('CLAW_UNDERBOG');
INSERT INTO string_id(Id, Name) VALUES (10000, 'CLAW_UNDERBOG');
DELETE FROM spell_script_target WHERE entry IN(34662);
INSERT INTO spell_script_target(entry, type, targetEntry, inverseEffectMask) VALUES (34662,5,10000,0);
UPDATE creature_template SET StringId1=10000 WHERE entry IN(17827,20165);

DELETE FROM creature_addon WHERE guid IN (SELECT guid FROM creature WHERE id IN (28218,28220));
DELETE FROM creature_movement WHERE id IN (SELECT guid FROM creature WHERE id IN (28218,28220));
DELETE FROM game_event_creature WHERE guid IN (SELECT guid FROM creature WHERE id IN (28218,28220));
DELETE FROM game_event_creature_data WHERE guid IN (SELECT guid FROM creature WHERE id IN (28218,28220));
DELETE FROM creature_battleground WHERE guid IN (SELECT guid FROM creature WHERE id IN (28218,28220));
DELETE FROM creature_linking WHERE guid IN (SELECT guid FROM creature WHERE id IN (28218,28220)) OR master_guid IN (SELECT guid FROM creature WHERE id IN (28218,28220));
DELETE FROM creature WHERE id IN (28218,28220);
SET @CGUID := 79478;
INSERT INTO creature (guid, id, map, spawnMask, phaseMask, position_x, position_y, position_z, orientation, spawntimesecsmin, spawntimesecsmax, spawndist, MovementType) VALUES
(@CGUID+1  ,28218,571,1,1,6226.32,4135.44,-9.46317,4.33624,120,120,10,1),
(@CGUID+2  ,28218,571,1,1,6026.45,3843.12,-0.668164,3.23522,120,120,10,1),
(@CGUID+3  ,28218,571,1,1,6248.97,4095.78,8.26233,1.32819,120,120,10,1),
(@CGUID+4  ,28218,571,1,1,6226.85,4063.13,11.8696,4.54533,120,120,10,1),
(@CGUID+5  ,28218,571,1,1,6270.55,4090.97,12.6091,5.28366,120,120,10,1),
(@CGUID+6  ,28218,571,1,1,6234.5,4068.56,12.8718,6.24529,120,120,10,1),
(@CGUID+7  ,28218,571,1,1,6044.28,3833.72,14.413,2.60682,120,120,10,1),
(@CGUID+8  ,28218,571,1,1,6181.49,3982.27,14.9608,5.36409,120,120,10,1),
(@CGUID+9  ,28218,571,1,1,6000.15,3790.95,15.4118,0.469327,120,120,10,1),
(@CGUID+10 ,28218,571,1,1,5989.38,3770.02,18.5868,2.87671,120,120,10,1),
(@CGUID+11 ,28218,571,1,1,6020.64,3802.19,19.3509,3.47076,120,120,10,1),
(@CGUID+12 ,28218,571,1,1,6210.3,4000.09,23.0876,3.30144,120,120,10,1),
(@CGUID+13 ,28218,571,1,1,6231.66,4032.57,24.3235,1.68352,120,120,10,1),
(@CGUID+14 ,28218,571,1,1,6040.28,3807.19,26.1885,2.71246,120,120,10,1),
(@CGUID+15 ,28218,571,1,1,6018.12,3785.76,26.4044,1.28353,120,120,10,1),
(@CGUID+16 ,28218,571,1,1,6034.46,3800.27,26.6269,4.81024,120,120,10,1),
(@CGUID+17 ,28218,571,1,1,6008.71,3768.57,28.0539,2.90916,120,120,10,1),
(@CGUID+18 ,28218,571,1,1,6264.44,4050.54,29.9691,0.914207,120,120,10,1),
(@CGUID+19 ,28218,571,1,1,6023.56,3780.91,31.8616,3.24563,120,120,10,1),
(@CGUID+20 ,28218,571,1,1,6227.61,3997.46,33.6697,3.45438,120,120,10,1),
(@CGUID+21 ,28218,571,1,1,6022,3753.63,38.06,3.02899,120,120,10,1),
(@CGUID+22 ,28218,571,1,1,5993.27,3704.88,39.5766,2.50806,120,120,10,1),
(@CGUID+23 ,28218,571,1,1,6065.26,3818.29,40.8797,5.37249,120,120,10,1),
(@CGUID+24 ,28218,571,1,1,6249.74,3999.76,41.0094,4.44207,120,120,10,1),
(@CGUID+25 ,28218,571,1,1,6042.85,3788.28,41.5361,6.14308,120,120,10,1),
(@CGUID+26 ,28218,571,1,1,6233.99,3986.45,43.0809,0.392838,120,120,10,1),
(@CGUID+27 ,28218,571,1,1,6220.2,3976.15,43.4612,6.17167,120,120,10,1),
(@CGUID+28 ,28218,571,1,1,6077.74,3822.51,44.3165,2.39833,120,120,10,1),
(@CGUID+29 ,28218,571,1,1,6009.9,3716.23,44.627,3.8405,120,120,10,1),
(@CGUID+30 ,28218,571,1,1,6237.41,3984.82,45.9007,1.15654,120,120,10,1),
(@CGUID+31 ,28218,571,1,1,6032.85,3752.09,45.9374,3.08003,120,120,10,1),
(@CGUID+32 ,28218,571,1,1,6033.15,3752.31,46.1603,3.04474,120,120,10,1),
(@CGUID+33 ,28218,571,1,1,6053.26,3784.32,48.1671,6.2324,120,120,10,1),
(@CGUID+34 ,28218,571,1,1,5985.06,3651.48,48.4036,4.77201,120,120,10,1),
(@CGUID+35 ,28218,571,1,1,5995.87,3677.12,48.9391,4.10406,120,120,10,1),
(@CGUID+36 ,28218,571,1,1,6231.78,3974.78,49.0018,1.36919,120,120,10,1),
(@CGUID+37 ,28218,571,1,1,6083.72,3816.83,49.342,4.07104,120,120,10,1),
(@CGUID+38 ,28218,571,1,1,6203.81,3948.68,49.7489,5.91687,120,120,10,1),
(@CGUID+39 ,28218,571,1,1,6000.31,3683.03,49.9767,3.02123,120,120,10,1),
(@CGUID+40 ,28218,571,1,1,6233.1,3973.61,50.2017,1.29598,120,120,10,1),
(@CGUID+41 ,28218,571,1,1,6232.93,3973.72,50.2587,1.30403,120,120,10,1),
(@CGUID+42 ,28218,571,1,1,6059.37,3786.42,51.017,2.86155,120,120,10,1),
(@CGUID+43 ,28218,571,1,1,6056.06,3780.89,51.3334,1.90613,120,120,10,1),
(@CGUID+44 ,28218,571,1,1,6188.42,3931.19,51.6649,0.679223,120,120,10,1),
(@CGUID+45 ,28218,571,1,1,6042.19,3750.5,54.4048,3.90019,120,120,10,1),
(@CGUID+46 ,28218,571,1,1,6201.73,3938.34,54.4389,4.73534,120,120,10,1),
(@CGUID+47 ,28218,571,1,1,6014.77,3698.27,55.1833,6.18634,120,120,10,1),
(@CGUID+48 ,28218,571,1,1,6053.37,3765.11,56.7909,2.11708,120,120,10,1),
(@CGUID+49 ,28218,571,1,1,6058.8,3770.58,57.2765,1.11109,120,120,10,1),
(@CGUID+50 ,28218,571,1,1,6001.59,3624.45,59.3169,6.08368,120,120,10,1),
(@CGUID+51 ,28218,571,1,1,6101.5,3812.39,59.5236,2.06632,120,120,10,1),
(@CGUID+52 ,28218,571,1,1,6206.02,3934.85,59.8663,4.84914,120,120,10,1),
(@CGUID+53 ,28218,571,1,1,6050.66,3752.61,60.4562,6.14308,120,120,10,1),
(@CGUID+54 ,28218,571,1,1,6220.65,3946.31,61.5346,2.39004,120,120,10,1),
(@CGUID+55 ,28218,571,1,1,6047.41,3740.75,62.4719,1.04596,120,120,10,1),
(@CGUID+56 ,28218,571,1,1,6123.37,3827.49,63.2169,1.36919,120,120,10,1),
(@CGUID+57 ,28218,571,1,1,6011.72,3647.39,64.817,1.3069,120,120,10,1),
(@CGUID+58 ,28218,571,1,1,6013.86,3632.76,66.1445,3.58559,120,120,10,1),
(@CGUID+59 ,28218,571,1,1,6060.48,3754.39,66.4596,2.52623,120,120,10,1),
(@CGUID+60 ,28218,571,1,1,6042.44,3721.75,67.3087,2.64974,120,120,10,1),
(@CGUID+61 ,28218,571,1,1,6217.11,3929.17,71.5245,3.14159,120,120,10,1),
(@CGUID+62 ,28218,571,1,1,6348.25,4028.16,71.7643,0.482154,120,120,10,1),
(@CGUID+63 ,28218,571,1,1,6309.04,4011.22,71.9297,1.50533,120,120,10,1),
(@CGUID+64 ,28218,571,1,1,6034.4,3692.78,72.1258,2.71771,120,120,10,1),
(@CGUID+65 ,28218,571,1,1,6289.68,3991.9,72.2449,2.60352,120,120,10,1),
(@CGUID+66 ,28218,571,1,1,6225.89,3936.32,73.1515,2.70196,120,120,10,1),
(@CGUID+67 ,28218,571,1,1,6027.35,3663.52,73.167,0.244742,120,120,10,1),
(@CGUID+68 ,28218,571,1,1,6249.87,3966.56,73.7211,4.08822,120,120,10,1),
(@CGUID+69 ,28218,571,1,1,6293.06,3982.26,73.8298,6.14018,120,120,10,1),
(@CGUID+70 ,28218,571,1,1,6283.91,3973.09,74.2724,0.362137,120,120,10,1),
(@CGUID+71 ,28218,571,1,1,6238.06,3947.31,75.0469,2.62329,120,120,10,1),
(@CGUID+72 ,28218,571,1,1,6334.01,3998.35,75.3988,4.88219,120,120,10,1),
(@CGUID+73 ,28218,571,1,1,6035.16,3679.93,75.8292,1.94417,120,120,10,1),
(@CGUID+74 ,28218,571,1,1,6256.42,3960.8,76.3203,2.95492,120,120,10,1),
(@CGUID+75 ,28218,571,1,1,6066.67,3745.18,77.2899,2.88193,120,120,10,1),
(@CGUID+76 ,28218,571,1,1,6242.21,3945.96,77.5243,5.95619,120,120,10,1),
(@CGUID+77 ,28218,571,1,1,6043.6,3697.26,77.7456,2.13116,120,120,10,1),
(@CGUID+78 ,28218,571,1,1,6252.54,3953.46,77.8403,6.21772,120,120,10,1),
(@CGUID+79 ,28218,571,1,1,6342.09,3999.58,78.4554,5.15987,120,120,10,1),
(@CGUID+80 ,28218,571,1,1,6070.11,3749.99,78.7947,2.79268,120,120,10,1),
(@CGUID+81 ,28218,571,1,1,6227.43,3929.68,78.9315,2.12411,120,120,10,1),
(@CGUID+82 ,28218,571,1,1,6042.16,3685.29,80.3046,3.14448,120,120,10,1),
(@CGUID+83 ,28218,571,1,1,6156.99,3896.65,81.7482,2.19945,120,120,10,1),
(@CGUID+84 ,28218,571,1,1,6042.23,3610.93,82.6139,1.7634,120,120,10,1),
(@CGUID+85 ,28218,571,1,1,6235.63,3931.77,83.6565,0.817155,120,120,10,1),
(@CGUID+86 ,28218,571,1,1,6175.1,3907.13,84.5062,5.36898,120,120,10,1),
(@CGUID+87 ,28218,571,1,1,6188.51,3907.78,86.8126,2.74042,120,120,10,1),
(@CGUID+88 ,28218,571,1,1,6045.85,3645.88,87.9334,2.49965,120,120,10,1),
(@CGUID+89 ,28218,571,1,1,6176.62,3889.28,88.1978,2.41422,120,120,10,1),
(@CGUID+90 ,28218,571,1,1,6051.71,3621.16,90.0968,3.23349,120,120,10,1),
(@CGUID+91 ,28218,571,1,1,6225.34,3915.96,90.4207,1.77868,120,120,10,1),
(@CGUID+92 ,28218,571,1,1,6050.65,3674.63,90.5888,3.06145,120,120,10,1),
(@CGUID+93 ,28218,571,1,1,6184.35,3884.64,90.7957,4.19324,120,120,10,1),
(@CGUID+94 ,28218,571,1,1,6242.75,3928.6,91.5538,0.812344,120,120,10,1),
(@CGUID+95 ,28218,571,1,1,6148.7,3811.68,96.4931,1.40099,120,120,10,1),
(@CGUID+96 ,28218,571,1,1,6144.02,3789.37,98.1056,2.46919,120,120,10,1),
(@CGUID+97 ,28218,571,1,1,6112.81,3775.59,98.142,3.82493,120,120,10,1),
(@CGUID+98 ,28218,571,1,1,6094.34,3747.63,100.835,2.88879,120,120,10,1),
(@CGUID+99 ,28218,571,1,1,6266.49,3942.5,104.744,3.00439,120,120,10,1),
(@CGUID+100,28218,571,1,1,6290.41,3946.94,109.436,5.32912,120,120,10,1),
(@CGUID+101,28218,571,1,1,6280.49,3938.06,110.913,2.01364,120,120,10,1),
(@CGUID+102,28218,571,1,1,6302.75,3946.1,111.186,5.3264,120,120,10,1),
(@CGUID+103,28218,571,1,1,6326.43,3959.67,111.277,5.61771,120,120,10,1),
(@CGUID+104,28218,571,1,1,6101.59,3716.04,117.39,5.53302,120,120,10,1),
(@CGUID+105,28218,571,1,1,6119.03,3701.65,126.046,3.98988,120,120,10,1),
(@CGUID+106,28218,571,1,1,6237.26,3893.63,130.181,3.60524,120,120,10,1),
(@CGUID+107,28218,571,1,1,6088.96,3672.78,131.363,3.11523,120,120,10,1),
(@CGUID+108,28218,571,1,1,6175.97,3785.48,133.327,3.26851,120,120,10,1),
(@CGUID+109,28218,571,1,1,6098,3672.93,133.393,4.65277,120,120,10,1),
(@CGUID+110,28218,571,1,1,6199.53,3853.17,134.578,5.10958,120,120,10,1),
(@CGUID+111,28218,571,1,1,6187.65,3819.96,134.931,4.26367,120,120,10,1),
(@CGUID+112,28218,571,1,1,6247.96,3882.19,135.624,0.569577,120,120,10,1),
(@CGUID+113,28218,571,1,1,6216.46,3855.26,136.151,5.03846,120,120,10,1),
(@CGUID+114,28218,571,1,1,6241.3,3875.38,136.383,6.24899,120,120,10,1),
(@CGUID+115,28218,571,1,1,6201.3,3800.99,138.349,3.87586,120,120,10,1),
(@CGUID+116,28218,571,1,1,6253.49,3877.41,139.645,5.38088,120,120,10,1),
(@CGUID+117,28218,571,1,1,6108.44,3660.14,139.959,4.11654,120,120,10,1),
(@CGUID+118,28218,571,1,1,6168.01,3762.8,141.506,5.29606,120,120,10,1),
(@CGUID+119,28218,571,1,1,6216.82,3804.71,144.373,2.22036,120,120,10,1),
(@CGUID+120,28218,571,1,1,6264.04,3875.75,144.592,1.47686,120,120,10,1),
(@CGUID+121,28218,571,1,1,6191.16,3777.36,146.893,1.34524,120,120,10,1),
(@CGUID+122,28218,571,1,1,6166.67,3750,147.086,0.913774,120,120,10,1),
(@CGUID+123,28218,571,1,1,6178.03,3761.25,147.373,2.68537,120,120,10,1),
(@CGUID+124,28218,571,1,1,6245.33,3850.12,147.739,2.58392,120,120,10,1),
(@CGUID+125,28218,571,1,1,6201.23,3782.33,149.771,5.65238,120,120,10,1),
(@CGUID+126,28218,571,1,1,6145.65,3718.82,150.023,4.04604,120,120,10,1),
(@CGUID+127,28218,571,1,1,6146.93,3718.8,150.482,4.0683,120,120,10,1),
(@CGUID+128,28218,571,1,1,6146.06,3716.96,150.648,4.06342,120,120,10,1),
(@CGUID+129,28218,571,1,1,6146.85,3716.66,150.666,4.08295,120,120,10,1),
(@CGUID+130,28218,571,1,1,6163.17,3736.23,153.681,4.23651,120,120,10,1),
(@CGUID+131,28218,571,1,1,6160.14,3732.64,153.892,3.65505,120,120,10,1),
(@CGUID+132,28218,571,1,1,6184.16,3753.9,154.612,5.52563,120,120,10,1),
(@CGUID+133,28218,571,1,1,6170.41,3735.05,159.219,3.63276,120,120,10,1),
(@CGUID+134,28218,571,1,1,6164.52,3725.91,160.906,0.864925,120,120,10,1),
(@CGUID+135,28218,571,1,1,6296.61,3874.86,173.447,1.57568,120,120,10,1),
(@CGUID+136,28218,571,1,1,6301.14,3874.55,175.871,6.09652,120,120,10,1),
(@CGUID+137,28218,571,1,1,6270.11,3837.21,176.567,3.04377,120,120,10,1),
(@CGUID+138,28218,571,1,1,6320.81,3899.44,177.194,4.41205,120,120,10,1),
(@CGUID+139,28218,571,1,1,6312.12,3869.35,182.259,1.70496,120,120,10,1),
(@CGUID+140,28218,571,1,1,6266.7,3826.77,182.969,1.55322,120,120,10,1),
(@CGUID+141,28218,571,1,1,6249.65,3787.64,206.051,3.39723,120,120,10,1),
(@CGUID+142,28218,571,1,1,6242.06,3782.52,206.052,2.41422,120,120,10,1),
(@CGUID+143,28218,571,1,1,6273.06,3798.44,210.898,3.19828,120,120,10,1),
(@CGUID+144,28218,571,1,1,6251.56,3778.65,215.412,1.27747,120,120,10,1),
(@CGUID+145,28218,571,1,1,6286.07,3790.3,224.741,1.6794,120,120,0,0);
SET @AGUID := 79236;
INSERT INTO creature (guid, id, map, spawnMask, phaseMask, position_x, position_y, position_z, orientation, spawntimesecsmin, spawntimesecsmax, spawndist, MovementType) VALUES
(@AGUID+1  ,28220,571,1,1,6235.01,4129.69,-6.45842,2.64256,120,120,10,1),
(@AGUID+2  ,28220,571,1,1,6218.82,4115.89,-6.01005,5.8724,120,120,10,1),
(@AGUID+3  ,28220,571,1,1,6243.4,4124.9,-4.15584,2.44123,120,120,10,1),
(@AGUID+4  ,28220,571,1,1,6236.14,4105.47,1.66211,1.06522,120,120,10,1),
(@AGUID+5  ,28220,571,1,1,5998.85,3808.58,4.17684,4.73485,120,120,10,1),
(@AGUID+6  ,28220,571,1,1,6217.75,4078.26,5.03263,4.07885,120,120,10,1),
(@AGUID+7  ,28220,571,1,1,6197.58,4029.42,6.81124,0.779873,120,120,10,1),
(@AGUID+8  ,28220,571,1,1,6021.49,3816.5,10.8385,6.09645,120,120,10,1),
(@AGUID+9  ,28220,571,1,1,6031.63,3821.43,14.799,1.96236,120,120,10,1),
(@AGUID+10 ,28220,571,1,1,6035.88,3824.19,15.4218,0.297026,120,120,10,1),
(@AGUID+11 ,28220,571,1,1,6238.05,4055.23,16.5475,3.88834,120,120,10,1),
(@AGUID+12 ,28220,571,1,1,6039.4,3822.65,18.3396,4.08979,120,120,10,1),
(@AGUID+13 ,28220,571,1,1,5979.34,3744.3,18.9031,0.943508,120,120,10,1),
(@AGUID+14 ,28220,571,1,1,6225.87,4040.39,18.9395,3.92434,120,120,10,1),
(@AGUID+15 ,28220,571,1,1,6176.36,3967.9,20.0246,3.43831,120,120,10,1),
(@AGUID+16 ,28220,571,1,1,6001.79,3752.66,28.631,1.23237,120,120,10,1),
(@AGUID+17 ,28220,571,1,1,6000.25,3748.36,28.9455,0.191648,120,120,10,1),
(@AGUID+18 ,28220,571,1,1,6218.83,3985.88,34.5355,5.87419,120,120,10,1),
(@AGUID+19 ,28220,571,1,1,6012.43,3741.53,36.2449,3.29261,120,120,10,1),
(@AGUID+20 ,28220,571,1,1,6220.5,3983.5,37.8963,2.67804,120,120,10,1),
(@AGUID+21 ,28220,571,1,1,5978.72,3682.06,38.9717,2.39695,120,120,10,1),
(@AGUID+22 ,28220,571,1,1,6019.3,3744.11,39.5077,1.32913,120,120,10,1),
(@AGUID+23 ,28220,571,1,1,5970.33,3650.57,42.1654,3.32147,120,120,10,1),
(@AGUID+24 ,28220,571,1,1,6208.14,3966.83,42.1914,1.51707,120,120,10,1),
(@AGUID+25 ,28220,571,1,1,5974.13,3652.32,43.2917,4.42,120,120,10,1),
(@AGUID+26 ,28220,571,1,1,6017.2,3730.75,43.6614,1.66269,120,120,10,1),
(@AGUID+27 ,28220,571,1,1,6047.5,3787.76,43.7705,2.51703,120,120,10,1),
(@AGUID+28 ,28220,571,1,1,6032.85,3752.09,45.9374,3.08003,120,120,10,1),
(@AGUID+29 ,28220,571,1,1,6236.77,3983.96,46.0931,1.2126,120,120,10,1),
(@AGUID+30 ,28220,571,1,1,6033.15,3752.31,46.1603,3.04474,120,120,10,1),
(@AGUID+31 ,28220,571,1,1,6198.67,3948.72,46.4556,5.33261,120,120,10,1),
(@AGUID+32 ,28220,571,1,1,6037.6,3756.35,48.5361,3.80229,120,120,10,1),
(@AGUID+33 ,28220,571,1,1,6041.74,3766.28,48.5551,2.99956,120,120,10,1),
(@AGUID+34 ,28220,571,1,1,6233.52,3976.49,48.6998,1.30497,120,120,10,1),
(@AGUID+35 ,28220,571,1,1,6067.4,3800.11,48.7843,2.43985,120,120,10,1),
(@AGUID+36 ,28220,571,1,1,6231.46,3974.49,49.0496,1.39217,120,120,10,1),
(@AGUID+37 ,28220,571,1,1,6040.19,3758.83,49.7125,2.41008,120,120,10,1),
(@AGUID+38 ,28220,571,1,1,6231.47,3973.26,49.7165,1.39601,120,120,10,1),
(@AGUID+39 ,28220,571,1,1,6230.99,3972.72,49.8135,1.42572,120,120,10,1),
(@AGUID+40 ,28220,571,1,1,5990.49,3631.01,53.5483,4.80729,120,120,10,1),
(@AGUID+41 ,28220,571,1,1,6076.65,3799.11,53.9491,4.92185,120,120,10,1),
(@AGUID+42 ,28220,571,1,1,6033.62,3733.36,54.5609,1.00392,120,120,10,1),
(@AGUID+43 ,28220,571,1,1,6071.85,3792.09,54.9515,2.29679,120,120,10,1),
(@AGUID+44 ,28220,571,1,1,6087.01,3804.01,56.4317,2.53734,120,120,10,1),
(@AGUID+45 ,28220,571,1,1,6102.05,3818.17,56.8321,1.74253,120,120,10,1),
(@AGUID+46 ,28220,571,1,1,6206.28,3938.62,57.5329,5.116,120,120,10,1),
(@AGUID+47 ,28220,571,1,1,6064.83,3778.74,57.6007,3.37212,120,120,10,1),
(@AGUID+48 ,28220,571,1,1,6201.1,3933.17,57.8923,4.92263,120,120,10,1),
(@AGUID+49 ,28220,571,1,1,5999.65,3639.97,57.9213,1.5366,120,120,10,1),
(@AGUID+50 ,28220,571,1,1,6053.26,3759.11,58.8774,2.00866,120,120,10,1),
(@AGUID+51 ,28220,571,1,1,6010.46,3675.94,59.1225,0.731508,120,120,10,1),
(@AGUID+52 ,28220,571,1,1,6210.95,3940.44,59.4437,2.79476,120,120,10,1),
(@AGUID+53 ,28220,571,1,1,6060.63,3765.14,60.9384,3.87724,120,120,10,1),
(@AGUID+54 ,28220,571,1,1,6127.91,3834.78,61.4772,4.78872,120,120,10,1),
(@AGUID+55 ,28220,571,1,1,6314.15,4044.27,64.4127,5.91138,120,120,10,1),
(@AGUID+56 ,28220,571,1,1,6225.85,3948.15,64.6061,2.88785,120,120,10,1),
(@AGUID+57 ,28220,571,1,1,6020.63,3675.2,66.4272,4.34059,120,120,10,1),
(@AGUID+58 ,28220,571,1,1,6027.46,3687.73,68.1799,1.1137,120,120,10,1),
(@AGUID+59 ,28220,571,1,1,6263.7,3987.94,68.8777,5.32374,120,120,10,1),
(@AGUID+60 ,28220,571,1,1,6264.08,3987.66,69.0378,0.371149,120,120,10,1),
(@AGUID+61 ,28220,571,1,1,6042.2,3716.81,69.2176,2.11925,120,120,10,1),
(@AGUID+62 ,28220,571,1,1,6020.1,3635,69.9333,4.56635,120,120,10,1),
(@AGUID+63 ,28220,571,1,1,6279.61,3989.89,71.2563,0.475879,120,120,10,1),
(@AGUID+64 ,28220,571,1,1,6070.58,3760.38,71.3867,5.67758,120,120,10,1),
(@AGUID+65 ,28220,571,1,1,6308.85,4012.75,71.8048,3.52264,120,120,10,1),
(@AGUID+66 ,28220,571,1,1,6295.93,4000.49,72.1362,5.80294,120,120,10,1),
(@AGUID+67 ,28220,571,1,1,6314.39,4003.04,72.897,3.00199,120,120,10,1),
(@AGUID+68 ,28220,571,1,1,6281.23,3975.58,73.5632,2.20922,120,120,10,1),
(@AGUID+69 ,28220,571,1,1,6061.65,3742.18,73.7602,0.405533,120,120,10,1),
(@AGUID+70 ,28220,571,1,1,6038.95,3699.44,73.8364,4.30775,120,120,10,1),
(@AGUID+71 ,28220,571,1,1,6028.38,3661.66,74.2614,3.83783,120,120,10,1),
(@AGUID+72 ,28220,571,1,1,6272.21,3969.22,74.5697,2.26216,120,120,10,1),
(@AGUID+73 ,28220,571,1,1,6245.83,3956.01,75.4741,2.19241,120,120,10,1),
(@AGUID+74 ,28220,571,1,1,6270.36,3964.64,76.3092,2.6325,120,120,10,1),
(@AGUID+75 ,28220,571,1,1,6063.88,3741.2,76.6421,5.08019,120,120,10,1),
(@AGUID+76 ,28220,571,1,1,6261.97,3959.61,77.4568,3.8102,120,120,10,1),
(@AGUID+77 ,28220,571,1,1,6035.61,3662.53,79.9004,5.2508,120,120,10,1),
(@AGUID+78 ,28220,571,1,1,6040.59,3626.68,82.8035,1.89286,120,120,10,1),
(@AGUID+79 ,28220,571,1,1,6235.09,3931.19,83.9744,5.95001,120,120,10,1),
(@AGUID+80 ,28220,571,1,1,6044.63,3649.43,87.0141,4.19979,120,120,10,1),
(@AGUID+81 ,28220,571,1,1,6203.67,3916.7,87.4193,5.97255,120,120,10,1),
(@AGUID+82 ,28220,571,1,1,6199.79,3913.07,87.6466,5.43976,120,120,10,1),
(@AGUID+83 ,28220,571,1,1,6050.46,3684.92,88.3038,2.59448,120,120,10,1),
(@AGUID+84 ,28220,571,1,1,6200.46,3907.71,88.7234,1.83165,120,120,10,1),
(@AGUID+85 ,28220,571,1,1,6167.01,3866.96,90.9559,3.88439,120,120,10,1),
(@AGUID+86 ,28220,571,1,1,6205.53,3903.69,91.2758,0.614006,120,120,10,1),
(@AGUID+87 ,28220,571,1,1,6247.36,3933.55,92.1259,0.613871,120,120,10,1),
(@AGUID+88 ,28220,571,1,1,6084.29,3751.01,93.4971,6.15689,120,120,10,1),
(@AGUID+89 ,28220,571,1,1,6166.67,3854.17,93.9727,4.29301,120,120,10,1),
(@AGUID+90 ,28220,571,1,1,6183.35,3877.38,95.5797,4.17049,120,120,10,1),
(@AGUID+91 ,28220,571,1,1,6090.09,3757.57,96.1721,2.16319,120,120,10,1),
(@AGUID+92 ,28220,571,1,1,6157.07,3826.32,96.1745,0.737749,120,120,10,1),
(@AGUID+93 ,28220,571,1,1,6127.15,3789.35,97.8769,4.19324,120,120,10,1),
(@AGUID+94 ,28220,571,1,1,6113.71,3783.29,97.9595,3.06535,120,120,10,1),
(@AGUID+95 ,28220,571,1,1,6251.71,3931.27,98.0592,2.4336,120,120,10,1),
(@AGUID+96 ,28220,571,1,1,6254.41,3916.01,109.316,3.04669,120,120,10,1),
(@AGUID+97 ,28220,571,1,1,6116.34,3733.05,112.456,2.89188,120,120,10,1),
(@AGUID+98 ,28220,571,1,1,6273.32,3930.58,112.889,2.14254,120,120,10,1),
(@AGUID+99 ,28220,571,1,1,6301.54,3932.28,114.303,6.02755,120,120,10,1),
(@AGUID+100,28220,571,1,1,6081.59,3713.17,117.209,1.11126,120,120,10,1),
(@AGUID+101,28220,571,1,1,6316.37,3930.57,117.482,5.1839,120,120,10,1),
(@AGUID+102,28220,571,1,1,6270.83,3916.84,118.393,3.33114,120,120,0,0);
SET @BGUID := 52416;
INSERT INTO creature (guid, id, map, spawnMask, phaseMask, position_x, position_y, position_z, orientation, spawntimesecsmin, spawntimesecsmax, spawndist, MovementType) VALUES
(@BGUID+1 ,28220,571,1,1,6259.33,3902.98,122.819,2.10267,120,120,10,1),
(@BGUID+2 ,28220,571,1,1,6280.73,3906.45,126.307,0.846621,120,120,10,1),
(@BGUID+3 ,28220,571,1,1,6094.64,3682.99,126.956,1.24256,120,120,10,1),
(@BGUID+4 ,28220,571,1,1,6260.98,3894.13,131.686,3.26595,120,120,10,1),
(@BGUID+5 ,28220,571,1,1,6122.8,3689.63,133.225,1.18412,120,120,10,1),
(@BGUID+6 ,28220,571,1,1,6131.13,3700.7,133.525,6.25838,120,120,10,1),
(@BGUID+7 ,28220,571,1,1,6225.52,3874.92,133.603,2.37001,120,120,10,1),
(@BGUID+8 ,28220,571,1,1,6201.66,3863.65,133.671,0.919091,120,120,10,1),
(@BGUID+9 ,28220,571,1,1,6184.43,3797.25,133.683,5.61683,120,120,10,1),
(@BGUID+10,28220,571,1,1,6218.33,3871.67,134.482,3.33918,120,120,10,1),
(@BGUID+11,28220,571,1,1,6176.98,3783.95,134.768,5.34456,120,120,10,1),
(@BGUID+12,28220,571,1,1,6198.34,3841.78,135.359,1.66367,120,120,10,1),
(@BGUID+13,28220,571,1,1,6100.75,3666.81,136.582,5.6635,120,120,10,1),
(@BGUID+14,28220,571,1,1,6209.3,3818.44,136.649,2.9056,120,120,10,1),
(@BGUID+15,28220,571,1,1,6237.89,3869,137.665,2.2615,120,120,10,1),
(@BGUID+16,28220,571,1,1,6217.25,3824.65,137.82,1.41882,120,120,10,1),
(@BGUID+17,28220,571,1,1,6224.02,3823.38,141.488,0.921828,120,120,10,1),
(@BGUID+18,28220,571,1,1,6154.64,3744.08,142.507,2.46273,120,120,10,1),
(@BGUID+19,28220,571,1,1,6140.46,3725.91,142.576,1.22843,120,120,10,1),
(@BGUID+20,28220,571,1,1,6177.79,3769.9,143.254,2.81335,120,120,10,1),
(@BGUID+21,28220,571,1,1,6165.87,3753.92,144.6,3.07577,120,120,10,1),
(@BGUID+22,28220,571,1,1,6204.28,3787.5,147.641,1.37225,120,120,10,1),
(@BGUID+23,28220,571,1,1,6154.32,3733.83,149.534,4.2125,120,120,10,1),
(@BGUID+24,28220,571,1,1,6155.14,3734.01,149.833,4.16611,120,120,10,1),
(@BGUID+25,28220,571,1,1,6155.16,3732.96,150.609,4.13495,120,120,10,1),
(@BGUID+26,28220,571,1,1,6153.51,3728.66,151.592,4.10054,120,120,10,1),
(@BGUID+27,28220,571,1,1,6148.3,3717.32,151.622,4.08022,120,120,10,1),
(@BGUID+28,28220,571,1,1,6150.78,3721.06,152.584,5.88599,120,120,10,1),
(@BGUID+29,28220,571,1,1,6171.1,3738.68,156.385,2.14472,120,120,10,1),
(@BGUID+30,28220,571,1,1,6289.25,3884.51,165.293,1.69116,120,120,10,1),
(@BGUID+31,28220,571,1,1,6174.13,3723.93,168.636,3.80013,120,120,10,1),
(@BGUID+32,28220,571,1,1,6256.18,3830.24,171.451,1.55908,120,120,10,1),
(@BGUID+33,28220,571,1,1,6300.02,3884.16,171.517,4.32699,120,120,10,1),
(@BGUID+34,28220,571,1,1,6264.98,3837.77,172.49,4.45676,120,120,10,1),
(@BGUID+35,28220,571,1,1,6256.3,3828.84,172.912,1.82643,120,120,10,1),
(@BGUID+36,28220,571,1,1,6239.58,3809.13,173.043,4.71239,120,120,10,1),
(@BGUID+37,28220,571,1,1,6313.18,3898.65,173.565,2.0161,120,120,10,1),
(@BGUID+38,28220,571,1,1,6299.7,3861.25,180.305,0.92178,120,120,10,1),
(@BGUID+39,28220,571,1,1,6282.72,3837.64,183.915,2.68231,120,120,10,1),
(@BGUID+40,28220,571,1,1,6270.12,3810.9,198.15,5.71144,120,120,0,0);
UPDATE creature SET position_x = 6294.4067, position_y = 3741.226, position_z = 280.5352, spawndist = 0, MovementType = 0 WHERE guid = @CGUID+128;
UPDATE creature SET position_x = 6365.79, position_y = 3713.25, position_z = 348.385, spawndist = 0, MovementType = 0 WHERE guid = @CGUID+127;
UPDATE creature SET position_x = 6368.23, position_y = 3723.02, position_z = 347.112, spawndist = 0, MovementType = 0 WHERE guid = @CGUID+126;
UPDATE creature SET position_x = 6365.5, position_y = 3734.77, position_z = 341.796,  spawndist = 0, MovementType = 0 WHERE guid = @CGUID+129;
UPDATE creature SET position_x = 6375.33, position_y = 3728.11, position_z = 351.031, spawndist = 0, MovementType = 0 WHERE guid = @CGUID+130;
UPDATE creature SET position_x = 6359.74, position_y = 3719.73, position_z = 341.69, spawndist = 0, MovementType = 0 WHERE guid = @BGUID+25;
UPDATE creature SET position_x = 6358, position_y = 3710.76, position_z = 343.325, spawndist = 0, MovementType = 0 WHERE guid = @BGUID+23;
UPDATE creature SET position_x = 6348.95, position_y = 3713.96, position_z = 335.359, spawndist = 0, MovementType = 0 WHERE guid = @BGUID+24;
UPDATE creature SET position_x = 6355.73, position_y = 3716.04, position_z = 339.839, spawndist = 0, MovementType = 0 WHERE guid = @BGUID+27;
UPDATE creature SET position_x = 6355.09, position_y = 3745.59, position_z = 331.401, spawndist = 0, MovementType = 0 WHERE guid = @AGUID+75;
DELETE FROM `spawn_group` WHERE id = 32504;
INSERT INTO `spawn_group` (`Id`, `Name`, `Type`, `MaxCount`, `WorldState`, `Flags`) VALUES (32504, 'Sholazar Basin - Snowblind Ghoul 28218 x5 & Frostbitten Corpse 28220 x5 - Patrol 1', 0, 0, 0, 0x02);
DELETE FROM `spawn_group_spawn` WHERE id = 32504;
INSERT INTO `spawn_group_spawn` (`Id`, `Guid`, `SlotId`) VALUES
(32504, @CGUID+128, 0),
(32504, @CGUID+127, 1),
(32504, @CGUID+126, 3),
(32504, @CGUID+129, 5),
(32504, @CGUID+130, 7),
(32504, @BGUID+25, 9),
(32504, @BGUID+23, 2),
(32504, @BGUID+24, 4),
(32504, @BGUID+27, 6),
(32504, @AGUID+75, 8);
DELETE FROM `spawn_group_formation` WHERE id = 32504;
INSERT INTO `spawn_group_formation` (`Id`, `FormationType`, `FormationSpread`, `FormationOptions`, `PathId`, `MovementType`, `Comment`) VALUES
(32504, 0, 3, 0, 32504, 2, 'Sholazar Basin - Snowblind Ghoul 28218 x5 & Frostbitten Corpse 28220 x5 - Patrol 1');
DELETE FROM `waypoint_path_name` WHERE PathId = 32504;
INSERT INTO `waypoint_path_name` (`PathId`, `Name`) VALUES (32504,'Sholazar Basin - Snowblind Ghoul 28218 x5 & Frostbitten Corpse 28220 x5 - Patrol 1');
DELETE FROM `waypoint_path` WHERE PathId = 32504;
INSERT INTO `waypoint_path` (`PathId`, `Point`, `PositionX`, `PositionY`,`PositionZ`, `Orientation`, `WaitTime`, `ScriptId`) VALUES
(32504,1 ,6294.4067,3741.226,280.5352,100,4000,0),
(32504,2 ,6263.608,3745.3364,253.12434,100,0,0),
(32504,3 ,6243.1025,3729.5508,245.27504,100,0,0),
(32504,4 ,6227.214,3711.7969,240.9305,100,0,0),
(32504,5 ,6205.2266,3693.803,226.92528,100,0,0),
(32504,6 ,6190.0454,3687.8281,211.79732,100,0,0),
(32504,7 ,6177.5527,3710.629,183.85104,100,0,0),
(32504,8 ,6173.118,3722.3098,169.43332,100,0,0),
(32504,9 ,6157.033,3722.3235,156.75925,100,0,0),
(32504,10,6125.2046,3685.736,135.31595,100,0,0),
(32504,11,6106.4062,3702.2158,121.77973,100,0,0),
(32504,12,6101.576,3730.3274,111.9726,100,0,0),
(32504,13,6085.2515,3745.4792,96.34059,100,0,0),
(32504,14,6061.434,3755.7415,66.43324,100,0,0),
(32504,15,6028.799,3755.5603,42.109776,100,0,0),
(32504,16,6006.9414,3763.371,28.410013,100,100,2821801);
DELETE FROM dbscripts_on_creature_movement WHERE id = 2821801;
INSERT INTO dbscripts_on_creature_movement (id, delay, command, datalong, datalong2, datalong3, buddy_entry, search_radius, data_flags, dataint, dataint2, dataint3, dataint4, x, y, z, o, comments) VALUES
(2821801,1,35,6,100,0,0,0,0,0,0,0,0,0,0,0,0,'Snowblind Ghoul - send Event AI 6');
DELETE FROM creature_spawn_data_template WHERE `Entry` IN (20059);
INSERT INTO creature_spawn_data_template (Entry,SpawnFlags,RelayId,Name) VALUES (20059,1,30500,'- SPAWN FLAG RUN, Relayid 30500');
DELETE FROM `creature_spawn_data` WHERE guid IN (@CGUID+128,@CGUID+127,@CGUID+126,@CGUID+129,@CGUID+130,@BGUID+25,@BGUID+23,@BGUID+24,@BGUID+27,@AGUID+75);
INSERT INTO `creature_spawn_data` (`guid`, `id`) VALUES 
(@CGUID+128, 20059),(@CGUID+127, 20059),(@CGUID+126, 20059),(@CGUID+129, 20059),(@CGUID+130, 20059),
(@BGUID+25, 20059),(@BGUID+23, 20059),(@BGUID+24, 20059),(@BGUID+27, 20059),(@AGUID+75, 20059);
UPDATE creature SET position_x = 6309.3237, position_y = 3751.912, position_z = 290.75223, orientation = 3.36619, spawndist = 0, MovementType = 0 WHERE guid = @CGUID+26;
UPDATE creature SET position_x = 6311.06, position_y = 3756.04, position_z = 291.546, spawndist = 0, MovementType = 0 WHERE guid = @CGUID+30;
UPDATE creature SET position_x = 6315.39, position_y = 3755.4, position_z = 295.687, spawndist = 0, MovementType = 0 WHERE guid = @CGUID+36 ;
UPDATE creature SET position_x = 6317.04, position_y = 3760.17, position_z = 296.573, spawndist = 0, MovementType = 0 WHERE guid = @CGUID+41;
UPDATE creature SET position_x = 6311.53, position_y = 3763.32, position_z = 290.997, spawndist = 0, MovementType = 0 WHERE guid = @CGUID+43;
UPDATE creature SET position_x = 6316.22, position_y = 3750.6, position_z = 297.313, spawndist = 0, MovementType = 0 WHERE guid = @AGUID+29;
UPDATE creature SET position_x = 6311.16, position_y = 3746.09, position_z = 293.776, spawndist = 0, MovementType = 0 WHERE guid = @AGUID+34;
UPDATE creature SET position_x = 6305.41, position_y = 3745.26, position_z = 288.809, spawndist = 0, MovementType = 0 WHERE guid = @AGUID+36;
UPDATE creature SET position_x = 6314.1, position_y = 3750.59, position_z = 295.4, spawndist = 0, MovementType = 0 WHERE guid = @AGUID+38;
UPDATE creature SET position_x = 6319.55, position_y = 3756.4, position_z = 299.319, spawndist = 0, MovementType = 0 WHERE guid = @AGUID+39;
DELETE FROM `spawn_group` WHERE id = 32505;
INSERT INTO `spawn_group` (`Id`, `Name`, `Type`, `MaxCount`, `WorldState`, `Flags`) VALUES (32505, 'Sholazar Basin - Snowblind Ghoul 28218 x5 & Frostbitten Corpse 28220 x5 - Patrol 2', 0, 0, 0, 0x02);
DELETE FROM `spawn_group_spawn` WHERE id = 32505;
INSERT INTO `spawn_group_spawn` (`Id`, `Guid`, `SlotId`) VALUES
(32505, @CGUID+26, 0),
(32505, @CGUID+30, 1),
(32505, @AGUID+29, 2),
(32505, @AGUID+34, 3),
(32505, @CGUID+41, 4),
(32505, @AGUID+36, 5),
(32505, @CGUID+36, 6),
(32505, @AGUID+38, 7),
(32505, @AGUID+39, 8),
(32505, @CGUID+43, 9);
DELETE FROM `spawn_group_formation` WHERE id = 32505;
INSERT INTO `spawn_group_formation` (`Id`, `FormationType`, `FormationSpread`, `FormationOptions`, `PathId`, `MovementType`, `Comment`) VALUES
(32505, 0, 3, 0, 32505, 2, 'Sholazar Basin - Snowblind Ghoul 28218 x5 & Frostbitten Corpse 28220 x5 - Patrol 2');
DELETE FROM `waypoint_path_name` WHERE PathId = 32505;
INSERT INTO `waypoint_path_name` (`PathId`, `Name`) VALUES (32505,'Sholazar Basin - Snowblind Ghoul 28218 x5 & Frostbitten Corpse 28220 x5 - Patrol 2');
DELETE FROM `waypoint_path` WHERE PathId = 32505;
INSERT INTO `waypoint_path` (`PathId`, `Point`, `PositionX`, `PositionY`,`PositionZ`, `Orientation`, `WaitTime`, `ScriptId`) VALUES
(32505,1  ,6309.3237,3751.912,290.75223,3.36619,0,0),
(32505,2  ,6268.4414,3747.836,255.82881,100,0,0),
(32505,3  ,6245.9673,3762.0637,226.5555,100,0,0),
(32505,4  ,6265.8438,3795.3994,208.87413,100,0,0),
(32505,5  ,6270.333,3820.543,190.27446,100,0,0),
(32505,6  ,6268.14,3846.4202,167.53986,100,0,0),
(32505,7  ,6263.79,3873.0771,146.39645,100,0,0),
(32505,8  ,6265.785,3894.1963,132.79062,100,0,0),
(32505,9  ,6254.087,3916.2454,108.748665,100,0,0),
(32505,10 ,6229.89,3934.441,77.406784,100,0,0),
(32505,11 ,6207.2266,3945.0925,53.743454,100,0,0),
(32505,12 ,6231.2173,3980.468,45.95185,100,0,0),
(32505,13 ,6245.4956,4009.6814,36.83804,100,0,0),
(32505,14 ,6232.9336,4039.1191,22.292208,100,0,0),
(32505,15 ,6242.3853,4031.882,28.648708,100,0,0),
(32505,16 ,6229.028,4055.2756,14.592867,100,100,2821801);
DELETE FROM `creature_spawn_data` WHERE guid IN (@CGUID+26,@CGUID+30,@AGUID+29,@AGUID+34,@CGUID+41,@AGUID+36,@CGUID+36,@AGUID+38,@AGUID+39,@CGUID+43);
INSERT INTO `creature_spawn_data` (`guid`, `id`) VALUES 
(@CGUID+26, 20059),(@CGUID+30, 20059),(@AGUID+29, 20059),(@AGUID+34, 20059),(@CGUID+41, 20059),
(@AGUID+36, 20059),(@CGUID+36, 20059),(@AGUID+38, 20059),(@AGUID+39, 20059),(@CGUID+43, 20059);
UPDATE creature SET position_x = 6322.4785, position_y = 3680.4536, position_z = 332.23456, orientation = 1.952, spawndist = 0, MovementType = 0 WHERE guid = @CGUID+32;
UPDATE creature SET position_x = 6321.84, position_y = 3678.4, position_z = 332.854, spawndist = 0, MovementType = 0 WHERE guid = @CGUID+31;
UPDATE creature SET position_x = 6325.71, position_y = 3677.65, position_z = 335.502, spawndist = 0, MovementType = 0 WHERE guid = @CGUID+75;
UPDATE creature SET position_x = 6329.98, position_y = 3678.14, position_z = 337.916, spawndist = 0, MovementType = 0 WHERE guid = @CGUID+33;
UPDATE creature SET position_x = 6327.45, position_y = 3681.98, position_z = 334.191, spawndist = 0, MovementType = 0 WHERE guid = @CGUID+48;
UPDATE creature SET position_x = 6318.46, position_y = 3681.96, position_z = 329.117, spawndist = 0, MovementType = 0 WHERE guid = @AGUID+30;
UPDATE creature SET position_x = 6322.51, position_y = 3687.36, position_z = 328.528, spawndist = 0, MovementType = 0 WHERE guid = @AGUID+28;
UPDATE creature SET position_x = 6326.7, position_y = 3689.43, position_z = 330.12, spawndist = 0, MovementType = 0 WHERE guid = @AGUID+37;
UPDATE creature SET position_x = 6332.63, position_y = 3687.77, position_z = 334.493, spawndist = 0, MovementType = 0 WHERE guid = @AGUID+46;
UPDATE creature SET position_x = 6326.47, position_y = 3695.4, position_z = 326.725, spawndist = 0, MovementType = 0 WHERE guid = @AGUID+20;
DELETE FROM `spawn_group` WHERE id = 32506;
INSERT INTO `spawn_group` (`Id`, `Name`, `Type`, `MaxCount`, `WorldState`, `Flags`) VALUES (32506, 'Sholazar Basin - Snowblind Ghoul 28218 x5 & Frostbitten Corpse 28220 x5 - Patrol 3', 0, 0, 0, 0x02);
DELETE FROM `spawn_group_spawn` WHERE id = 32506;
INSERT INTO `spawn_group_spawn` (`Id`, `Guid`, `SlotId`) VALUES
(32506, @CGUID+32, 0),
(32506, @AGUID+30, 1),
(32506, @CGUID+31, 2),
(32506, @CGUID+75, 3),
(32506, @AGUID+28, 4),
(32506, @AGUID+37, 5),
(32506, @AGUID+46, 6),
(32506, @AGUID+20, 7),
(32506, @CGUID+33, 8),
(32506, @CGUID+48, 9);
DELETE FROM `spawn_group_formation` WHERE id = 32506;
INSERT INTO `spawn_group_formation` (`Id`, `FormationType`, `FormationSpread`, `FormationOptions`, `PathId`, `MovementType`, `Comment`) VALUES
(32506, 0, 3, 0, 32506, 2, 'Sholazar Basin - Snowblind Ghoul 28218 x5 & Frostbitten Corpse 28220 x5 - Patrol 3');
DELETE FROM `waypoint_path_name` WHERE PathId = 32506;
INSERT INTO `waypoint_path_name` (`PathId`, `Name`) VALUES (32506,'Sholazar Basin - Snowblind Ghoul 28218 x5 & Frostbitten Corpse 28220 x5 - Patrol 3');
DELETE FROM `waypoint_path` WHERE PathId = 32506;
INSERT INTO `waypoint_path` (`PathId`, `Point`, `PositionX`, `PositionY`,`PositionZ`, `Orientation`, `WaitTime`, `ScriptId`) VALUES
(32506,1 ,6322.4785,3680.4536,332.23456,1.952,0,0),
(32506,2 ,6283.679,3733.3833,274.74445,100,0,0),
(32506,3 ,6261.096,3747.881,249.50655,100,0,0),
(32506,4 ,6249.3027,3751.9697,236.85066,100,0,0),
(32506,5 ,6251.075,3777.0452,216.24864,100,0,0),
(32506,6 ,6259.8394,3806.0842,195.20322,100,0,0),
(32506,7 ,6260.8003,3831.9368,173.8469,100,0,0),
(32506,8 ,6262.4805,3851.8584,159.36317,100,0,0),
(32506,9 ,6248.5464,3858.4114,145.97096,100,0,0),
(32506,10,6214.6665,3827.698,136.67928,100,0,0),
(32506,11,6204.358,3798.7258,140.38803,100,0,0),
(32506,12,6178.647,3766.256,145.62318,100,0,0),
(32506,13,6160.8203,3731.6692,155.03513,100,0,0),
(32506,14,6144.175,3700.873,146.79428,100,0,0),
(32506,15,6116.655,3673.4993,136.78238,100,0,0),
(32506,16,6102.712,3686.2427,127.09866,100,0,0),
(32506,17,6096.7993,3711.9805,118.029724,100,0,0),
(32506,18,6100.8677,3752.6729,100.47381,100,0,0),
(32506,19,6076.006,3755.494,83.631485,100,0,0),
(32506,20,6054.9814,3751.53,63.905285,100,0,0),
(32506,21,6029.506,3752.7805,43.341286,100,0,0),
(32506,22,5996.7734,3756.4917,25.568716,100,100,2821801);
DELETE FROM `creature_spawn_data` WHERE guid IN (@CGUID+32,@AGUID+30,@CGUID+31,@CGUID+75,@AGUID+28,@AGUID+37,@AGUID+46,@AGUID+20,@CGUID+33,@CGUID+48);
INSERT INTO `creature_spawn_data` (`guid`, `id`) VALUES 
(@CGUID+32,20059),(@AGUID+30,20059),(@CGUID+31,20059),(@CGUID+75,20059),(@AGUID+28,20059),
(@AGUID+37,20059),(@AGUID+46,20059),(@AGUID+20,20059),(@CGUID+33,20059),(@CGUID+48,20059);
DELETE FROM `creature_movement` WHERE `id` IN (SELECT `guid` FROM `creature` WHERE `id` IN (28242));
DELETE FROM creature_addon WHERE guid IN(SELECT guid FROM creature WHERE id = 28242);
DELETE FROM `creature` WHERE `id` IN (28242);
INSERT INTO `creature` (`guid`, `id`, `map`, `spawnMask`, `phaseMask`, `position_x`, `position_y`, `position_z`, `orientation`, `spawntimesecsmin`, `spawntimesecsmax`, `spawndist`, `MovementType`) VALUES
(109104, 28242, 571, 1, 1, 6094.11, 3748.56, 100.128, 0, 300, 300, 0, 4),
(109105, 28242, 571, 1, 1, 6254.67, 4097.07, 9.12267, 4.19979, 300, 300, 0, 4),
(109106, 28242, 571, 1, 1, 6300.82, 3933.2, 113.713, -2.12699, 300, 300, 0, 4),
(109107, 28242, 571, 1, 1, 6209.7, 3827.47, 136.535, 3.95822, 300, 300, 0, 4),
(109108, 28242, 571, 1, 1, 6304.43, 4002.73, 72.5523, 0.508409, 300, 300, 0, 4),
(109109, 28242, 571, 1, 1, 6251.76, 3777.54, 216.182, 1.00508, 300, 300, 0, 4),
(109110, 28242, 571, 1, 1, 6124.49, 3782.24, 98.142, 6.19622, 300, 300, 0, 4),
(34596, 28242, 571, 1, 1, 6179.31, 3696.16, 197.881, 4.31955, 300, 300, 0, 4),
(37935, 28242, 571, 1, 1, 6022.51, 3650.42, 71.4136, 1.93117, 300, 300, 0, 4);
DELETE FROM creature_movement WHERE Id IN (37935,109110,109104,34596,109107,109109,109106,109108,109105);
INSERT INTO creature_movement (id, point, positionx, positiony, positionz, orientation, waittime, scriptid) VALUES
(37935,1,6022.507,3650.4219,71.413574,100,1000,0),
(37935,2,6009.4346,3685.0747,55.6029,100,0,0),
(37935,3,6011.182,3723.1238,42.45241,100,0,0),
(37935,4,6032.615,3753.6272,45.50083,100,0,0),
(37935,5,6053.3853,3771.54,53.69274,100,0,0),
(37935,6,6078.0425,3799.2327,54.64557,100,1000,0),
(109110,1,6124.4854,3782.2356,98.14198,100,1000,0),
(109110,2,6100.037,3759.9387,98.552666,100,0,0),
(109110,3,6086.476,3753.192,94.86049,100,0,0),
(109110,4,6073.6895,3749.7844,82.49489,100,0,0),
(109110,5,6058.2446,3748.4736,67.9883,100,0,0),
(109110,6,6032.964,3745.468,48.694435,100,0,0),
(109110,7,6018.308,3752.7244,36.419044,100,0,0),
(109110,8,5989.237,3773.619,17.349401,100,1000,0),
(109104,1,6094.1084,3748.559,100.12758,100,1000,0),
(109104,2,6086.639,3748.6172,96.26784,100,0,0),
(109104,3,6073.6895,3749.709,82.36891,100,0,0),
(109104,4,6063.5117,3764.545,62.89271,100,0,0),
(109104,5,6069.888,3788.4363,55.788635,100,0,0),
(109104,6,6089.3213,3810.8481,54.321518,100,1000,0),
(34596,1,6179.314,3696.159,197.88118,100,1000,0),
(34596,2,6178.449,3708.6128,186.84152,100,0,0),
(34596,3,6174.4053,3718.361,173.80344,100,0,0),
(34596,4,6163.4253,3736.6887,153.56561,100,0,0),
(34596,5,6171.5063,3756.2024,146.52101,100,1000,0),
(109107,1,6209.697,3827.471,136.5345,100,1000,0),
(109107,2,6207.3257,3799.9836,141.22238,100,0,0),
(109107,3,6187.9873,3779.2512,143.66351,100,0,0),
(109107,4,6168.6733,3748.0383,148.95558,100,0,0),
(109107,5,6151.4834,3722.2144,152.67734,100,0,0),
(109107,6,6146.2285,3703.3455,149.12619,100,0,0),
(109107,7,6143.953,3690.2004,144.71971,100,0,0),
(109107,8,6121.6445,3674.557,138.01883,100,1000,0),
(109109,1,6251.7603,3777.5422,216.18187,100,1000,0),
(109109,2,6270.205,3806.6545,202.24956,100,0,0),
(109109,3,6274.4233,3825.1172,189.15373,100,0,0),
(109109,4,6257.532,3827.9688,174.61996,100,1000,0),
(109106,1,6300.8247,3933.1992,113.71269,100,1000,0),
(109106,2,6267.0044,3930.8955,110.622536,100,0,0),
(109106,3,6251.3877,3923.8564,102.44349,100,0,0),
(109106,4,6242.19,3927.9548,91.68665,100,0,0),
(109106,5,6243.4165,3940.4133,82.79458,100,0,0),
(109106,6,6262.3022,3965.6858,75.308495,100,0,0),
(109106,7,6286.9834,3991.7432,71.99203,100,0,0),
(109106,8,6311.003,4013.2297,71.910164,100,0,0),
(109106,9,6344.4272,4015.9224,72.369995,100,1000,0),
(109108,1 ,6304.4307,4002.7258,72.55225,100,1000,0),
(109108,2 ,6283.249,3982.1575,73.069176,100,0,0),
(109108,3 ,6258.002,3958.495,76.97915,100,0,0),
(109108,4 ,6245.4775,3944.208,80.51357,100,0,0),
(109108,5 ,6236.5005,3939.1033,79.10488,100,0,0),
(109108,6 ,6227.329,3938.2131,72.78935,100,0,0),
(109108,7 ,6215.9414,3938.5903,63.976852,100,0,0),
(109108,8 ,6208.643,3945.6863,54.30693,100,0,0),
(109108,9 ,6222.425,3963.9565,50.11467,100,0,0),
(109108,10,6233.013,3983.5156,44.841988,100,0,0),
(109108,11,6242.3945,4006.0144,36.964382,100,0,0),
(109108,12,6244.437,4021.9448,32.71487,100,1000,0),
(109105,1,6254.6724,4097.069,9.122672,100,1000,0),
(109105,2,6232.7803,4058.1902,14.693819,100,0,0),
(109105,3,6225.808,4027.6711,22.792603,100,0,0),
(109105,4,6218.9097,4008.0496,24.709595,100,0,0),
(109105,5,6191.524,3976.644,23.505146,100,1000,0);
DELETE FROM creature WHERE guid IN (96968,109203);
INSERT INTO creature (guid, id, map, spawnMask, phaseMask, position_x, position_y, position_z, orientation, spawntimesecsmin, spawntimesecsmax, spawndist, MovementType) VALUES
(96968,28207,571,1,1,6181.818,3892.109,88.45886,0,300,300,0,0),
(109203,28211,571,1,1,6181.818,3892.109,88.45886,0,300,300,0,0);
UPDATE creature SET position_x = 6181.818, position_y = 3892.109, position_z = 88.45886, spawndist = 0, MovementType = 0 WHERE id = 28212;
DELETE FROM creature_movement WHERE Id = 96965;
DELETE FROM `spawn_group` WHERE id = 32507;
INSERT INTO `spawn_group` (`Id`, `Name`, `Type`, `MaxCount`, `WorldState`, `Flags`) VALUES (32507, 'Sholazar Basin - Bythius the Flesh-Shaper 28212 & Cerberon 28207 & Glonn 28211 - Patrol', 0, 0, 0, 0x02);
DELETE FROM `spawn_group_spawn` WHERE id = 32507;
INSERT INTO `spawn_group_spawn` (`Id`, `Guid`, `SlotId`) VALUES (32507, 96965, 0),(32507, 96968, 1),(32507, 109203, 2);
DELETE FROM `spawn_group_formation` WHERE id = 32507;
INSERT INTO `spawn_group_formation` (`Id`, `FormationType`, `FormationSpread`, `FormationOptions`, `PathId`, `MovementType`, `Comment`) VALUES
(32507, 0, 2, 0, 32507, 4, 'Sholazar Basin - Bythius the Flesh-Shaper 28212 & Cerberon 28207 & Glonn 28211 - Patrol');
DELETE FROM `waypoint_path_name` WHERE PathId = 32507;
INSERT INTO `waypoint_path_name` (`PathId`, `Name`) VALUES (32507,'Sholazar Basin - Bythius the Flesh-Shaper 28212 & Cerberon 28207 & Glonn 28211 - Patrol');
DELETE FROM `waypoint_path` WHERE PathId = 32507;
INSERT INTO `waypoint_path` (`PathId`, `Point`, `PositionX`, `PositionY`,`PositionZ`, `Orientation`, `WaitTime`, `ScriptId`) VALUES
(32507,1,6181.818,3892.109,88.45886,100,1000,0),
(32507,2,6166.2695,3868.0396,90.698654,100,0,0),
(32507,3,6162.4736,3834.5305,96.19728,100,0,0),
(32507,4,6154.6465,3809.3542,97.80389,100,0,0),
(32507,5,6126.7734,3784.2405,98.14198,100,0,0),
(32507,6,6104.4736,3761.4934,99.23919,100,0,0),
(32507,7,6092.3813,3732.4739,111.802185,100,0,0),
(32507,8,6093.8193,3697.6428,121.51955,100,1000,0);
DELETE FROM `creature_movement` WHERE `id` IN (SELECT `guid` FROM `creature` WHERE `id` IN (28170));
DELETE FROM creature_addon WHERE guid IN(SELECT guid FROM creature WHERE id = 28170);
DELETE FROM `creature` WHERE `id` IN (28170);
INSERT INTO `creature` (`guid`, `id`, `map`, `spawnMask`, `phaseMask`, `position_x`, `position_y`, `position_z`, `orientation`, `spawntimesecsmin`, `spawntimesecsmax`, `spawndist`, `MovementType`) VALUES
(109257, 28170, 571, 1, 1, 6095.51, 3697.03, 171.436, 0.497514, 300, 300, 0, 3),
(109258, 28170, 571, 1, 1, 6075.54, 3706.44, 196.779, 3.88979, 300, 300, 0, 3),
(109259, 28170, 571, 1, 1, 6176.96, 3893.37, 180.824, 0.696522, 300, 300, 0, 3),
(109260, 28170, 571, 1, 1, 6223.12, 3783.83, 214.603, 2.3109, 300, 300, 0, 3),
(109261, 28170, 571, 1, 1, 6121.07, 3823.5, 154.057, 0.010034, 300, 300, 0, 3),
(109262, 28170, 571, 1, 1, 6260.79, 3838.19, 204.871, 3.76524, 300, 300, 0, 3),
(109263, 28170, 571, 1, 1, 6100.11, 3753.68, 176.221, 1.43485, 300, 300, 0, 3),
(109264, 28170, 571, 1, 1, 6134.82, 3905.95, 190.413, 0.558136, 300, 300, 0, 3),
(109265, 28170, 571, 1, 1, 6115.16, 3907.49, 166.754, 6.05051, 300, 300, 0, 3),
(109266, 28170, 571, 1, 1, 5828.97, 3730.19, 169.815, 3.4094, 300, 300, 5, 1),
(109267, 28170, 571, 1, 1, 5836.26, 3733.94, 169.089, 3.42666, 300, 300, 5, 1),
(109268, 28170, 571, 1, 1, 6284.6, 3504.77, 560.107, 2.95861, 30, 30, 0, 0),
(109269, 28170, 571, 1, 1, 6398.72, 3695.9, 482.959, 1.91969, 30, 30, 0, 0),
(109270, 28170, 571, 1, 1, 6233.8, 3593.5, 348.548, 2.00006, 30, 30, 0, 0),
(109271, 28170, 571, 1, 1, 6284.6, 3504.77, 560.107, 2.15811, 30, 30, 0, 0),
(109272, 28170, 571, 1, 1, 6284.6, 3504.77, 560.107, 2.20548, 30, 30, 0, 0),
(37983, 28170, 571, 1, 1, 6398.72, 3695.9, 482.959, 2.02997, 30, 30, 0, 0),
(37996, 28170, 571, 1, 1, 6254.45, 3862.83, 213.356, 0.605929, 300, 300, 0, 3),
(38028, 28170, 571, 1, 1, 6398.72, 3695.9, 482.959, 1.11291, 30, 30, 0, 0),
(38102, 28170, 571, 1, 1, 6233.8, 3593.5, 348.548, 2.87016, 30, 30, 0, 0),
(38107, 28170, 571, 1, 1, 6233.8, 3593.5, 348.548, 2.85831, 30, 30, 0, 0),
(38140, 28170, 571, 1, 1, 6127.1, 3834.86, 184.662, 5.01126, 300, 300, 0, 3),
(38167, 28170, 571, 1, 1, 6173.42, 3718.6, 221.939, 0.962883, 300, 300, 0, 3);
DELETE FROM creature_movement WHERE Id IN (109258,109263,38140,109261,109265,109257,109259,109260,38167,109264,109262,521393,37996);
INSERT INTO creature_movement (id, point, positionx, positiony, positionz, orientation, waittime, scriptid) VALUES
(109258,1,6114.29,3693.05,196.779282,100,0,0),
(109258,2,6102.19,3733.69,196.779282,100,0,0),
(109258,3,6062.05,3672.56,196.779282,100,0,0),
(109258,4,6052.2,3713.66,196.779282 ,100,0,0),
(109258,5,6098.78,3746.51,196.779282,100,0,0),
(109258,6,6117.29,3713.13,196.779282,100,0,0),
(109258,7,6054.69,3691.09,196.779282,100,0,0),
(109258,8,6103.13,3677.89,196.779282,100,0,0),
(109258,9,6055.59,3740.4,196.779282 ,100,0,0),
(109263,1,6137.71,3771.72,176.221069,100,0,0),
(109263,2,6083.66,3771.36,176.221069,100,0,0),
(109263,3,6128.62,3782.48,176.221069,100,0,0),
(109263,4,6140.04,3737.34,176.221069,100,0,0),
(109263,5,6099.55,3727.63,176.221069,100,0,0),
(109263,6,6139.68,3781.4,176.221069 ,100,0,0),
(109263,7,6102.47,3742.3,176.221069 ,100,0,0),
(109263,8,6140.79,3725.46,176.221069,100,0,0),
(109263,9,6091.11,3734.75,176.221069,100,0,0),
(38140,1,6151.28,3851.13,184.66232,100,0,0),
(38140,2,6136.93,3894.26,184.66232,100,0,0),
(38140,3,6088.19,3851.09,184.66232,100,0,0),
(38140,4,6147.28,3890.17,184.66232,100,0,0),
(38140,5,6103.32,3855.57,184.66232,100,0,0),
(38140,6,6145.35,3833.43,184.66232,100,0,0),
(38140,7,6123.98,3858.03,184.66232,100,0,0),
(38140,8,6078.73,3852.65,184.66232,100,0,0),
(109261,1,6091.23,3868.61,154.05664,100,0,0),
(109261,2,6096.11,3831.95,154.05664,100,0,0),
(109261,3,6137.17,3806.41,154.05664,100,0,0),
(109261,4,6126.49,3852.27,154.05664,100,0,0),
(109261,5,6081.37,3839.15,154.05664,100,0,0),
(109261,6,6136.35,3838.99,154.05664,100,0,0),
(109261,7,6116.54,3794.82,154.05664,100,0,0),
(109265,1,6135.64,3874.67,166.75447,100,0,0),
(109265,2,6177.28,3885.23,166.75447,100,0,0),
(109265,3,6163.88,3929.57,166.75447,100,0,0),
(109265,4,6123.38,3900.6, 166.75447,100,0,0),
(109265,5,6137.15,3861,   166.75447,100,0,0),
(109265,6,6179.04,3867.06,166.75447,100,0,0),
(109265,7,6156.28,3910.77,166.75447,100,0,0),
(109265,8,6159.76,3938.25,166.75447,100,0,0),
(109264,1,6133.78,3872.37,190.41345,100,0,0),
(109264,2,6169.99,3876.05,190.41345,100,0,0),
(109264,3,6183.83,3906.5, 190.41345,100,0,0),
(109264,4,6155.9,3921.05, 190.41345,100,0,0),
(109264,5,6132.87,3894.08,190.41345,100,0,0),
(109264,6,6167.26,3873.4, 190.41345,100,0,0),
(109264,7,6145,3923.37,   190.41345,100,0,0),
(109264,8,6196.24,3881.45,190.41345,100,0,0),
(109257,1,6127.09,3710.82,171.43575,100,0,0),
(109257,2,6155.58,3711.36,171.43575,100,0,0),
(109257,3,6152.6,3741.94,171.43575 ,100,0,0),
(109257,4,6117.18,3752.57,171.43575,100,0,0),
(109257,5,6120.48,3708.91,171.43575,100,0,0),
(109257,6,6137.65,3746.08,171.43575,100,0,0),
(109257,7,6145.14,3715.51,171.43575,100,0,0),
(109257,8,6120.45,3687.68,171.43575,100,0,0),
(109257,9,6112.05,3721.55,171.43575,100,0,0),
(109259,1,6170.52,3868.25,180.82408,100,0,0),
(109259,2,6141.92,3864.15,180.82408,100,0,0),
(109259,3,6194.06,3864.94,180.82408,100,0,0),
(109259,4,6236.12,3892.34,180.82408,100,0,0),
(109259,5,6222.57,3922.01,180.82408,100,0,0),
(109259,6,6176.06,3922.38,180.82408,100,0,0),
(109259,7,6220.96,3879.91,180.82408,100,0,0),
(109259,8,6181.32,3863.9, 180.82408,100,0,0),
(109260,1,6170.32,3825.18,214.602539,100,0,0),
(109260,2,6157.12,3779.92,214.602539,100,0,0),
(109260,3,6198.32,3787.45,214.602539,100,0,0),
(109260,4,6210.68,3829.5 ,214.602539,100,0,0),
(109260,5,6226.61,3791.1 ,214.602539,100,0,0),
(109260,6,6188.42,3782.62,214.602539,100,0,0),
(109260,7,6157.71,3839.1 ,214.602539,100,0,0),
(109260,8,6190.84,3861.62,214.602539,100,0,0),
(38167,1,6185.97,3728.15,221.93893,100,0,0),
(38167,2,6178.02,3769.43,221.93893,100,0,0),
(38167,3,6151.3,3789.71, 221.93893,100,0,0),
(38167,4,6108.61,3768.86,221.93893,100,0,0),
(38167,5,6088.04,3729.08,221.93893,100,0,0),
(38167,6,6100.74,3701.53,221.93893,100,0,0),
(38167,7,6110.44,3754.73,221.93893,100,0,0),
(38167,8,6077.65,3761.86,221.93893,100,0,0),
(38167,9,6161.43,3776.56,221.93893,100,0,0),
(109262,1 ,6260.79,3838.19,204.871,100,0,0),
(109262,2 ,6254.5,3864.18, 204.871,100,0,0),
(109262,3 ,6273.85,3841.75,204.871,100,0,0),
(109262,4 ,6242.97,3822.65,204.871,100,0,0),
(109262,5 ,6241.74,3867.01,204.871,100,0,0),
(109262,6 ,6218.05,3861.88,204.871,100,0,0),
(109262,7 ,6222.24,3828.67,204.871,100,0,0),
(109262,8 ,6260.47,3829.2, 204.871,100,0,0),
(109262,9 ,6271.87,3874.45,204.871,100,0,0),
(109262,10,6288.28,3877.19,204.871,100,0,0),
(109262,11,6282.36,3854.71,204.871,100,0,0),
(37996,1,6254.45,3862.83,213.356,100,0,0),
(37996,2,6215.48,3887.72,213.356,100,0,0),
(37996,3,6246.15,3890.22,213.356,100,0,0),
(37996,4,6246.17,3870.83,213.356,100,0,0),
(37996,5,6223.06,3869.56,213.356,100,0,0),
(37996,6,6254.18,3860.23,213.356,100,0,0),
(37996,7,6253.94,3893.71,213.356,100,0,0),
(37996,8,6235.14,3851.19,213.356,100,0,0);
DELETE FROM `spawn_group` WHERE id = 32508;
INSERT INTO `spawn_group` (`Id`, `Name`, `Type`, `MaxCount`, `WorldState`, `Flags`) VALUES (32508, 'Sholazar Basin - Frosthowl Screecher 28170 x3 - Patrol 1', 0, 0, 0, 0x02);
DELETE FROM `spawn_group_spawn` WHERE id = 32508;
INSERT INTO `spawn_group_spawn` (`Id`, `Guid`, `SlotId`) VALUES (32508, 109272, 0),(32508, 109271, 1),(32508, 109268, 2);
DELETE FROM `spawn_group_formation` WHERE id = 32508;
INSERT INTO `spawn_group_formation` (`Id`, `FormationType`, `FormationSpread`, `FormationOptions`, `PathId`, `MovementType`, `Comment`) VALUES
(32508, 1, 2, 0, 32508, 2, 'Sholazar Basin - Frosthowl Screecher 28170 x3 - Patrol 1');
DELETE FROM `waypoint_path_name` WHERE PathId = 32508;
INSERT INTO `waypoint_path_name` (`PathId`, `Name`) VALUES (32508,'Sholazar Basin - Frosthowl Screecher 28170 x3 - Patrol 1');
DELETE FROM `waypoint_path` WHERE PathId = 32508;
INSERT INTO `waypoint_path` (`PathId`, `Point`, `PositionX`, `PositionY`,`PositionZ`, `Orientation`, `WaitTime`, `ScriptId`) VALUES
(32508,1 ,6284.604,3504.7654,560.10675 ,100,0,0),
(32508,2 ,6280.973,3615.165,432.604    ,100,0,0),
(32508,3 ,6277.3423,3725.5647,305.10126,100,0,0),
(32508,4 ,6248.7705,3746.9827,289.21237,100,0,0),
(32508,5 ,6203.7314,3791.7573,274.15686,100,0,0),
(32508,6 ,6194.2554,3838.898,252.10124 ,100,0,0),
(32508,7 ,6266.7456,3882.8528,190.24022,100,0,0),
(32508,8 ,6283.409,3916.1204,175.4346  ,100,0,0),
(32508,9 ,6293.35,3961.13,139.29575    ,100,0,0),
(32508,10,6273.6147,3990.7444,120.24021,100,0,0),
(32508,11,6200.258,3989.4307,72.29577  ,100,0,0),
(32508,12,6158.809,4012.4055,36.184647 ,100,0,0),
(32508,13,6155.618,4047.9604,17.57354  ,100,0,0),
(32508,14,6122.49,4115.9434,-0.648686  ,100,0,0),
(32508,15,6071.8394,4096.406,-9.454242 ,100,0,0),
(32508,16,6036.819,4052.9302,-9.454242 ,100,0,0),
(32508,17,6000.529,4042.1926,-9.454242 ,100,0,0),
(32508,18,5914.2134,4062.644,-9.454242 ,100,0,0),
(32508,19,5827.3965,4150.9053,59.573563,100,0,0),
(32508,20,5827.3965,4150.9053,59.573563,100,100,2821801);
DELETE FROM `spawn_group` WHERE id = 32509;
INSERT INTO `spawn_group` (`Id`, `Name`, `Type`, `MaxCount`, `WorldState`, `Flags`) VALUES (32509, 'Sholazar Basin - Frosthowl Screecher 28170 x3 - Patrol 2', 0, 0, 0, 0x02);
DELETE FROM `spawn_group_spawn` WHERE id = 32509;
INSERT INTO `spawn_group_spawn` (`Id`, `Guid`, `SlotId`) VALUES (32509, 109270, 0),(32509, 38107, 1),(32509, 38102, 2);
DELETE FROM `spawn_group_formation` WHERE id = 32509;
INSERT INTO `spawn_group_formation` (`Id`, `FormationType`, `FormationSpread`, `FormationOptions`, `PathId`, `MovementType`, `Comment`) VALUES
(32509, 3, 2, 0, 32509, 2, 'Sholazar Basin - Frosthowl Screecher 28170 x3 - Patrol 2');
DELETE FROM `waypoint_path_name` WHERE PathId = 32509;
INSERT INTO `waypoint_path_name` (`PathId`, `Name`) VALUES (32509,'Sholazar Basin - Frosthowl Screecher 28170 x3 - Patrol 2');
DELETE FROM `waypoint_path` WHERE PathId = 32509;
INSERT INTO `waypoint_path` (`PathId`, `Point`, `PositionX`, `PositionY`,`PositionZ`, `Orientation`, `WaitTime`, `ScriptId`) VALUES
(32509,1 ,6233.8022,3593.501,348.54825  ,100,0,0),
(32509,2 ,6205.568,3620.7148,328.1964   ,100,0,0),
(32509,3 ,6160.034,3641.4128,310.14084  ,100,0,0),
(32509,4 ,6058.0938,3728.5557,248.14085 ,100,0,0),
(32509,5 ,6079.375,3796.7634,98.891014  ,100,0,0),
(32509,6 ,6096.9976,3836.573,69.4188    ,100,0,0),
(32509,7 ,6097.242,3956.0051,69.4188    ,100,0,0),
(32509,8 ,6081.418,4075.0977,69.4188    ,100,0,0),
(32509,9 ,5986.6357,4208.3057,146.25214 ,100,0,0),
(32509,10,5986.6357,4208.3057,146.25214,100,100,2821801);
DELETE FROM `spawn_group` WHERE id = 32510;
INSERT INTO `spawn_group` (`Id`, `Name`, `Type`, `MaxCount`, `WorldState`, `Flags`) VALUES (32510, 'Sholazar Basin - Frosthowl Screecher 28170 x3 - Patrol 3', 0, 0, 0, 0x02);
DELETE FROM `spawn_group_spawn` WHERE id = 32510;
INSERT INTO `spawn_group_spawn` (`Id`, `Guid`, `SlotId`) VALUES (32510, 109269, 0),(32510, 38028, 1),(32510, 37983, 2);
DELETE FROM `spawn_group_formation` WHERE id = 32510;
INSERT INTO `spawn_group_formation` (`Id`, `FormationType`, `FormationSpread`, `FormationOptions`, `PathId`, `MovementType`, `Comment`) VALUES
(32510, 3, 2, 0, 32510, 2, 'Sholazar Basin - Frosthowl Screecher 28170 x3 - Patrol 3');
DELETE FROM `waypoint_path_name` WHERE PathId = 32510;
INSERT INTO `waypoint_path_name` (`PathId`, `Name`) VALUES (32510,'Sholazar Basin - Frosthowl Screecher 28170 x3 - Patrol 3');
DELETE FROM `waypoint_path` WHERE PathId = 32510;
INSERT INTO `waypoint_path` (`PathId`, `Point`, `PositionX`, `PositionY`,`PositionZ`, `Orientation`, `WaitTime`, `ScriptId`) VALUES
(32510,1 ,6398.72,3695.9006,482.9593    ,100,0,0),
(32510,2 ,6338.0312,3710.7327,394.03027 ,100,0,0),
(32510,3 ,6277.3423,3725.5647,305.10126 ,100,0,0),
(32510,4 ,6248.7705,3746.9827,289.21237 ,100,0,0),
(32510,5 ,6203.7314,3791.7573,274.15686 ,100,0,0),
(32510,6 ,6194.2554,3838.898,252.10124  ,100,0,0),
(32510,7 ,6266.7456,3882.8528,190.24022 ,100,0,0),
(32510,8 ,6283.409,3916.1204,175.4346   ,100,0,0),
(32510,9 ,6293.35,3961.13,128.21243     ,100,0,0),
(32510,10,6273.6147,3990.7444,105.68465 ,100,0,0),
(32510,11,6200.258,3989.4307,40.879105 ,100,0,0),
(32510,12,6158.809,4012.4055,14.073533 ,100,0,0),
(32510,13,6155.618,4047.9604,17.57354  ,100,0,0),
(32510,14,6122.49,4115.9434,-18.815353 ,100,0,0),
(32510,15,6071.8394,4096.406,-40.204247,100,0,0),
(32510,16,6036.819,4052.9302,-42.7598  ,100,0,0),
(32510,17,6000.529,4042.1926,-9.454242 ,100,0,0),
(32510,18,5914.2134,4062.644,-9.454242 ,100,0,0),
(32510,19,5827.3965,4150.9053,59.573563,100,0,0),
(32510,20,5827.3965,4150.9053,59.573563,100,0,2821801);
DELETE FROM `creature_spawn_data` WHERE guid IN (109258,109263,38140,109265,109261,109264,109259,109260,38167,109257,37996,109262,109272,109271,109268,109270,38107,38102,109269,38028,37983);
INSERT INTO `creature_spawn_data` (`guid`, `id`) VALUES (109258,1),(109263,1),(38140,1),(109261,1),(109265,1),(109264,1),(109257,1),(109259,1),(109260,1),(38167,1),(37996,1),(109262,1),
(109272,1),(109271,1),(109268,1),(109270,1),(38107,1),(38102,1),(109269,1),(38028,1),(37983,1);

INSERT INTO `conditions` (`condition_entry`, `type`, `value1`, `value2`, `value3`, `value4`, `flags`, `comments`) VALUES
(3097, 9, 8924, 1, 0, 0, 0, 'Quest ID 8924 Taken'),
(3098, -1, 135, 3097, 0, 0, 0, 'Target is affected by Aura ID 27420 AND Quest ID 8924 Taken');
UPDATE `creature_loot_template` SET `condition_id` = '3098' WHERE `condition_id` = '135';

DELETE FROM spell_script_target WHERE entry = 51318;
INSERT INTO spell_script_target (`entry`, `type`, `targetEntry`, `inverseEffectMask`) VALUES (51318,1,28320,0);
DELETE FROM dbscripts_on_relay WHERE id = 20754;
INSERT INTO dbscripts_on_relay (id, delay, command, datalong, datalong2, datalong3, buddy_entry, search_radius, data_flags, dataint, dataint2, dataint3, dataint4, x, y, z, o, comments) VALUES
(20754,1,10,28108,300000,0,0,0,0x08,0,0,0,88,6073.4414,4076.3833,-48.347416,0,'Part of Avatar of Freya 27801 EAI - Summon 28108'),
(20754,2,10,28170,300000,0,0,0,0x08,0,0,0,88,6329.284,3605.1677,437.63007,0,'Part of Avatar of Freya 27801 EAI - Summon 28170');
DELETE FROM `creature_movement` WHERE `id` IN (SELECT `guid` FROM `creature` WHERE `id` IN (28320));
DELETE FROM creature_addon WHERE guid IN(SELECT guid FROM creature WHERE id = 28320);
DELETE FROM `creature` WHERE `id` IN (28320);
INSERT INTO `creature` (`guid`, `id`, `map`, `spawnMask`, `phaseMask`, `position_x`, `position_y`, `position_z`, `orientation`, `spawntimesecsmin`, `spawntimesecsmax`, `spawndist`, `MovementType`) VALUES
(97161, 28320, 571, 1, 1, 5819.19, 4031.7, -83.3697, 0.453786, 10, 10, 0, 0),
(97162, 28320, 571, 1, 1, 5805.77, 4030.83, -81.4888, 5.72468, 10, 10, 0, 0),
(97163, 28320, 571, 1, 1, 5829, 4022.81, -84.1632, 2.28638, 10, 10, 0, 0),
(97164, 28320, 571, 1, 1, 5796.84, 4024.71, -80.7138, 3.71755, 10, 10, 0, 0),
(97165, 28320, 571, 1, 1, 5793.19, 4036.02, -81.3006, 3.54302, 10, 10, 0, 0),
(97166, 28320, 571, 1, 1, 5794.92, 4050.77, -82.2508, 1.58825, 10, 10, 0, 0),
(97167, 28320, 571, 1, 1, 5900.77, 4189.37, -82.8291, 3.36848, 10, 10, 0, 0),
(97168, 28320, 571, 1, 1, 5816.44, 4041.35, -84.4912, 3.15905, 10, 10, 0, 0),
(38206, 28320, 571, 1, 1, 5903.91, 4062.63, -86.3207, 5.11381, 10, 10, 0, 0),
(38217, 28320, 571, 1, 1, 5799.91, 4070.21, -83.3084, 0.436332, 10, 10, 0, 0),
(38235, 28320, 571, 1, 1, 5865.99, 4075.02, -86.0572, 2.1293, 10, 10, 0, 0),
(38243, 28320, 571, 1, 1, 5910.92, 4100.44, -86.4058, 2.46091, 10, 10, 0, 0),
(38260, 28320, 571, 1, 1, 5855.72, 4055.87, -87.3979, 1.81514, 10, 10, 0, 0),
(38310, 28320, 571, 1, 1, 5921.65, 4152.15, -80.127, 2.44346, 10, 10, 0, 0),
(38379, 28320, 571, 1, 1, 5892.7, 4111.14, -87.3986, 0.436332, 10, 10, 0, 0),
(38381, 28320, 571, 1, 1, 5866.49, 4065.85, -87.3979, 0.401426, 10, 10, 0, 0),
(38382, 28320, 571, 1, 1, 5922.23, 4167.17, -80.329, 0.523599, 10, 10, 0, 0),
(38387, 28320, 571, 1, 1, 5832.95, 4079.84, -83.3747, 4.81711, 10, 10, 0, 0),
(38393, 28320, 571, 1, 1, 5887.77, 4102.6, -86.778, 0.279253, 10, 10, 0, 0),
(38397, 28320, 571, 1, 1, 5881.43, 4062.25, -86.0067, 1.13446, 10, 10, 0, 0),
(38398, 28320, 571, 1, 1, 5936.02, 4173.27, -79.6878, 3.03687, 10, 10, 0, 0),
(38402, 28320, 571, 1, 1, 5928.12, 4111.49, -86.2081, 0.750492, 10, 10, 0, 0),
(38405, 28320, 571, 1, 1, 5926.54, 4135.85, -84.7056, 4.32842, 10, 10, 0, 0),
(38406, 28320, 571, 1, 1, 5879.73, 4089.06, -85.8178, 3.90954, 10, 10, 0, 0),
(38410, 28320, 571, 1, 1, 5845.38, 4074.3, -82.1682, 2.09439, 10, 10, 0, 0),
(38413, 28320, 571, 1, 1, 5908.03, 4164.09, -83.6503, 5.91667, 10, 10, 0, 0),
(38416, 28320, 571, 1, 1, 5918.62, 4092.17, -86.2888, 5.21853, 10, 10, 0, 0),
(38419, 28320, 571, 1, 1, 5934.94, 4099.85, -87.3979, 2.70526, 10, 10, 0, 0),
(38420, 28320, 571, 1, 1, 5910.86, 4186.88, -80.9077, 1.02974, 10, 10, 0, 0),
(38421, 28320, 571, 1, 1, 5911.13, 4068.57, -86.391, 6.03884, 10, 10, 0, 0),
(38427, 28320, 571, 1, 1, 5939.78, 4138.44, -83.1161, 2.98451, 10, 10, 0, 0),
(38428, 28320, 571, 1, 1, 5911.09, 4085.16, -87.3979, 3.28122, 10, 10, 0, 0),
(38431, 28320, 571, 1, 1, 5927.35, 4176.46, -79.4406, 0.401426, 10, 10, 0, 0),
(38442, 28320, 571, 1, 1, 5936.01, 4163.25, -80.6096, 2.87979, 10, 10, 0, 0),
(38445, 28320, 571, 1, 1, 5890.65, 4073.37, -85.8896, 4.55531, 10, 10, 0, 0),
(38449, 28320, 571, 1, 1, 5941.35, 4149.92, -80.7598, 1.15192, 10, 10, 0, 0),
(38453, 28320, 571, 1, 1, 5891.04, 4087.34, -85.8725, 0.244346, 10, 10, 0, 0),
(38454, 28320, 571, 1, 1, 5838.12, 4088.17, -82.7963, 2.02458, 10, 10, 0, 0),
(38456, 28320, 571, 1, 1, 5919.77, 4145.97, -79.8148, 3.4383, 10, 10, 0, 0),
(38458, 28320, 571, 1, 1, 5805.81, 4047.48, -83.484, 2.617, 10, 10, 0, 0),
(38460, 28320, 571, 1, 1, 5858.84, 4075.04, -87.4654, 0.054646, 10, 10, 0, 0),
(38461, 28320, 571, 1, 1, 5805.9, 4050.64, -84.0319, 4.95173, 10, 10, 0, 0),
(38474, 28320, 571, 1, 1, 5831.43, 4045.28, -86.7564, 0.366519, 10, 10, 0, 0),
(38475, 28320, 571, 1, 1, 5823.64, 4051.91, -83.7855, 5.61996, 10, 10, 0, 0),
(38484, 28320, 571, 1, 1, 5868.04, 4045.46, -87.3965, 5.28835, 10, 10, 0, 0),
(38487, 28320, 571, 1, 1, 5936.72, 4121.78, -86.1598, 0.872665, 10, 10, 0, 0),
(38488, 28320, 571, 1, 1, 5843.67, 4028.56, -86.0385, 2.25148, 10, 10, 0, 0),
(38489, 28320, 571, 1, 1, 5847.58, 4045.54, -87.3967, 4.01426, 10, 10, 0, 0);
DELETE FROM `spawn_group` WHERE id = 32511;
INSERT INTO `spawn_group` (`Id`, `Name`, `Type`, `MaxCount`, `WorldState`, `Flags`) VALUES (32511, 'Sholazar Basin - Servant of Freya 28320 - Freya RP', 0, 25, 0, 0);
DELETE FROM `spawn_group_spawn` WHERE id = 32511;
INSERT IGNORE INTO `spawn_group_spawn` (`Id`, `Guid`, `SlotId`) SELECT 32511, `Guid`, -1 FROM `creature` WHERE id = 28320;
DELETE FROM dbscripts_on_relay WHERE id = 20753;
INSERT INTO dbscripts_on_relay (id, delay, command, datalong, datalong2, datalong3, buddy_entry, search_radius, data_flags, dataint, dataint2, dataint3, dataint4, x, y, z, o, comments) VALUES
(20753,1,1,0,0,0,0,0,0x04,0,0,0,0,0,0,0,0,'Part of Servant of Freya 28320 EAI - Remove Emote'),
(20753,1000,20,1,7,0,0,0,0x04,0,0,0,0,0,0,0,0,'Part of Servant of Freya 28320 EAI - set random movement'),
(20753,1001,15,52948,0,0,0,0,0x04,0,0,0,0,0,0,0,0,'Part of Servant of Freya 28320 EAI - cast 52948'),
(20753,1002,48,33554944,0,0,0,0,0x04,0,0,0,0,0,0,0,0,'Part of Servant of Freya 28320 EAI - Remove UnitFlags');
DELETE FROM `creature` WHERE `guid` = 32379;
DELETE FROM `creature` WHERE `guid` = 32100;
DELETE FROM `creature` WHERE `guid` = 32101;
DELETE FROM `creature` WHERE `guid` = 31764;
DELETE FROM `creature` WHERE `guid` = 31903;
DELETE FROM `creature` WHERE `guid` = 32028;
UPDATE creature SET position_x = 5842.728516, position_y = 4042.805664, position_z = -87.445747 WHERE guid = 32296;
UPDATE creature SET position_x = 5866.539062, position_y = 4055.723389, position_z = -87.480774 WHERE guid = 32563;
UPDATE creature SET position_x = 5862.937012, position_y = 4080.612305, position_z = -87.508492 WHERE guid = 32182;
UPDATE creature SET position_x = 5886.829590, position_y = 4059.239014, position_z = -87.481171 WHERE guid = 31906;
UPDATE creature SET position_x = 5938.723145, position_y = 4109.800293, position_z = -87.480988 WHERE guid = 32014;
UPDATE creature SET position_x = 5887.597168, position_y = 4084.956543, position_z = -87.481049 WHERE guid = 31890;
UPDATE creature SET position_x = 5909.707520, position_y = 4102.587891, position_z = -87.481239 WHERE guid = 32642;
UPDATE creature SET position_x = 5910.669434, position_y = 4119.154785, position_z = -87.480934 WHERE guid = 31711;
UPDATE creature SET position_x = 5927.899414, position_y = 4087.548828, position_z = -87.481216 WHERE guid = 32223;
UPDATE `creature` SET `orientation` = '0.631418' WHERE `guid` =31890;
UPDATE `creature` SET `orientation` = '2.98451' WHERE `guid` =32642;
UPDATE `creature` SET `orientation` = '2.53073' WHERE `guid` =31711;
UPDATE `creature` SET `orientation` = '5.16779' WHERE `guid` =32223;
UPDATE `creature` SET `orientation` = '3.89081' WHERE `guid` =32014;
DELETE FROM `spawn_group` WHERE id = 32512;
INSERT INTO `spawn_group` (`Id`, `Name`, `Type`, `MaxCount`, `WorldState`, `Flags`) VALUES (32512, 'Sholazar Basin - Bonescythe Ravager 28108 - Freya RP', 0, 10, 0, 0);
DELETE FROM `spawn_group_spawn` WHERE id = 32512;
INSERT INTO `spawn_group_spawn` (`Id`, `Guid`, `SlotId`) VALUES
(32512,32073, -1),(32512,31687, -1),(32512,32234, -1),(32512,32296, -1),(32512,32182, -1),(32512,32563, -1),(32512,31906, -1),(32512,31890, -1),
(32512,32256, -1),(32512,32642, -1),(32512,31711, -1),(32512,32267, -1),(32512,31778, -1),(32512,32223, -1),(32512,32014, -1),(32512,32385, -1),(32512,32446, -1);
DELETE FROM creature_movement_template WHERE entry IN (28108);
INSERT INTO creature_movement_template (entry, pathId, point, positionx, positiony, positionz, orientation, waittime, scriptid) VALUES
(28108,1,1,6073.4414,4076.3833,-48.347416,100,0,0),
(28108,1,2,5983.2764,4077.9714,-65.76325,100,0,0),
(28108,1,3,5955.0254,4087.339,-73.98268,100,0,0),
(28108,1,4,5918.5337,4097.5044,-87.3693,100,0,0),
(28108,1,5,5896.09,4105.799,-87.41906,100,100,20);
DELETE FROM creature_movement_template WHERE entry IN (28170);
INSERT INTO creature_movement_template (entry, pathId, point, positionx, positiony, positionz, orientation, waittime, scriptid) VALUES
(28170,1,1 ,6329.284,3605.1677,437.63007 ,100,0,0),
(28170,1,2 ,6291.1978,3658.9114,365.99487,100,0,0),
(28170,1,3 ,6253.1113,3712.655,294.35968 ,100,0,0),
(28170,1,4 ,6187.2007,3710.4285,243.27641,100,0,0),
(28170,1,5 ,6072.19,3784.3594,91.4431    ,100,0,0),
(28170,1,6 ,5955.1587,3750.4944,31.359886,100,0,0),
(28170,1,7 ,5947.2305,3832.7668,31.359888,100,0,0),
(28170,1,8 ,5931.104,3906.8582,2.276556  ,100,0,0),
(28170,1,9 ,5926.678,3982.7405,-20.44567 ,100,0,0),
(28170,1,10,5921.7754,4023.1223,-20.44567,100,0,0),
(28170,1,11,5917.8726,4066.8494,-25.72345,100,0,0),
(28170,1,12,5867.9297,4105.661,-71.945724,100,0,0),
(28170,1,13,5845.8457,4082.4348,-71.94572,100,0,0),
(28170,1,14,5859.274,4061.7751,-71.945724,100,0,0),
(28170,1,15,5898.874,4083.1892,-71.945724,100,0,0),
(28170,1,16,5883.6216,4121.293,-71.945724,100,0,0),
(28170,1,17,5837.5874,4135.043,-71.945724,100,0,0),
(28170,1,18,5847.867,4097.4478,-71.945724,100,0,0),
(28170,1,19,5868.9365,4082.5803,-71.94572,100,0,0),
(28170,1,20,5894.971,4082.4268,-71.945724,100,0,0),
(28170,1,21,5909.5127,4090.5344,-71.94572,100,0,0),
(28170,1,22,5911.932,4097.5977,-71.945724,100,0,0),
(28170,1,23,5909.4893,4104.788,-71.945724,100,0,0),
(28170,1,24,5901.2354,4112.5493,-71.94572,100,0,0),
(28170,1,25,5863.374,4102.225,-71.945724 ,100,0,0),
(28170,1,26,5886.8804,4086.7573,-71.94572,100,0,0),
(28170,1,27,5909.6133,4082.5854,-71.94572,100,0,0),
(28170,1,28,5924.5146,4089.9463,-61.72350,100,0,0),
(28170,1,29,5946.9243,4124.2837,-48.27904,100,0,0),
(28170,1,30,5891.096,4105.099,-48.279045 ,100,0,0),
(28170,1,31,5880.5425,4106.7163,-26.89015,100,0,0),
(28170,1,32,5836.7896,4091.5542,26.08208 ,100,0,0),
(28170,1,33,5836.7896,4091.5542,26.08208 ,100,100,1);

UPDATE creature SET position_x = 5738.3916, position_y = 3238.9504, position_z = 299.11957, spawndist = 0, MovementType = 2 WHERE guid = 88631;
UPDATE creature_template SET MovementType = 2 WHERE entry = 28840;
DELETE FROM creature_movement_template WHERE entry = 28840;
INSERT INTO creature_movement_template (Entry, Point, PositionX, PositionY, PositionZ, Orientation, WaitTime, ScriptId) VALUES
(28840,1 ,5738.3916,3238.9504,299.11957,100,0,0),
(28840,2 ,5744.125,3248.184,299.11957  ,100,0,0),
(28840,3 ,5747.9365,3262.1802,299.11957,100,0,0),
(28840,4 ,5737.7563,3273.5935,299.11957,100,0,0),
(28840,5 ,5723.768,3278.654,299.31958  ,100,0,0),
(28840,6 ,5712.7773,3273.7454,299.31958,100,0,0),
(28840,7 ,5705.582,3264.3945,299.11957 ,100,0,0),
(28840,8 ,5704.035,3252.4106,299.11957 ,100,0,0),
(28840,9 ,5711.498,3241.0378,299.11954 ,100,0,0),
(28840,10,5725.4727,3233.0093,299.11954,100,0,0);
UPDATE creature SET position_x = 5636.9097, position_y = 3426.023, position_z = 319.98083, spawndist = 0, MovementType = 3 WHERE guid = 87327;
DELETE FROM creature_movement WHERE Id IN (87327);
INSERT INTO creature_movement (id, point, positionx, positiony, positionz, orientation, waittime, scriptid) VALUES
(87327,1,5636.9097,3426.023,319.98083,100,0,0),
(87327,2,5765.905,3444.0762,320.45364,100,0,0),
(87327,3,5758.7153,3464.5044,313.09238,100,0,0),
(87327,4,5697.313,3484.4114,322.0923,100,0,0),
(87327,5,5645.4155,3441.3806,313.3979,100,0,0);
DELETE FROM `creature_movement` WHERE `id` IN (SELECT `guid` FROM `creature` WHERE `id` IN (28069));
DELETE FROM creature_addon WHERE guid IN(SELECT guid FROM creature WHERE id = 28069);
DELETE FROM `creature` WHERE `id` IN (28069);
INSERT INTO `creature` (`guid`, `id`, `map`, `spawnMask`, `phaseMask`, `position_x`, `position_y`, `position_z`, `orientation`, `spawntimesecsmin`, `spawntimesecsmax`, `spawndist`, `MovementType`) VALUES
(118043, 28069, 571, 1, 1, 5752.53, 3141.51, 294.167, 3.35103, 300, 300, 0, 0),
(118044, 28069, 571, 1, 1, 5737.38, 3051.35, 288.07, 1.23918, 300, 300, 0, 0),
(118045, 28069, 571, 1, 1, 5767.67, 3052.91, 288.07, 2.18166, 300, 300, 0, 0),
(118046, 28069, 571, 1, 1, 5781.28, 3081.08, 288.07, 3.0892, 300, 300, 0, 0),
(118047, 28069, 571, 1, 1, 5717.86, 3074.3, 288.07, 0.4014, 300, 300, 0, 0),
(38648, 28069, 571, 1, 1, 5754.45, 3440.96, 300.92, 3.25896, 300, 300, 0, 2),
(118048, 28069, 571, 1, 1, 5717.04, 3428.27, 300.926, 1.79769, 300, 300, 0, 0),
(38642, 28069, 571, 1, 1, 5709.83, 3394.46, 300.92, 4.7722, 300, 300, 0, 2),
(38673, 28069, 571, 1, 1, 5706.99, 3306.82, 299.718, 1.51844, 300, 300, 0, 0),
(38664, 28069, 571, 1, 1, 5734.7, 3308.84, 299.826, 1.8675, 300, 300, 0, 0),
(38657, 28069, 571, 1, 1, 5697.74, 3426.8, 300.926, 1.5708, 300, 300, 0, 0),
(38638, 28069, 571, 1, 1, 5733.38, 3205.57, 295.793, 0, 300, 300, 0, 2),
(38652, 28069, 571, 1, 1, 5728.32, 3137.71, 294.163, 0.715585, 300, 300, 0, 0);
DELETE FROM creature_movement WHERE Id IN (38638,38642,38648);
INSERT INTO creature_movement (id, point, positionx, positiony, positionz, orientation, waittime, scriptid) VALUES
(38638,1,5733.3813,3205.5715,295.79288,100,1000,0),
(38638,2,5734.833,3190.47,294.03784   ,100,0,0),
(38638,3,5737.6377,3168.6602,294.0216 ,100,0,0),
(38638,4,5739.3228,3152.1987,294.02396,100,0,0),
(38638,5,5742.7773,3128.6357,294.11957,100,0,0),
(38638,6,5744.9883,3100.4119,288.11957,100,0,0),
(38638,7,5746.9087,3085.88,287.70618  ,100,1000,0),
(38642,1,5709.8315,3394.4631,300.9196 ,100,1000,0),
(38642,2,5713.209,3367.1638,300.32468 ,100,0,0),
(38642,3,5715.4253,3346.8772,300.11957,100,0,0),
(38642,4,5718.0806,3324.5815,299.91388,100,1000,0),
(38648,1,5754.4517,3440.9565,300.91962,100,1000,0),
(38648,2,5721.435,3437.4414,300.91898,100,0,0),
(38648,3,5690.508,3433.7944,300.9187 ,100,0,0),
(38648,4,5655.3916,3430.241,300.91962,100,1000,0);

INSERT INTO `areatrigger_involvedrelation` (`id`, `quest`) VALUES (2208, 5156);

UPDATE creature SET position_x = 5672.0767, position_y = 4604.538, position_z = -137.50513, orientation = 5.16617, spawndist = 0, MovementType = 0 WHERE guid = 109040;
DELETE FROM creature_addon WHERE guid IN (109040);
INSERT INTO creature_addon (guid, mount, stand_state, sheath_state, pvp_flags, emote, moveflags, auras) VALUES (109040,0,0,1,0,0,0,'50917');
DELETE FROM creature_addon WHERE guid IN(SELECT guid FROM creature WHERE id = 28025);
DELETE FROM creature_template_addon WHERE entry IN (28025);
INSERT INTO creature_template_addon (entry, mount, stand_state, sheath_state, pvp_flags, emote, moveflags, auras) VALUES (28025,0,0,1,0,0,0,'50503');
DELETE FROM creature_addon WHERE guid IN (32028);
INSERT INTO creature_addon (guid, mount, stand_state, sheath_state, pvp_flags, emote, moveflags, auras) VALUES (32028,0,0,1,0,0,0,'52102 50503');
DELETE FROM `creature` WHERE `id` IN (28025);
INSERT INTO `creature` (`guid`, `id`, `map`, `spawnMask`, `phaseMask`, `position_x`, `position_y`, `position_z`, `orientation`, `spawntimesecsmin`, `spawntimesecsmax`, `spawndist`, `MovementType`) VALUES
(31764, 28025, 571, 1, 1, 5679.77, 4564.82, -134.156, 1.48353, 300, 300, 0, 0),
(31903, 28025, 571, 1, 1, 5646.01, 4597.89, -136.966, 3.59538, 300, 300, 0, 0),
(97134, 28025, 571, 1, 1, 5706.2, 4580.59, -120.049, 5.02655, 300, 300, 0, 2),
(32028, 28025, 571, 1, 1, 5709.96, 4562.79, -101.573, 5.02655, 300, 300, 0, 0);
DELETE FROM creature_movement WHERE Id IN (97134);
INSERT INTO creature_movement (id, point, positionx, positiony, positionz, orientation, waittime, scriptid) VALUES
(97134,1,5706.1963,4580.593,-120.0493,100,7000,0),
(97134,2,5675.826,4588.862,-134.00163,100,0,0),
(97134,3,5657.323,4585.6562,-136.7692,100,0,0),
(97134,4,5626.177,4573.352,-137.60526,100,7000,0),
(97134,5,5637.405,4574.912,-138.0193 ,100,0,0),
(97134,6,5650.549,4581.872,-137.3943 ,100,0,0),
(97134,7,5673.924,4588.482,-134.3886 ,100,0,0),
(97134,8,5696.927,4589.6963,-125.8884,100,0,0);
UPDATE creature SET position_x = 5649.3184, position_y = 4555.5156, position_z = -134.71796, spawndist = 0, MovementType = 0 WHERE guid IN (109275,109276);
DELETE FROM `spawn_group` WHERE id = 32513;
INSERT INTO `spawn_group` (`Id`, `Name`, `Type`, `MaxCount`, `WorldState`, `Flags`) VALUES (32513, 'Sholazar Basin - Gorloc Hatchling 28140 x2 - Patrol 1', 0, 0, 0, 0);
DELETE FROM `spawn_group_spawn` WHERE id = 32513;
INSERT INTO `spawn_group_spawn` (`Id`, `Guid`, `SlotId`) VALUES (32513, 109275, 0), (32513, 109276, 1);
DELETE FROM `spawn_group_formation` WHERE id = 32513;
INSERT INTO `spawn_group_formation` (`Id`, `FormationType`, `FormationSpread`, `FormationOptions`, `PathId`, `MovementType`, `Comment`) VALUES
(32513, 1, 2, 0, 32513, 2, 'Sholazar Basin - Gorloc Hatchling 28140 x2 - Patrol 1');
DELETE FROM `waypoint_path_name` WHERE PathId = 32513;
INSERT INTO `waypoint_path_name` (`PathId`, `Name`) VALUES (32513,'Sholazar Basin - Gorloc Hatchling 28140 x2 - Patrol 1');
DELETE FROM `waypoint_path` WHERE PathId = 32513;
INSERT INTO `waypoint_path` (`PathId`, `Point`, `PositionX`, `PositionY`,`PositionZ`, `Orientation`, `WaitTime`, `ScriptId`) VALUES
(32513,1 ,5649.3184,4555.5156,-134.71796,100,5000,1001),
(32513,2 ,5643.046,4588.427,-137.96495,100,0,0),
(32513,3 ,5629.2256,4605.9443,-137.01764,100,0,0),
(32513,4 ,5644.53,4612.584,-134.32164,100,0,0),
(32513,5 ,5658.312,4612.5884,-132.71825,100,0,0),
(32513,6 ,5670.1855,4581.974,-136.05046,0.45378,5000,2814001),
(32513,7 ,5684.9507,4579.914,-133.757,100,0,0),
(32513,8 ,5699.506,4566.368,-128.68588,100,0,0),
(32513,9 ,5675.2964,4563.967,-134.65695,100,3000,0),
(32513,10,5649.3975,4579.5776,-137.51927,100,0,0),
(32513,11,5640.329,4575.754,-138.01927,100,0,0),
(32513,12,5637.1304,4568.415,-136.81395,100,0,0),
(32513,13,5646.5293,4562.9604,-134.82196,100,0,0);
DELETE FROM creature_spawn_data WHERE guid IN (109275,109276);
INSERT INTO creature_spawn_data (guid, Id) VALUES (109275,1),(109276,1);
DELETE FROM dbscripts_on_creature_movement WHERE id IN (2814001,2814002);
INSERT INTO dbscripts_on_creature_movement (id, delay, command, datalong, datalong2, datalong3, buddy_entry, search_radius, data_flags, dataint, dataint2, dataint3, dataint4, x, y, z, o, comments) VALUES
(2814001,2000,1,193,0,0,0,0,0x04,0,0,0,0,0,0,0,0,'emote'),
(2814001,4000,1,0,0,0,0,0,0x04,0,0,0,0,0,0,0,0,'reset emote'),
(2814002,2000,1,173,0,0,0,0,0x04,0,0,0,0,0,0,0,0,'emote'),
(2814002,8000,1,0,0,0,0,0,0x04,0,0,0,0,0,0,0,0,'reset emote');
UPDATE creature SET position_x = 5601.0957, position_y = 4587.3735, position_z = -140.46878, spawndist = 0, MovementType = 0 WHERE guid IN (109278,109277);
DELETE FROM `spawn_group` WHERE id = 32514;
INSERT INTO `spawn_group` (`Id`, `Name`, `Type`, `MaxCount`, `WorldState`, `Flags`) VALUES (32514, 'Sholazar Basin - Gorloc Hatchling 28140 x2 - Patrol 2', 0, 0, 0, 0);
DELETE FROM `spawn_group_spawn` WHERE id = 32514;
INSERT INTO `spawn_group_spawn` (`Id`, `Guid`, `SlotId`) VALUES (32514, 109278, 0),(32514, 109277, 1);
DELETE FROM `spawn_group_formation` WHERE id = 32514;
INSERT INTO `spawn_group_formation` (`Id`, `FormationType`, `FormationSpread`, `FormationOptions`, `PathId`, `MovementType`, `Comment`) VALUES
(32514, 1, 2, 0, 32514, 2, 'Sholazar Basin - Gorloc Hatchling 28140 x2 - Patrol 2');
DELETE FROM `waypoint_path_name` WHERE PathId = 32514;
INSERT INTO `waypoint_path_name` (`PathId`, `Name`) VALUES (32514,'Sholazar Basin - Gorloc Hatchling 28140 x2 - Patrol 2');
DELETE FROM `waypoint_path` WHERE PathId = 32514;
INSERT INTO `waypoint_path` (`PathId`, `Point`, `PositionX`, `PositionY`,`PositionZ`, `Orientation`, `WaitTime`, `ScriptId`) VALUES
(32514,1,5601.0957,4587.3735,-140.46878,100,0,0),
(32514,2,5614.7534,4600.907,-139.54353,100,0,0),
(32514,3,5628.2007,4600.7554,-136.87738,4.9567,5000,1025),
(32514,4,5632.377,4612.1323,-136.26556,100,0,0),
(32514,5,5637.607,4625.2915,-136.00133,100,0,0),
(32514,6,5605.97,4623,-136.77106,100,10000,2814002),
(32514,7,5580.905,4619.5747,-136.82103,100,0,0),
(32514,8,5565.7837,4619.731,-135.66608,100,0,0),
(32514,9,5549.4697,4605.319,-131.93842,100,0,0),
(32514,10,5550.658,4595.0225,-131.14592,100,0,0),
(32514,11,5555.3315,4592.4395,-132.82414,100,0,0),
(32514,12,5587.0923,4590.6426,-137.95805,100,3000,0),
(32514,13,5555.3315,4592.4395,-132.82414,100,0,0),
(32514,14,5576.0317,4575.377,-140.91118,100,0,0),
(32514,15,5602.6196,4561.788,-132.68953,2.3911,5000,1001),
(32514,16,5576.0317,4575.377,-140.91118,100,0,0),
(32514,17,5594.8696,4575.0654,-139.78471,100,0,0);
DELETE FROM creature_spawn_data WHERE guid IN (109278,109277);
INSERT INTO creature_spawn_data (guid, Id) VALUES (109278,1),(109277,1);

DELETE FROM `creature` WHERE `guid` = 26078;
DELETE FROM `creature` WHERE `guid` = 26084;
REPLACE INTO creature (guid, id, map, spawnmask, phasemask, position_x, position_y, position_z, orientation, spawntimesecsmin, spawntimesecsmax, spawndist, MovementType) VALUES 
(32100,28002,571,1,1,5360.82,5021.1,-139.743,1.8751,300,300,10,1),
(97097,28002,571,1,1,5674.83,4849.18,-136.221,6.12018,300,300,10,1),
(26058,28002,571,1,1,5717.55,4916.16,-135.674,4.01139,300,300,10,1),
(26060,28002,571,1,1,5710.5,4844.84,-135.096,2.31886,300,300,10,1),
(26077,28002,571,1,1,5747.75,4896.46,-133.366,5.57826,300,300,10,1),
(26061,28002,571,1,1,5760.55,4830.36,-134.026,5.91989,300,300,10,1);
DELETE FROM `creature_movement` WHERE `id` IN (SELECT `guid` FROM `creature` WHERE `id` IN (28011));
DELETE FROM creature_addon WHERE guid IN(SELECT guid FROM creature WHERE id = 28011);
DELETE FROM `creature` WHERE `id` IN (28011);
INSERT INTO `creature` (`guid`, `id`, `map`, `spawnMask`, `phaseMask`, `position_x`, `position_y`, `position_z`, `orientation`, `spawntimesecsmin`, `spawntimesecsmax`, `spawndist`, `MovementType`) VALUES
(96997, 28011, 571, 1, 1, 5439.87, 5059.75, -132.829, 3.40663, 300, 300, 10, 1),
(96999, 28011, 571, 1, 1, 5457.6, 5002.81, -131.179, 6.10839, 300, 300, 10, 1),
(97000, 28011, 571, 1, 1, 5643.09, 4866.78, -136.391, 4.26271, 300, 300, 10, 1),
(97001, 28011, 571, 1, 1, 5731.67, 4635.33, -137.228, 3.1018, 300, 300, 10, 1),
(97002, 28011, 571, 1, 1, 5378.83, 5107.18, -134.654, 3.1018, 300, 300, 10, 1),
(97003, 28011, 571, 1, 1, 5612.5, 4858.62, -136.485, 3.10184, 300, 300, 10, 1),
(97004, 28011, 571, 1, 1, 5704.66, 4921.11, -135.673, 3.1018, 300, 300, 10, 1),
(97005, 28011, 571, 1, 1, 5769.91, 4936.22, -132.857, 6.1923, 300, 300, 10, 1),
(97006, 28011, 571, 1, 1, 5721.64, 4746.59, -134.59, 6.19237, 300, 300, 10, 1),
(97007, 28011, 571, 1, 1, 5230.06, 4675.45, -133.68, 3.11718, 300, 300, 10, 1),
(97008, 28011, 571, 1, 1, 5257.75, 4743.93, -132.369, 1.85795, 300, 300, 10, 1),
(97009, 28011, 571, 1, 1, 5109.22, 4784.63, -133.081, 2.60318, 300, 300, 10, 1),
(97010, 28011, 571, 1, 1, 5191.56, 4668.22, -134.58, 1.60793, 300, 300, 10, 1),
(97011, 28011, 571, 1, 1, 5080.68, 4845.36, -131.295, 0.66368, 300, 300, 10, 1),
(97012, 28011, 571, 1, 1, 5118.64, 4819.82, -131.405, 2.93901, 300, 300, 10, 1),
(97013, 28011, 571, 1, 1, 5182.83, 4698.82, -134.021, 2.80409, 300, 300, 10, 1),
(97014, 28011, 571, 1, 1, 5140.02, 4762.41, -133.167, 2.44557, 300, 300, 10, 1),
(97015, 28011, 571, 1, 1, 5206.56, 4857.29, -124.876, 2.85755, 300, 300, 10, 1),
(97016, 28011, 571, 1, 1, 5195.83, 4912.5, -129.021, 1.53566, 300, 300, 10, 1),
(32101, 28011, 571, 1, 1, 5353.29, 4620.79, -132.689, 1.4607, 300, 300, 10, 1),
(32379, 28011, 571, 1, 1, 5300.62, 4676, -134.313, 3.90352, 300, 300, 10, 1),
(38497, 28011, 571, 1, 1, 5069.08, 4914.5, -131.593, 2.42319, 300, 300, 10, 1),
(38502, 28011, 571, 1, 1, 5108.18, 5073.01, -134.667, 1.27395, 300, 300, 10, 1),
(38503, 28011, 571, 1, 1, 5198.51, 4949.2, -131.122, 1.61148, 300, 300, 10, 1),
(38509, 28011, 571, 1, 1, 5354.23, 4965.04, -131.866, 4.91496, 300, 300, 10, 1),
(38510, 28011, 571, 1, 1, 5337.92, 4635.79, -133.734, 4.45341, 300, 300, 10, 1),
(38520, 28011, 571, 1, 1, 5384.25, 4661.15, -133.207, 1.61711, 300, 300, 10, 1),
(38523, 28011, 571, 1, 1, 5671.94, 4663.37, -135.58, 3.96771, 300, 300, 10, 1),
(38524, 28011, 571, 1, 1, 5552.25, 5082.16, -134.741, 4.08742, 300, 300, 10, 1),
(38530, 28011, 571, 1, 1, 5545.14, 5043.36, -128.846, 0.620888, 300, 300, 10, 1),
(38533, 28011, 571, 1, 1, 5223.97, 4962.39, -130.91, 1.40195, 300, 300, 10, 1),
(38540, 28011, 571, 1, 1, 5642.17, 4344.57, -133.527, 4.17358, 300, 300, 10, 1),
(38541, 28011, 571, 1, 1, 5548.05, 4537.42, -137.281, 0.202343, 300, 300, 10, 1),
(38543, 28011, 571, 1, 1, 5515.41, 4394.91, -135.155, 1.41182, 300, 300, 10, 1),
(38545, 28011, 571, 1, 1, 5552.84, 4410.7, -137.924, 0.147563, 300, 300, 10, 1),
(38546, 28011, 571, 1, 1, 5626.79, 5121.04, -132.854, 6.24379, 300, 300, 10, 1),
(38549, 28011, 571, 1, 1, 5245.49, 5128.89, -135.861, 4.04862, 300, 300, 10, 1),
(38550, 28011, 571, 1, 1, 5308.39, 5088.28, -133.629, 0.974668, 300, 300, 10, 1),
(38554, 28011, 571, 1, 1, 5322.45, 5028.19, -135.632, 0.298079, 300, 300, 10, 1),
(38555, 28011, 571, 1, 1, 5229.83, 5092.76, -136.3, 3.04876, 300, 300, 10, 1),
(38557, 28011, 571, 1, 1, 5151.1, 5132.11, -131.569, 5.49054, 300, 300, 10, 1),
(38564, 28011, 571, 1, 1, 5834.55, 4509.78, -133.655, 0.001087, 300, 300, 10, 1),
(38567, 28011, 571, 1, 1, 5621.7, 5034.35, -132.2, 1.87619, 300, 300, 10, 1),
(38571, 28011, 571, 1, 1, 5251.73, 5016.65, -134.837, 0.561745, 300, 300, 10, 1),
(38572, 28011, 571, 1, 1, 5151.93, 5060.23, -133.327, 1.28189, 300, 300, 10, 1),
(38574, 28011, 571, 1, 1, 5191.9, 5123.99, -135.353, 3.9956, 300, 300, 10, 1),
(38579, 28011, 571, 1, 1, 5584.76, 4357.56, -136.231, 0.411492, 300, 300, 10, 1),
(38584, 28011, 571, 1, 1, 5890.1, 4759.39, -131.982, 6.11622, 300, 300, 10, 1),
(38585, 28011, 571, 1, 1, 5810.76, 4765.11, -134.336, -3.01744, 300, 300, 10, 1),
(38595, 28011, 571, 1, 1, 5726.87, 5052.87, -133.48, 1.40809, 300, 300, 10, 1),
(38598, 28011, 571, 1, 1, 5590.17, 5110.83, -133.568, 0.601794, 300, 300, 10, 1),
(38614, 28011, 571, 1, 1, 5557.95, 5161.27, -131.987, 2.68554, 300, 300, 10, 1),
(38615, 28011, 571, 1, 1, 5576.33, 4917.23, -133.014, 5.69302, 300, 300, 10, 1),
(38624, 28011, 571, 1, 1, 5662.59, 5157.55, -132.618, 4.90851, 300, 300, 10, 1),
(38627, 28011, 571, 1, 1, 5688.38, 5209.57, -132.301, 0.960665, 300, 300, 10, 1),
(38628, 28011, 571, 1, 1, 5657.75, 5260.77, -132.639, -3.01917, 300, 300, 10, 1),
(38676, 28011, 571, 1, 1, 5624.86, 4923.72, -132.129, 2.17424, 300, 300, 10, 1),
(38679, 28011, 571, 1, 1, 5654.22, 5047.38, -134.678, 0.701946, 300, 300, 10, 1),
(38687, 28011, 571, 1, 1, 5652.53, 4962.57, -133.803, 0.628597, 300, 300, 10, 1),
(38695, 28011, 571, 1, 1, 5769.48, 4453.65, -135.578, 3.35512, 300, 300, 10, 1),
(38696, 28011, 571, 1, 1, 5780.61, 4504.52, -133.686, 1.79911, 300, 300, 10, 1),
(38700, 28011, 571, 1, 1, 5871.93, 4607.6, -135.881, 3.14092, 300, 300, 10, 1),
(38703, 28011, 571, 1, 1, 5663.33, 4470.33, -136.747, 0.522752, 300, 300, 10, 1),
(38708, 28011, 571, 1, 1, 5619.15, 4702.1, -136.71, 3.80582, 300, 300, 10, 1),
(38709, 28011, 571, 1, 1, 5636.98, 4457.81, -138.069, 1.95787, 300, 300, 10, 1),
(38716, 28011, 571, 1, 1, 5705.11, 5129.52, -132.659, 3.49632, 300, 300, 10, 1),
(38724, 28011, 571, 1, 1, 5679.28, 4479.31, -135.653, 0.65385, 300, 300, 10, 1),
(38732, 28011, 571, 1, 1, 5589.52, 5339.75, -135.862, 0.541495, 300, 300, 10, 1),
(38741, 28011, 571, 1, 1, 5773.47, 4517.24, -134.249, 2.31746, 300, 300, 10, 1),
(38747, 28011, 571, 1, 1, 5520.3, 4645, -135.555, 1.51216, 300, 300, 10, 1),
(38759, 28011, 571, 1, 1, 5750.05, 4700.28, -135.036, 3.1528, 300, 300, 10, 1),
(38765, 28011, 571, 1, 1, 5828.66, 4616.77, -133.556, 6.0588, 300, 300, 10, 1),
(38783, 28011, 571, 1, 1, 5871.14, 4670.91, -131.789, 6.0588, 300, 300, 10, 1),
(38803, 28011, 571, 1, 1, 5784.25, 5072.26, -135.296, 6.0588, 300, 300, 10, 1),
(38804, 28011, 571, 1, 1, 5730.26, 5100.93, -133.87, 3.23534, 300, 300, 10, 1),
(38808, 28011, 571, 1, 1, 5527.85, 5348.49, -134.462, 3.1057, 300, 300, 10, 1),
(38810, 28011, 571, 1, 1, 5489, 5330.42, -134.022, 4.52731, 300, 300, 10, 1),
(38813, 28011, 571, 1, 1, 5377.26, 5342.38, -135.021, 4.062, 300, 300, 10, 1),
(38826, 28011, 571, 1, 1, 5398.19, 5289.13, -131.228, 0.7225, 300, 300, 10, 1),
(38828, 28011, 571, 1, 1, 5376.96, 5238.79, -132.537, 3.118, 300, 300, 10, 1),
(38831, 28011, 571, 1, 1, 5294.05, 5176.45, -129.862, 6.0907, 300, 300, 10, 1),
(38851, 28011, 571, 1, 1, 5416.27, 5187.17, -134.097, 6.0907, 300, 300, 10, 1),
(38852, 28011, 571, 1, 1, 5374.74, 5168.64, -135.72, 2.07345, 300, 300, 10, 1);
DELETE FROM `creature_movement` WHERE `id` IN (SELECT `guid` FROM `creature` WHERE `id` IN (29036));
DELETE FROM creature_addon WHERE guid IN(SELECT guid FROM creature WHERE id = 29036);
DELETE FROM `creature` WHERE `id` IN (29036);
INSERT INTO `creature` (`guid`, `id`, `map`, `spawnMask`, `phaseMask`, `position_x`, `position_y`, `position_z`, `orientation`, `spawntimesecsmin`, `spawntimesecsmax`, `spawndist`, `MovementType`) VALUES
(92910, 29036, 571, 1, 1, 5219.52, 5087.62, -135.781, 1.75537, 300, 300, 10, 1),
(92911, 29036, 571, 1, 1, 5292.06, 4825.25, -133.339, 5.72155, 300, 300, 10, 1),
(92912, 29036, 571, 1, 1, 5535.56, 4637.91, -136.56, 2.70154, 300, 300, 10, 1),
(92913, 29036, 571, 1, 1, 5573.69, 4537.77, -137.979, 0.882936, 300, 300, 10, 1),
(92914, 29036, 571, 1, 1, 5639.71, 4684.87, -134.144, 4.76123, 300, 300, 10, 1),
(92915, 29036, 571, 1, 1, 5594.67, 4914.16, -132.515, 5.29523, 300, 300, 10, 1),
(92916, 29036, 571, 1, 1, 5200.28, 4681.53, -133.438, 5.73473, 300, 300, 10, 1),
(92917, 29036, 571, 1, 1, 5184.25, 4730.88, -132.102, 3.42378, 300, 300, 10, 1),
(92918, 29036, 571, 1, 1, 5370.96, 4493.44, -128.731, 1.97347, 300, 300, 10, 1),
(92919, 29036, 571, 1, 1, 5284.09, 4750.76, -135.297, 2.7444, 300, 300, 10, 1),
(92920, 29036, 571, 1, 1, 5672.18, 5138.5, -133.136, 5.4908, 300, 300, 10, 1),
(92921, 29036, 571, 1, 1, 5176.17, 5055.59, -133.013, 4.26048, 300, 300, 10, 1),
(92922, 29036, 571, 1, 1, 5874.67, 4864.48, -130.414, 1.90613, 300, 300, 10, 1),
(92923, 29036, 571, 1, 1, 5684.04, 5056.57, -134.116, 1.3528, 300, 300, 10, 1),
(92924, 29036, 571, 1, 1, 5617.49, 5142.48, -132.081, 0.585499, 300, 300, 10, 1),
(92925, 29036, 571, 1, 1, 5864.06, 4592.41, -136.718, 6.11739, 300, 300, 10, 1),
(92926, 29036, 571, 1, 1, 5718.95, 4476.63, -132.821, 1.56005, 300, 300, 10, 1),
(92927, 29036, 571, 1, 1, 5758.39, 4894.13, -132.895, 4.0584, 300, 300, 10, 1),
(92928, 29036, 571, 1, 1, 5585.98, 4695.57, -133.944, 1.9575, 300, 300, 10, 1),
(92929, 29036, 571, 1, 1, 5756.76, 4519.02, -132.839, 3.3374, 300, 300, 10, 1),
(92930, 29036, 571, 1, 1, 5493.5, 4651.59, -132.037, 3.33748, 300, 300, 10, 1),
(92931, 29036, 571, 1, 1, 5303.69, 4980.64, -135.001, 3.3374, 300, 300, 10, 1),
(92932, 29036, 571, 1, 1, 5333.85, 5051.01, -137.247, 3.3374, 300, 300, 10, 1),
(92933, 29036, 571, 1, 1, 5756.13, 4654.8, -133.589, 3.33748, 300, 300, 10, 1),
(92934, 29036, 571, 1, 1, 5836.53, 4771.16, -132.646, 3.3374, 300, 300, 10, 1),
(92935, 29036, 571, 1, 1, 5852.18, 4664.35, -129.832, 3.3374, 300, 300, 10, 1),
(92936, 29036, 571, 1, 1, 5665.15, 4990.8, -134.474, 3.32412, 300, 300, 10, 1),
(92937, 29036, 571, 1, 1, 5590.47, 5136.77, -131.571, 3.3241, 300, 300, 10, 1),
(92938, 29036, 571, 1, 1, 5600.39, 5243.78, -134.865, 1.392, 300, 300, 10, 1),
(92939, 29036, 571, 1, 1, 5546.27, 5333.83, -136.11, 4.05847, 300, 300, 10, 1),
(92940, 29036, 571, 1, 1, 5361.65, 5299.33, -134.439, 1.663, 300, 300, 10, 1),
(92941, 29036, 571, 1, 1, 5362.59, 5109.32, -135.654, 5.7313, 300, 300, 10, 1),
(92942, 29036, 571, 1, 1, 5584.35, 5378.35, -137.425, 1.2977, 300, 300, 10, 1),
(109055, 29036, 571, 1, 1, 5384.04, 5144.61, -131.308, 5.7588, 300, 300, 10, 1),
(109056, 29036, 571, 1, 1, 5123.67, 5118.38, -136.575, 3.8581, 300, 300, 10, 1),
(109057, 29036, 571, 1, 1, 5107.56, 4896.41, -131.14, 3.05315, 300, 300, 10, 1),
(109058, 29036, 571, 1, 1, 5261.59, 4986.67, -134.161, 4.459, 300, 300, 10, 1),
(109059, 29036, 571, 1, 1, 5414.87, 5080.18, -135.381, 2.9785, 300, 300, 10, 1),
(109060, 29036, 571, 1, 1, 5573.91, 5023.08, -135.791, 2.9785, 300, 300, 10, 1),
(109061, 29036, 571, 1, 1, 5815.16, 5042.75, -135.848, 6.0926, 300, 300, 10, 1);
UPDATE creature SET position_x = 5732, position_y = 4386.203, position_z = -136.1716, spawndist = 0, MovementType = 2 WHERE guid = 109310;
UPDATE creature_template SET MovementType = 2 WHERE entry = 28358;
DELETE FROM creature_movement_template WHERE entry = 28358;
INSERT INTO creature_movement_template (Entry, Point, PositionX, PositionY, PositionZ, Orientation, WaitTime, ScriptId) VALUES
(28358,1,5732,4386.203,-136.1716,100,4000,0),
(28358,2,5725.607,4370.464,-138.4216,100,0,0),
(28358,3,5705.899,4371.18,-139.1716,100,0,0),
(28358,4,5704.283,4394.416,-144.0466,100,0,0),
(28358,5,5725.339,4404.291,-156.0479,100,0,0),
(28358,6,5750.613,4405.569,-154.8253,100,0,0),
(28358,7,5760.469,4425.643,-142.5753,100,0,0),
(28358,8,5770.54,4449.451,-136.1532,100,0,0),
(28358,9,5772.089,4461.738,-133.7782,100,0,0),
(28358,10,5785.2085,4465.8716,-131.99055,100,0,0),
(28358,11,5787.121,4455.432,-132.5282,100,0,0),
(28358,12,5778.021,4449.356,-134.6532,100,0,0),
(28358,13,5772.104,4433.733,-138.7782,100,0,0),
(28358,14,5769.616,4419.951,-143.4691,100,0,0),
(28358,15,5750.613,4405.569,-154.8253,100,0,0),
(28358,16,5717.541,4401.594,-153.6686,100,0,0),
(28358,17,5703.686,4394.491,-143.9216,100,0,0),
(28358,18,5706.067,4386.728,-142.7966,100,0,0),
(28358,19,5710.782,4374.022,-139.5466,100,0,0),
(28358,20,5725.607,4370.464,-138.4216,100,0,0);
UPDATE creature_template_addon SET auras = 54913 WHERE entry = 28010;
DELETE FROM `creature_movement` WHERE `id` IN (SELECT `guid` FROM `creature` WHERE `id` IN (28010));
DELETE FROM creature_addon WHERE guid IN(SELECT guid FROM creature WHERE id = 28010);
DELETE FROM `creature` WHERE `id` IN (28010);
INSERT INTO `creature` (`guid`, `id`, `map`, `spawnMask`, `phaseMask`, `position_x`, `position_y`, `position_z`, `orientation`, `spawntimesecsmin`, `spawntimesecsmax`, `spawndist`, `MovementType`) VALUES
(92858, 28010, 571, 1, 1, 5350, 3819.2, -81.4521, 1.52489, 300, 300, 5, 1),
(92859, 28010, 571, 1, 1, 5389.33, 3796.62, -76.8099, 6.06356, 300, 300, 5, 1),
(92860, 28010, 571, 1, 1, 5343.24, 3774.56, -84.5145, 2.78648, 300, 300, 5, 1),
(92861, 28010, 571, 1, 1, 5476.36, 4878.04, -212.453, 2.17089, 300, 300, 5, 1),
(97247, 28010, 571, 1, 1, 5415.64, 4789.43, -210.701, 5.80731, 300, 300, 5, 1),
(97248, 28010, 571, 1, 1, 5447.9, 4814.39, -215.134, -1.97491, 300, 300, 0, 0),
(97249, 28010, 571, 1, 1, 5449.42, 4786.79, -211.728, 1.8805, 300, 300, 5, 1);
REPLACE INTO `creature` (`guid`, `id`, `map`, `spawnMask`, `phaseMask`, `position_x`, `position_y`, `position_z`, `orientation`, `spawntimesecsmin`, `spawntimesecsmax`, `spawndist`, `MovementType`) VALUES
(97250, 24653, 571, 1, 1, 5519.81, 4735.74, -192.731, 2.74017, 300, 300, 0, 0),
(109111, 24653, 571, 1, 1, 5509.14, 4747.95, -194.35, 2.84489, 300, 300, 0, 0);

INSERT INTO `spell_script_target` (`entry`, `type`, `targetEntry`, `inverseEffectMask`) VALUES ('30126', '1', '17248', '0');
INSERT INTO `spell_script_target` (`entry`, `type`, `targetEntry`, `inverseEffectMask`) VALUES ('34408', '1', '19653', '0');
INSERT INTO `spell_script_target` (`entry`, `type`, `targetEntry`, `inverseEffectMask`) VALUES ('35138', '1', '19692', '0');
INSERT INTO `spell_script_target` (`entry`, `type`, `targetEntry`, `inverseEffectMask`) VALUES ('35140', '1', '20398', '0');
INSERT INTO `spell_script_target` (`entry`, `type`, `targetEntry`, `inverseEffectMask`) VALUES ('35171', '1', '19995', '0');
INSERT INTO `spell_script_target` (`entry`, `type`, `targetEntry`, `inverseEffectMask`) VALUES ('36878', '1', '21445', '0');

DELETE FROM creature_spell_targeting WHERE Id IN(107,108);
INSERT INTO creature_spell_targeting(Id, Type, Param1, Param2, Param3, UnitCondition, Comments) VALUES
('107', '1', '0', '0', '130', '-1', 'Attack - random player not in melee'),
('108', '1', '0', '1', '130', '-1', 'Attack - random player non tank not in melee');

INSERT INTO creature (guid, id, map, spawnmask, phasemask, position_x, position_y, position_z, orientation, spawntimesecsmin, spawntimesecsmax, spawndist, MovementType) VALUES 
(26078,28320,571,1,2,6191.455,4728.845,224.80719,5.86430644,300,300,0,0),
(26084,28320,571,1,2,6177.8335,4730.029,224.69289,0.2443460,300,300,0,0),
(38857,28320,571,1,2,6238.1743,4731.893,224.78261,3.9269907,300,300,0,0),
(38877,28320,571,1,2,6168.2017,4749.6436,224.57733,5.009094,300,300,0,0),
(38879,28320,571,1,2,6206.937,4750.7876,224.79634,3.7873644,300,300,0,0),
(38891,28320,571,1,2,6226.4126,4738.004,224.79634,5.6199603,300,300,0,0),
(38894,28320,571,1,2,6185.5757,4761.765,224.79636,4.3982295,300,300,0,0),
(38899,28320,571,1,2,6177.58,4762.691,225.41757,1.780235767,300,300,0,0),
(38915,28320,571,1,2,6218.7812,4772.2207,224.84003,5.410520,300,300,0,0),
(38947,28320,571,1,2,6206.619,4787.4907,224.79657,4.6425757,300,300,0,0),
(38958,28320,571,1,2,6217.7866,4796.458,224.43056,1.3962633,300,300,0,0),
(38979,28320,571,1,2,6236.0024,4785.332,224.86507,1.9024088,300,300,0,0),
(38993,28320,571,1,2,6242.5845,4769.5063,224.44258,2.984513,300,300,0,0),
(39007,28320,571,1,2,6254.1904,4757.4995,217.8558,0.8377580,300,300,0,0);
DELETE FROM dbscripts_on_relay WHERE id = 29999;
INSERT INTO dbscripts_on_relay (id, delay, command, datalong, datalong2, datalong3, buddy_entry, search_radius, data_flags, dataint, dataint2, dataint3, dataint4, x, y, z, o, comments) VALUES
(29999,1,1,0,0,0,0,0,0x04,0,0,0,0,0,0,0,0,'GENERIC - emote 0 (Reset Emote)');
DELETE FROM creature_spawn_data_template WHERE `Entry` IN (20060);
INSERT INTO creature_spawn_data_template (Entry,RelayId,Name) VALUES (20060,29999,'- Relayid 29999');
DELETE FROM `creature_spawn_data` WHERE guid IN (38979,38993,39007);
INSERT INTO `creature_spawn_data` (`guid`, `id`) VALUES (38979,20060),(38993,20060),(39007,20060);
DELETE FROM `creature_movement` WHERE `id` IN (SELECT `guid` FROM `creature` WHERE `id` IN (28538));
DELETE FROM creature_addon WHERE guid IN(SELECT guid FROM creature WHERE id = 28538);
DELETE FROM `creature` WHERE `id` IN (28538);
INSERT INTO `creature` (`guid`, `id`, `map`, `spawnMask`, `phaseMask`, `position_x`, `position_y`, `position_z`, `orientation`, `spawntimesecsmin`, `spawntimesecsmax`, `spawndist`, `MovementType`) VALUES
(88625, 28538, 571, 1, 2, 6228.42, 4740.68, 224.738, 1.97995, 180, 180, 5, 1),
(88626, 28538, 571, 1, 2, 6212.55, 4790.38, 224.713, 2.03485, 180, 180, 5, 1),
(88627, 28538, 571, 1, 2, 6208.1, 4762.39, 222.758, 2.87979, 180, 180, 0, 0),
(88628, 28538, 571, 1, 2, 6197.03, 4772.67, 221.593, 4.62512, 180, 180, 0, 0),
(88629, 28538, 571, 1, 2, 6179.66, 4739.34, 224.747, 6.06933, 180, 180, 5, 1),
(39024, 28538, 571, 1, 2, 6209.31, 4766.71, 224.144, 3.22886, 180, 180, 0, 0),
(39032, 28538, 571, 1, 2, 6195.94, 4761.25, 220.873, 1.53589, 180, 180, 0, 0),
(39040, 28538, 571, 1, 2, 6182.84, 4758.91, 224.713, 0.628291, 180, 180, 5, 1);
DELETE FROM `creature_movement` WHERE `id` IN (SELECT `guid` FROM `creature` WHERE `id` IN (28373));
DELETE FROM creature_addon WHERE guid IN(SELECT guid FROM creature WHERE id = 28373);
DELETE FROM `creature` WHERE `id` IN (28373);
INSERT INTO `creature` (`guid`, `id`, `map`, `spawnMask`, `phaseMask`, `position_x`, `position_y`, `position_z`, `orientation`, `spawntimesecsmin`, `spawntimesecsmax`, `spawndist`, `MovementType`) VALUES
(96986, 28373, 571, 1, 1, 6003.45, 4549.83, -87.1041, 2.05379, 300, 300, 0, 4),
(96988, 28373, 571, 1, 1, 6106.39, 4412.78, -86.0293, 5.25344, 300, 300, 0, 0),
(96989, 28373, 571, 1, 1, 6034.21, 4532.36, -86.4763, 1.81514, 300, 300, 0, 0),
(96990, 28373, 571, 1, 1, 6049.71, 4535.28, -87.3962, 1.74533, 300, 300, 0, 0),
(96983, 28373, 571, 1, 1, 6100.29, 4516.44, -79.8336, 0.837078, 300, 300, 0, 4),
(96979, 28373, 571, 1, 1, 6052.78, 4447.96, -80.58, 2.81835, 300, 300, 0, 0),
(96984, 28373, 571, 1, 1, 5994.62, 4483.44, -87.1257, 1.66211, 300, 300, 0, 4),
(96991, 28373, 571, 1, 1, 6124.29, 4420.42, -84.3111, 4.83456, 300, 300, 0, 0),
(96976, 28373, 571, 1, 1, 6116.36, 4522.08, -76.5863, 1.48353, 300, 300, 0, 0),
(96992, 28373, 571, 1, 1, 6143.86, 4506.67, -87.177, 0.959931, 300, 300, 0, 0),
(96981, 28373, 571, 1, 1, 5997.92, 4508.09, -87.2351, 3.01357, 300, 300, 0, 0),
(96977, 28373, 571, 1, 1, 5990.84, 4480.53, -87.1257, 3.87463, 300, 300, 0, 0),
(96974, 28373, 571, 1, 1, 6105.57, 4532.8, -76.8111, 0.174533, 300, 300, 0, 0),
(96987, 28373, 571, 1, 1, 6205.64, 4456.15, -83.0951, 4.85417, 300, 300, 0, 4),
(96975, 28373, 571, 1, 1, 6106.36, 4522.57, -77.9412, 0.837758, 300, 300, 0, 0),
(96982, 28373, 571, 1, 1, 6132.6, 4455.81, -84.0909, 5.9669, 300, 300, 0, 0),
(96993, 28373, 571, 1, 1, 6166.21, 4501.37, -85.59, 1.29154, 300, 300, 0, 0),
(96978, 28373, 571, 1, 1, 6061.32, 4451.85, -80.4758, 1.39626, 300, 300, 0, 0),
(96994, 28373, 571, 1, 1, 6003.56, 4453.97, -90.282, 4.31096, 300, 300, 0, 0),
(96985, 28373, 571, 1, 1, 6120.65, 4501.79, -80.1881, 0.14182, 300, 300, 0, 2),
(96980, 28373, 571, 1, 1, 6058.44, 4517.49, -87.0563, 0.0349, 300, 300, 0, 0),
(96995, 28373, 571, 1, 1, 6026.46, 4444.73, -89.0492, 4.2237, 300, 300, 0, 0);
INSERT INTO creature_addon (guid, mount, stand_state, sheath_state, pvp_flags, emote, moveflags, auras) VALUES
(96974,0,8,1,0,0,0,NULL),(96975,0,8,1,0,0,0,NULL),(96976,0,8,1,0,0,0,NULL),(96977,0,0,1,0,69,0,NULL),(96978,0,0,1,0,69,0,NULL),
(96979,0,0,1,0,69,0,NULL),(96980,0,0,1,0,69,0,NULL),(96981,0,0,1,0,69,0,NULL),(96982,0,0,1,0,69,0,NULL);
INSERT INTO creature_movement (id, point, positionx, positiony, positionz, orientation, waittime, scriptid) VALUES
(96983,1,6100.2876,4516.4424,-79.8336,100,1000,0),
(96983,2,6087.185,4501.942,-82.29033 ,100,0,0),
(96983,3,6085.8423,4480.0625,-84.93232,100,0,0),
(96983,4,6103.417,4465.8037,-85.19053,100,0,0),
(96983,5,6117.2856,4468.555,-85.11692,100,0,0),
(96983,6,6131.4546,4477.067,-84.86692,100,0,0),
(96983,7,6153.398,4501.9946,-86.41398,100,1000,0),
(96984,1,5994.619,4483.436,-87.125725,100,1000,0),
(96984,2,6026.0835,4490.522,-87.341225,100,0,0),
(96984,3,6054.589,4488.5396,-86.635216,100,0,0),
(96984,4,6079.8013,4479.0635,-85.17719,100,0,0),
(96984,5,6101.6587,4463.37,-85.19053  ,100,0,0),
(96984,6,6111.558,4446.5034,-85.06553 ,100,0,0),
(96984,7,6113.1606,4429.008,-85.02775,100,1000,0),
(96985,1,6120.654,4501.79,-80.188095,0.14182,120000,0),
(96985,2,6111.2275,4499.522,-80.45713,100,0,0),
(96985,3,6096.8955,4504.653,-81.41667,100,0,0),
(96985,4,6086.28,4513.627,-81.35661,100,0,0),
(96985,5,6082.315,4524.931,-80.85661,100,120000,0),
(96985,6,6081.8384,4518.5957,-81.34856,100,0,0),
(96985,7,6087.7173,4510.9985,-81.35661,100,0,0),
(96985,8,6096.8496,4506.266,-81.297165,100,0,0),
(96985,9,6106.344,4499.745,-80.79319,100,0,0),
(96986,1,6003.4478,4549.83,-87.10406,100,1000,0),
(96986,2,5980.8813,4535.135,-90.49572,100,0,0),
(96986,3,5968.261,4515.962,-92.12833,100,0,0),
(96986,4,5964.3804,4489.145,-92.78963,100,0,0),
(96986,5,5964.9087,4477.688,-94.289505,100,0,0),
(96986,6,5973.7036,4460.8574,-95.25429,100,0,0),
(96986,7,5983.468,4453.4575,-94.04103,100,0,0),
(96986,8,5966.5806,4459.841,-95.60828,100,1000,0),
(96987,1 ,6205.644,4456.1484,-83.09513,100,1000,0),
(96987,2 ,6199.639,4435.5225,-80.7836,100,0,0),
(96987,3 ,6201.53,4423.965,-78.6276,100,0,0),
(96987,4 ,6199.514,4408.931,-75.43433,100,0,0),
(96987,5 ,6186.9663,4400.389,-74.51173,100,0,0),
(96987,6 ,6169.9204,4408.7173,-75.65345,100,0,0),
(96987,7 ,6157.3696,4411.6387,-75.77324,100,0,0),
(96987,8 ,6123.0835,4407.844,-83.69889,100,0,0),
(96987,9 ,6108.5366,4424.1997,-85.31571,100,0,0),
(96987,10,6096.6187,4436.397,-84.40428,100,0,0),
(96987,11,6084.724,4436.0693,-83.13377,100,0,0),
(96987,12,6214.4897,4466.2964,-84.764565,100,0,0),
(96987,13,6221.6904,4497.8267,-84.24855,100,0,0),
(96987,14,6218.667,4515.5625,-85.402016,100,0,0),
(96987,15,6217.3823,4527.685,-86.28678,100,0,0),
(96987,16,6214.1035,4550.461,-88.627754,100,0,0),
(96987,17,6206.5806,4568.354,-91.050446,100,0,0),
(96987,18,6192.6045,4571.3677,-91.31277,100,0,0),
(96987,19,6180.163,4565.8027,-91.73002,100,0,0),
(96987,20,6169.9976,4543.4233,-89.628456,100,0,0),
(96987,21,6166.5063,4535.5596,-88.85502,100,0,0),
(96987,22,6162.6567,4528.7676,-88.50187,100,0,0),
(96987,23,6155.464,4511.851,-87.48722,100,0,0),
(96987,24,6150.3726,4498.9585,-86.075905,100,0,0),
(96987,25,6137.7593,4484.956,-84.88828,100,1000,0);
DELETE FROM creature_spawn_data WHERE guid IN (96977,96978,96979,96980,96981,96982);
INSERT INTO creature_spawn_data (guid, Id) VALUES (96977,80),(96978,80),(96979,80),(96980,80),(96981,80),(96982,80);
DELETE FROM dbscripts_on_relay WHERE id = 20755;
INSERT INTO dbscripts_on_relay (id, delay, command, datalong, datalong2, datalong3, buddy_entry, search_radius, data_flags, dataint, dataint2, dataint3, dataint4, x, y, z, o, comments) VALUES
(20755,1,31,15214,5,0,0,0,0,0,0,0,0,0,0,0,0,'Part of Cultist Infiltrator 28373 EAI: search for 15214'),
(20755,10,25,1,0,0,0,0,0x04,0,0,0,0,0,0,0,0,'Part of Cultist Infiltrator 28373 EAI: Run ON'),
(20755,11,15,53024,0,0,15214,7,3,0,0,0,0,0,0,0,0,'Part of Cultist Infiltrator 28373 EAI: buddy cast 15214'),
(20755,1000,0,0,0,0,0,0,0x04,29277,29278,29279,29280,0,0,0,0,'Part of Cultist Infiltrator 28373 EAI: Random text'),
(20755,2000,37,0,0,1,15214,15,1,0,0,0,0,0,0,0,0,'Part of Cultist Infiltrator 28373 EAI: move towards target');

DELETE FROM `creature_movement` WHERE `id` IN (SELECT `guid` FROM `creature` WHERE `id` IN (28379));
DELETE FROM creature_addon WHERE guid IN(SELECT guid FROM creature WHERE id = 28379);
DELETE FROM `creature` WHERE `id` IN (28379);
INSERT INTO `creature` (`guid`, `id`, `map`, `spawnMask`, `phaseMask`, `position_x`, `position_y`, `position_z`, `orientation`, `spawntimesecsmin`, `spawntimesecsmax`, `spawndist`, `MovementType`) VALUES
(39075, 28379, 571, 1, 1, 6554.22, 4679.24, -51.0068, 1.68232, 300, 300, 5, 1),
(39094, 28379, 571, 1, 1, 6619.28, 4691.87, -19.5997, 1.67552, 300, 300, 5, 1),
(39096, 28379, 571, 1, 1, 6572.7, 4613.12, -53.8981, 4.57641, 300, 300, 5, 1),
(39130, 28379, 571, 1, 1, 6235.27, 4428.29, -72.3359, 3.58871, 300, 300, 10, 1),
(39134, 28379, 571, 1, 1, 6345.02, 4467.95, -67.518, 0.597209, 300, 300, 5, 1),
(39138, 28379, 571, 1, 1, 6372.92, 4531.09, -69.0394, 2.39281, 300, 300, 5, 1),
(39055, 28379, 571, 1, 1, 6302.45, 4574.37, -76.2014, 4.15324, 300, 300, 0, 0),
(97194, 28379, 571, 1, 1, 6302.45, 4574.37, -76.2014, 4.15344, 300, 300, 0, 0),
(39140, 28379, 571, 1, 1, 6251.61, 4547.98, -82.4899, 4.10344, 300, 300, 5, 1),
(39146, 28379, 571, 1, 1, 6188.97, 4532.14, -85.3687, 5.03596, 300, 300, 5, 1),
(39148, 28379, 571, 1, 1, 6408.26, 4675.37, -73.4865, 3.25117, 300, 300, 5, 1),
(39149, 28379, 571, 1, 1, 6455.25, 4674.79, -65.6814, 6.05644, 300, 300, 5, 1),
(39151, 28379, 571, 1, 1, 6372.4, 4645.3, -74.7455, 3.68747, 300, 300, 5, 1),
(39166, 28379, 571, 1, 1, 6389.86, 5352.7, -43.6687, 4.87505, 300, 300, 5, 1),
(39167, 28379, 571, 1, 1, 6326.25, 5050.08, -85.5473, 3.85859, 300, 300, 5, 1),
(39175, 28379, 571, 1, 1, 6009.95, 4678.63, -96.8518, 3.04705, 300, 300, 5, 1),
(39179, 28379, 571, 1, 1, 6027.05, 4737.18, -95.7152, 5.43125, 300, 300, 5, 1),
(39190, 28379, 571, 1, 1, 6085.2, 4677.08, -94.4478, 3.37001, 300, 300, 5, 1),
(97192, 28379, 571, 1, 1, 6056.3, 4729.79, -94.5294, 5.2602, 300, 300, 0, 0),
(97193, 28379, 571, 1, 1, 6056.3, 4729.79, -94.5294, 5.25979, 300, 300, 0, 0),
(39192, 28379, 571, 1, 1, 6276.19, 5138.95, -81.4315, 0.170792, 300, 300, 5, 1),
(39240, 28379, 571, 1, 1, 6325.46, 4228.35, -47.7694, 1.87888, 300, 300, 5, 1),
(39248, 28379, 571, 1, 1, 6486.17, 5295.26, -44.0651, 1.63283, 300, 300, 5, 1),
(39254, 28379, 571, 1, 1, 6492.41, 5208.01, -56.4889, 3.0297, 300, 300, 5, 1),
(39256, 28379, 571, 1, 1, 6384.5, 5171.4, -71.61, 4.22987, 300, 300, 5, 1);
DELETE FROM `creature_movement` WHERE `id` IN (SELECT `guid` FROM `creature` WHERE `id` IN (28381));
DELETE FROM creature_addon WHERE guid IN(SELECT guid FROM creature WHERE id = 28381);
DELETE FROM `creature` WHERE `id` IN (28381);
INSERT INTO `creature` (`guid`, `id`, `map`, `spawnMask`, `phaseMask`, `position_x`, `position_y`, `position_z`, `orientation`, `spawntimesecsmin`, `spawntimesecsmax`, `spawndist`, `MovementType`) VALUES
(109283, 28381, 571, 1, 1, 6302.45, 4574.37, -76.2014, 4.1512, 300, 300, 0, 0),
(109284, 28381, 571, 1, 1, 6302.45, 4574.37, -76.2014, 4.15348, 300, 300, 0, 0),
(39266, 28381, 571, 1, 1, 6056.3, 4729.79, -94.5294, 5.25953, 300, 300, 0, 0),
(39259, 28381, 571, 1, 1, 6056.3, 4729.79, -94.5294, 5.25977, 300, 300, 0, 0);
UPDATE creature SET position_x = 6192.281738, position_y = 4378.551758, position_z = -66.447495, spawndist = 10, MovementType = 1 WHERE guid = 92887;
UPDATE creature SET position_x = 6056.303, position_y = 4729.794, position_z = -94.52935, spawndist = 0, MovementType = 0 WHERE guid IN (92893,97192,97193,39266,39259);
DELETE FROM `spawn_group` WHERE id = 32515;
INSERT INTO `spawn_group` (`Id`, `Name`, `Type`, `MaxCount`, `WorldState`, `Flags`) VALUES (32515, 'Sholazar Basin - Shattertusk Bull 28380 & Shattertusk Mammoth 28379 x2 & Shattertusk Calf x2 - Patrol 1', 0, 0, 0, 0);
DELETE FROM `spawn_group_spawn` WHERE id = 32515;
INSERT INTO `spawn_group_spawn` (`Id`, `Guid`, `SlotId`) VALUES (32515, 92893, 0),(32515, 97192, 1),(32515, 97193, 2),(32515, 39266, 3),(32515, 39259, 4);
DELETE FROM `spawn_group_formation` WHERE id = 32515;
INSERT INTO `spawn_group_formation` (`Id`, `FormationType`, `FormationSpread`, `FormationOptions`, `PathId`, `MovementType`, `Comment`) VALUES
(32515, 4, 8, 0, 32515, 2, 'Sholazar Basin - Shattertusk Bull 28380 & Shattertusk Mammoth 28379 x2 & Shattertusk Calf x2 - Patrol 1');
DELETE FROM `waypoint_path_name` WHERE PathId = 32515;
INSERT INTO `waypoint_path_name` (`PathId`, `Name`) VALUES (32515,'Sholazar Basin - Shattertusk Bull 28380 & Shattertusk Mammoth 28379 x2 & Shattertusk Calf x2 - Patrol 1');
DELETE FROM `waypoint_path` WHERE PathId = 32515;
INSERT INTO `waypoint_path` (`PathId`, `Point`, `PositionX`, `PositionY`,`PositionZ`, `Orientation`, `WaitTime`, `ScriptId`) VALUES
(32515,1 ,6056.303,4729.794,-94.52935,100,0,0),
(32515,2 ,6068.398,4687.617,-94.44778,100,0,0),
(32515,3 ,6081.788,4642.59,-94.65627 ,100,0,0),
(32515,4 ,6062.226,4616.003,-94.95181,100,0,0),
(32515,5 ,6027.675,4624.241,-95.8339 ,100,0,0),
(32515,6 ,6010.457,4650.083,-95.79877,100,0,0),
(32515,7 ,5996.909,4690.276,-97.12824,100,0,0),
(32515,8 ,6005.116,4720.794,-96.4945 ,100,0,0),
(32515,9 ,5994.706,4744.885,-96.9305 ,100,0,0),
(32515,10,5967.039,4785.346,-105.4354,100,0,0),
(32515,11,5995.792,4788.895,-97.95299,100,0,0),
(32515,12,6034.237,4765.974,-95.03672,100,0,0),
(32515,13,6044.653,4748.893,-94.77636,100,0,0);
UPDATE creature SET position_x = 6302.45, position_y = 4574.37, position_z = -76.2014, spawndist = 0, MovementType = 0 WHERE guid IN (92889,109284,97194,39055,109283);
DELETE FROM `spawn_group` WHERE id = 32516;
INSERT INTO `spawn_group` (`Id`, `Name`, `Type`, `MaxCount`, `WorldState`, `Flags`) VALUES (32516, 'Sholazar Basin - Shattertusk Bull 28380 & Shattertusk Mammoth 28379 x2 & Shattertusk Calf x2 - Patrol 2', 0, 0, 0, 0);
DELETE FROM `spawn_group_spawn` WHERE id = 32516;
INSERT INTO `spawn_group_spawn` (`Id`, `Guid`, `SlotId`) VALUES (32516, 92889, 0),(32516, 109284, 1),(32516, 97194, 2),(32516, 39055, 3),(32516, 109283, 4);
DELETE FROM `spawn_group_formation` WHERE id = 32516;
INSERT INTO `spawn_group_formation` (`Id`, `FormationType`, `FormationSpread`, `FormationOptions`, `PathId`, `MovementType`, `Comment`) VALUES
(32516, 4, 8, 0, 32516, 4, 'Sholazar Basin - Shattertusk Bull 28380 & Shattertusk Mammoth 28379 x2 & Shattertusk Calf x2 - Patrol 2');
DELETE FROM `waypoint_path_name` WHERE PathId = 32516;
INSERT INTO `waypoint_path_name` (`PathId`, `Name`) VALUES (32516,'Sholazar Basin - Shattertusk Bull 28380 & Shattertusk Mammoth 28379 x2 & Shattertusk Calf x2 - Patrol 2');
DELETE FROM `waypoint_path` WHERE PathId = 32516;
INSERT INTO `waypoint_path` (`PathId`, `Point`, `PositionX`, `PositionY`,`PositionZ`, `Orientation`, `WaitTime`, `ScriptId`) VALUES
(32516,1,6377.0005,4668.733,-77.948524,100,0,0),
(32516,2,6354.7197,4627.414,-75.42304,100,0,0),
(32516,3,6336.7603,4605.7065,-72.79536,100,0,0),
(32516,4,6308.3716,4583.8306,-74.53675,100,0,0),
(32516,5,6286.9385,4549.521,-81.24271,100,0,0),
(32516,6,6272.121,4528.0522,-78.81762,100,0,0),
(32516,7,6262.66,4494.806,-78.45145,100,0,0),
(32516,8,6253.721,4447.479,-73.67493,100,0,0);

UPDATE gameobject SET position_x = -2095.8616, position_y = -10684.027, position_z = 65.50377, orientation = 4.6076717, rotation0 = 0, rotation1 = 0, rotation2 = -0.74314404, rotation3 = 0.66913146 WHERE guid = 49192;
UPDATE gameobject SET position_x = -2108.2053, position_y = -10702.747, position_z = 65.12371, orientation = 2.1991146, rotation0 = 0, rotation1 = 0, rotation2 = 0.89100647, rotation3 = 0.45399064 WHERE guid = 49191;
UPDATE gameobject SET position_x = -2124.9773, position_y = -10723.369, position_z = 66.95319, orientation = 0.5934101, rotation0 = 0, rotation1 = 0, rotation2 = 0.2923708, rotation3 = 0.956305 WHERE guid = 49194;
UPDATE gameobject SET position_x = -2145.9783, position_y = -10739.215, position_z = 73.35752, orientation = 1.7627825, rotation0 = 0, rotation1 = 0, rotation2 = 0.77162457, rotation3 = 0.63607824 WHERE guid = 49193;
UPDATE gameobject SET spawntimesecsmin = 240, spawntimesecsmax = 240 WHERE id = 184850;
UPDATE creature SET position_x = -2095.9587, position_y = -10685.079, position_z = 65.98636, orientation = 2.7401669, spawndist = 0, MovementType = 0 WHERE guid = 123169;
UPDATE creature SET position_x = -2146.1125, position_y = -10739.214, position_z = 72.8098, orientation = 2.1293, spawndist = 0, MovementType = 0 WHERE guid = 123170;
UPDATE creature SET position_x = -2108.2693, position_y = -10702.699, position_z = 65.06721, orientation = 2.4609, spawndist = 0, MovementType = 0 WHERE guid = 123172;
UPDATE creature SET position_x = -2124.984, position_y = -10723.393, position_z = 66.96701, orientation = 2.1293, spawndist = 0, MovementType = 0 WHERE guid = 123171;
UPDATE creature SET spawntimesecsmin = 240, spawntimesecsmax = 240 WHERE id = 17886;
UPDATE creature SET position_x = -2139.9805, position_y = -10687.407, position_z = 71.21289, orientation = 4.956735, spawndist = 0, MovementType = 0 WHERE guid = 68399;
UPDATE creature SET position_x = -2148.1682, position_y = -10696.854, position_z = 70.90049, orientation = 6.05629, spawndist = 0, MovementType = 0 WHERE guid = 68400;
UPDATE creature SET position_x = -2143.4358, position_y = -10691.987, position_z = 76.43099, orientation = 5.61996, spawndist = 0, MovementType = 0 WHERE guid = 75072;
UPDATE creature SET position_x = -2143.433, position_y = -10691.948, position_z = 64.76577, orientation = 4.93928, spawndist = 0, MovementType = 0 WHERE guid = 66115;
UPDATE creature SET MovementType = 0, spawndist = 0 WHERE guid IN (123169,123170,123171,123172);
DELETE FROM creature_movement WHERE id IN (123169,123170,123171,123172);
DELETE FROM creature_addon WHERE guid IN (123169,123170,123171,123172);
DELETE FROM dbscripts_on_creature_movement WHERE id BETWEEN 1788601 AND 1788604;
DELETE FROM dbscripts_on_go_use WHERE id IN (49191,49192,49193,49194);
DELETE FROM dbscripts_on_go_template_use WHERE id = 184850;
INSERT INTO dbscripts_on_go_template_use (id, delay, command, datalong, datalong2, datalong3, buddy_entry, search_radius, data_flags, dataint, dataint2, dataint3, dataint4, x, y, z, o, comments) VALUES
(184850,1,15,7,0,0,17886,7,7,0,0,0,0,0,0,0,0,'buddy self cast');
DELETE FROM dbscripts_on_creature_death WHERE id IN (17886);
INSERT INTO dbscripts_on_creature_death (id, delay, command, datalong, datalong2, buddy_entry, search_radius, data_flags, dataint, dataint2, dataint3, dataint4, x, y, z, o, comments) VALUES
(17886,1,31,17886,80,0,0,8,0,0,0,0,0,0,0,0,'[DND]Sunhawk Portal Controller - terminate script if alive'),
(17886,3,27,8,0,182026,60,0,0,0,0,0,0,0,0,0,'[DND]Sunhawk Portal Controller 17886 - set GO interact'),
(17886,240000,27,4,0,182026,60,0,0,0,0,0,0,0,0,0,'[DND]Sunhawk Portal Controller 17886 - set GO noninteract');
DELETE FROM dbscripts_on_relay WHERE id BETWEEN 19953 AND 19956;
INSERT INTO dbscripts_on_relay (id, delay, command, datalong, datalong2, datalong3, buddy_entry, search_radius, data_flags, dataint, dataint2, dataint3, dataint4, x, y, z, o, comments) VALUES
(19953,1,15,31414,0,0,17889,68399,1|0x10,0,0,0,0,0,0,0,0,'Part of [DND]Sunhawk Portal Controller 17886 EAI: cast on buddy'),
(19954,1,15,31411,0,0,17889,68400,1|0x10,0,0,0,0,0,0,0,0,'Part of [DND]Sunhawk Portal Controller 17886 EAI: cast on buddy'),
(19955,1,15,31413,0,0,17889,75072,1|0x10,0,0,0,0,0,0,0,0,'Part of [DND]Sunhawk Portal Controller 17886 EAI: cast on buddy'),
(19956,1,15,31412,0,0,17889,66115,1|0x10,0,0,0,0,0,0,0,0,'Part of [DND]Sunhawk Portal Controller 17886 EAI: cast on buddy');

UPDATE `creature_template` SET `SpeedWalk` = 1 WHERE `entry` = 815;
UPDATE `creature_template` SET `SpeedWalk` = 1 WHERE `entry` = 2638;

UPDATE creature SET position_x = -2542.0098, position_y = -11328.113, position_z = 22.951746, orientation = 0.7508, spawndist = 0, MovementType = 2 WHERE guid = 66557;
DELETE FROM creature_movement_template WHERE entry = 17528;
INSERT INTO creature_movement_template (Entry, Point, PositionX, PositionY, PositionZ, Orientation, WaitTime, ScriptId) VALUES
(17528,1 ,-2542.0098,-11328.113,22.951746,0.7508,1000,1752801),
(17528,2 ,-2528.0632,-11315.1,24.877623,100,0,0),
(17528,3 ,-2515.7463,-11301.56,30.764652,100,0,0),
(17528,4 ,-2494.1384,-11286.069,32.254124,100,0,0),
(17528,5 ,-2472.6758,-11269.668,30.238255,100,0,0),
(17528,6 ,-2449.1199,-11272.563,30.093317,100,0,0),
(17528,7 ,-2418.4824,-11277.227,30.320368,100,0,0),
(17528,8 ,-2407.791,-11286.277,33.320366,100,0,0),
(17528,9 ,-2390.107,-11294.747,30.031324,100,0,0),
(17528,10,-2378.3027,-11284.102,29.5782,100,0,0),
(17528,11,-2357.2349,-11270.58,28.90901,100,0,0),
(17528,12,-2339.6467,-11267.842,31.870926,100,0,0),
(17528,13,-2313.0842,-11266.615,35.94121,100,1000,0),
(17528,14,-2313.0842,-11266.615,35.94121,3.14159,120000,0),
(17528,15,-2313.0842,-11266.615,35.94121,3.14159,100,1);
DELETE FROM dbscripts_on_creature_movement WHERE id IN (1752801,1752802);
INSERT INTO dbscripts_on_creature_movement (id, delay, command, datalong, datalong2, datalong3, buddy_entry, search_radius, data_flags, dataint, dataint2, dataint3, dataint4, x, y, z, o, comments) VALUES
(1752801,1000,0,0,0,0,0,0,0x04,14070,0,0,0,0,0,0,0,'say');

DELETE FROM `creature` WHERE (`guid` IN (53575, 26083, 25813));
DELETE FROM `creature_addon` WHERE (`guid` IN (53575, 26083, 25813));
DELETE FROM `creature_linking` WHERE (`master_guid` = 53575);
DELETE FROM `creature_movement` WHERE (`Id` IN (53575, 26083, 25813));
SET @PATH_ID := 10016;
SET @SGUID := 10262;
INSERT INTO `creature` (`guid`, `id`, `map`, `spawnMask`, `position_x`, `position_y`, `position_z`, `orientation`, `spawntimesecsmin`, `spawntimesecsmax`, `spawndist`, `MovementType`) VALUES
(53575, 0, 1, 1, -4622.54003906250, -1191.4027099609375, -53.4661140441894531, 5.925410270690917968, 300, 300, 0, 0),
(26083, 0, 1, 1, -4621.34130859375, -1195.3676757812500, -53.9101219177246093, 0.796620070934295654, 300, 300, 0, 0),
(25813, 0, 1, 1, -4619.44775390625, -1191.4044189453125, -53.5317192077636718, 3.136400461196899414, 300, 300, 0, 0);
INSERT INTO `waypoint_path` (`PathId`, `Point`, `PositionX`, `PositionY`, `PositionZ`, `Orientation`, `WaitTime`, `ScriptId`) VALUES
(@PATH_ID, 01, -4609.28369140625, -1198.89514160156250, -53.5904006958007812, 100, 0, 0),
(@PATH_ID, 02, -4590.67773437500, -1209.87731933593750, -53.3779411315917968, 100, 0, 0),
(@PATH_ID, 03, -4578.24902343750, -1218.65295410156250, -54.7307243347167968, 100, 0, 0),
(@PATH_ID, 04, -4560.88476562500, -1224.64721679687500, -55.6508865356445312, 100, 0, 0),
(@PATH_ID, 05, -4536.41406250000, -1209.74829101562500, -56.8437576293945312, 100, 0, 0),
(@PATH_ID, 06, -4522.26171875000, -1193.95214843750000, -57.6394844055175781, 100, 0, 0),
(@PATH_ID, 07, -4512.27734375000, -1165.94079589843750, -58.4061164855957031, 100, 0, 0),
(@PATH_ID, 08, -4509.99804687500, -1149.67993164062500, -58.5914192199707031, 100, 0, 0),
(@PATH_ID, 09, -4514.43359375000, -1124.41870117187500, -55.5426101684570312, 100, 0, 0),
(@PATH_ID, 10, -4524.12890625000, -1110.43945312500000, -50.5589675903320312, 100, 0, 0),
(@PATH_ID, 11, -4543.51562500000, -1082.66955566406250, -49.0664634704589843, 100, 0, 0),
(@PATH_ID, 12, -4555.77783203125, -1074.12438964843750, -52.2791099548339843, 100, 0, 0),
(@PATH_ID, 13, -4555.53759765625, -1061.20190429687500, -54.8820114135742187, 100, 0, 0),
(@PATH_ID, 14, -4553.18750000000, -1019.62762451171875, -56.2006759643554687, 100, 0, 0),
(@PATH_ID, 15, -4551.14697265625, -1002.50787353515625, -54.3681564331054687, 100, 0, 0),
(@PATH_ID, 16, -4563.27050781250, -985.423950195312500, -53.4759063720703125, 100, 0, 0),
(@PATH_ID, 17, -4579.18701171875, -957.557067871093750, -49.9785499572753906, 100, 0, 0),
(@PATH_ID, 18, -4600.31494140625, -939.906494140625000, -54.3717994689941406, 100, 0, 0),
(@PATH_ID, 19, -4622.49853515625, -925.581298828125000, -57.2587623596191406, 100, 0, 0),
(@PATH_ID, 20, -4646.02539062500, -923.747924804687500, -54.7456474304199218, 100, 0, 0),
(@PATH_ID, 21, -4663.37353515625, -930.330871582031250, -50.6194267272949218, 100, 0, 0),
(@PATH_ID, 22, -4671.04589843750, -937.356567382812500, -49.0805015563964843, 100, 0, 0),
(@PATH_ID, 23, -4676.26660156250, -939.800048828125000, -48.9122886657714843, 100, 0, 0),
(@PATH_ID, 24, -4683.55371093750, -940.208435058593750, -49.3124351501464843, 100, 0, 0),
(@PATH_ID, 25, -4703.87792968750, -961.152465820312500, -51.4850273132324218, 100, 0, 0),
(@PATH_ID, 26, -4719.96875000000, -980.998901367187500, -54.2107124328613281, 100, 0, 0),
(@PATH_ID, 27, -4740.50781250000, -1006.71417236328125, -57.5961723327636718, 100, 0, 0),
(@PATH_ID, 28, -4761.54394531250, -1021.92370605468750, -58.6240043640136718, 100, 0, 0),
(@PATH_ID, 29, -4784.19091796875, -1030.83007812500000, -58.4999580383300781, 100, 0, 0),
(@PATH_ID, 30, -4806.90478515625, -1040.01147460937500, -58.6249656677246093, 100, 0, 0),
(@PATH_ID, 31, -4824.61865234375, -1050.70605468750000, -58.6249656677246093, 100, 0, 0),
(@PATH_ID, 32, -4831.66796875000, -1054.27416992187500, -58.5990867614746093, 100, 0, 0),
(@PATH_ID, 33, -4838.29248046875, -1056.88525390625000, -58.2690086364746093, 100, 0, 0),
(@PATH_ID, 34, -4844.71435546875, -1060.94104003906250, -58.6249656677246093, 100, 0, 0),
(@PATH_ID, 35, -4853.77832031250, -1066.60058593750000, -58.0705223083496093, 100, 0, 0),
(@PATH_ID, 36, -4866.62988281250, -1073.54370117187500, -58.6685371398925781, 100, 0, 0),
(@PATH_ID, 37, -4879.04101562500, -1084.32434082031250, -58.4210357666015625, 100, 0, 0),
(@PATH_ID, 38, -4894.04541015625, -1097.39575195312500, -56.5731353759765625, 100, 0, 0),
(@PATH_ID, 39, -4896.26464843750, -1114.99768066406250, -51.2131423950195312, 100, 0, 0),
(@PATH_ID, 40, -4890.79394531250, -1125.75830078125000, -49.8181228637695312, 100, 0, 0),
(@PATH_ID, 41, -4869.10449218750, -1147.44360351562500, -50.9297981262207031, 100, 0, 0),
(@PATH_ID, 42, -4852.80273437500, -1168.39111328125000, -49.3780670166015625, 100, 0, 0),
(@PATH_ID, 43, -4836.04443359375, -1189.21899414062500, -49.2420806884765625, 100, 0, 0),
(@PATH_ID, 44, -4814.85888671875, -1199.20153808593750, -47.6215515136718750, 100, 0, 0),
(@PATH_ID, 45, -4790.79931640625, -1208.38891601562500, -49.6534156799316406, 100, 0, 0),
(@PATH_ID, 46, -4773.67285156250, -1217.46520996093750, -51.5088844299316406, 100, 0, 0),
(@PATH_ID, 47, -4761.10449218750, -1234.03540039062500, -52.6977043151855468, 100, 0, 0),
(@PATH_ID, 48, -4751.18554687500, -1245.72326660156250, -53.8246574401855468, 100, 0, 0),
(@PATH_ID, 49, -4731.76855468750, -1253.62353515625000, -53.2327232360839843, 100, 0, 0),
(@PATH_ID, 50, -4695.45947265625, -1255.83349609375000, -51.3762550354003906, 100, 0, 0),
(@PATH_ID, 51, -4672.71142578125, -1251.58312988281250, -52.2034034729003906, 100, 0, 0),
(@PATH_ID, 52, -4661.27783203125, -1233.91589355468750, -50.8350944519042968, 100, 0, 0),
(@PATH_ID, 53, -4651.57080078125, -1224.26159667968750, -51.4778594970703125, 100, 0, 0),
(@PATH_ID, 54, -4644.64013671875, -1219.64221191406250, -53.7483673095703125, 100, 0, 0),
(@PATH_ID, 55, -4635.83593750000, -1209.37500000000000, -54.6048126220703125, 100, 0, 0),
(@PATH_ID, 56, -4627.93994140625, -1198.79089355468750, -54.0725784301757812, 100, 0, 0),
(@PATH_ID, 57, -4622.16357421875, -1191.54345703125000, -53.4475784301757812, 100, 0, 0);
INSERT INTO `waypoint_path_name` (`PathId`, `Name`) VALUES (@PATH_ID, 'Thousand Needles - Steelsnap | Pesterhide Snarler (3) Patrol 000');
INSERT INTO `spawn_group_formation` (`Id`, `FormationType`, `FormationSpread`, `FormationOptions`, `PathId`, `MovementType`, `Comment`) VALUES
(@SGUID + 000, 4, 5, 0, @PATH_ID, 2, 'Thousand Needles - Steelsnap | Pesterhide Snarler (3) Patrol 000');
INSERT INTO `creature_spawn_entry` (`guid`, `entry`) VALUES (53575, 4548),(26083, 4249),(25813, 4249);
INSERT INTO `spawn_group` (`Id`, `Name`, `Type`, `MaxCount`, `WorldState`, `Flags`) VALUES (@SGUID + 000, 'Thousand Needles - Steelsnap | Pesterhide Snarler (3) Patrol 000', 0, 0, 0, 0);
INSERT INTO `spawn_group_spawn` (`Id`, `Guid`, `SlotId`) VALUES (@SGUID + 000, 53575, 0),(@SGUID + 000, 26083, 1),(@SGUID + 000, 25813, 2);

DELETE FROM `creature_addon` WHERE `guid` IN (SELECT `guid` FROM `creature` WHERE `id` IN (6512));
DELETE FROM `creature_movement` WHERE `id` IN (SELECT `guid` FROM `creature` WHERE `id` IN (6512));
DELETE FROM `creature` WHERE `id` IN (6512);
DELETE FROM `pool_template` WHERE `entry` = 15275;
DELETE FROM `pool_creature_template` WHERE `id` = 6512;
INSERT INTO `creature` (`guid`, `id`, `map`, `spawnMask`, `phaseMask`, `position_x`, `position_y`, `position_z`, `orientation`, `spawntimesecsmin`, `spawntimesecsmax`, `spawndist`, `MovementType`) VALUES
(20707, 6512, 1, 1, 1, -6500.11, -925.214, -273.539, 5.77628, 300, 300, 30, 1),
(20988, 6512, 1, 1, 1, -7982.54, -880.99, -268.325, 2.33967, 300, 300, 5, 1),
(21036, 6512, 1, 1, 1, -7303.37, -975.238, -271.773, 4.13845, 300, 300, 15, 1),
(21066, 6512, 1, 1, 1, -7586.58, -687.876, -251.186, 0.630231, 300, 300, 5, 1),
(21093, 6512, 1, 1, 1, -6573.67, -907.77, -272.144, 1.09865, 300, 300, 15, 1),
(21105, 6512, 1, 1, 1, -6583.35, -985.995, -270.393, 6.26558, 300, 300, 15, 1),
(21116, 6512, 1, 1, 1, -6848.51, -929.103, -271.931, 2.09212, 300, 300, 15, 1),
(21190, 6512, 1, 1, 1, -6926.96, -995.928, -272.732, 4.08164, 300, 300, 15, 1),
(21221, 6512, 1, 1, 1, -7824.16, -842.182, -267.865, 1.70303, 300, 300, 30, 1),
(21266, 6512, 1, 1, 1, -6768.86, -990.151, -268.777, 5.33186, 300, 300, 5, 1),
(21276, 6512, 1, 1, 1, -7033.88, -1001.56, -271.222, 5.27101, 300, 300, 5, 1),
(21313, 6512, 1, 1, 1, -7021.94, -1015.31, -271.762, 6.24389, 300, 300, 10, 1),
(21447, 6512, 1, 1, 1, -7909.21, -971.471, -275.819, 1.73562, 300, 300, 5, 1),
(21501, 6512, 1, 1, 1, -7913.91, -781.475, -269.796, 2.81984, 300, 300, 5, 1),
(21547, 6512, 1, 1, 1, -7648.2, -817.279, -272.171, 6.21311, 300, 300, 15, 1),
(21568, 6512, 1, 1, 1, -6717.47, -773.97, -271.452, 6.16784, 300, 300, 15, 1),
(21585, 6512, 1, 1, 1, -7254.74, -385.304, -267.294, 4.60484, 300, 300, 10, 1),
(21603, 6512, 1, 1, 1, -6541.2, -957.745, -272.143, 5.16397, 300, 300, 30, 1),
(21645, 6512, 1, 1, 1, -6714.59, -921.364, -270.72, 2.79029, 300, 300, 5, 1),
(21660, 6512, 1, 1, 1, -6497.21, -681.771, -271.843, 5.21847, 300, 300, 15, 1),
(21684, 6512, 1, 1, 1, -6850.51, -737.748, -271.142, 3.62007, 300, 300, 5, 1),
(21691, 6512, 1, 1, 1, -7321, -918.193, -270.425, 2.53774, 300, 300, 15, 1),
(21718, 6512, 1, 1, 1, -7344.74, -1032.06, -271.858, 4.7876, 300, 300, 15, 1),
(21778, 6512, 1, 1, 1, -6545.31, -812.571, -273.074, 5.98643, 300, 300, 5, 1),
(21867, 6512, 1, 1, 1, -6522.13, -717.134, -271.443, 1.37225, 300, 300, 5, 1),
(21878, 6512, 1, 1, 1, -6911.39, -780.045, -271.722, 1.08136, 300, 300, 5, 1),
(21911, 6512, 1, 1, 1, -7031.07, -493.203, -275.601, 2.88808, 300, 300, 10, 1),
(21936, 6512, 1, 1, 1, -7148.73, -869.665, -270.162, 4.64332, 300, 300, 5, 1),
(21972, 6512, 1, 1, 1, -7246.12, -917.446, -272.23, 5.32423, 300, 300, 15, 1),
(21983, 6512, 1, 1, 1, -7058.64, -571.233, -272.663, 4.56939, 300, 300, 30, 1),
(21996, 6512, 1, 1, 1, -6968.41, -731.092, -266.986, 5.34824, 300, 300, 5, 1),
(22009, 6512, 1, 1, 1, -6971.62, -588.256, -271.315, 5.33209, 300, 300, 15, 1),
(22104, 6512, 1, 1, 1, -7514.44, -752.173, -264.548, 5.65837, 300, 300, 15, 1),
(22111, 6512, 1, 1, 1, -6817.19, -819.944, -271.688, 4.50268, 300, 300, 15, 1),
(22114, 6512, 1, 1, 1, -6971.73, -777.323, -271.034, 1.13346, 300, 300, 5, 1),
(22126, 6512, 1, 1, 1, -7044.94, -785.562, -271.678, 3.84993, 300, 300, 15, 1),
(22265, 6512, 1, 1, 1, -7118.89, -439.284, -271.222, 2.18564, 300, 300, 5, 1),
(22266, 6512, 1, 1, 1, -7152.34, -1018.22, -272.097, 1.52819, 300, 300, 5, 1),
(22267, 6512, 1, 1, 1, -6745.58, -610.667, -271.597, 1.6331, 300, 300, 15, 1),
(22344, 6512, 1, 1, 1, -6927.65, -537.829, -272.473, 4.75633, 300, 300, 15, 1),
(22386, 6512, 1, 1, 1, -7688.19, -834.587, -269.8, 2.18493, 300, 300, 15, 1),
(22410, 6512, 1, 1, 1, -7868.89, -606.312, -262.084, 5.66974, 300, 300, 10, 1),
(22432, 6512, 1, 1, 1, -7677.28, -709.215, -270.164, 0.446949, 300, 300, 15, 1),
(22503, 6512, 1, 1, 1, -7395.96, -390.956, -269.924, 3.3681, 300, 300, 5, 1),
(22564, 6512, 1, 1, 1, -6786.07, -523.277, -271.003, 1.34732, 300, 300, 15, 1),
(22570, 6512, 1, 1, 1, -7754.16, -659.33, -265.734, 4.1569, 300, 300, 15, 1),
(22601, 6512, 1, 1, 1, -7440.37, -555.698, -271.956, 5.61268, 300, 300, 5, 1),
(22663, 6512, 1, 1, 1, -7857.48, -700.131, -257.256, 4.94442, 300, 300, 5, 1),
(22676, 6512, 1, 1, 1, -7592.58, -604.901, -257.586, 2.05586, 300, 300, 15, 1),
(22805, 6512, 1, 1, 1, -7646.54, -460.15, -270.013, 0.33547, 300, 300, 5, 1),
(22819, 6512, 1, 1, 1, -6668.23, -667.188, -269.786, 0.928463, 300, 300, 5, 1),
(22868, 6512, 1, 1, 1, -7373, -556.336, -275.379, 1.69047, 300, 300, 5, 1);

DELETE FROM creature_addon WHERE guid IN(SELECT guid FROM creature WHERE id = 28079);
DELETE FROM creature_addon WHERE guid IN(SELECT guid FROM creature WHERE id = 28078);
DELETE FROM `creature_movement` WHERE `id` IN (SELECT `guid` FROM `creature` WHERE `id` IN (28078,28079));
DELETE FROM `creature` WHERE `id` IN (28078,28079);
INSERT INTO `creature` (`guid`, `id`, `map`, `spawnMask`, `phaseMask`, `position_x`, `position_y`, `position_z`, `orientation`, `spawntimesecsmin`, `spawntimesecsmax`, `spawndist`, `MovementType`) VALUES
(85255, 28078, 571, 1, 1, 4968.4, 5973.01, -36.4228, 5.75959, 300, 300, 0, 0),
(85256, 28078, 571, 1, 1, 4973.88, 5974.54, -36.9383, 5.3058, 300, 300, 0, 0),
(85257, 28078, 571, 1, 1, 4967, 5968.84, -37.7132, 6.10865, 300, 300, 0, 0),
(85258, 28078, 571, 1, 1, 4980.74, 5978.17, -37.4312, 4.55531, 300, 300, 0, 0),
(85243, 28078, 571, 1, 1, 5006.6, 5821.51, -72.1167, 2.05816, 300, 300, 0, 0),
(85244, 28078, 571, 1, 1, 5006.6, 5821.51, -72.1167, 2.05846, 300, 300, 0, 0),
(85259, 28078, 571, 1, 1, 4887.43, 5786.28, -57.5127, 4.99164, 300, 300, 0, 0),
(85260, 28078, 571, 1, 1, 4886.51, 5910.39, -39.0189, 3.71755, 300, 300, 0, 0),
(85261, 28078, 571, 1, 1, 4860.52, 5878.32, -38.5941, 1.5708, 300, 300, 0, 0),
(85262, 28078, 571, 1, 1, 4885.56, 5883.95, -40.6862, 0.174533, 300, 300, 0, 0),
(85240, 28078, 571, 1, 1, 4844.07, 5838.96, -49.3953, 0.725664, 300, 300, 0, 0),
(85239, 28078, 571, 1, 1, 4844.07, 5838.96, -49.3953, 0.726013, 300, 300, 0, 0),
(85237, 28078, 571, 1, 1, 4860.67, 5887.46, -39.8668, 5.82171, 300, 300, 0, 0),
(85238, 28078, 571, 1, 1, 4860.67, 5887.46, -39.8668, 5.87375, 300, 300, 0, 0),
(85263, 28078, 571, 1, 1, 4919.8, 5868.43, -56.7423, 3.38594, 300, 300, 0, 0),
(85264, 28078, 571, 1, 1, 4959.58, 5879.36, -62.9929, 5.2709, 300, 300, 0, 0),
(85265, 28078, 571, 1, 1, 4951.78, 5877.03, -62.9172, 4.7822, 300, 300, 0, 0),
(85266, 28078, 571, 1, 1, 4950.34, 5840.92, -62.7133, 1.88496, 300, 300, 0, 0),
(85267, 28078, 571, 1, 1, 4972.39, 5856.51, -64.1718, 3.01942, 300, 300, 0, 0),
(85241, 28078, 571, 1, 1, 4977.4, 5798.33, -70.4853, 0.51154, 300, 300, 0, 0),
(85242, 28078, 571, 1, 1, 4977.4, 5798.33, -70.4853, 0.511375, 300, 300, 0, 0),
(85268, 28078, 571, 1, 1, 4988.02, 5823.52, -68.1419, 5.53269, 300, 300, 0, 0),
(85269, 28078, 571, 1, 1, 4984.02, 5819.6, -68.1748, 5.5676, 300, 300, 0, 0),
(85270, 28078, 571, 1, 1, 4890.98, 5816.15, -55.5056, 1.71042, 300, 300, 0, 0),
(85271, 28078, 571, 1, 1, 4866.27, 5809.94, -53.9961, 0.610865, 300, 300, 0, 0),
(85272, 28078, 571, 1, 1, 4933.79, 5793.24, -67.9985, 6.16101, 300, 300, 0, 0),
(85273, 28078, 571, 1, 1, 4949.6, 5802.49, -65.1275, 4.43314, 300, 300, 0, 0),
(85274, 28078, 571, 1, 1, 4931.17, 5799.62, -67.8848, 6.00393, 300, 300, 0, 0),
(85248, 28078, 571, 1, 1, 5021.11, 5898.05, -63.2821, 1.39795, 30, 30, 0, 0),
(85247, 28078, 571, 1, 1, 5021.11, 5898.05, -63.2821, 4.79168, 30, 30, 0, 0),
(85275, 28078, 571, 1, 1, 4941.69, 5771.08, -71.2332, 5.12121, 300, 300, 5, 1),
(85276, 28078, 571, 1, 1, 4892.62, 5835.2, -54.4392, 5.60251, 300, 300, 0, 0),
(85277, 28078, 571, 1, 1, 5006.31, 5907.92, -63.1587, 4.76475, 300, 300, 0, 0),
(85278, 28078, 571, 1, 1, 5043.5, 5912.58, -65.9246, 0.139626, 300, 300, 0, 0),
(85279, 28078, 571, 1, 1, 5034.08, 5870.56, -66.479, 5.70723, 300, 300, 0, 0),
(85280, 28078, 571, 1, 1, 4829.34, 5841.01, -47.6557, 5.74213, 300, 300, 0, 0),
(85281, 28078, 571, 1, 1, 4817.78, 5832.09, -42.756, 0.401426, 300, 300, 0, 0),
(85282, 28078, 571, 1, 1, 4820.51, 5825.52, -43.7346, 0.488692, 300, 300, 0, 0),
(85283, 28078, 571, 1, 1, 4852.31, 5850.42, -46.8205, 4.97419, 300, 300, 0, 0),
(85284, 28078, 571, 1, 1, 4838.27, 5849.44, -46.5214, 5.51524, 300, 300, 0, 0),
(85285, 28078, 571, 1, 1, 4865.94, 5779.67, -57.9833, 5.20108, 300, 300, 0, 0),
(85286, 28078, 571, 1, 1, 4972.56, 5878.25, -63.1143, 4.31096, 300, 300, 0, 0),
(85287, 28078, 571, 1, 1, 4847.16, 5826.61, -49.5367, 0.680678, 300, 300, 0, 0),
(85288, 28078, 571, 1, 1, 4852.85, 5903.92, -37.4921, 5.65487, 300, 300, 0, 0),
(85289, 28078, 571, 1, 1, 5017.37, 5846.51, -70.7191, 5.3058, 300, 300, 0, 0),
(85290, 28078, 571, 1, 1, 5001.25, 5871.69, -63.8919, 2.49582, 300, 300, 0, 0),
(85251, 28078, 571, 1, 1, 4862.13, 5846.91, -49.1748, 4.52128, 30, 30, 0, 0),
(85252, 28078, 571, 1, 1, 4862.13, 5846.91, -49.1748, 4.51544, 30, 30, 0, 0),
(85291, 28078, 571, 1, 1, 4980.03, 5967.25, -41.3007, 3.90954, 300, 300, 0, 0),
(85292, 28078, 571, 1, 1, 4964.31, 5955.62, -41.2518, 0.645772, 300, 300, 0, 0),
(85293, 28078, 571, 1, 1, 4963.51, 5961.54, -39.8218, 0.331613, 300, 300, 0, 0),
(85294, 28078, 571, 1, 1, 4977.75, 5965.47, -41.388, 0.767945, 300, 300, 0, 0),
(85295, 28078, 571, 1, 1, 4966.1, 5959.33, -40.7963, 0.488692, 300, 300, 0, 0),
(85246, 28078, 571, 1, 1, 4970.34, 5901.98, -58.0968, -1.02355, 30, 30, 0, 0),
(85296, 28078, 571, 1, 1, 4992.45, 5971.79, -42.9641, 3.49066, 300, 300, 0, 0),
(85297, 28078, 571, 1, 1, 4992.54, 5963.09, -46.2112, 2.87979, 300, 300, 0, 0),
(85298, 28078, 571, 1, 1, 4988.19, 5972.59, -41.5847, 3.75246, 300, 300, 0, 0),
(85299, 28078, 571, 1, 1, 4985.75, 5958.5, -46.0994, 2.30383, 300, 300, 0, 0),
(85300, 28078, 571, 1, 1, 4985.54, 5954.17, -47.6699, 2.04204, 300, 300, 0, 0),
(85301, 28078, 571, 1, 1, 4989.33, 5975.46, -41.1655, 3.83972, 300, 300, 0, 0),
(85302, 28078, 571, 1, 1, 4990.05, 5958.34, -47.2974, 2.49582, 300, 300, 0, 0),
(85303, 28078, 571, 1, 1, 4990.41, 5969.76, -43.0662, 3.29867, 300, 300, 0, 0),
(85304, 28078, 571, 1, 1, 4993.08, 5967.74, -44.5157, 3.21141, 300, 300, 0, 0),
(85305, 28078, 571, 1, 1, 4972.85, 5919.66, -56.1333, 4.03171, 300, 300, 0, 0),
(85249, 28078, 571, 1, 1, 5046.54, 5904.3, -68.4209, 1.18015, 30, 30, 0, 0),
(85306, 28078, 571, 1, 1, 4945.66, 5805.78, -65.3363, 4.29351, 300, 300, 0, 0),
(85253, 28078, 571, 1, 1, 4971.5, 5799.42, -68.1468, 5.11381, 30, 30, 0, 0),
(85254, 28078, 571, 1, 1, 4976.24, 5803.47, -69.0653, 4.79965, 30, 30, 0, 0),
(85307, 28078, 571, 1, 1, 5046.85, 5897.47, -69.0057, 0.575959, 300, 300, 0, 0),
(85308, 28078, 571, 1, 1, 4966.16, 5840.06, -64.4984, 5.81195, 300, 300, 0, 0),
(85250, 28078, 571, 1, 1, 5046.54, 5904.3, -68.4209, 5.45974, 30, 30, 0, 0),
(85245, 28078, 571, 1, 1, 4970.34, 5901.98, -58.0968, 2.66003, 30, 30, 0, 0);
INSERT INTO `creature` (`guid`, `id`, `map`, `spawnMask`, `phaseMask`, `position_x`, `position_y`, `position_z`, `orientation`, `spawntimesecsmin`, `spawntimesecsmax`, `spawndist`, `MovementType`) VALUES
(85309, 28079, 571, 1, 1, 4893.67, 5924.24, -33.8956, 4.74729, 300, 300, 0, 0),
(85310, 28079, 571, 1, 1, 5015.43, 5856.51, -65.9508, 4.83456, 300, 300, 0, 0),
(85311, 28079, 571, 1, 1, 5022.55, 5859.09, -66.2571, 5.18363, 300, 300, 0, 0),
(85312, 28079, 571, 1, 1, 4803.17, 5869.29, -25.881, 5.3058, 300, 300, 0, 0),
(85313, 28079, 571, 1, 1, 4806.31, 5870.73, -28.5755, 5.32325, 300, 300, 0, 0),
(85314, 28079, 571, 1, 1, 4810.08, 5920.51, -20.1235, 5.75959, 300, 300, 0, 0),
(85315, 28079, 571, 1, 1, 4808.09, 5917.56, -20.5168, 5.53269, 300, 300, 0, 0),
(85316, 28079, 571, 1, 1, 4816.25, 5894.73, -32.1035, 6.21337, 300, 300, 0, 0),
(85317, 28079, 571, 1, 1, 4834.83, 5872.98, -36.2781, 3.97935, 300, 300, 0, 0),
(85318, 28079, 571, 1, 1, 4870.79, 5857.5, -47.8749, 4.34587, 300, 300, 0, 0),
(85319, 28079, 571, 1, 1, 4851.83, 5871.78, -37.6284, 4.90438, 300, 300, 0, 0),
(85320, 28079, 571, 1, 1, 4961.96, 5893.58, -58.1473, 5.21853, 300, 300, 0, 0),
(85321, 28079, 571, 1, 1, 4946.95, 5929.64, -50.4712, 6.07375, 300, 300, 0, 0),
(85322, 28079, 571, 1, 1, 4947.47, 5924.02, -51.686, 6.05629, 300, 300, 0, 0),
(85323, 28079, 571, 1, 1, 4853.81, 5764.27, -58.4059, 5.46288, 300, 300, 0, 0),
(85324, 28079, 571, 1, 1, 4856.93, 5767.35, -58.3824, 5.34071, 300, 300, 0, 0),
(85325, 28079, 571, 1, 1, 4798.66, 5823.64, -30.0046, 6.0912, 300, 300, 0, 0),
(85326, 28079, 571, 1, 1, 4819.84, 5812.68, -37.7693, 6.19592, 300, 300, 0, 0),
(85327, 28079, 571, 1, 1, 4819.97, 5816, -38.2595, 0.191986, 300, 300, 0, 0),
(85328, 28079, 571, 1, 1, 4802.67, 5846.71, -31.2022, 5.86431, 300, 300, 0, 0),
(85329, 28079, 571, 1, 1, 4804.08, 5852.28, -31.5557, 5.91667, 300, 300, 0, 0),
(85330, 28079, 571, 1, 1, 4815.66, 5778.91, -40.1612, 6.03884, 300, 300, 0, 0),
(85331, 28079, 571, 1, 1, 4813.76, 5773.05, -41.6253, 5.67232, 300, 300, 0, 0),
(85332, 28079, 571, 1, 1, 5030.71, 5878.03, -63.7851, 5.81195, 300, 300, 0, 0),
(85333, 28079, 571, 1, 1, 5032.28, 5883.53, -63.8825, 5.88176, 300, 300, 0, 0),
(85334, 28079, 571, 1, 1, 5028, 5893.91, -63.4458, 0.488692, 300, 300, 0, 0),
(85335, 28079, 571, 1, 1, 4983.53, 5906.7, -57.1551, 5.28835, 300, 300, 0, 0),
(85336, 28079, 571, 1, 1, 4987.94, 5909.69, -57.8582, 5.3058, 300, 300, 0, 0),
(85337, 28079, 571, 1, 1, 4856.5, 5814.52, -49.5196, 0.069813, 300, 300, 0, 0),
(92862, 28079, 571, 1, 1, 4916.51, 5822.13, -59.746, 5.75959, 300, 300, 0, 0),
(92863, 28079, 571, 1, 1, 4920.88, 5805.79, -63.5244, 6.12611, 300, 300, 0, 0),
(92864, 28079, 571, 1, 1, 4920.3, 5809.95, -62.6004, 6.0912, 300, 300, 0, 0),
(92865, 28079, 571, 1, 1, 4908.67, 5827.21, -57.4953, 2.16421, 300, 300, 0, 0),
(92866, 28079, 571, 1, 1, 4835.66, 5765.75, -50.3853, 5.55015, 300, 300, 0, 0),
(92867, 28079, 571, 1, 1, 4800.15, 5903.56, -26.0904, 6.26573, 300, 300, 0, 0),
(92868, 28079, 571, 1, 1, 4999.09, 5830.56, -69.9264, 5.2709, 300, 300, 0, 0),
(92869, 28079, 571, 1, 1, 4872.21, 5797.77, -53.7009, 0.488692, 300, 300, 0, 0),
(92870, 28079, 571, 1, 1, 4943.13, 5813.11, -64.3061, 4.08407, 300, 300, 0, 0),
(92871, 28079, 571, 1, 1, 4905.89, 5785.6, -61.9971, 4.99164, 300, 300, 0, 0),
(92872, 28079, 571, 1, 1, 4964.17, 5801.59, -65.4568, 5.11381, 300, 300, 0, 0),
(92873, 28079, 571, 1, 1, 4972.21, 5817.99, -63.6291, 5.37561, 300, 300, 0, 0),
(92874, 28079, 571, 1, 1, 4979.36, 5827.52, -63.9422, 5.41052, 300, 300, 0, 0),
(85229, 28079, 571, 1, 1, 4977.4, 5798.33, -70.4853, 0.511272, 300, 300, 0, 0),
(92875, 28079, 571, 1, 1, 4939.9, 5865.2, -59.9315, 0.331613, 300, 300, 0, 0),
(85231, 28079, 571, 1, 1, 4860.67, 5887.46, -39.8668, 5.8724, 300, 300, 0, 0),
(92876, 28079, 571, 1, 1, 4909.22, 5883.64, -52.7165, 4.59022, 300, 300, 0, 0),
(85230, 28079, 571, 1, 1, 4844.07, 5838.96, -49.3953, 0.725994, 300, 300, 0, 0),
(92877, 28079, 571, 1, 1, 4897.27, 5848.09, -54.8494, 6.19592, 300, 300, 0, 0),
(85228, 28079, 571, 1, 1, 5006.6, 5821.51, -72.1167, 2.05846, 300, 300, 0, 0),
(85233, 28079, 571, 1, 1, 5021.11, 5898.05, -63.2821, -0.28758, 30, 30, 0, 0),
(97020, 28079, 571, 1, 1, 4976.76, 5977.44, -36.8344, 4.92183, 300, 300, 0, 0),
(97021, 28079, 571, 1, 1, 4964.34, 5966.12, -38.2964, 0.05236, 300, 300, 0, 0),
(97022, 28079, 571, 1, 1, 4985.4, 5977.53, -39.058, 4.17134, 300, 300, 0, 0),
(85232, 28079, 571, 1, 1, 4970.34, 5901.98, -58.0968, 2.83901, 30, 30, 0, 0),
(97023, 28079, 571, 1, 1, 4979.73, 5950.87, -47.3829, 1.6057, 300, 300, 0, 0),
(85234, 28079, 571, 1, 1, 5046.54, 5904.3, -68.4209, 4.82194, 30, 30, 0, 0),
(85235, 28079, 571, 1, 1, 4862.13, 5846.91, -49.1748, 4.57326, 30, 30, 0, 0),
(85236, 28079, 571, 1, 1, 4975.07, 5798.94, -69.501, 0.994838, 30, 30, 0, 0),
(97024, 28079, 571, 1, 1, 4963.1, 5841.11, -64.6622, 2.04204, 300, 300, 0, 0);
DELETE FROM creature_template_addon WHERE entry IN (28078,28079);
INSERT INTO creature_template_addon (entry, mount, stand_state, sheath_state, pvp_flags, emote, moveflags, auras) VALUES (28078,0,0,1,0,333,0,NULL),(28079,0,0,2,0,376,0,NULL);
DELETE FROM creature_addon WHERE guid IN (85228,85229,85230,85231,85232,85233,85234,85235,85236);
INSERT INTO creature_addon (guid, mount, stand_state, sheath_state, pvp_flags, emote, moveflags, auras) VALUES
(85228,0,0,1,0,0,0,NULL),(85229,0,0,1,0,0,0,NULL),(85230,0,0,1,0,0,0,NULL),(85232,0,0,1,0,0,0,NULL),(85233,0,0,1,0,0,0,NULL),(85234,0,0,1,0,0,0,NULL),(85235,0,0,1,0,0,0,NULL),(85236,0,0,1,0,0,0,NULL);
DELETE FROM `spawn_group` WHERE id = 32517;
INSERT INTO `spawn_group` (`Id`, `Name`, `Type`, `MaxCount`, `WorldState`, `Flags`) VALUES (32517, 'Sholazar Basin - Frenzyheart Hunter 28079 & Frenzyheart Ravager 28078 x2 - Patrol 1', 0, 0, 0, 1);
DELETE FROM `spawn_group_spawn` WHERE id = 32517;
INSERT INTO `spawn_group_spawn` (`Id`, `Guid`, `SlotId`) VALUES (32517, 85231, 0),(32517, 85238, 1),(32517, 85237, 2);
DELETE FROM `spawn_group_formation` WHERE id = 32517;
INSERT INTO `spawn_group_formation` (`Id`, `FormationType`, `FormationSpread`, `FormationOptions`, `PathId`, `MovementType`, `Comment`) VALUES
(32517, 3, 2, 0, 32517, 4, 'Sholazar Basin - Frenzyheart Hunter 28079 & Frenzyheart Ravager 28078 x2 - Patrol 1');
DELETE FROM `waypoint_path_name` WHERE PathId = 32517;
INSERT INTO `waypoint_path_name` (`PathId`, `Name`) VALUES (32517,'Sholazar Basin - Frenzyheart Hunter 28079 & Frenzyheart Ravager 28078 x2 - Patrol 1');
DELETE FROM `waypoint_path` WHERE PathId = 32517;
INSERT INTO `waypoint_path` (`PathId`, `Point`, `PositionX`, `PositionY`,`PositionZ`, `Orientation`, `WaitTime`, `ScriptId`) VALUES
(32517,1,4860.6704,5887.4644,-39.866787,100,1000,0),
(32517,2,4880.758,5891.941,-40.53789,100,0,0),
(32517,3,4895.771,5882.2056,-48.082935,100,0,0),
(32517,4,4912.2188,5875.0444,-55.421143,100,0,0),
(32517,5,4922.2954,5876.807,-57.24646,100,1000,0);
DELETE FROM `spawn_group` WHERE id = 32518;
INSERT INTO `spawn_group` (`Id`, `Name`, `Type`, `MaxCount`, `WorldState`, `Flags`) VALUES (32518, 'Sholazar Basin - Frenzyheart Hunter 28079 & Frenzyheart Ravager 28078 x2 - Patrol 2', 0, 0, 0, 1);
DELETE FROM `spawn_group_spawn` WHERE id = 32518;
INSERT INTO `spawn_group_spawn` (`Id`, `Guid`, `SlotId`) VALUES (32518, 85230, 0),(32518, 85239, 1),(32518, 85240, 2);
DELETE FROM `spawn_group_formation` WHERE id = 32518;
INSERT INTO `spawn_group_formation` (`Id`, `FormationType`, `FormationSpread`, `FormationOptions`, `PathId`, `MovementType`, `Comment`) VALUES
(32518, 3, 2, 0, 32518, 4, 'Sholazar Basin - Frenzyheart Hunter 28079 & Frenzyheart Ravager 28078 x2 - Patrol 2');
DELETE FROM `waypoint_path_name` WHERE PathId = 32518;
INSERT INTO `waypoint_path_name` (`PathId`, `Name`) VALUES (32518,'Sholazar Basin - Frenzyheart Hunter 28079 & Frenzyheart Ravager 28078 x2 - Patrol 2');
DELETE FROM `waypoint_path` WHERE PathId = 32518;
INSERT INTO `waypoint_path` (`PathId`, `Point`, `PositionX`, `PositionY`,`PositionZ`, `Orientation`, `WaitTime`, `ScriptId`) VALUES
(32518,1,4844.0747,5838.956,-49.39528,100,1000,0),
(32518,2,4866.018,5831.4585,-51.377827,100,0,0),
(32518,3,4889.91,5827.73,-55.634125,100,0,0),
(32518,4,4907.3013,5843.346,-58.981483,100,0,0),
(32518,5,4906.355,5859.6504,-58.03666,100,1000,0);
DELETE FROM `spawn_group` WHERE id = 32519;
INSERT INTO `spawn_group` (`Id`, `Name`, `Type`, `MaxCount`, `WorldState`, `Flags`) VALUES (32519, 'Sholazar Basin - Frenzyheart Hunter 28079 & Frenzyheart Ravager 28078 x2 - Patrol 3', 0, 0, 0, 1);
DELETE FROM `spawn_group_spawn` WHERE id = 32519;
INSERT INTO `spawn_group_spawn` (`Id`, `Guid`, `SlotId`) VALUES (32519, 85229, 0),(32519, 85241, 1),(32519, 85242, 2);
DELETE FROM `spawn_group_formation` WHERE id = 32519;
INSERT INTO `spawn_group_formation` (`Id`, `FormationType`, `FormationSpread`, `FormationOptions`, `PathId`, `MovementType`, `Comment`) VALUES
(32519, 3, 2, 0, 32519, 4, 'Sholazar Basin - Frenzyheart Hunter 28079 & Frenzyheart Ravager 28078 x2 - Patrol 3');
DELETE FROM `waypoint_path_name` WHERE PathId = 32519;
INSERT INTO `waypoint_path_name` (`PathId`, `Name`) VALUES (32519,'Sholazar Basin - Frenzyheart Hunter 28079 & Frenzyheart Ravager 28078 x2 - Patrol 3');
DELETE FROM `waypoint_path` WHERE PathId = 32519;
INSERT INTO `waypoint_path` (`PathId`, `Point`, `PositionX`, `PositionY`,`PositionZ`, `Orientation`, `WaitTime`, `ScriptId`) VALUES
(32519,1,4977.398,5798.3286,-70.48527,100,1000,0),
(32519,2,4949.83,5782.867,-69.345055,100,0,0),
(32519,3,4921.3896,5772.1997,-67.60197,100,0,0),
(32519,4,4895.3003,5766.4414,-62.26641,100,0,0),
(32519,5,4869.1704,5760.025,-58.636284,100,1000,0);
DELETE FROM `spawn_group` WHERE id = 32520;
INSERT INTO `spawn_group` (`Id`, `Name`, `Type`, `MaxCount`, `WorldState`, `Flags`) VALUES (32520, 'Sholazar Basin - Frenzyheart Hunter 28079 & Frenzyheart Ravager 28078 x2 - Patrol 4', 0, 0, 0, 1);
DELETE FROM `spawn_group_spawn` WHERE id = 32520;
INSERT INTO `spawn_group_spawn` (`Id`, `Guid`, `SlotId`) VALUES (32520, 85228, 0),(32520, 85243, 1),(32520, 85244, 2);
DELETE FROM `spawn_group_formation` WHERE id = 32520;
INSERT INTO `spawn_group_formation` (`Id`, `FormationType`, `FormationSpread`, `FormationOptions`, `PathId`, `MovementType`, `Comment`) VALUES
(32520, 3, 2, 0, 32520, 4, 'Sholazar Basin - Frenzyheart Hunter 28079 & Frenzyheart Ravager 28078 x2 - Patrol 4');
DELETE FROM `waypoint_path_name` WHERE PathId = 32520;
INSERT INTO `waypoint_path_name` (`PathId`, `Name`) VALUES (32520,'Sholazar Basin - Frenzyheart Hunter 28079 & Frenzyheart Ravager 28078 x2 - Patrol 4');
DELETE FROM `waypoint_path` WHERE PathId = 32520;
INSERT INTO `waypoint_path` (`PathId`, `Point`, `PositionX`, `PositionY`,`PositionZ`, `Orientation`, `WaitTime`, `ScriptId`) VALUES
(32520,1,5006.6045,5821.5083,-72.11667,100,1000,0),
(32520,2,5028.071,5838.8687,-73.62059,100,0,0),
(32520,3,5055.2866,5861.328,-71.8854 ,100,0,0),
(32520,4,5067.547,5883.4526,-72.19278,100,0,0),
(32520,5,5071.808,5925.338,-64.92712,100,0,0);
DELETE FROM `spawn_group` WHERE id = 32521;
INSERT INTO `spawn_group` (`Id`, `Name`, `Type`, `MaxCount`, `WorldState`, `Flags`) VALUES (32521, 'Sholazar Basin - Frenzyheart Hunter 28079 & Frenzyheart Ravager 28078 x2 - Patrol 5', 0, 0, 0, 3);
DELETE FROM `spawn_group_spawn` WHERE id = 32521;
INSERT INTO `spawn_group_spawn` (`Id`, `Guid`, `SlotId`) VALUES (32521, 85232, 0),(32521, 85245, 1),(32521, 85246, 2);
DELETE FROM `spawn_group_formation` WHERE id = 32521;
INSERT INTO `spawn_group_formation` (`Id`, `FormationType`, `FormationSpread`, `FormationOptions`, `PathId`, `MovementType`, `Comment`) VALUES
(32521, 3, 2, 0, 32521, 2, 'Sholazar Basin - Frenzyheart Hunter 28079 & Frenzyheart Ravager 28078 x2 - Patrol 5');
DELETE FROM `waypoint_path_name` WHERE PathId = 32521;
INSERT INTO `waypoint_path_name` (`PathId`, `Name`) VALUES (32521,'Sholazar Basin - Frenzyheart Hunter 28079 & Frenzyheart Ravager 28078 x2 - Patrol 5');
DELETE FROM `waypoint_path` WHERE PathId = 32521;
INSERT INTO `waypoint_path` (`PathId`, `Point`, `PositionX`, `PositionY`,`PositionZ`, `Orientation`, `WaitTime`, `ScriptId`) VALUES
(32521,1 ,4963.764,5859.8716,-65.29767,100,0,0),
(32521,2 ,4969.09,5842.6797,-64.29386,100,0,0),
(32521,3 ,4983.93,5825.2236,-66.364426,100,0,0),
(32521,4 ,4994.954,5802.9546,-74.805466,100,0,0),
(32521,5 ,5009.69,5778.51,-78.8255,100,0,0),
(32521,6 ,5025.81,5745.54,-84.2604,100,0,0),
(32521,7 ,5039.249,5718.6143,-88.68754,100,0,0),
(32521,8 ,5046.0913,5660.6953,-90.46488,100,0,0),
(32521,9 ,5042.7227,5627.3794,-93.25783,100,0,0),
(32521,10,5033.267,5602.5386,-92.19558,100,0,0),
(32521,11,5032.98,5577.82,-94.961,100,0,0),
(32521,12,5040.19,5552.62,-97.8009,100,0,0),
(32521,13,5044.64,5532.11,-95.3245,100,0,0),
(32521,14,5041.15,5516.31,-90.7111,100,0,0),
(32521,15,5035.76,5497.04,-88.0743,100,20000,0),
(32521,16,5035.76,5497.04,-88.0743,100,1000,2821801);
DELETE FROM `spawn_group` WHERE id = 32522;
INSERT INTO `spawn_group` (`Id`, `Name`, `Type`, `MaxCount`, `WorldState`, `Flags`) VALUES (32522, 'Sholazar Basin - Frenzyheart Hunter 28079 & Frenzyheart Ravager 28078 x2 - Patrol 6', 0, 0, 0, 3);
DELETE FROM `spawn_group_spawn` WHERE id = 32522;
INSERT INTO `spawn_group_spawn` (`Id`, `Guid`, `SlotId`) VALUES (32522, 85233, 0),(32522, 85247, 1),(32522, 85248, 2);
DELETE FROM `spawn_group_formation` WHERE id = 32522;
INSERT INTO `spawn_group_formation` (`Id`, `FormationType`, `FormationSpread`, `FormationOptions`, `PathId`, `MovementType`, `Comment`) VALUES
(32522, 3, 2, 0, 32522, 2, 'Sholazar Basin - Frenzyheart Hunter 28079 & Frenzyheart Ravager 28078 x2 - Patrol 6');
DELETE FROM `waypoint_path_name` WHERE PathId = 32522;
INSERT INTO `waypoint_path_name` (`PathId`, `Name`) VALUES (32522,'Sholazar Basin - Frenzyheart Hunter 28079 & Frenzyheart Ravager 28078 x2 - Patrol 6');
DELETE FROM `waypoint_path` WHERE PathId = 32522;
INSERT INTO `waypoint_path` (`PathId`, `Point`, `PositionX`, `PositionY`,`PositionZ`, `Orientation`, `WaitTime`, `ScriptId`) VALUES
(32522,1 ,5030.6924,5903.062,-66.26081,100,0,0),
(32522,2 ,5052.972,5905.581,-69.07503,100,0,0),
(32522,3 ,5064.5103,5894.961,-71.022675,100,0,0),
(32522,4 ,5074.984,5882.3994,-72.4169,100,0,0),
(32522,5 ,5080.7153,5867.6255,-77.40689,100,0,0),
(32522,6 ,5079.652,5851.738,-78.54014,100,0,0),
(32522,7 ,5078.61,5837.0654,-78.66514,100,0,0),
(32522,8 ,5087.678,5823.289,-78.333305,100,0,0),
(32522,9 ,5094.497,5804.1885,-77.00176,100,0,0),
(32522,10,5103.076,5786.9155,-80.97997,100,0,0),
(32522,11,5082.967,5775.281,-79.083855,100,0,0),
(32522,12,5087.753,5758.596,-83.09065,100,0,0),
(32522,13,5075.19,5740.7217,-84.53438,100,0,0),
(32522,14,5075.29,5717.17,-87.5118,100,0,0),
(32522,15,5085.2,5687.31,-92.7486 ,100,0,0),
(32522,16,5098.55,5670.13,-92.5406,100,0,0),
(32522,17,5124.75,5650.97,-96.9185,100,0,0),
(32522,18,5141.94,5634.72,-95.4272,100,0,0),
(32522,19,5149.52,5614.13,-96.8592,100,0,0),
(32522,20,5142.43,5604.92,-95.8258,100,0,0),
(32522,21,5124.83,5594.67,-91.3008,100,20000,0),
(32522,22,5124.83,5594.67,-91.3008,100,1000,2821801);
DELETE FROM `spawn_group` WHERE id = 32523;
INSERT INTO `spawn_group` (`Id`, `Name`, `Type`, `MaxCount`, `WorldState`, `Flags`) VALUES (32523, 'Sholazar Basin - Frenzyheart Hunter 28079 & Frenzyheart Ravager 28078 x2 - Patrol 7', 0, 0, 0, 3);
DELETE FROM `spawn_group_spawn` WHERE id = 32523;
INSERT INTO `spawn_group_spawn` (`Id`, `Guid`, `SlotId`) VALUES (32523, 85234, 0),(32523, 85249, 1),(32523, 85250, 2);
DELETE FROM `spawn_group_formation` WHERE id = 32523;
INSERT INTO `spawn_group_formation` (`Id`, `FormationType`, `FormationSpread`, `FormationOptions`, `PathId`, `MovementType`, `Comment`) VALUES
(32523, 3, 2, 0, 32523, 2, 'Sholazar Basin - Frenzyheart Hunter 28079 & Frenzyheart Ravager 28078 x2 - Patrol 7');
DELETE FROM `waypoint_path_name` WHERE PathId = 32523;
INSERT INTO `waypoint_path_name` (`PathId`, `Name`) VALUES (32523,'Sholazar Basin - Frenzyheart Hunter 28079 & Frenzyheart Ravager 28078 x2 - Patrol 7');
DELETE FROM `waypoint_path` WHERE PathId = 32523;
INSERT INTO `waypoint_path` (`PathId`, `Point`, `PositionX`, `PositionY`,`PositionZ`, `Orientation`, `WaitTime`, `ScriptId`) VALUES
(32523,1 ,5056.2524,5905.0557,-69.34395,100,0,0),
(32523,2 ,5071.2773,5880.987,-72.661896,100,0,0),
(32523,3 ,5082.7534,5835.926,-78.54014,100,0,0),
(32523,4 ,5095.144,5804.85,-77.00347,100,0,0),
(32523,5 ,5082.5728,5756.4917,-81.913895,100,0,0),
(32523,6 ,5080.482,5717.8877,-87.86588,100,0,0),
(32523,7 ,5090.619,5676.4194,-92.444725,100,0,0),
(32523,8 ,5126.3174,5646.3516,-97.42071,100,0,0),
(32523,9 ,5150.724,5625.857,-96.7104,100,0,0),
(32523,10,5155.202,5597.538,-97.34849,100,0,0),
(32523,11,5150.65,5574.87,-97.6329,100,0,0),
(32523,12,5132.51,5545.58,-98.0946,100,0,0),
(32523,13,5146.76,5515.35,-98.0946,100,20000,0),
(32523,14,5146.76,5515.35,-98.0946,100,1000,2821801);
DELETE FROM `spawn_group` WHERE id = 32524;
INSERT INTO `spawn_group` (`Id`, `Name`, `Type`, `MaxCount`, `WorldState`, `Flags`) VALUES (32524, 'Sholazar Basin - Frenzyheart Hunter 28079 & Frenzyheart Ravager 28078 x2 - Patrol 8', 0, 0, 0, 3);
DELETE FROM `spawn_group_spawn` WHERE id = 32524;
INSERT INTO `spawn_group_spawn` (`Id`, `Guid`, `SlotId`) VALUES (32524, 85235, 0),(32524, 85251, 1),(32524, 85252, 2);
DELETE FROM `spawn_group_formation` WHERE id = 32524;
INSERT INTO `spawn_group_formation` (`Id`, `FormationType`, `FormationSpread`, `FormationOptions`, `PathId`, `MovementType`, `Comment`) VALUES
(32524, 3, 2, 0, 32524, 2, 'Sholazar Basin - Frenzyheart Hunter 28079 & Frenzyheart Ravager 28078 x2 - Patrol 8');
DELETE FROM `waypoint_path_name` WHERE PathId = 32524;
INSERT INTO `waypoint_path_name` (`PathId`, `Name`) VALUES (32524,'Sholazar Basin - Frenzyheart Hunter 28079 & Frenzyheart Ravager 28078 x2 - Patrol 8');
DELETE FROM `waypoint_path` WHERE PathId = 32524;
INSERT INTO `waypoint_path` (`PathId`, `Point`, `PositionX`, `PositionY`,`PositionZ`, `Orientation`, `WaitTime`, `ScriptId`) VALUES
(32524,1 ,4891.645,5799.913,-56.536213,100,0,0),
(32524,2 ,4897.0967,5770.7324,-62.644855,100,0,0),
(32524,3 ,4922.0728,5745.09,-67.04449,100,0,0),
(32524,4 ,4936.59,5711.47,-74.1843,100,0,0),
(32524,5 ,4950.27,5691.16,-77.3949,100,0,0),
(32524,6 ,4968.1,5669.65,-79.9635 ,100,0,0),
(32524,7 ,4986.12,5648.23,-84.8732,100,0,0),
(32524,8 ,5000.32,5622.01,-88.2826,100,0,0),
(32524,9 ,5013.35,5601.34,-92.9507,100,0,0),
(32524,10,5028.78,5582.3,-94.6688 ,100,0,0),
(32524,11,5049.87,5561.35,-97.4134,100,0,0),
(32524,12,5077.52,5518.72,-98.095,100,20000,0),
(32524,13,5077.52,5518.72,-98.095,100,1000,2821801);
DELETE FROM `spawn_group` WHERE id = 32525;
INSERT INTO `spawn_group` (`Id`, `Name`, `Type`, `MaxCount`, `WorldState`, `Flags`) VALUES (32525, 'Sholazar Basin - Frenzyheart Hunter 28079 & Frenzyheart Ravager 28078 x2 - Patrol 9', 0, 0, 0, 3);
DELETE FROM `spawn_group_spawn` WHERE id = 32525;
INSERT INTO `spawn_group_spawn` (`Id`, `Guid`, `SlotId`) VALUES (32525, 85236, 0),(32525, 85253, 1),(32525, 85254, 2);
DELETE FROM `spawn_group_formation` WHERE id = 32525;
INSERT INTO `spawn_group_formation` (`Id`, `FormationType`, `FormationSpread`, `FormationOptions`, `PathId`, `MovementType`, `Comment`) VALUES
(32525, 3, 2, 0, 32525, 2, 'Sholazar Basin - Frenzyheart Hunter 28079 & Frenzyheart Ravager 28078 x2 - Patrol 9');
DELETE FROM `waypoint_path_name` WHERE PathId = 32525;
INSERT INTO `waypoint_path_name` (`PathId`, `Name`) VALUES (32525,'Sholazar Basin - Frenzyheart Hunter 28079 & Frenzyheart Ravager 28078 x2 - Patrol 9');
DELETE FROM `waypoint_path` WHERE PathId = 32525;
INSERT INTO `waypoint_path` (`PathId`, `Point`, `PositionX`, `PositionY`,`PositionZ`, `Orientation`, `WaitTime`, `ScriptId`) VALUES
(32525,1,4964.03,5779.17,-72.4596,100,0,0),
(32525,2,4960.39,5744.55,-75.0872,100,0,0),
(32525,3,4957.19,5719.84,-76.3184,100,0,0),
(32525,4,4964.81,5700.79,-77.4232,100,0,0),
(32525,5,4979.85,5678.28,-84.0826,100,0,0),
(32525,6,4994.97,5652.82,-87.439 ,100,0,0),
(32525,7,5010.44,5631.75,-91.6103,100,0,0),
(32525,8,5016.37,5601.02,-93.2894,100,20000,0),
(32525,9,5016.37,5601.02,-93.2894,100,1000,2821801);
DELETE FROM `creature_spawn_data` WHERE guid IN (85232,85245,85246,85233,85247,85248,85234,85249,85250,85235,85251,85252,85236,85253,85254);
INSERT INTO `creature_spawn_data` (`guid`, `id`) VALUES 
(85232,20059),(85245,20059),(85246,20059),(85233,20059),(85247,20059),(85248,20059),(85234,20059),(85249,20059),(85250,20059),
(85235,20059),(85251,20059),(85252,20059),(85236,20059),(85253,20059),(85254,20059);
DELETE FROM dbscripts_on_relay WHERE id IN (20756,20757,20758,30602,30603,30604,30605,30606);
INSERT INTO dbscripts_on_relay (id, delay, command, datalong, datalong2, datalong3, buddy_entry, search_radius, data_flags, dataint, dataint2, dataint3, dataint4, x, y, z, o, comments) VALUES
(20756,1,10,28079,300000,1,0,0,0x08,0,0,0,88,4975.0728,5798.9443,-69.50098,5.2,'Part of Lightningcaller Soo-met 28017 EAI: summon squad 1'),
(20756,2,10,28078,300000,1,0,0,0x08,0,0,0,88,4971.53,5799.48,-68.2242,5.2,'Part of Lightningcaller Soo-met 28017 EAI: summon squad 1'),
(20756,3,10,28078,300000,2,0,0,0x08,0,0,0,102,4976.6,5801.98,-69.5441,5.2,'Part of Lightningcaller Soo-met 28017 EAI: summon squad 1'),
(20757,1,10,28079,300000,2,0,0,0x08,0,0,0,102,5012.9624,5828.2544,-72.449745,5.86,'Part of Lightningcaller Soo-met 28017 EAI: summon squad 2'),
(20757,2,10,28078,300000,3,0,0,0x08,0,0,0,103,5010.69,5827.7,-72.1604,5.86,'Part of Lightningcaller Soo-met 28017 EAI: summon squad 2'),
(20757,3,10,28078,300000,4,0,0,0x08,0,0,0,104,5013.24,5830.98,-72.414,5.86,'Part of Lightningcaller Soo-met 28017 EAI: summon squad 2'),
(20758,1,10,28079,300000,3,0,0,0x08,0,0,0,103,4931.1655,5775.858,-69.05195,5.098,'Part of Lightningcaller Soo-met 28017 EAI: summon squad 3'),
(20758,2,10,28078,300000,5,0,0,0x08,0,0,0,105,4928.79,5776.12,-68.6743,5.098,'Part of Lightningcaller Soo-met 28017 EAI: summon squad 3'),
(20758,3,10,28078,300000,6,0,0,0x08,0,0,0,106,4931.86,5777.5,-69.0396,5.098,'Part of Lightningcaller Soo-met 28017 EAI: summon squad 3'),
(30602,1,20,2,2,0,0,0,0x04,0,0,0,0,0,0,0,0,'SET waypoints - Path 2'),
(30603,1,20,2,3,0,0,0,0x04,0,0,0,0,0,0,0,0,'SET waypoints - Path 3'),
(30604,1,20,2,4,0,0,0,0x04,0,0,0,0,0,0,0,0,'SET waypoints - Path 4'),
(30605,1,20,2,5,0,0,0,0x04,0,0,0,0,0,0,0,0,'SET waypoints - Path 5'),
(30606,1,20,2,6,0,0,0,0x04,0,0,0,0,0,0,0,0,'SET waypoints - Path 6');
DELETE FROM creature_spawn_data_template WHERE `Entry` BETWEEN 102 AND 106;
INSERT INTO creature_spawn_data_template (Entry,SpawnFlags,RelayId,Name) VALUES
(102,1,30602,'- SPAWN FLAG RUN, Relayid 30602'),
(103,1,30603,'- SPAWN FLAG RUN, Relayid 30603'),
(104,1,30604,'- SPAWN FLAG RUN, Relayid 30604'),
(105,1,30605,'- SPAWN FLAG RUN, Relayid 30605'),
(106,1,30606,'- SPAWN FLAG RUN, Relayid 30606');
DELETE FROM dbscripts_on_creature_movement WHERE id IN (2807801);
INSERT INTO dbscripts_on_creature_movement (id, delay, command, datalong, datalong2, datalong3, buddy_entry, search_radius, data_flags, dataint, dataint2, dataint3, dataint4, x, y, z, o, comments) VALUES
(2807801,1,18,0,0,0,0,0,0x04,0,0,0,0,0,0,0,0,'despawn self'),
(2807801,2,21,0,0,0,0,0,0x04,0,0,0,0,0,0,0,0,'unactive');
DELETE FROM dbscripts_on_creature_death WHERE id IN (28078,28079);
INSERT INTO dbscripts_on_creature_death (id, delay, command, datalong, datalong2, datalong3, buddy_entry, search_radius, data_flags, dataint, dataint2, dataint3, dataint4, x, y, z, o, comments) VALUES
(28078,1,21,0,0,0,0,0,0x04,0,0,0,0,0,0,0,0,'unactive'),
(28079,1,21,0,0,0,0,0,0x04,0,0,0,0,0,0,0,0,'unactive');
DELETE FROM `creature_movement_template` WHERE entry IN (28078,28079);
INSERT INTO `creature_movement_template` (`entry`, `pathId`, `point`, `PositionX`, `PositionY`, `PositionZ`, `orientation`, `waittime`, `ScriptId`) VALUES
(28079,1,1 ,5010.189,5747.2026,-81.7653,100,0,0),
(28079,1,2 ,5034.03,5711.2915,-89.68998,100,0,0),
(28079,1,3 ,5039.89,5691.72,-89.0622,100,0,0),
(28079,1,4 ,5041.98,5674.42,-89.2669,100,0,0),
(28079,1,5 ,5032.69,5648.81,-90.3879,100,0,0),
(28079,1,6 ,5020.81,5627.75,-91.7939,100,0,0),
(28079,1,7 ,5016.43,5601.5,-93.2939,100,0,0),
(28079,1,8 ,5024.26,5586.17,-94.3269,100,0,0),
(28079,1,9 ,5035.16,5568.22,-95.3445,100,0,0),
(28079,1,10,5061.01,5546.51,-98.0948,100,0,0),
(28079,1,11,5090.01,5533.58,-98.0948,100,0,0),
(28079,1,12,5111.91,5510.55,-97.1065,100,0,0),
(28079,1,13,5112.26,5490.14,-94.1832,100,5000,21),
(28079,1,14,5112.26,5490.14,-94.1832,100,1000,2807801),
(28078,1,1 ,5007.4,5747.86,-81.0133 ,100,0,0),
(28078,1,2 ,5031.75,5712.3,-89.7895 ,100,0,0),
(28078,1,3 ,5039.77,5675.72,-89.0222,100,0,0),
(28078,1,4 ,5031.35,5651.35,-90.0993,100,0,0),
(28078,1,5 ,5019.18,5629.16,-91.9061,100,0,0),
(28078,1,6 ,5013.88,5601.99,-93.005 ,100,0,0),
(28078,1,7 ,5021.85,5587.5,-94.1259 ,100,0,0),
(28078,1,8 ,5032.55,5568.28,-95.0314,100,0,0),
(28078,1,9 ,5058.58,5546.28,-98.0948,100,0,0),
(28078,1,10,5087.59,5533.51,-98.0948,100,0,0),
(28078,1,11,5110.02,5512.47,-97.3147,100,0,0),
(28078,1,12,5110.16,5491.84,-94.2339,100,5000,21),
(28078,1,13,5110.16,5491.84,-94.2339,100,1000,2807801),
(28078,2,1 ,5010.66,5749.42,-81.9344,100,0,0),
(28078,2,2 ,5036.47,5712.61,-89.9505,100,0,0),
(28078,2,3 ,5044.41,5675.03,-89.6629,100,0,0),
(28078,2,4 ,5034.91,5649.03,-90.809 ,100,0,0),
(28078,2,5 ,5022.89,5628.34,-91.5635,100,0,0),
(28078,2,6 ,5018.4,5602.64,-93.477  ,100,0,0),
(28078,2,7 ,5025.58,5587.82,-94.4388,100,0,0),
(28078,2,8 ,5036.4,5570.3,-95.2968  ,100,0,0),
(28078,2,9 ,5061.88,5548.48,-98.0948,100,0,0),
(28078,2,10,5090.27,5535.4,-98.0948 ,100,0,0),
(28078,2,11,5113.97,5512.02,-97.2308,100,0,0),
(28078,2,12,5114.18,5491.24,-94.1606,100,5000,21),
(28078,2,13,5114.18,5491.24,-94.1606,100,1000,2807801),
(28079,2,1 ,5016.8535,5782.2324,-78.91247,100,0,0),
(28079,2,2 ,5030.299,5756.413,-80.22349,100,0,0),
(28079,2,3 ,5048.251,5731.135,-84.43754,100,0,0),
(28079,2,4 ,5070.6235,5699.403,-91.64687,100,0,0),
(28079,2,5 ,5085.89,5680.87,-93.3689,100,0,0),
(28079,2,6 ,5100,5665.34,-93.4373,100,0,0),
(28079,2,7 ,5121.46,5646.35,-96.4228,100,0,0),
(28079,2,8 ,5136.538,5631.0522,-95.63826,100,0,0),
(28079,2,9 ,5149.54,5614.63,-96.8531,100,0,0),
(28079,2,10,5158.09,5591.7,-97.0979,100,0,0),
(28079,2,11,5170.94,5587.09,-94.6989,100,0,0),
(28079,2,12,5192.86,5577.93,-91.201,100,5000,21),
(28079,2,13,5192.86,5577.93,-91.201,100,1000,2807801),
(28078,3,1 ,5014.49,5782.62,-78.9024,100,0,0),
(28078,3,2 ,5027.9,5755.88,-80.993,100,0,0),
(28078,3,3 ,5045.93,5730.66,-84.7073,100,0,0),
(28078,3,4 ,5068.22,5699.18,-91.743,100,0,0),
(28078,3,5 ,5083.34,5681.22,-93.6134,100,0,0),
(28078,3,6 ,5097.51,5664.49,-93.5835,100,0,0),
(28078,3,7 ,5118.77,5645.24,-96.4081,100,0,0),
(28078,3,8 ,5134.15,5630.57,-95.9605,100,0,0),
(28078,3,9 ,5147.53,5615.62,-96.8336,100,0,0),
(28078,3,10,5156.06,5591.59,-97.2928,100,0,0),
(28078,3,11,5169.37,5585.2,-95.0914,100,0,0),
(28078,3,13,5193.85,5576.19,-91.0794,100,5000,21),
(28078,3,14,5193.85,5576.19,-91.0794,100,1000,2807801),
(28078,4,1 ,5018.65,5784.12,-78.9393,100,0,0),
(28078,4,2 ,5031.5,5758.4,-79.5156  ,100,0,0),
(28078,4,3 ,5049.38,5733.51,-83.738 ,100,0,0),
(28078,4,4 ,5071.62,5701.65,-91.0879,100,0,0),
(28078,4,5 ,5086.46,5683.29,-92.9575,100,0,0),
(28078,4,6 ,5099.94,5667.44,-93.0252,100,0,0),
(28078,4,7 ,5121.27,5648.74,-96.7674,100,0,0),
(28078,4,8 ,5137.57,5633.59,-95.5056,100,0,0),
(28078,4,9 ,5151.08,5616.2,-96.8471 ,100,0,0),
(28078,4,10,5159.23,5592.96,-96.9142,100,0,0),
(28078,4,11,5169.9,5588.15,-94.7836 ,100,0,0),
(28078,4,12,5194.82,5578.73,-91.2073,100,5000,21),
(28078,4,13,5194.82,5578.73,-91.2073,100,1000,2807801),
(28079,3,1,4949.093,5731.731,-75.84883,100,0,0),
(28079,3,2,4964.6104,5700.3535,-77.34883,100,0,0),
(28079,3,3,4986.1973,5663.435,-85.312355,100,0,0),
(28079,3,4,5016.645,5605.6104,-93.163315,100,5000,21),
(28079,3,5,5016.645,5605.6104,-93.163315,100,1000,2807801),
(28078,5,1,4946.42,5732.53,-75.855 ,100,0,0),
(28078,5,2,4961.85,5700.64,-77.4331,100,0,0),
(28078,5,3,4984.03,5664.54,-84.8642,100,0,0),
(28078,5,4,5014.25,5605.41,-92.9409,100,5000,21),
(28078,5,5,5014.25,5605.41,-92.9409,100,1000,2807801),
(28078,6,1,4950.81,5734.27,-75.8255,100,0,0),
(28078,6,2,4965.5,5702.49,-77.1995 ,100,0,0),
(28078,6,3,4987.78,5666.13,-85.8988,100,0,0),
(28078,6,4,5017.57,5607.68,-93.2907,100,5000,21),
(28078,6,5,5017.57,5607.68,-93.2907,100,1000,2807801);

INSERT INTO `spell_script_target` (`entry`, `type`, `targetEntry`, `inverseEffectMask`) VALUES ('16743', '1', '10776', '0');
INSERT INTO `spell_script_target` (`entry`, `type`, `targetEntry`, `inverseEffectMask`) VALUES ('18971', '1', '1840', '0');
INSERT INTO `spell_script_target` (`entry`, `type`, `targetEntry`, `inverseEffectMask`) VALUES ('18973', '1', '1840', '0');
INSERT INTO `spell_script_target` (`entry`, `type`, `targetEntry`, `inverseEffectMask`) VALUES ('18997', '1', '1840', '0');
INSERT INTO `spell_script_target` (`entry`, `type`, `targetEntry`, `inverseEffectMask`) VALUES ('20001', '1', '12581', '0');

UPDATE `item_template` SET `MinMoneyLoot`=47, `MaxMoneyLoot`=302 WHERE `entry`=9276;
UPDATE `item_loot_template` SET `groupid` = '1' WHERE `entry` =9276 AND `item` =9249;
UPDATE `item_loot_template` SET `ChanceOrQuestChance` = '15',`groupid` = '1' WHERE `entry` =9276 AND `item` =9250;

UPDATE creature_spell_list SET Flags=0 WHERE Id IN(1593201) AND SpellId IN(54427,28374);
UPDATE creature_spell_list SET Flags=0 WHERE Id IN(1595301) AND SpellId IN(28796,28794,28798);
UPDATE creature_spell_list SET Flags=0 WHERE Id IN(1595601) AND SpellId IN(28783,28785);
UPDATE creature_spell_list SET Flags=0 WHERE Id IN(2930601,3136801,2924901,2926801,2941701,1598901,1598902,1601101,1601102,1602802,1606101,2835701,2971801,2971802,2999101,2999102);
UPDATE creature_spell_list_entry a SET ChanceSupportAction=0 WHERE NOT EXISTS(SELECT Id FROM creature_spell_list b WHERE a.Id=b.Id AND b.Flags&1);
UPDATE creature_spell_list_entry a SET ChanceRangedAttack=0 WHERE NOT EXISTS(SELECT Id FROM creature_spell_list b WHERE a.Id=b.Id AND b.Flags&2);

UPDATE `creature_template` SET `Detection` = 18, `CallForHelp` = 5 WHERE `entry` = 15551;
UPDATE `creature_template` SET `Detection` = 18, `CallForHelp` = 5 WHERE `entry` = 15547;
UPDATE `creature_template` SET `Detection` = 18, `CallForHelp` = 5 WHERE `entry` = 15548;
UPDATE `creature_template` SET `Detection` = 15, `CallForHelp` = 5 WHERE `entry` = 16389;
UPDATE `creature_template` SET `Detection` = 11, `CallForHelp` = 5 WHERE `entry` = 16407;
UPDATE `creature_template` SET `Detection` = 16, `CallForHelp` = 7 WHERE `entry` = 16424;
UPDATE `creature_template` SET `Detection` = 16, `CallForHelp` = 7 WHERE `entry` = 16425;
UPDATE `creature_template` SET `Detection` = 18, `CallForHelp` = 3 WHERE `entry` = 16414;
UPDATE `creature_template` SET `Detection` = 15, `CallForHelp` = 4 WHERE `entry` = 16409;
UPDATE `creature_template` SET `Detection` = 13, `CallForHelp` = 4 WHERE `entry` = 16408;
UPDATE `creature_template` SET `Detection` = 13, `CallForHelp` = 4 WHERE `entry` = 16415;
UPDATE `creature_template` SET `Detection` = 13, `CallForHelp` = 2 WHERE `entry` = 16410;
UPDATE `creature_template` SET `Detection` = 13, `CallForHelp` = 2 WHERE `entry` = 16406;
UPDATE `creature_template` SET `Detection` = 15, `CallForHelp` = 2 WHERE `entry` = 16468;

DELETE FROM dbscripts_on_spell WHERE id IN (59728);
DELETE FROM `creature_linking_template` WHERE `entry` = 29746 AND `map` = 571;

DELETE FROM creature_addon WHERE guid IN(SELECT guid FROM creature WHERE id = 28092);
DELETE FROM creature_template_addon WHERE entry IN (28092);
INSERT INTO creature_template_addon (entry, mount, stand_state, sheath_state, pvp_flags, emote, moveflags, auras) VALUES (28092,0,0,1,0,0,0,'16245 25900');
UPDATE creature SET position_x = -6193.86, position_y = -1219.55, position_z = -160.768, orientation = 4.72984, spawntimesecsmin = 180, spawntimesecsmax = 180 WHERE guid = 88623;
UPDATE creature SET position_x = -6028.0815, position_y = -1249.0177, position_z = -146.68127, orientation = 3.054326, spawndist = 0, MovementType = 0 WHERE guid = 84069;
INSERT INTO creature (guid, id, map, spawnmask, phasemask, position_x, position_y, position_z, orientation, spawntimesecsmin, spawntimesecsmax, spawndist, MovementType) VALUES 
(23037,28602,1,1,1,-6105.942,-1249.7822,-143.15865,0,300,300,0,4);
UPDATE creature SET position_x = -6122.5464, position_y = -1249.9878, position_z = -143.15865, spawndist = 0, MovementType = 4 WHERE guid = 88622;
UPDATE creature SET position_x = -6104.9653, position_y = -1243.6011, position_z = -143.19208, orientation = 3.12413, spawndist = 0, MovementType = 0 WHERE guid = 88618;
UPDATE creature SET position_x = -6104.698, position_y = -1256.3138, position_z = -143.19208, orientation = 3.054326, spawndist = 0, MovementType = 0 WHERE guid = 88619;
UPDATE creature SET position_x = -6065.164, position_y = -1256.2112, position_z = -143.34604, orientation = 3.10668, spawndist = 0, MovementType = 0 WHERE guid = 88614;
UPDATE creature SET position_x = -6065.2676, position_y = -1242.8015, position_z = -143.34604, orientation = 3.14159, spawndist = 0, MovementType = 0 WHERE guid = 88617;
UPDATE creature SET position_x = -6036.1035, position_y = -1255.3839, position_z = -146.81877, orientation = 1.1519, spawndist = 0, MovementType = 0 WHERE guid = 88615;
UPDATE creature SET position_x = -6037.475, position_y = -1243.3755, position_z = -146.8158, orientation = 5.986479, spawndist = 0, MovementType = 0 WHERE guid = 88616;
UPDATE creature SET position_x = -6121.083008, position_y = -1241.739624, position_z = -143.275650, orientation = 3.282253, spawndist = 0, MovementType = 0 WHERE guid = 88621;
UPDATE creature SET position_x = -6121.150879, position_y = -1258.214233, position_z = -143.275650, orientation = 2.909253, spawndist = 0, MovementType = 0 WHERE guid = 88620;
DELETE FROM creature_addon WHERE guid IN (88615,88616);
INSERT INTO creature_addon (guid, mount, stand_state, sheath_state, pvp_flags, emote, moveflags, auras) VALUES (88615,0,8,1,0,0,0,NULL), (88616,0,8,1,0,0,0,NULL);
DELETE FROM creature_movement WHERE Id IN (88622,23037);
INSERT INTO creature_movement (id, point, positionx, positiony, positionz, orientation, waittime, scriptid) VALUES
(88622,1,-6122.5464,-1249.9878,-143.15865,100,1000,0),
(88622,2,-6138.5444,-1249.1758,-145.89084,100,0,0),
(88622,3,-6152.918,-1249.7925,-154.39339,100,0,0),
(88622,4,-6167.854,-1249.36,-162.65091,100,0,0),
(88622,5,-6152.918,-1249.7925,-154.39339,100,1000,0),
(23037,1,-6105.942,-1249.7822,-143.15865,100,1000,0),
(23037,2,-6083.673,-1249.4623,-143.2926,100,0,0),
(23037,3,-6063.0107,-1249.4069,-143.35864,100,0,0),
(23037,4,-6043.02,-1249.4241,-146.75867,100,1000,0);

UPDATE creature_template SET MovementType = 4, ExtraFlags = 1048576 WHERE entry = 28288;
UPDATE creature SET position_x = 5986.364, position_y = 4823.672, position_z = -101.77508, spawndist = 0, MovementType = 4 WHERE guid = 87320;
DELETE FROM creature_movement_template WHERE entry = 28288;
INSERT INTO creature_movement_template (Entry, Point, PositionX, PositionY, PositionZ, Orientation, WaitTime, ScriptId) VALUES
(28288,1,5986.364,4823.672,-101.77508,100,0,0),
(28288,2,5997.8574,4844.4624,-100.5302,100,0,0),
(28288,3,6003.5454,4867.1377,-97.78867,100,0,0),
(28288,4,6026.4688,4879.6685,-95.28782,100,0,0),
(28288,5,6042.11,4892.51,-94.308,100,0,0),
(28288,6,6068.98,4909.88,-96.8855,100,0,0);
DELETE FROM vehicle_accessory WHERE vehicle_entry = 28288;
INSERT INTO vehicle_accessory (vehicle_entry, seat, accessory_entry, comment) VALUES
(28288,0,28093,'Sholazar Tickbird 28093 on Farunn 28288');

UPDATE quest_template SET RequiredRaces = 0 WHERE entry IN (5401, 5402, 5403, 5404);
UPDATE quest_template SET RequiredRaces = 0 WHERE entry IN (5405, 5406, 5407, 5408);

UPDATE `item_loot_template` SET `groupid` = '3' WHERE `entry` =45986 AND `item` =36043;
UPDATE `item_loot_template` SET `groupid` = '3' WHERE `entry` =45986 AND `item` =36051;
UPDATE `item_loot_template` SET `groupid` = '3' WHERE `entry` =45986 AND `item` =36059;

DELETE FROM `creature_addon` WHERE `guid` IN (SELECT `guid` FROM `creature` WHERE `id` IN (32481));
DELETE FROM `creature_movement` WHERE `id` IN (SELECT `guid` FROM `creature` WHERE `id` IN (32481));
DELETE FROM `creature` WHERE `id` IN (32481);
DELETE FROM `pool_template` WHERE `entry` = 104;
DELETE FROM `pool_creature_template` WHERE `id` = 32481;
INSERT INTO `creature` (`guid`, `id`, `map`, `spawnMask`, `phaseMask`, `position_x`, `position_y`, `position_z`, `orientation`, `spawntimesecsmin`, `spawntimesecsmax`, `spawndist`, `MovementType`) VALUES
(77239, 32481, 571, 1, 1, 5390.54, 4433.89, -138.121, 0.8151, 28800, 28800, 15, 1),
(77240, 32481, 571, 1, 1, 5278.45, 5000.45, -134.987, 4.73295, 28800, 28800, 15, 1),
(77241, 32481, 571, 1, 1, 5169.58, 4632.44, -132.482, 0.611179, 28800, 28800, 15, 1),
(77283, 32481, 571, 1, 1, 5762.54, 5070.1, -134.572, 2.28407, 28800, 28800, 15, 1),
(77285, 32481, 571, 1, 1, 5734.49, 4726.46, -133.774, 5.87805, 28800, 28800, 15, 1);
DELETE FROM `spawn_group` WHERE id = 32534;
INSERT INTO `spawn_group` (`Id`, `Name`, `Type`, `MaxCount`, `WorldState`, `Flags`) VALUES (32534, 'Sholazar Basin - Aotona 32481 - Rare', 0, 1, 0, 0);
DELETE FROM `spawn_group_spawn` WHERE id = 32534;
INSERT INTO `spawn_group_spawn` (`Id`, `Guid`, `SlotId`) VALUES (32534, 77239, -1),(32534, 77240, -1),(32534, 77241, -1),(32534, 77283, -1),(32534, 77285, -1);
DELETE FROM `creature_addon` WHERE `guid` IN (SELECT `guid` FROM `creature` WHERE `id` IN (32485));
DELETE FROM `creature_movement` WHERE `id` IN (SELECT `guid` FROM `creature` WHERE `id` IN (32485));
DELETE FROM `creature` WHERE `id` IN (32485);
DELETE FROM `pool_template` WHERE `entry` = 164;
DELETE FROM `pool_creature_template` WHERE `id` = 32485;
INSERT INTO `creature` (`guid`, `id`, `map`, `spawnMask`, `phaseMask`, `position_x`, `position_y`, `position_z`, `orientation`, `spawntimesecsmin`, `spawntimesecsmax`, `spawndist`, `MovementType`) VALUES
(92856, 32485, 571, 1, 1, 6388.94, 5387.62, -40.6474, 0, 28800, 28800, 0, 0),
(92857, 32485, 571, 1, 1, 4871.74, 4471.62, -66.2593, 0, 28800, 28800, 0, 0),
(77284, 32485, 571, 1, 1, 6064.32, 4896.99, -94.3725, 0, 28800, 28800, 0, 4);
DELETE FROM `spawn_group` WHERE id = 32535;
INSERT INTO `spawn_group` (`Id`, `Name`, `Type`, `MaxCount`, `WorldState`, `Flags`) VALUES (32535, 'Sholazar Basin - King Krush 32485 - Rare', 0, 1, 0, 0);
DELETE FROM `spawn_group_spawn` WHERE id = 32535;
INSERT INTO `spawn_group_spawn` (`Id`, `Guid`, `SlotId`) VALUES (32535, 77284, -1),(32535, 92856, -1),(32535, 92857, -1);
DELETE FROM creature_movement WHERE Id IN (77284);
INSERT INTO creature_movement (id, point, positionx, positiony, positionz, orientation, waittime, scriptid) VALUES
(77284,1 ,6064.319,4896.986,-94.37252,100,1000,0),
(77284,2 ,6037.0625,4888.588,-94.63033,100,0,0),
(77284,3 ,6020.516,4874.889,-96.102394,100,0,0),
(77284,4 ,6015.044,4860.4165,-97.604385,100,0,0),
(77284,5 ,5991.258,4839.444,-100.77092,100,0,0),
(77284,6 ,5994.7827,4805.953,-99.944756,100,0,0),
(77284,7 ,6002.1616,4779.902,-96.548134,100,0,0),
(77284,8 ,6009.2935,4752.007,-97.33956,100,0,0),
(77284,9 ,6021.486,4718.9253,-94.93725,100,0,0),
(77284,10,6037.9644,4695.8853,-94.46775,100,0,0),
(77284,11,6051.5356,4662.6724,-94.492966,100,0,0),
(77284,12,6073.332,4623.297,-97.30014,100,1000,0);

DELETE FROM `creature_addon` WHERE `guid` IN (SELECT `guid` FROM `creature` WHERE `id` IN (28112));
DELETE FROM `creature_movement` WHERE `id` IN (SELECT `guid` FROM `creature` WHERE `id` IN (28112));
DELETE FROM `creature` WHERE `id` IN (28112);
DELETE FROM `creature_addon` WHERE `guid` IN (SELECT `guid` FROM `creature` WHERE `id` IN (28111));
DELETE FROM `creature_movement` WHERE `id` IN (SELECT `guid` FROM `creature` WHERE `id` IN (28111));
DELETE FROM `creature` WHERE `id` IN (28111);
DELETE FROM creature_template_addon WHERE entry IN (28112);
INSERT INTO creature_template_addon (entry, mount, stand_state, sheath_state, pvp_flags, emote, moveflags, auras) VALUES (28112,0,0,1,0,0,0,'50726');
INSERT INTO `creature` (`guid`, `id`, `map`, `spawnMask`, `phaseMask`, `position_x`, `position_y`, `position_z`, `orientation`, `spawntimesecsmin`, `spawntimesecsmax`, `spawndist`, `MovementType`) VALUES
(82320, 28111, 571, 1, 1, 4997.46, 5500.6, -90.0217, 2.9147, 300, 300, 0, 0),
(82321, 28111, 571, 1, 1, 4992.57, 5525.2, -85.5247, 3.735, 300, 300, 0, 0),
(82322, 28111, 571, 1, 1, 5032.28, 5518.7, -88.616, 0.890118, 300, 300, 0, 0),
(82323, 28111, 571, 1, 1, 5023.09, 5590.45, -94.0523, 2.35619, 300, 300, 5, 1),
(82324, 28111, 571, 1, 1, 5246.71, 5484.34, -93.7401, 5.58505, 300, 300, 0, 0),
(82325, 28111, 571, 1, 1, 5026.02, 5559.83, -91.2184, 5.86431, 300, 300, 0, 0),
(82326, 28111, 571, 1, 1, 5022.48, 5589.25, -94.0508, 1.81575, 300, 300, 5, 1),
(82327, 28111, 571, 1, 1, 5155.56, 5463.98, -88.8639, 2.42507, 300, 300, 0, 0),
(82328, 28111, 571, 1, 1, 4993.53, 5579.63, -86.6976, 2.77507, 300, 300, 0, 0),
(82329, 28111, 571, 1, 1, 5049.45, 5511.81, -88.8619, 1.5708, 300, 300, 0, 0),
(82330, 28111, 571, 1, 1, 5080.51, 5500.83, -97.6296, 1.5708, 300, 300, 0, 0),
(82331, 28111, 571, 1, 1, 5063.28, 5515.83, -96.2015, 0.069813, 300, 300, 0, 0),
(82332, 28111, 571, 1, 1, 5124.67, 5499.09, -93.6377, 1.98968, 300, 300, 0, 0),
(82333, 28111, 571, 1, 1, 5101.65, 5500.28, -93.5121, 1.01229, 300, 300, 0, 0),
(82334, 28111, 571, 1, 1, 5163.94, 5514.98, -96.8368, 2.61799, 300, 300, 0, 0),
(82335, 28111, 571, 1, 1, 5173.25, 5483.13, -87.4076, 3.92699, 300, 300, 0, 0),
(82336, 28111, 571, 1, 1, 5217.08, 5525.17, -92.3337, 1.11701, 300, 300, 0, 0),
(82337, 28111, 571, 1, 1, 5253.78, 5569.86, -98.2033, 0.349066, 300, 300, 0, 0),
(82306, 28111, 571, 1, 1, 5253.69, 5453.32, -90.4787, 0.916935, 300, 300, 0, 0),
(82307, 28111, 571, 1, 1, 5253.69, 5453.32, -90.4787, 0.917278, 300, 300, 0, 0),
(82338, 28111, 571, 1, 1, 5260.38, 5533.52, -98.2331, 0.314159, 300, 300, 0, 0),
(82339, 28111, 571, 1, 1, 5242.62, 5468.92, -91.0032, 6.21138, 300, 300, 0, 0),
(82340, 28111, 571, 1, 1, 4982.75, 5563.41, -83.2093, 2.3911, 300, 300, 0, 0),
(82341, 28111, 571, 1, 1, 5109.14, 5625.68, -90.4232, 4.01426, 300, 300, 0, 0),
(82318, 28111, 571, 1, 1, 5140.59, 5638.79, -94.9536, 3.38399, 30, 30, 0, 0),
(82319, 28111, 571, 1, 1, 5140.59, 5638.79, -94.9536, 3.38399, 30, 30, 0, 0),
(82315, 28111, 571, 1, 1, 5028.6, 5500.72, -87.5903, 5.52359, 30, 30, 0, 0),
(82309, 28111, 571, 1, 1, 4976.63, 5570.18, -83.1418, 2.19457, 30, 30, 0, 0),
(82310, 28111, 571, 1, 1, 4976.63, 5570.18, -83.1418, 2.19457, 30, 30, 0, 0),
(82312, 28111, 571, 1, 1, 5025.87, 5605.69, -93.1825, 5.06145, 30, 30, 0, 0),
(82313, 28111, 571, 1, 1, 5025.87, 5605.69, -93.1825, 5.06145, 30, 30, 0, 0),
(2881, 28111, 571, 1, 1, 5160.25, 5624.82, -95.2187, 2.37365, 300, 300, 0, 0),
(82342, 28111, 571, 1, 1, 5137.74, 5625.79, -95.7525, 0.785398, 300, 300, 0, 0),
(82316, 28111, 571, 1, 1, 5028.6, 5500.72, -87.5903, 5.52359, 30, 30, 0, 0),
(82343, 28111, 571, 1, 1, 5215.07, 5568.83, -93.6757, 5.72468, 300, 300, 0, 0),
(82344, 28111, 571, 1, 1, 5170.1, 5592.38, -93.9898, 4.03171, 300, 300, 0, 0),
(82345, 28111, 571, 1, 1, 5171.55, 5577.75, -94.1318, 2.68781, 300, 300, 0, 0),
(82346, 28111, 571, 1, 1, 5038.6, 5609.26, -92.0482, 2.14675, 300, 300, 0, 0),
(82347, 28111, 571, 1, 1, 5115.74, 5575.46, -95.5463, 4.03171, 300, 300, 0, 0),
(82348, 28111, 571, 1, 1, 5094.58, 5578.24, -95.5738, 5.14872, 300, 300, 0, 0),
(82304, 28111, 571, 1, 1, 4979.43, 5580.53, -84.6625, 0, 300, 300, 0, 0),
(82303, 28111, 571, 1, 1, 4979.43, 5580.53, -84.6625, 0, 300, 300, 0, 0);
INSERT INTO `creature` (`guid`, `id`, `map`, `spawnMask`, `phaseMask`, `position_x`, `position_y`, `position_z`, `orientation`, `spawntimesecsmin`, `spawntimesecsmax`, `spawndist`, `MovementType`) VALUES
(82349, 28112, 571, 1, 1, 5026.58, 5510.61, -86.6708, 3.9619, 300, 300, 0, 0),
(82350, 28112, 571, 1, 1, 5009.29, 5570.88, -86.0497, 3.54302, 300, 300, 0, 0),
(82351, 28112, 571, 1, 1, 5081.12, 5589.38, -90.2511, 2.82743, 300, 300, 0, 0),
(82352, 28112, 571, 1, 1, 5212.2, 5455, -83.6776, 1.20428, 300, 300, 0, 0),
(82353, 28112, 571, 1, 1, 5026.69, 5489.21, -87.088, 1.0472, 300, 300, 0, 0),
(82354, 28112, 571, 1, 1, 5222.79, 5429.54, -80.1378, 3.60967, 300, 300, 5, 1),
(82355, 28112, 571, 1, 1, 5072.62, 5501.32, -96.4247, 3.31613, 300, 300, 0, 0),
(82356, 28112, 571, 1, 1, 5066.31, 5506.17, -96.0911, 4.76475, 300, 300, 0, 0),
(82357, 28112, 571, 1, 1, 5088.5, 5522.06, -97.9706, 5.1561, 300, 300, 5, 1),
(82358, 28112, 571, 1, 1, 5076.99, 5553.94, -97.9706, 1.8912, 300, 300, 5, 1),
(82359, 28112, 571, 1, 1, 5113.94, 5483.46, -93.9378, 4.57276, 300, 300, 0, 0),
(82360, 28112, 571, 1, 1, 5106.67, 5482.9, -93.9321, 4.93928, 300, 300, 0, 0),
(82361, 28112, 571, 1, 1, 5092.59, 5485.92, -93.2406, 0.366519, 300, 300, 0, 0),
(82362, 28112, 571, 1, 1, 5120.5, 5481.93, -93.7191, 4.2586, 300, 300, 0, 0),
(82363, 28112, 571, 1, 1, 5100.32, 5480.67, -93.817, 5.25344, 300, 300, 0, 0),
(82364, 28112, 571, 1, 1, 5231.01, 5488, -89.0593, 3.87463, 300, 300, 0, 0),
(82365, 28112, 571, 1, 1, 5224.3, 5509.08, -88.6617, 2.80998, 300, 300, 0, 0),
(97245, 28112, 571, 1, 1, 5201.8, 5487, -88.0499, 4.29269, 300, 300, 5, 1),
(97246, 28112, 571, 1, 1, 5197.75, 5471.81, -87.2502, 4.2237, 300, 300, 0, 0),
(82305, 28112, 571, 1, 1, 5253.69, 5453.32, -90.4787, 0.917721, 300, 300, 0, 0),
(23088, 28112, 571, 1, 1, 5075.43, 5611.79, -86.2512, 0.645772, 300, 300, 0, 0),
(23096, 28112, 571, 1, 1, 5088.86, 5604.89, -89.6122, 5.41052, 300, 300, 0, 0),
(23109, 28112, 571, 1, 1, 5078.11, 5624.38, -86.8926, 5.29517, 300, 300, 5, 1),
(23114, 28112, 571, 1, 1, 5085.22, 5632.98, -87.2263, 4.95674, 300, 300, 0, 0),
(82314, 28112, 571, 1, 1, 5028.6, 5500.72, -87.5903, 5.52359, 30, 30, 0, 0),
(82308, 28112, 571, 1, 1, 4976.63, 5570.18, -83.1418, 2.19457, 30, 30, 0, 0),
(82311, 28112, 571, 1, 1, 5025.87, 5605.69, -93.1825, 5.06145, 30, 30, 0, 0),
(23130, 28112, 571, 1, 1, 5188.55, 5608.93, -89.1251, 2.37365, 300, 300, 0, 0),
(23170, 28112, 571, 1, 1, 5183.13, 5573.23, -90.4796, 0.366519, 300, 300, 0, 0),
(23171, 28112, 571, 1, 1, 5195.69, 5615.87, -89.043, 4.95674, 300, 300, 0, 0),
(23197, 28112, 571, 1, 1, 5200.04, 5589.69, -91.1012, 6.06605, 300, 300, 5, 1),
(23229, 28112, 571, 1, 1, 5199.7, 5570.7, -90.582, 5.61996, 300, 300, 0, 0),
(23271, 28112, 571, 1, 1, 5231.49, 5552.89, -98.2468, 4.9296, 300, 300, 5, 1),
(23353, 28112, 571, 1, 1, 5195.6, 5535.22, -95.8618, 1.18682, 300, 300, 0, 0),
(23370, 28112, 571, 1, 1, 5112.01, 5551.53, -97.9706, 1.5131, 300, 300, 5, 1),
(23371, 28112, 571, 1, 1, 5093.14, 5541.98, -97.9706, 2.57255, 300, 300, 5, 1),
(82317, 28112, 571, 1, 1, 5140.59, 5638.79, -94.9536, 3.38399, 30, 30, 0, 0),
(23394, 28112, 571, 1, 1, 5135.61, 5523.79, -97.9706, 4.83137, 300, 300, 5, 1),
(23427, 28112, 571, 1, 1, 5109.27, 5529.67, -97.9706, 6.0021, 300, 300, 5, 1),
(23431, 28112, 571, 1, 1, 5140, 5546.91, -97.9706, 3.00973, 300, 300, 5, 1),
(23471, 28112, 571, 1, 1, 5176.56, 5598.27, -90.219, 2.18616, 300, 300, 5, 1),
(23493, 28112, 571, 1, 1, 5103.85, 5601.19, -90.8653, 3.64774, 300, 300, 0, 0),
(23496, 28112, 571, 1, 1, 5123.36, 5585.3, -91.0778, 1.78024, 300, 300, 0, 0),
(97244, 28112, 571, 1, 1, 4979.43, 5580.53, -84.6625, 1.50098, 300, 300, 0, 0);
DELETE FROM `spawn_group` WHERE id = 32526;
INSERT INTO `spawn_group` (`Id`, `Name`, `Type`, `MaxCount`, `WorldState`, `Flags`) VALUES (32526, 'Sholazar Basin - Sparktouched Oracle 28112 & Sparktouched Warrior 28111 x2 - Patrol 1', 0, 0, 0, 3);
DELETE FROM `spawn_group_spawn` WHERE id = 32526;
INSERT INTO `spawn_group_spawn` (`Id`, `Guid`, `SlotId`) VALUES (32526, 97244, 0),(32526, 82303, 1),(32526, 82304, 2);
DELETE FROM `spawn_group_formation` WHERE id = 32526;
INSERT INTO `spawn_group_formation` (`Id`, `FormationType`, `FormationSpread`, `FormationOptions`, `PathId`, `MovementType`, `Comment`) VALUES
(32526, 3, 2, 0, 32526, 4, 'Sholazar Basin - Sparktouched Oracle 28112 & Sparktouched Warrior 28111 x2 - Patrol 1');
DELETE FROM `waypoint_path_name` WHERE PathId = 32526;
INSERT INTO `waypoint_path_name` (`PathId`, `Name`) VALUES (32526,'Sholazar Basin - Sparktouched Oracle 28112 & Sparktouched Warrior 28111 x2 - Patrol 1');
DELETE FROM `waypoint_path` WHERE PathId = 32526;
INSERT INTO `waypoint_path` (`PathId`, `Point`, `PositionX`, `PositionY`,`PositionZ`, `Orientation`, `WaitTime`, `ScriptId`) VALUES
(32526,1,4979.428,5580.5283,-84.66245,100,1000,0),
(32526,2,4974.712,5553.886,-80.90069 ,100,0,0),
(32526,3,4976.718,5528.4263,-82.88611,100,0,0),
(32526,4,4985.66,5510.8306,-87.24841 ,100,0,0),
(32526,5,4988.9595,5483.232,-90.41785,100,0,0),
(32526,6,4988.911,5446.6797,-94.47176,100,1000,0);
DELETE FROM `spawn_group` WHERE id = 32527;
INSERT INTO `spawn_group` (`Id`, `Name`, `Type`, `MaxCount`, `WorldState`, `Flags`) VALUES (32527, 'Sholazar Basin - Sparktouched Oracle 28112 & Sparktouched Warrior 28111 x2 - Patrol 2', 0, 0, 0, 3);
DELETE FROM `spawn_group_spawn` WHERE id = 32527;
INSERT INTO `spawn_group_spawn` (`Id`, `Guid`, `SlotId`) VALUES (32527, 82305, 0),(32527, 82306, 1),(32527, 82307, 2);
DELETE FROM `spawn_group_formation` WHERE id = 32527;
INSERT INTO `spawn_group_formation` (`Id`, `FormationType`, `FormationSpread`, `FormationOptions`, `PathId`, `MovementType`, `Comment`) VALUES
(32527, 3, 2, 0, 32527, 4, 'Sholazar Basin - Sparktouched Oracle 28112 & Sparktouched Warrior 28111 x2 - Patrol 2');
DELETE FROM `waypoint_path_name` WHERE PathId = 32527;
INSERT INTO `waypoint_path_name` (`PathId`, `Name`) VALUES (32527,'Sholazar Basin - Sparktouched Oracle 28112 & Sparktouched Warrior 28111 x2 - Patrol 2');
DELETE FROM `waypoint_path` WHERE PathId = 32527;
INSERT INTO `waypoint_path` (`PathId`, `Point`, `PositionX`, `PositionY`,`PositionZ`, `Orientation`, `WaitTime`, `ScriptId`) VALUES
(32527,1,5253.6914,5453.319,-90.478676,100,1000,0),
(32527,2,5278.886,5486.263,-101.290115,100,0,0),
(32527,3,5277.129,5531.9287,-99.43294 ,100,0,0),
(32527,4,5260.6084,5555.7515,-100.2653,100,0,0),
(32527,5,5268.3306,5597.5693,-96.69327,100,1000,0);
DELETE FROM `spawn_group` WHERE id = 32530;
INSERT INTO `spawn_group` (`Id`, `Name`, `Type`, `MaxCount`, `WorldState`, `Flags`) VALUES (32530, 'Sholazar Basin - Sparktouched Oracle 28112 & Sparktouched Warrior 28111 x2 - Patrol 5', 0, 0, 0, 3);
DELETE FROM `spawn_group_spawn` WHERE id = 32530;
INSERT INTO `spawn_group_spawn` (`Id`, `Guid`, `SlotId`) VALUES (32530, 82308, 0),(32530, 82309, 1),(32530, 82310, 2);
DELETE FROM `spawn_group_formation` WHERE id = 32530;
INSERT INTO `spawn_group_formation` (`Id`, `FormationType`, `FormationSpread`, `FormationOptions`, `PathId`, `MovementType`, `Comment`) VALUES
(32530, 3, 2, 0, 32530, 2, 'Sholazar Basin - Sparktouched Oracle 28112 & Sparktouched Warrior 28111 x2 - Patrol 5');
DELETE FROM `waypoint_path_name` WHERE PathId = 32530;
INSERT INTO `waypoint_path_name` (`PathId`, `Name`) VALUES (32530,'Sholazar Basin - Sparktouched Oracle 28112 & Sparktouched Warrior 28111 x2 - Patrol 5');
DELETE FROM `waypoint_path` WHERE PathId = 32530;
INSERT INTO `waypoint_path` (`PathId`, `Point`, `PositionX`, `PositionY`,`PositionZ`, `Orientation`, `WaitTime`, `ScriptId`) VALUES
(32530,1,4955.9897,5598.8394,-79.21572,100,0,0),
(32530,2,4943.811,5624.867,-77.26019,100,0,0),
(32530,3,4930.136,5656.1533,-78.04661,100,0,0),
(32530,4,4917.482,5681.631,-69.29618,100,0,0),
(32530,5,4919.2554,5703.6357,-67.53985,100,0,0),
(32530,6,4915.4766,5733.4014,-66.12212,100,0,0),
(32530,7,4895.8657,5751.1294,-62.182793,100,0,0),
(32530,8,4885.952,5764.4146,-60.27764,100,20000,0),
(32530,9,4885.952,5764.4146,-60.27764,100,1000,2821801);
DELETE FROM `spawn_group` WHERE id = 32531;
INSERT INTO `spawn_group` (`Id`, `Name`, `Type`, `MaxCount`, `WorldState`, `Flags`) VALUES (32531, 'Sholazar Basin - Sparktouched Oracle 28112 & Sparktouched Warrior 28111 x2 - Patrol 6', 0, 0, 0, 3);
DELETE FROM `spawn_group_spawn` WHERE id = 32531;
INSERT INTO `spawn_group_spawn` (`Id`, `Guid`, `SlotId`) VALUES (32531, 82311, 0),(32531, 82312, 1),(32531, 82313, 2);
DELETE FROM `spawn_group_formation` WHERE id = 32531;
INSERT INTO `spawn_group_formation` (`Id`, `FormationType`, `FormationSpread`, `FormationOptions`, `PathId`, `MovementType`, `Comment`) VALUES
(32531, 3, 2, 0, 32531, 2, 'Sholazar Basin - Sparktouched Oracle 28112 & Sparktouched Warrior 28111 x2 - Patrol 6');
DELETE FROM `waypoint_path_name` WHERE PathId = 32531;
INSERT INTO `waypoint_path_name` (`PathId`, `Name`) VALUES (32531,'Sholazar Basin - Sparktouched Oracle 28112 & Sparktouched Warrior 28111 x2 - Patrol 6');
DELETE FROM `waypoint_path` WHERE PathId = 32531;
INSERT INTO `waypoint_path` (`PathId`, `Point`, `PositionX`, `PositionY`,`PositionZ`, `Orientation`, `WaitTime`, `ScriptId`) VALUES
(32531,1,5028.5264,5651.522,-89.66501,100,0,0),
(32531,2,5044.816,5679.177,-89.78809,100,0,0),
(32531,3,5031.2183,5720.697,-88.57628,100,0,0),
(32531,4,5009.104,5745.7383,-81.3231,100,0,0),
(32531,5,4993.67,5767.84,-76.9075,100,0,0),
(32531,6,4988.49,5809.67,-72.3372,100,20000,0),
(32531,7,4988.49,5809.67,-72.3372,100,1000,2821801);
DELETE FROM `spawn_group` WHERE id = 32532;
INSERT INTO `spawn_group` (`Id`, `Name`, `Type`, `MaxCount`, `WorldState`, `Flags`) VALUES
(32532, 'Sholazar Basin - Sparktouched Oracle 28112 & Sparktouched Warrior 28111 x2 - Patrol 7', 0, 0, 0, 3);
DELETE FROM `spawn_group_spawn` WHERE id = 32532;
INSERT INTO `spawn_group_spawn` (`Id`, `Guid`, `SlotId`) VALUES (32532, 82314, 0),(32532, 82315, 1),(32532, 82316, 2);
DELETE FROM `spawn_group_formation` WHERE id = 32532;
INSERT INTO `spawn_group_formation` (`Id`, `FormationType`, `FormationSpread`, `FormationOptions`, `PathId`, `MovementType`, `Comment`) VALUES
(32532, 3, 2, 0, 32532, 2, 'Sholazar Basin - Sparktouched Oracle 28112 & Sparktouched Warrior 28111 x2 - Patrol 7');
DELETE FROM `waypoint_path_name` WHERE PathId = 32532;
INSERT INTO `waypoint_path_name` (`PathId`, `Name`) VALUES (32532,'Sholazar Basin - Sparktouched Oracle 28112 & Sparktouched Warrior 28111 x2 - Patrol 7');
DELETE FROM `waypoint_path` WHERE PathId = 32532;
INSERT INTO `waypoint_path` (`PathId`, `Point`, `PositionX`, `PositionY`,`PositionZ`, `Orientation`, `WaitTime`, `ScriptId`) VALUES
(32532,1 ,5037.072,5527.1123,-92.08678,100,0,0),
(32532,2 ,5033.633,5540.035,-96.50719,100,0,0),
(32532,3 ,5014.3315,5529.226,-92.43488,100,0,0),
(32532,4 ,4998.8867,5519.942,-89.62732,100,0,0),
(32532,5 ,4971.5396,5521.6367,-82.33288,100,0,0),
(32532,6 ,4978.953,5540.689,-81.06927,100,0,0),
(32532,7 ,4957.8047,5536.174,-78.80046,100,0,0),
(32532,8 ,4945.5796,5556.012,-76.516525,100,0,0),
(32532,9 ,4933.3735,5571.158,-77.59817,100,0,0),
(32532,10,4934.7397,5600.46,-77.58002,100,0,0),
(32532,11,4948.4263,5640.9683,-76.60616,100,0,0),
(32532,12,4953.781,5659.4473,-76.818565,100,0,0),
(32532,13,4951.01,5686.37,-77.6644,100,0,0),
(32532,14,4948.63,5710.73,-76.6954,100,0,0),
(32532,15,4945.99,5731.56,-75.8867,100,0,0),
(32532,16,4939.25,5758.48,-72.3297,100,0,0),
(32532,17,4938.58,5797.49,-67.9722,100,20000,0),
(32532,18,4938.58,5797.49,-67.9722,100,1000,2821801);
DELETE FROM `spawn_group` WHERE id = 32533;
INSERT INTO `spawn_group` (`Id`, `Name`, `Type`, `MaxCount`, `WorldState`, `Flags`) VALUES
(32533, 'Sholazar Basin - Sparktouched Oracle 28112 & Sparktouched Warrior 28111 x2 - Patrol 8', 0, 0, 0, 3);
DELETE FROM `spawn_group_spawn` WHERE id = 32533;
INSERT INTO `spawn_group_spawn` (`Id`, `Guid`, `SlotId`) VALUES (32533, 82317, 0),(32533, 82318, 1),(32533, 82319, 2);
DELETE FROM `spawn_group_formation` WHERE id = 32533;
INSERT INTO `spawn_group_formation` (`Id`, `FormationType`, `FormationSpread`, `FormationOptions`, `PathId`, `MovementType`, `Comment`) VALUES
(32533, 3, 2, 0, 32533, 2, 'Sholazar Basin - Sparktouched Oracle 28112 & Sparktouched Warrior 28111 x2 - Patrol 8');
DELETE FROM `waypoint_path_name` WHERE PathId = 32533;
INSERT INTO `waypoint_path_name` (`PathId`, `Name`) VALUES (32533,'Sholazar Basin - Sparktouched Oracle 28112 & Sparktouched Warrior 28111 x2 - Patrol 8');
DELETE FROM `waypoint_path` WHERE PathId = 32533;
INSERT INTO `waypoint_path` (`PathId`, `Point`, `PositionX`, `PositionY`,`PositionZ`, `Orientation`, `WaitTime`, `ScriptId`) VALUES
(32533,1,5104.97,5659.77,-94.6208,100,0,0),
(32533,2,5076.991,5690.029,-91.409294,100,0,0),
(32533,3,5087.5,5765.751,-82.14889,100,0,0),
(32533,4,5081.9165,5812.281,-77.92876,100,0,0),
(32533,5,5075.428,5839.5635,-78.66514,100,0,0),
(32533,6,5067.986,5866.9214,-73.91629,100,0,0),
(32533,7,5064.04,5880.649,-72.049164,100,20000,0),
(32533,8,5064.04,5880.649,-72.049164,100,1000,2821801);
DELETE FROM dbscripts_on_relay WHERE id IN (20759,20760,20761);
INSERT INTO dbscripts_on_relay (id, delay, command, datalong, datalong2, datalong3, buddy_entry, search_radius, data_flags, dataint, dataint2, dataint3, dataint4, x, y, z, o, comments) VALUES
(20759,1,10,28112,300000,1,0,0,0x08,0,0,0,88,5158.4355,5632.8345,-95.86459,1.5747,'Part of Shaman Jakjek 28106 EAI: summon squad 1'),
(20759,2,10,28111,300000,1,0,0,0x08,0,0,0,88,5630.67,-96.0222,2.35848,1.5747,'Part of Shaman Jakjek 28106 EAI: summon squad 1'),
(20759,3,10,28111,300000,2,0,0,0x08,0,0,0,102,5160.54,5633.41,-95.4152,1.5747,'Part of Shaman Jakjek 28106 EAI: summon squad 1'),
(20760,1,10,28112,300000,2,0,0,0x08,0,0,0,102,5007.89,5599.07,-91.1492,1.77686,'Part of Shaman Jakjek 28106 EAI: summon squad 2'),
(20760,2,10,28111,300000,3,0,0,0x08,0,0,0,103,5005.92,5595.88,-90.0367,1.77686,'Part of Shaman Jakjek 28106 EAI: summon squad 2'),
(20760,3,10,28111,300000,4,0,0,0x08,0,0,0,104,5009.79,5597.76,-91.8718,1.77686,'Part of Shaman Jakjek 28106 EAI: summon squad 2'),
(20761,1,10,28112,300000,3,0,0,0x08,0,0,0,103,5091.99,5596.07,-90.448,0.0539488,'Part of Shaman Jakjek 28106 EAI: summon squad 3'),
(20761,2,10,28111,300000,5,0,0,0x08,0,0,0,105,5089.77,5597.56,-90.4065,0.0539488,'Part of Shaman Jakjek 28106 EAI: summon squad 3'),
(20761,3,10,28111,300000,6,0,0,0x08,0,0,0,106,5090.56,5593.53,-90.3376,0.0539488,'Part of Shaman Jakjek 28106 EAI: summon squad 3');
DELETE FROM dbscripts_on_creature_death WHERE id IN (28111,28112);
INSERT INTO dbscripts_on_creature_death (id, delay, command, datalong, datalong2, datalong3, buddy_entry, search_radius, data_flags, dataint, dataint2, dataint3, dataint4, x, y, z, o, comments) VALUES
(28111,1,21,0,0,0,0,0,0x04,0,0,0,0,0,0,0,0,'unactive'),
(28111,2,18,10000,0,0,0,0,0x04,0,0,0,0,0,0,0,0,'despawn'),
(28112,1,21,0,0,0,0,0,0x04,0,0,0,0,0,0,0,0,'unactive'),
(28112,2,18,10000,0,0,0,0,0x04,0,0,0,0,0,0,0,0,'despawn');
DELETE FROM `creature_movement_template` WHERE entry IN (28111,28112);
INSERT INTO `creature_movement_template` (`entry`, `pathId`, `point`, `PositionX`, `PositionY`, `PositionZ`, `orientation`, `waittime`, `ScriptId`) VALUES
(28112,1,1,5158.2104,5690.4443,-93.48431,100,0,0),
(28112,1,2,5150.358,5714.733,-91.63453,100,0,0),
(28112,1,3,5120.2603,5724.604,-90.86758,100,0,0),
(28112,1,4,5094.272,5753.8965,-86.692825,100,0,0),
(28112,1,5,5086.174,5773.8833,-80.217766,100,0,0),
(28112,1,6,5083.172,5798.1875,-76.43615,100,0,0),
(28112,1,7,5056.06,5827.2,-79.3232,100,0,0),
(28112,1,8,5028.71,5849.53,-72.9542,100,5000,21),
(28112,1,9,5028.71,5849.53,-72.9542,100,1000,2807801),
(28111,1,1,5156.38,5688.07,-93.5082,100,0,0),
(28111,1,2,5149.13,5711.23,-91.4933,100,0,0),
(28111,1,3,5119.77,5721.92,-90.6638,100,0,0),
(28111,1,4,5092.93,5752.18,-87.0152,100,0,0),
(28111,1,5,5083.57,5772.37,-79.8667,100,0,0),
(28111,1,6,5081.11,5796.44,-76.2429,100,0,0),
(28111,1,7,5055.61,5824.37,-79.414 ,100,0,0),
(28111,1,8,5031.84,5850.67,-73.1306,100,5000,21),
(28111,1,9,5031.84,5850.67,-73.1306,100,1000,2807801),
(28111,2,1,5159.76,5689.72,-94.0444,100,0,0),
(28111,2,2,5153.06,5714.86,-91.9141,100,0,0),
(28111,2,3,5122.24,5724.36,-90.9086,100,0,0),
(28111,2,4,5096.05,5754.09,-87.3425,100,0,0),
(28111,2,5,5087.6,5772.49,-81.0196 ,100,0,0),
(28111,2,6,5084.41,5797.19,-76.6552,100,0,0),
(28111,2,7,5058.34,5827.5,-79.2848 ,100,0,0),
(28111,2,8,5027.9,5846.99,-73.1637 ,100,5000,21),
(28111,2,9,5027.9,5846.99,-73.1637 ,100,1000,2807801),
(28112,2,1 ,4998.84,5618.34,-87.55,100,0,0),
(28112,2,2 ,4989.46,5643.58,-85.6969,100,0,0),
(28112,2,3 ,4981.07,5662.8,-83.9076,100,0,0),
(28112,2,4 ,4975.17,5682.94,-82.4352,100,0,0),
(28112,2,5 ,4969.59,5703.18,-77.4842,100,0,0),
(28112,2,6 ,4963.35,5729.33,-75.1633,100,0,0),
(28112,2,7 ,4954.38,5755.79,-75.3212,100,0,0),
(28112,2,8 ,4945.2,5778.49,-70.3525,100,0,0),
(28112,2,9 ,4937.88,5796.39,-68.0904,100,0,0),
(28112,2,10,4931.06,5815.2,-65.9552,100,5000,21),
(28112,2,11,4931.23,5840.6,-63.6952,100,1000,2807801),
(28111,3,1 ,4998.21,5615.13,-87.2522,100,0,0),
(28111,3,2 ,4988.67,5639.06,-85.317 ,100,0,0),
(28111,3,3 ,4980.32,5659.43,-83.549 ,100,0,0),
(28111,3,4 ,4974.41,5679.68,-82.8281,100,0,0),
(28111,3,5 ,4967.8,5700,-77.7371    ,100,0,0),
(28111,3,6 ,4962.24,5725.04,-75.1811,100,0,0),
(28111,3,7 ,4953.07,5752.64,-75.2585,100,0,0),
(28111,3,8 ,4944.16,5775.08,-70.8496,100,0,0),
(28111,3,9 ,4937.05,5792.8,-68.3533 ,100,0,0),
(28111,3,10,4929.96,5810.79,-66.2104,100,0,0),
(28111,3,11,4928.4,5837.16,-63.6768 ,100,5000,21),
(28111,3,12,4928.4,5837.16,-63.6768 ,100,1000,2807801),
(28111,4,1 ,5001.19,5617.75,-88.6121,100,0,0),
(28111,4,2 ,4992.36,5642.23,-86.4859,100,0,0),
(28111,4,3 ,4984.23,5661.3,-84.8107 ,100,0,0),
(28111,4,4 ,4977.77,5681.28,-83.2641,100,0,0),
(28111,4,5 ,4972.61,5701.05,-78.1998,100,0,0),
(28111,4,6 ,4966.96,5726.73,-74.9743,100,0,0),
(28111,4,7 ,4957.14,5754.95,-75.5516,100,0,0),
(28111,4,8 ,4948.39,5776.53,-70.6365,100,0,0),
(28111,4,9 ,4941.54,5794.62,-68.052 ,100,0,0),
(28111,4,10,4933.5,5811.97,-66.5912 ,100,0,0),
(28111,4,11,4933.57,5837.87,-64.2413,100,5000,21),
(28111,4,12,4933.57,5837.87,-64.2413,100,1000,2807801),
(28112,3,1 ,5128.75,5596.75,-91.7447,100,0,0),
(28112,3,2 ,5145.35,5610.64,-96.6778,100,0,0),
(28112,3,3 ,5137.9,5637.63,-95.2815 ,100,0,0),
(28112,3,4 ,5114.86,5653.65,-96.2949,100,0,0),
(28112,3,5 ,5093.26,5673.41,-92.2957,100,0,0),
(28112,3,6 ,5072.63,5688.85,-90.9931,100,0,0),
(28112,3,7 ,5040.39,5721.44,-87.7703,100,0,0),
(28112,3,8 ,5023.42,5743.7,-85.5463 ,100,0,0),
(28112,3,9 ,5012.71,5779.42,-79.2022,100,0,0),
(28112,3,10,4997.52,5802.94,-75.7446,100,0,0),
(28112,3,11,4989.5,5815.78,-71.298  ,100,0,0),
(28112,3,12,4981.77,5833.65,-65.5869,100,5000,21),
(28112,3,13,4959.51,5857.18,-65.2063,100,1000,2807801),
(28111,5,1 ,5126.06,5597.84,-91.4222,100,0,0),
(28111,5,2 ,5141.64,5608.86,-96.2042,100,0,0),
(28111,5,3 ,5137.85,5634.09,-95.4714,100,0,0),
(28111,5,4 ,5117.26,5649.11,-96.9816,100,0,0),
(28111,5,5 ,5094.76,5670.42,-92.5798,100,0,0),
(28111,5,6 ,5072.99,5685.58,-91.1959,100,0,0),
(28111,5,7 ,5040.04,5717.94,-88.825 ,100,0,0),
(28111,5,8 ,5022.96,5740.44,-86.3804,100,0,0),
(28111,5,9 ,5013.12,5774.2,-79.2535 ,100,0,0),
(28111,5,10,4996.9,5799.24,-76.6927 ,100,0,0),
(28111,5,11,4988.97,5812.39,-71.9638,100,0,0),
(28111,5,12,4982.42,5830.19,-65.7885,100,0,0),
(28111,5,13,4957.74,5853.49,-64.8705,100,5000,21),
(28111,5,14,4957.74,5853.49,-64.8705,100,1000,2807801),
(28111,6,1 ,5127.86,5593.37,-91.5075,100,0,0),
(28111,6,2 ,5145.52,5606.73,-96.5298,100,0,0),
(28111,6,3 ,5141.96,5636.61,-95.228 ,100,0,0),
(28111,6,4 ,5119.67,5652.45,-96.443 ,100,0,0),
(28111,6,5 ,5096.78,5673.66,-92.0491,100,0,0),
(28111,6,6 ,5075.74,5688.36,-91.3341,100,0,0),
(28111,6,7 ,5043.89,5720.4,-87.9529 ,100,0,0),
(28111,6,8 ,5026.81,5742.04,-85.3159,100,0,0),
(28111,6,9 ,5017.04,5777.01,-78.98  ,100,0,0),
(28111,6,10,5000.57,5801.98,-76.9584,100,0,0),
(28111,6,11,4992.8,5814.36,-71.9945 ,100,0,0),
(28111,6,12,4985.12,5834.03,-66.3472,100,0,0),
(28111,6,13,4962.4,5854.3,-65.2739  ,100,5000,21),
(28111,6,14,4962.4,5854.3,-65.2739  ,100,1000,2807801);
DELETE FROM `creature_spawn_data` WHERE guid IN (82308,82309,82310,82311,82312,82313,82314,82315,82316,82317,82318,82319);
INSERT INTO `creature_spawn_data` (`guid`, `id`) VALUES 
(82308,20059),(82309,20059),(82310,20059),(82311,20059),(82312,20059),(82313,20059),(82314,20059),(82315,20059),(82316,20059),(82317,20059),(82318,20059),(82319,20059);

DELETE FROM `creature_addon` WHERE `guid` IN (SELECT `guid` FROM `creature` WHERE `id` IN (28077));
DELETE FROM `creature_movement` WHERE `id` IN (SELECT `guid` FROM `creature` WHERE `id` IN (28077));
DELETE FROM `creature` WHERE `id` IN (28077);
INSERT INTO `creature` (`guid`, `id`, `map`, `spawnMask`, `phaseMask`, `position_x`, `position_y`, `position_z`, `orientation`, `spawntimesecsmin`, `spawntimesecsmax`, `spawndist`, `MovementType`) VALUES
(109350, 28077, 571, 1, 1, 5310.92, 4509.2, -90.6025, 0.366519, 300, 300, 0, 0),
(23564, 28077, 571, 1, 1, 5061.19, 4720.5, -134.368, 2.70526, 300, 300, 0, 0),
(23633, 28077, 571, 1, 1, 5062.35, 4735.29, -130.153, 3.25704, 300, 300, 0, 0),
(23656, 28077, 571, 1, 1, 5200.33, 4521.35, -89.9396, 6.26573, 300, 300, 0, 0),
(23692, 28077, 571, 1, 1, 5186.75, 4528.96, -89.0474, 2.9147, 300, 300, 0, 0),
(109349, 28077, 571, 1, 1, 5249.97, 4484.9, -83.6616, 5.72468, 300, 300, 0, 0),
(23761, 28077, 571, 1, 1, 5212.6, 4500.44, -86.9483, 4.07818, 300, 300, 0, 0),
(23766, 28077, 571, 1, 1, 5300.76, 4489.17, -93.6225, 5.20108, 300, 300, 0, 0),
(23771, 28077, 571, 1, 1, 5229.54, 4552.26, -86.6362, 3.33358, 300, 300, 0, 0),
(23778, 28077, 571, 1, 1, 5313.39, 4429.2, -96.7738, 5.41052, 300, 300, 0, 0),
(23809, 28077, 571, 1, 1, 5249.04, 4491.81, -84.3174, 3.7001, 300, 300, 0, 0),
(23885, 28077, 571, 1, 1, 5232.83, 4490.66, -83.6808, 4.08407, 300, 300, 0, 0),
(23911, 28077, 571, 1, 1, 5263.75, 4474.89, -83.1659, 0.069813, 300, 300, 0, 0),
(23511, 28077, 571, 1, 1, 5261.52, 4500.39, -84.7275, 3.24629, 300, 300, 0, 0);
DELETE FROM creature_addon WHERE guid IN (109349);
INSERT INTO creature_addon (guid, mount, stand_state, sheath_state, pvp_flags, emote, moveflags, auras) VALUES (109349,0,0,1,0,0,0,52550);
DELETE FROM `creature_addon` WHERE `guid` IN (SELECT `guid` FROM `creature` WHERE `id` IN (28076));
DELETE FROM `creature_movement` WHERE `id` IN (SELECT `guid` FROM `creature` WHERE `id` IN (28076));
DELETE FROM `creature` WHERE `id` IN (28076);
INSERT INTO `creature` (`guid`, `id`, `map`, `spawnMask`, `phaseMask`, `position_x`, `position_y`, `position_z`, `orientation`, `spawntimesecsmin`, `spawntimesecsmax`, `spawndist`, `MovementType`) VALUES
(23921, 28076, 571, 1, 1, 5256.52, 4512.44, -85.0252, 0.261799, 300, 300, 0, 0),
(23964, 28076, 571, 1, 1, 5190.47, 4578.47, -103.181, 3.735, 300, 300, 0, 0),
(24020, 28076, 571, 1, 1, 5188.33, 4610.02, -119.493, 0.698132, 300, 300, 0, 0),
(24050, 28076, 571, 1, 1, 5152.35, 4580.91, -121.155, 2.49582, 300, 300, 0, 0),
(24051, 28076, 571, 1, 1, 5228.6, 4469.66, -96.797, 4.20624, 300, 300, 0, 0),
(24054, 28076, 571, 1, 1, 5178.11, 4485.88, -96.1484, 3.54302, 300, 300, 0, 0),
(24073, 28076, 571, 1, 1, 5258.63, 4509.54, -84.977, 1.23918, 300, 300, 0, 0),
(24115, 28076, 571, 1, 1, 5276.1, 4439.27, -95.9499, 5.20108, 300, 300, 0, 0),
(23533, 28076, 571, 1, 1, 5261.52, 4500.39, -84.7275, 3.24629, 300, 300, 0, 0),
(23541, 28076, 571, 1, 1, 5261.52, 4500.39, -84.7275, 3.24629, 300, 300, 0, 0);
DELETE FROM `spawn_group` WHERE id = 32536;
INSERT INTO `spawn_group` (`Id`, `Name`, `Type`, `MaxCount`, `WorldState`, `Flags`) VALUES (32536, 'Sholazar Basin - Frenzyheart Tracker 28077 & Frenzyheart Berserker x2 - Patrol 1', 0, 0, 0, 1);
DELETE FROM `spawn_group_spawn` WHERE id = 32536;
INSERT INTO `spawn_group_spawn` (`Id`, `Guid`, `SlotId`) VALUES (32536, 23511, 0),(32536, 23533, 1),(32536, 23541, 2);
DELETE FROM `spawn_group_formation` WHERE id = 32536;
INSERT INTO `spawn_group_formation` (`Id`, `FormationType`, `FormationSpread`, `FormationOptions`, `PathId`, `MovementType`, `Comment`) VALUES
(32536, 3, 2, 0, 32536, 2, 'Sholazar Basin - Frenzyheart Tracker 28077 & Frenzyheart Berserker x2 - Patrol 1');
DELETE FROM `waypoint_path_name` WHERE PathId = 32536;
INSERT INTO `waypoint_path_name` (`PathId`, `Name`) VALUES (32536,'Sholazar Basin - Frenzyheart Tracker 28077 & Frenzyheart Berserker x2 - Patrol 1');
DELETE FROM `waypoint_path` WHERE PathId = 32536;
INSERT INTO `waypoint_path` (`PathId`, `Point`, `PositionX`, `PositionY`,`PositionZ`, `Orientation`, `WaitTime`, `ScriptId`) VALUES
(32536,1 ,5237.407,4498.231,-83.60558   ,100,1000,9),
(32536,2 ,5225.712,4501.706,-84.38273   ,100,0,0),
(32536,3 ,5211.504,4488.3965,-90.65331  ,100,0,0),
(32536,4 ,5199.5835,4497.371,-90.040504 ,100,0,0),
(32536,5 ,5192.66,4519.1104,-89.59521   ,100,0,0),
(32536,6 ,5201.7876,4529.2993,-90.00773 ,100,0,0),
(32536,7 ,5216.264,4539.6714,-91.25245  ,100,0,0),
(32536,8 ,5208.2466,4560.5864,-96.03614 ,100,0,0),
(32536,9 ,5212.3354,4586.3335,-105.43218,100,0,0),
(32536,10,5196.173,4609.343,-118.87286  ,100,0,0),
(32536,11,5214.9575,4626.8247,-131.53712,100,0,0),
(32536,12,5205.572,4633.195,-133.30861  ,100,0,0),
(32536,13,5164.529,4641.627,-134.48355  ,100,0,0),
(32536,14,5138.5977,4653.1934,-133.88126,100,0,0),
(32536,15,5149.23,4697.0757,-135.12395  ,100,0,0),
(32536,16,5158.6665,4736.05,-134.52838  ,100,0,0),
(32536,17,5168.815,4758.739,-133.9202   ,100,0,0),
(32536,18,5205.0454,4757.1387,-133.47414,100,0,0),
(32536,19,5219.657,4734.272,-134.47072  ,100,0,0),
(32536,20,5245.096,4729.7456,-133.73775 ,100,0,0),
(32536,21,5280.796,4715.8164,-136.3699  ,100,0,0),
(32536,22,5291.501,4691.0312,-135.88737 ,100,0,0),
(32536,23,5290.764,4664.0684,-137.57233 ,100,0,0),
(32536,24,5332.1855,4653.1587,-134.74933,100,0,0),
(32536,25,5359.535,4638.019,-132.90288  ,100,0,0),
(32536,26,5366.3374,4609.0195,-133.21544,100,0,0),
(32536,27,5381.6577,4577.3384,-132.23647,100,0,0),
(32536,28,5368.25,4548.0737,-128.6599   ,100,0,0),
(32536,29,5385.333,4519.5923,-130.28052 ,100,0,0),
(32536,30,5374.3315,4495.367,-129.36307 ,100,0,0),
(32536,31,5378.87,4456.614,-134.29877   ,100,0,0),
(32536,32,5362.1636,4419.3574,-131.70828,100,0,0),
(32536,33,5343.3896,4392.515,-128.39433 ,100,0,0),
(32536,34,5318.098,4364.3223,-118.124565,100,0,0),
(32536,35,5282.065,4364.656,-101.43442  ,100,0,0),
(32536,36,5258.536,4395.363,-94.90724   ,100,0,0),
(32536,37,5252.396,4416.3984,-96.03437  ,100,0,0),
(32536,38,5278.482,4434.143,-95.97525   ,100,0,0),
(32536,39,5284.5884,4463.009,-95.60025  ,100,0,0),
(32536,40,5293.975,4478.993,-92.41382   ,100,0,0),
(32536,41,5297.3345,4486.682,-93.77661 ,100,3000,0),
(32536,42,5297.535,4500.268,-91.27948   ,100,0,0),
(32536,43,5279.456,4512.296,-86.87091   ,100,0,0),
(32536,44,5268.4556,4512.0117,-84.7016  ,100,0,0),
(32536,45,5261.3823,4501.2417,-84.8851  ,100,0,0),
(32536,46,5263.9507,4498.567,-84.049675,3.24629,3000,10),
(32536,47,5263.9507,4498.567,-84.049675,3.24629,1000,2821801);
DELETE FROM `creature_spawn_data` WHERE guid IN (32536,23533,23541);
INSERT INTO `creature_spawn_data` (`guid`, `id`) VALUES (32536,80),(23533,80),(23541,80);
DELETE FROM dbscripts_on_creature_death WHERE id IN (28077);
INSERT INTO dbscripts_on_creature_death (id, delay, command, datalong, datalong2, datalong3, buddy_entry, search_radius, data_flags, dataint, dataint2, dataint3, dataint4, x, y, z, o, comments) VALUES
(28077,1,21,0,0,0,0,0,0x04,0,0,0,0,0,0,0,0,'unactive');

DELETE FROM `creature` WHERE `guid` = 81904;
UPDATE creature SET position_x = 5141.130371, position_y = 4415.971680, position_z = -95.716774, orientation = 0.898268, spawndist = 10, MovementType = 1 WHERE guid = 81899;
UPDATE creature SET position_x = 5162.480469, position_y = 4441.697754, position_z = -95.408043, orientation = 4.69006, spawndist = 10, MovementType = 1 WHERE guid = 81878;
UPDATE creature SET position_x = 5241.379395, position_y = 4286.957520, position_z = -96.624298, spawndist = 10, MovementType = 1 WHERE guid = 81898;
UPDATE creature SET position_x = 5263.148926, position_y = 4288.066406, position_z = -94.665100, spawndist = 10, MovementType = 1 WHERE guid = 81957;
UPDATE creature SET position_x = 5253.935547, position_y = 4273.780273, position_z = -97.645576, spawndist = 10, MovementType = 1 WHERE guid = 81907;
UPDATE creature SET position_x = 5252.385742, position_y = 4292.001953, position_z = -95.943718, orientation = 0.807866, spawndist = 10, MovementType = 1 WHERE guid = 81900;
UPDATE creature SET spawndist = 10, MovementType = 1 WHERE guid = 81884;
UPDATE creature SET position_x = 5168.475586, position_y = 4526.965332, position_z = -96.633057, orientation = 5.57146, spawndist = 10, MovementType = 1 WHERE guid = 81885;
UPDATE creature SET position_x = 5170.231934, position_y = 4385.525879, position_z = -95.316734, orientation = 4.35803, spawndist = 10, MovementType = 1 WHERE guid = 81908;
UPDATE creature SET position_x = 5169.442871, position_y = 4412.216309, position_z = -95.156311, orientation = 5.10955, spawndist = 10, MovementType = 1 WHERE guid = 81906;
UPDATE creature SET position_x = 5189.265625, position_y = 4419.234375, position_z = -93.912315, orientation = 4.20907, spawndist = 10, MovementType = 1 WHERE guid = 81903;
UPDATE creature SET position_x = 5213.038574, position_y = 4376.349609, position_z = -95.071037, orientation = 0.571997, spawndist = 10, MovementType = 1 WHERE guid = 81909;
UPDATE creature SET position_x = 5219.97, position_y = 4410.82, position_z = -96.1016, orientation = 2.61277, spawndist = 10, MovementType = 1 WHERE guid = 81905;
UPDATE creature SET position_x = 5255.670898, position_y = 4343.965332, position_z = -98.004753, spawndist = 10, MovementType = 1 WHERE guid = 81923;
UPDATE creature SET position_x = 5249.863281, position_y = 4341.375488, position_z = -97.314262, spawndist = 10, MovementType = 1 WHERE guid = 97038;

DELETE FROM dbscript_random_templates WHERE id = 35;
INSERT INTO dbscript_random_templates (id, `type`, target_id, chance, comments) VALUES
(35,0,7133,0,'Defias Thug / Garrick Padfoot - Random Aggro Text'),
(35,0,7134,0,'Defias Thug / Garrick Padfoot - Random Aggro Text');
DELETE FROM dbscript_random_templates WHERE id = 36;
INSERT INTO dbscript_random_templates (id, `type`, target_id, chance, comments) VALUES
(36,0,1865,0,'Defias melee Generic  - Random Aggro Texts'),
(36,0,1866,0,'Defias melee Generic - Random Aggro Texts');
DELETE FROM dbscript_random_templates WHERE id = 37;
INSERT INTO dbscript_random_templates (id, `type`, target_id, chance, comments) VALUES
(37,0,1866,0,'Defias Casters Generic - Random Aggro Texts'),
(37,0,1867,0,'Defias Casters Generic - Random Aggro Texts');

INSERT INTO `creature_template_addon` (`entry`, `mount`, `stand_state`, `sheath_state`, `pvp_flags`, `emote`, `moveflags`, `auras`) VALUES
(3636, 0, 0, 1, 0, 0, 0, '8876'),(11387, 0, 0, 1, 0, 0, 0, NULL);
UPDATE `creature_template_addon` SET `auras` = '3417' WHERE `entry` IN (100,449,1205,1224,1693,2569,3398,3636,6506,7665,8400,8520,9176,11387,11782,11921);
REPLACE INTO `creature_template_addon` (`entry`, `sheath_state`, `auras`) VALUES
(100, 1, '3417'),(712, 1, '3417'),(1119, 1, '3417'),(2522, 1, '3417 7939 22766'),(3722, 1, '3417'),(13279, 1, '21336 16563'),(8546, 1, '3417'),(10942, 1, '3417'),(10953, 1, '3417');

DELETE FROM creature_spell_list WHERE Id = 1638901;
INSERT INTO `creature_spell_list` (Id, Position, SpellId, Flags, TargetId, ScriptId, Availability, Probability, InitialMin, InitialMax, RepeatMin, RepeatMax, Comments) VALUES
(1638901, 1, 29618, 0, 1, 0, 100, 0, 1200, 10000, 4000, 11000, "Spectral Apprentice - Cast Burning Brand - on current");
DELETE FROM creature_spell_list_entry WHERE Id = 1638901;
REPLACE INTO `creature_spell_list_entry` (Id, Name, ChanceSupportAction, ChanceRangedAttack) VALUES (1638901, "Karazhan - Spectral Apprentice", 0, 0);
UPDATE creature_template SET SpellList = '1638901' WHERE entry = '16389';
DELETE FROM creature_spell_list WHERE Id = 1640701;
INSERT INTO `creature_spell_list` (Id, Position, SpellId, Flags, TargetId, ScriptId, Availability, Probability, InitialMin, InitialMax, RepeatMin, RepeatMax, Comments) VALUES
(1640701, 1, 29540, 0, 120, 0, 100, 0, 6400, 22000, 17000, 25000, "Spectral Servent - Cast Curse of Past Burdens - ATTACKING_TARGET_TOPAGGRO - SELECT_FLAG_NOT_AURA");
DELETE FROM creature_spell_list_entry WHERE Id = 1640701;
REPLACE INTO `creature_spell_list_entry` (Id, Name, ChanceSupportAction, ChanceRangedAttack) VALUES (1640701, "Karazhan - Spectral Servent", 0, 0);
UPDATE creature_template SET SpellList = '1640701' WHERE entry = '16407';
DELETE FROM creature_spell_list WHERE Id = 1642401;
INSERT INTO `creature_spell_list` (Id, Position, SpellId, Flags, TargetId, ScriptId, Availability, Probability, InitialMin, InitialMax, RepeatMin, RepeatMax, Comments) VALUES
(1642401, 1, 29576, 0, 1, 0, 100, 0, 8000, 18000, 13000, 20000, "Spectral Sentry - Multi Shot - on Current"),
(1642401, 2, 29575, 2, 1, 0, 100, 0, 0, 2400, 2100, 6500, "Spectral Sentry - Shoot - on Current");
DELETE FROM creature_spell_list_entry WHERE Id = 1642401;
REPLACE INTO `creature_spell_list_entry` (Id, Name, ChanceSupportAction, ChanceRangedAttack) VALUES (1642401, "Karazhan - Spectral Sentry", 0, 70);
UPDATE creature_template SET SpellList = '1642401' WHERE entry = '16424';
DELETE FROM creature_spell_list WHERE Id = 1642501;
INSERT INTO `creature_spell_list` (Id, Position, SpellId, Flags, TargetId, ScriptId, Availability, Probability, InitialMin, InitialMax, RepeatMin, RepeatMax, Comments) VALUES
(1642501, 1, 29684, 0, 1, 0, 100, 0, 6000, 14000, 11000, 18000, "Phantom Guardsman - Shield Slam - on Current");
DELETE FROM creature_spell_list_entry WHERE Id = 1642501;
REPLACE INTO `creature_spell_list_entry` (Id, Name, ChanceSupportAction, ChanceRangedAttack) VALUES (1642501, "Karazhan - Phantom Guardsman", 0, 0);
UPDATE creature_template SET SpellList = '1642501' WHERE entry = '16425';
DELETE FROM creature_spell_list WHERE Id = 1706701;
INSERT INTO `creature_spell_list` (Id, Position, SpellId, Flags, TargetId, ScriptId, Availability, Probability, InitialMin, InitialMax, RepeatMin, RepeatMax, Comments) VALUES
(1706701, 1, 29574, 0, 1, 0, 100, 0, 5000, 11000, 6000, 11000, "Phantom Hound - Rend - on Current");
DELETE FROM creature_spell_list_entry WHERE Id = 1706701;
REPLACE INTO `creature_spell_list_entry` (Id, Name, ChanceSupportAction, ChanceRangedAttack) VALUES (1706701, "Karazhan - Phantom Hound", 0, 0);
UPDATE creature_template SET SpellList = '1706701' WHERE entry = '17067';
DELETE FROM creature_spell_list WHERE Id = 1641101;
INSERT INTO `creature_spell_list` (Id, Position, SpellId, Flags, TargetId, ScriptId, Availability, Probability, InitialMin, InitialMax, RepeatMin, RepeatMax, Comments) VALUES
(1641101, 1, 29665, 0, 1, 0, 100, 0, 4000, 8000, 6000, 10000, "Spectral Chef - Cleave - on Current"),
(1641101, 2, 29667, 0, 1, 0, 100, 0, 8000, 13500, 12000, 15000, "Spectral Chef - Hamstring - on Current");
DELETE FROM creature_spell_list_entry WHERE Id = 1641101;
REPLACE INTO `creature_spell_list_entry` (Id, Name, ChanceSupportAction, ChanceRangedAttack) VALUES (1641101, "Karazhan - Spectral Chef", 0, 0);
UPDATE creature_template SET SpellList = '1641101' WHERE entry = '16411';
DELETE FROM creature_spell_list WHERE Id = 1641201;
INSERT INTO `creature_spell_list` (Id, Position, SpellId, Flags, TargetId, ScriptId, Availability, Probability, InitialMin, InitialMax, RepeatMin, RepeatMax, Comments) VALUES
(1641201, 1, 29676, 0, 1, 0, 100, 0, 4000, 8000, 7000, 12000, "Ghostly Baker - Cast Rolling Pin - on Current"),
(1641201, 2, 29675, 0, 121, 0, 100, 0, 5000, 9000, 12000, 18000, "Ghostly Baker - Cast Roast - ATTACKING_TARGET_RANDOM - SELECT_FLAG_NOT_AURA");
DELETE FROM creature_spell_list_entry WHERE Id = 1641201;
REPLACE INTO `creature_spell_list_entry` (Id, Name, ChanceSupportAction, ChanceRangedAttack) VALUES (1641201, "Karazhan - Ghostly Baker", 0, 0);
UPDATE creature_template SET SpellList = '1641201' WHERE entry = '16412';
DELETE FROM creature_spell_list WHERE Id = 1641501;
INSERT INTO `creature_spell_list` (Id, Position, SpellId, Flags, TargetId, ScriptId, Availability, Probability, InitialMin, InitialMax, RepeatMin, RepeatMax, Comments) VALUES
(1641501, 1, 32441, 0, 121, 0, 100, 0, 11000, 20000, 21000, 30000, "Skeletal Waiter - Brittle Bones - ATTACKING_TARGET_RANDOM - SELECT_FLAG_NOT_AURA");
DELETE FROM creature_spell_list_entry WHERE Id = 1641101;
REPLACE INTO `creature_spell_list_entry` (Id, Name, ChanceSupportAction, ChanceRangedAttack) VALUES (1641501, "Karazhan - Skeletal Waiter", 0, 0);
UPDATE creature_template SET SpellList = '1641501' WHERE entry = '16415';
DELETE FROM creature_spell_list WHERE Id = 1640801;
INSERT INTO `creature_spell_list` (Id, Position, SpellId, Flags, TargetId, ScriptId, Availability, Probability, InitialMin, InitialMax, RepeatMin, RepeatMax, Comments) VALUES
(1640801, 1, 29584, 0, 1, 0, 100, 0, 4800, 10500, 9500, 15000, "Phantom Valet - Demoralizing Shout - on current");
DELETE FROM creature_spell_list_entry WHERE Id = 1640801;
REPLACE INTO `creature_spell_list_entry` (Id, Name, ChanceSupportAction, ChanceRangedAttack) VALUES (1640801, "Karazhan - Phantom Valet", 0, 0);
UPDATE creature_template SET SpellList = '1640801' WHERE entry = '16408';
DELETE FROM creature_spell_list WHERE Id = 1641001;
INSERT INTO `creature_spell_list` (Id, Position, SpellId, Flags, TargetId, ScriptId, Availability, Probability, InitialMin, InitialMax, RepeatMin, RepeatMax, Comments) VALUES
(1641001, 1, 29578, 0, 100, 0, 100, 0, 6000, 18000, 6000, 15000, "Spectral Retainer - Rend - on random"),
(1641001, 2, 29546, 0, 101, 0, 100, 0, 5000, 15000, 30000, 40000, "Spectral Retainer - Oath of Fealty - on random not Tank");
DELETE FROM creature_spell_list_entry WHERE Id = 1641001;
REPLACE INTO `creature_spell_list_entry` (Id, Name, ChanceSupportAction, ChanceRangedAttack) VALUES (1641001, "Karazhan - Spectral Retainer", 0, 0);
UPDATE creature_template SET SpellList = '1641001' WHERE entry = '16410';
DELETE FROM creature_spell_list WHERE Id = 1640601;
INSERT INTO `creature_spell_list` (Id, Position, SpellId, Flags, TargetId, ScriptId, Availability, Probability, InitialMin, InitialMax, RepeatMin, RepeatMax, Comments) VALUES
(1640601, 1, 29586, 0, 1, 0, 100, 0, 5000, 13000, 22000, 32000, "Phantom Attendant - Kick - on current"),
(1640601, 2, 29587, 0, 201, 0, 100, 0, 9000, 20000, 30000, 35000, "Phantom Attendant - Shadow Rejuvantation - on missing 50% including self");
DELETE FROM creature_spell_list_entry WHERE Id = 1641001;
REPLACE INTO `creature_spell_list_entry` (Id, Name, ChanceSupportAction, ChanceRangedAttack) VALUES (1640601, "Karazhan - Phantom Attendant", 0, 0);
UPDATE creature_template SET SpellList = '1640601' WHERE entry = '16406';
DELETE FROM creature_spell_targeting WHERE Id IN (120, 121);
INSERT INTO `creature_spell_targeting` (Id, Type, Param1, Param2, Param3, Comments) VALUES 
(120, 1, 1, 0, 512, "Attack - ATTACKING_TARGET_TOPAGGRO - SELECT_FLAG_NOT_AURA"),
(121, 1, 0, 0, 512, "Attack - ATTACKING_TARGET_RANDOM - SELECT_FLAG_NOT_AURA");

DELETE FROM `conditions` WHERE `condition_entry` BETWEEN 12000 AND 12002;
DELETE FROM `worldstate_name` WHERE `Id` IN (10000,20000,72801);

UPDATE `creature` SET `movementtype` = 0, `spawndist` = 0 WHERE `id` = 28407;
UPDATE `creature_template` SET `ExtraFlags` = `ExtraFlags`|64 WHERE `entry` IN (27548,28407,28440,32498);

DELETE FROM `dbscripts_on_creature_movement` WHERE `id` =1043;

INSERT INTO `questgiver_greeting` VALUES (15297, 0, 'Knowledge is power - TRUE power, my young friend.  You''ll be wise to acquire as much of it as you can, and pay proper heed to those who have already done so.', 0, 0);
UPDATE `creature_template` SET `NpcFlags` = '2', `GossipMenuId` = '0' WHERE `Entry` =15297;
DELETE FROM `gossip_menu` WHERE `entry` = 6571;

DELETE FROM dbscript_random_templates WHERE id = 20076;
INSERT INTO dbscript_random_templates (id, type, target_id, chance, comments) VALUES
('20076','0','24649','0','Magmoth Kobold - Common Text - Random Texts on Aggro'),
('20076','0','24650','0','Magmoth Kobold - Common Text - Random Texts on Aggro'),
('20076','0','24651','0','Magmoth Kobold - Common Text - Random Texts on Aggro'),
('20076','0','24652','0','Magmoth Kobold - Common Text - Random Texts on Aggro');

DELETE FROM dbscript_random_templates WHERE id = 20086;
INSERT INTO dbscript_random_templates (id, type, target_id, chance, comments) VALUES
('20086','0','25000','0','Fizzcrank Mechagnome 25814 - Random Texts on Aggro'),
('20086','0','25001','0','Fizzcrank Mechagnome 25814 - Random Texts on Aggro'),
('20086','0','25002','0','Fizzcrank Mechagnome 25814 - Random Texts on Aggro'),
('20086','0','25003','0','Fizzcrank Mechagnome 25814 - Random Texts on Aggro'),
('20086','0','25004','0','Fizzcrank Mechagnome 25814 - Random Texts on Aggro'),
('20086','0','25005','0','Fizzcrank Mechagnome 25814 - Random Texts on Aggro'),
('20086','0','25006','0','Fizzcrank Mechagnome 25814 - Random Texts on Aggro'),
('20086','0','25007','0','Fizzcrank Mechagnome 25814 - Random Texts on Aggro'),
('20086','0','25008','0','Fizzcrank Mechagnome 25814 - Random Texts on Aggro');

DELETE FROM `dbscript_random_templates` WHERE `id` = 20031;
INSERT INTO `dbscript_random_templates` (`id`, `type`, `target_id`, `chance`, `comments`) VALUES
('20031','0','25016','0','25806/25979 - Random Aggro Texts'),
('20031','0','25017','0','25806/25979 - Random Aggro Texts'),
('20031','0','25018','0','25806/25979 - Random Aggro Texts'),
('20031','0','25019','0','25806/25979 - Random Aggro Texts'),
('20031','0','25020','0','25806/25979 - Random Aggro Texts'),
('20031','0','25021','0','25806/25979 - Random Aggro Texts'),
('20031','0','25022','0','25806/25979 - Random Aggro Texts'),
('20031','0','25023','0','25806/25979 - Random Aggro Texts'),
('20031','0','25113','0','25806/25979 - Random Aggro Texts'),
('20031','0','25114','0','25806/25979 - Random Aggro Texts'),
('20031','0','25115','0','25806/25979 - Random Aggro Texts'),
('20031','0','25116','0','25806/25979 - Random Aggro Texts'),
('20031','0','25117','0','25806/25979 - Random Aggro Texts'),
('20031','0','25118','0','25806/25979 - Random Aggro Texts');

DELETE FROM `dbscript_random_templates` WHERE `id` = 20087 AND target_id = 22702;
INSERT INTO `dbscript_random_templates` (`id`, `type`, `target_id`, `chance`, `comments`) VALUES
('20087','0','22702','0','Common Dragonflayer Text - Random Texts on Aggro');

DELETE FROM dbscript_random_templates WHERE id = 38;
INSERT INTO dbscript_random_templates (id, type, target_id, chance, comments) VALUES
('38','0','473','0','Defias Messenger 550 - Random Texts on Aggro'),
('38','0','474','0','Defias Messenger 550 - Random Texts on Aggro'),
('38','0','475','0','Defias Messenger 550 - Random Texts on Aggro'),
('38','0','476','0','Defias Messenger 550 - Random Texts on Aggro'),
('38','0','477','0','Defias Messenger 550 - Random Texts on Aggro'),
('38','0','478','0','Defias Messenger 550 - Random Texts on Aggro'),
('38','0','479','0','Defias Messenger 550 - Random Texts on Aggro'),
('38','0','480','0','Defias Messenger 550 - Random Texts on Aggro');

UPDATE creature_template SET MovementType = 4 WHERE entry = 1337;
UPDATE creature SET position_x = -5306.5923, position_y = -2914.666, position_z = 338.90417, orientation = 1.23918, spawndist = 0, MovementType = 4 WHERE guid = 8935;
DELETE FROM creature_movement_template WHERE entry = 1337;
INSERT INTO creature_movement_template (Entry, Point, PositionX, PositionY, PositionZ, Orientation, WaitTime, ScriptId) VALUES
(1337,1 ,-5306.5923,-2914.666,338.90417,1.23918,90000,0),
(1337,2 ,-5309.5527,-2919.6104,339.73425,100,0,0),
(1337,3 ,-5313.5093,-2925.0078,339.73938,100,0,0),
(1337,4 ,-5316.2524,-2929.5938,338.58167,100,0,0),
(1337,5 ,-5318.8374,-2934.1458,336.23355,100,0,0),
(1337,6 ,-5319.502,-2939.1074,334.11002 ,100,0,0),
(1337,7 ,-5317.178,-2944.1323,333.61002 ,100,0,0),
(1337,8 ,-5316.9106,-2949.7158,333.51822,100,0,0),
(1337,9 ,-5319.4863,-2953.205,332.40738 ,100,0,0),
(1337,10,-5326.1206,-2955.6384,329.69693,100,0,0),
(1337,11,-5334.244,-2957.6213,326.24353 ,100,0,0),
(1337,12,-5341.9907,-2959.0586,324.13416,100,0,0),
(1337,13,-5348.2954,-2961.438,323.6942  ,100,0,0),
(1337,14,-5349.677,-2965.9941,324.14    ,100,0,0),
(1337,15,-5349.7407,-2971.9067,324.37387,100,0,0),
(1337,16,-5351.151,-2978.9802,324.24887 ,100,0,0),
(1337,17,-5358.6196,-2984.416,324.5958  ,100,0,0),
(1337,18,-5364.405,-2988.3997,326.2562  ,100,0,0),
(1337,19,-5369.1187,-2992.8076,328.2665 ,100,20000,0),
(1337,20,-5352.5425,-2979.7507,324.24887,100,0,0),
(1337,21,-5349.2393,-2974.0283,324.37387,100,0,0),
(1337,22,-5349.8086,-2968.5903,324.24887,100,0,0),
(1337,23,-5348.691,-2962.3547,323.80432 ,100,0,0),
(1337,24,-5342.854,-2959.9539,324.13416 ,100,0,0),
(1337,25,-5332.657,-2957.147,326.7455   ,100,0,0),
(1337,26,-5326.6816,-2957.6152,329.48502,100,0,0),
(1337,27,-5322.404,-2962.5952,332.04996 ,100,0,0),
(1337,28,-5319.6074,-2966.726,334.78265 ,100,0,0),
(1337,29,-5318.283,-2972.5742,337.72406 ,100,0,0),
(1337,30,-5315.015,-2977.647,339.60956  ,100,0,0),
(1337,31,-5311.7876,-2982.2444,340.4289 ,100,0,0),
(1337,32,-5305.8457,-2984.9478,340.72406,100,100,7);

DELETE FROM creature_movement WHERE Id = 8992;
INSERT INTO creature_movement (id, point, positionx, positiony, positionz, orientation, waittime, scriptid) VALUES
(8992,1 ,-5247.748,-515.876,386.3603,100,30000,0),
(8992,2 ,-5244.334,-523.7012,387.8603,100,0,0),
(8992,3 ,-5243.176,-543.9634,395.2614,100,0,0),
(8992,4 ,-5242.821,-564.1043,402.5114,100,0,0),
(8992,5 ,-5239.889,-571.1794,405.0498,100,0,0),
(8992,6 ,-5232.076,-573.5452,405.4427,100,0,0),
(8992,7 ,-5227.861,-572.004,404.6927,100,0,0),
(8992,8 ,-5226.727,-562.0967,408.5633,100,0,0),
(8992,9 ,-5226.727,-562.0967,408.5633,2.199115,60000,0),
(8992,10,-5227.023,-570.0957,405.3177,100,0,0),
(8992,11,-5237.249,-572.7875,405.4248,100,0,0),
(8992,12,-5242.318,-566.8207,403.5498,100,0,0),
(8992,13,-5242.512,-533.8203,391.5114,100,0,0);

DELETE FROM `creature_addon` WHERE `guid` IN (SELECT `guid` FROM `creature` WHERE `id` IN (14496));
DELETE FROM `creature_movement` WHERE `id` IN (SELECT `guid` FROM `creature` WHERE `id` IN (14496));
DELETE FROM `creature` WHERE `id` IN (14496);
INSERT INTO `creature` (`guid`, `id`, `map`, `spawnMask`, `phaseMask`, `position_x`, `position_y`, `position_z`, `orientation`, `spawntimesecsmin`, `spawntimesecsmax`, `spawndist`, `MovementType`) VALUES
(6338, 14496, 0, 1, 1, -8614.73, 738.285, 101.893, 0.912321, 180, 180, 0, 0),
(7612, 14496, 0, 1, 1, -8615.78, 739.555, 101.894, 2.37221, 180, 180, 0, 0),
(24137, 14496, 0, 1, 1, -8617.75, 730.553, 101.904, 6.24108, 180, 180, 5, 1),
(24147, 14496, 0, 1, 1, -8621.93, 751.493, 96.7368, 4.34055, 180, 180, 5, 1),
(24158, 14496, 0, 1, 1, -8603.15, 743.224, 101.904, 3.52019, 180, 180, 5, 1);
UPDATE creature SET position_x = -8605.174, position_y = 727.18976, position_z = 101.953995, spawndist = 0, MovementType = 0 WHERE guid IN (7612,6338,24147);
DELETE FROM `spawn_group` WHERE id = 19948;
INSERT INTO `spawn_group` (`Id`, `Name`, `Type`, `MaxCount`, `WorldState`, `Flags`) VALUES (19948, 'Stormwind - Stormwind Orphan 14496 x3', 0, 0, 0, 0);
DELETE FROM `spawn_group_spawn` WHERE id = 19948;
INSERT INTO `spawn_group_spawn` (`Id`, `Guid`, `SlotId`) VALUES (19948, 7612, 0),(19948, 6338, 1),(19948, 24147, 2);
DELETE FROM `spawn_group_formation` WHERE id = 19948;
INSERT INTO `spawn_group_formation` (`Id`, `FormationType`, `FormationSpread`, `FormationOptions`, `PathId`, `MovementType`, `Comment`) VALUES
(19948, 0, 3, 0, 19948, 4, 'Stormwind - Stormwind Orphan 14496 x3');
DELETE FROM `waypoint_path_name` WHERE PathId = 19948;
INSERT INTO `waypoint_path_name` (`PathId`, `Name`) VALUES (19948,'Stormwind - Stormwind Orphan 14496 x3');
DELETE FROM `waypoint_path` WHERE PathId = 19948;
INSERT INTO `waypoint_path` (`PathId`, `Point`, `PositionX`, `PositionY`,`PositionZ`, `Orientation`, `WaitTime`, `ScriptId`) VALUES
(19948,1 ,-8605.174,727.18976,101.95399,100,0,0),
(19948,2 ,-8615.518,727.06305,101.954  ,100,0,0),
(19948,3 ,-8601.668,734.00146,102.00754,100,0,0),
(19948,4 ,-8595.465,740.55396,101.95401,100,0,0),
(19948,5 ,-8607.297,737.6297,101.96997 ,100,0,0),
(19948,6 ,-8610.456,726.92267,102.08236,100,0,0),
(19948,7 ,-8614.731,738.2851,101.953995,100,0,0),
(19948,8 ,-8616.292,746.80334,99.71966 ,100,0,0),
(19948,9 ,-8621.654,754.39355,96.754005,100,0,0),
(19948,10,-8626.7,739.71124,96.954     ,100,0,0),
(19948,11,-8625.583,751.8725,96.8355   ,100,0,0),
(19948,12,-8619.152,756.4973,96.987305 ,100,0,0),
(19948,13,-8608.3955,754.0259,96.97132,100,1000,0);
DELETE FROM `creature_spawn_data` WHERE guid IN (7612,6338,24147);
INSERT INTO `creature_spawn_data` (`guid`, `id`) VALUES (7612,1),(6338,1),(24147,1);
UPDATE `creature` SET `position_x` = '-8621.17', `position_z` = '96.8627', `orientation` = '3.33358', `spawntimesecsmin` = '180', `spawntimesecsmax` = '180' WHERE `guid` =6325;
DELETE FROM game_event_creature WHERE guid IN (24147,6325);
DELETE FROM game_event_quest WHERE quest = 1468;
INSERT INTO game_event_quest (quest, event) VALUES (1468,10);

UPDATE `creature` SET `phaseMask` = '3', `position_x` = '4112.99', `position_y` = '-417.622', `position_z` = '191.051', `orientation` = '1.72788', `spawntimesecsmin` = '180', `spawntimesecsmax` = '180' WHERE `guid` =127219;
DELETE FROM creature_spawn_data WHERE guid = 127219;
INSERT INTO creature_spawn_data (guid, Id) VALUES (127219,20056);
DELETE FROM creature_movement WHERE id IN (113999);
DELETE FROM creature_linking WHERE master_guid IN (113999);
UPDATE creature SET position_x = 4036.618, position_y = -410.075, position_z = 155.0924, spawndist = 0, MovementType = 0 WHERE guid IN (113999,113893,113888,113892);
DELETE FROM `spawn_group` WHERE id = 31000;
INSERT INTO `spawn_group` (`Id`, `Name`, `Type`, `MaxCount`, `WorldState`, `Flags`) VALUES
(31000, 'Dragonblight - Bronze Shrine Warden 26277 & Tempus Wyrm 32180 x3 - Path 1', 0, 0, 0, 1);
DELETE FROM `spawn_group_spawn` WHERE id = 31000;
INSERT INTO `spawn_group_spawn` (`Id`, `Guid`, `SlotId`) VALUES (31000, 113999, 0),(31000, 113893, 1),(31000, 113888, 2),(31000, 113892, 3);
DELETE FROM `spawn_group_formation` WHERE id = 31000;
INSERT INTO `spawn_group_formation` (`Id`, `FormationType`, `FormationSpread`, `FormationOptions`, `PathId`, `MovementType`, `Comment`) VALUES
(31000, 4, 3, 0, 31000, 2, 'Stormwind - Stormwind Orphan 14496 x3 - Path 1');
DELETE FROM `waypoint_path_name` WHERE PathId = 31000;
INSERT INTO `waypoint_path_name` (`PathId`, `Name`) VALUES (31000,'Stormwind - Stormwind Orphan 14496 x3 - Path 1');
DELETE FROM `waypoint_path` WHERE PathId = 31000;
INSERT INTO `waypoint_path` (`PathId`, `Point`, `PositionX`, `PositionY`,`PositionZ`, `Orientation`, `WaitTime`, `ScriptId`) VALUES
(31000,1,4036.618,-410.075,155.0924,100,0,0),
(31000,2,4064.925,-360.9518,155.0924,100,0,0),
(31000,3,4130.639,-346.9796,155.0924,100,0,0),
(31000,4,4160.93,-381.8614,155.0924,100,0,0),
(31000,5,4142.985,-434.5384,155.0924,100,0,0),
(31000,6,4113.847,-457.3329,155.0924,100,0,0),
(31000,7,4064.386,-455.2153,155.0924,100,0,0);
DELETE FROM `creature_spawn_data` WHERE guid IN (113999,113893,113888,113892);
INSERT INTO `creature_spawn_data` (`guid`, `id`) VALUES (113999,20056),(113893,20056),(113888,20056),(113892,20056);
DELETE FROM creature_movement WHERE id IN (113891);
DELETE FROM creature_linking WHERE master_guid IN (113891);
UPDATE creature SET position_x = 4164.974, position_y = -399.6096, position_z = 142.6423, spawndist = 0, MovementType = 0 WHERE guid IN (113891,113889);
DELETE FROM `spawn_group` WHERE id = 31001;
INSERT INTO `spawn_group` (`Id`, `Name`, `Type`, `MaxCount`, `WorldState`, `Flags`) VALUES
(31001, 'Dragonblight - Tempus Wyrm 32180 x2 - Path 1', 0, 0, 0, 1);
DELETE FROM `spawn_group_spawn` WHERE id = 31001;
INSERT INTO `spawn_group_spawn` (`Id`, `Guid`, `SlotId`) VALUES (31001, 113891, 0),(31001, 113889, 1);
DELETE FROM `spawn_group_formation` WHERE id = 31001;
INSERT INTO `spawn_group_formation` (`Id`, `FormationType`, `FormationSpread`, `FormationOptions`, `PathId`, `MovementType`, `Comment`) VALUES
(31001, 3, 3, 0, 31001, 2, 'Dragonblight - Tempus Wyrm 32180 x2 - Path 1');
DELETE FROM `waypoint_path_name` WHERE PathId = 31001;
INSERT INTO `waypoint_path_name` (`PathId`, `Name`) VALUES (31001,'Dragonblight - Tempus Wyrm 32180 x2 - Path 1');
DELETE FROM `waypoint_path` WHERE PathId = 31001;
INSERT INTO `waypoint_path` (`PathId`, `Point`, `PositionX`, `PositionY`,`PositionZ`, `Orientation`, `WaitTime`, `ScriptId`) VALUES
(31001,1,4164.974,-399.6096,142.6423,100,0,0),
(31001,2,4167.08,-377.4431,142.6423,100,0,0),
(31001,3,4151.239,-361.0978,142.6423,100,0,0),
(31001,4,4130.046,-359.7336,142.6423,100,0,0),
(31001,5,4095.954,-386.6495,142.6423,100,0,0),
(31001,6,4053.72,-445.9019,142.6423,100,0,0),
(31001,7,4087.912,-488.7475,142.6423,100,0,0),
(31001,8,4121.044,-480.3546,142.6423,100,0,0),
(31001,9,4150.563,-429.6214,142.6423,100,0,0);
DELETE FROM `creature_spawn_data` WHERE guid IN (113891,113889);
INSERT INTO `creature_spawn_data` (`guid`, `id`) VALUES (113891,20056),(113889,20056);
DELETE FROM creature_movement WHERE id IN (113857);
DELETE FROM `creature_linking` WHERE `master_guid` IN (113857,113863);
UPDATE creature SET position_x = 4118.228, position_y = -374.5273, position_z = 146.6842, spawndist = 0, MovementType = 0 WHERE guid IN (113857,113860,113859,113862);
DELETE FROM `spawn_group` WHERE id = 31002;
INSERT INTO `spawn_group` (`Id`, `Name`, `Type`, `MaxCount`, `WorldState`, `Flags`) VALUES
(31002, 'Dragonblight - Infinite Timebreaker 32186 & Infinite Eradicator 32185 x3 - Path 1', 0, 0, 0, 1);
DELETE FROM `spawn_group_spawn` WHERE id = 31002;
INSERT INTO `spawn_group_spawn` (`Id`, `Guid`, `SlotId`) VALUES (31002, 113857, 0),(31002, 113860, 1),(31002, 113859, 2),(31002, 113862, 3);
DELETE FROM `spawn_group_formation` WHERE id = 31002;
INSERT INTO `spawn_group_formation` (`Id`, `FormationType`, `FormationSpread`, `FormationOptions`, `PathId`, `MovementType`, `Comment`) VALUES
(31002, 3, 3, 0, 31002, 2, 'Dragonblight - Infinite Timebreaker 32186 & Infinite Eradicator 32185 x3 - Path 1');
DELETE FROM `waypoint_path_name` WHERE PathId = 31002;
INSERT INTO `waypoint_path_name` (`PathId`, `Name`) VALUES (31002,'Dragonblight - Infinite Timebreaker 32186 & Infinite Eradicator 32185 x3 - Path 1');
DELETE FROM `waypoint_path` WHERE PathId = 31002;
INSERT INTO `waypoint_path` (`PathId`, `Point`, `PositionX`, `PositionY`,`PositionZ`, `Orientation`, `WaitTime`, `ScriptId`) VALUES
(31002,1 ,4118.228,-374.5273,146.6842,100,0,0),
(31002,2 ,4158.644,-348.2169,146.6842,100,0,0),
(31002,3 ,4196.922,-384.4117,146.6842,100,0,0),
(31002,4 ,4193.283,-439.7143,146.6842,100,0,0),
(31002,5 ,4154.769,-467.2552,146.6842,100,0,0),
(31002,6 ,4110.876,-444.7473,146.6842,100,0,0),
(31002,7 ,4107.821,-390.3208,146.6842,100,0,0),
(31002,8 ,4094.354,-343.3002,146.6842,100,0,0),
(31002,9 ,4059.608,-343.805,146.6842,100,0,0),
(31002,10,4048.697,-372.1508,146.6842,100,0,0),
(31002,11,4050.198,-409.6317,146.6842,100,0,0),
(31002,12,4056.573,-444.7391,146.6842,100,0,0),
(31002,13,4089.472,-462.6982,146.6842,100,0,0),
(31002,14,4119.193,-438.8815,146.6842,100,0,0);
DELETE FROM `creature_spawn_data` WHERE guid IN (113857,113860,113859,113862);
INSERT INTO `creature_spawn_data` (`guid`, `id`) VALUES (113857,20056),(113860,20056),(113859,20056),(113862,20056);
DELETE FROM creature_movement WHERE id IN (113863);
DELETE FROM creature_linking WHERE master_guid IN (113863);
UPDATE creature SET position_x = 4097.044, position_y = -483.2576, position_z = 141.9557, spawndist = 0, MovementType = 0 WHERE guid IN (113863,113861);
DELETE FROM `spawn_group` WHERE id = 31003;
INSERT INTO `spawn_group` (`Id`, `Name`, `Type`, `MaxCount`, `WorldState`, `Flags`) VALUES
(31003, 'Dragonblight - Tempus Wyrm 32185 x2 - Path 1', 0, 0, 0, 1);
DELETE FROM `spawn_group_spawn` WHERE id = 31003;
INSERT INTO `spawn_group_spawn` (`Id`, `Guid`, `SlotId`) VALUES (31003, 113863, 0),(31003, 113861, 1);
DELETE FROM `spawn_group_formation` WHERE id = 31003;
INSERT INTO `spawn_group_formation` (`Id`, `FormationType`, `FormationSpread`, `FormationOptions`, `PathId`, `MovementType`, `Comment`) VALUES
(31003, 3, 3, 0, 31003, 2, 'Dragonblight - Tempus Wyrm 32185 x2 - Path 1');
DELETE FROM `waypoint_path_name` WHERE PathId = 31003;
INSERT INTO `waypoint_path_name` (`PathId`, `Name`) VALUES
(31003,'Dragonblight - Tempus Wyrm 32185 x2 - Path 1');
DELETE FROM `waypoint_path` WHERE PathId = 31003;
INSERT INTO `waypoint_path` (`PathId`, `Point`, `PositionX`, `PositionY`,`PositionZ`, `Orientation`, `WaitTime`, `ScriptId`) VALUES
(31003,1 ,4097.044,-483.2576,141.9557,100,0,0),
(31003,2 ,4136.382,-500.8875,141.9557,100,0,0),
(31003,3 ,4166.104,-487.1107,141.9557,100,0,0),
(31003,4 ,4161.927,-462.8755,141.9557,100,0,0),
(31003,5 ,4133.968,-426.5483,141.9557,100,0,0),
(31003,6 ,4117.856,-402.0503,141.9557,100,0,0),
(31003,7 ,4136.213,-384.799,141.9557,100,0,0),
(31003,8 ,4145.955,-349.7704,141.9557,100,0,0),
(31003,9,4117.731,-334.0284,141.9557,100,0,0),
(31003,10,4081.651,-360.0752,141.9557,100,0,0),
(31003,11,4059.065,-427.9391,141.9557,100,0,0);
DELETE FROM `creature_spawn_data` WHERE guid IN (113863,113861);
INSERT INTO `creature_spawn_data` (`guid`, `id`) VALUES (113863,20056),(113861,20056);

DELETE FROM creature_movement WHERE id IN (103717);
DELETE FROM creature_linking WHERE master_guid IN (103717);
UPDATE creature SET position_x = 3339.73, position_y = 4500.01, position_z = 25.2274, spawndist = 0, MovementType = 0 WHERE guid IN (103717,103718);
DELETE FROM `spawn_group` WHERE id = 30501;
INSERT INTO `spawn_group` (`Id`, `Name`, `Type`, `MaxCount`, `WorldState`, `Flags`) VALUES
(30501, 'Borean Tundra - Taunka\'le Longrunner 26790 x2 - Path 1', 0, 0, 0, 1);
DELETE FROM `spawn_group_spawn` WHERE id = 30501;
INSERT INTO `spawn_group_spawn` (`Id`, `Guid`, `SlotId`) VALUES (30501, 103717, 0),(30501, 103718, 1);
DELETE FROM `spawn_group_formation` WHERE id = 30501;
INSERT INTO `spawn_group_formation` (`Id`, `FormationType`, `FormationSpread`, `FormationOptions`, `PathId`, `MovementType`, `Comment`) VALUES
(30501, 1, 3, 0, 30501, 2, 'Borean Tundra - Taunka\'le Longrunner 26790 x2 - Path 1');
DELETE FROM `waypoint_path_name` WHERE PathId = 30501;
INSERT INTO `waypoint_path_name` (`PathId`, `Name`) VALUES (30501,'Borean Tundra - Taunka\'le Longrunner 26790 x2 - Path 1');
DELETE FROM `waypoint_path` WHERE PathId = 30501;
INSERT INTO `waypoint_path` (`PathId`, `Point`, `PositionX`, `PositionY`,`PositionZ`, `Orientation`, `WaitTime`, `ScriptId`) VALUES
(30501,1,3339.73,4500.01,25.2274,100,0,0),
(30501,2,3348.37,4515.24,24.6799,100,0,0),
(30501,3,3356.99,4531.95,25.5017,100,0,0),
(30501,4,3363.03,4546.13,28.8371,100,0,0),
(30501,5,3368.19,4562.91,26.362,100,0,0),
(30501,6,3372.56,4580.98,29.3727,100,0,0),
(30501,7,3376.88,4597.93,30.7305,100,0,0),
(30501,8,3381.84,4618.89,30.5293,100,0,0),
(30501,9,3384.2,4630.57,30.7113,100,0,0),
(30501,10,3385.91,4647.3,30.974,100,0,0),
(30501,11,3386.18,4666.23,28.8502,100,0,0),
(30501,12,3385.62,4684.48,30.3065,100,0,0),
(30501,13,3384.81,4702.14,32.6181,100,0,0),
(30501,14,3383.64,4723.03,32.8556,100,0,0),
(30501,15,3382.73,4745.57,31.4426,100,0,0),
(30501,16,3382.84,4752.7,31.4832,100,0,0),
(30501,17,3384.55,4761.17,29.4863,100,0,0),
(30501,18,3388.12,4772.91,30.6266,100,0,0),
(30501,19,3393.57,4785.8,31.4612,100,0,0),
(30501,20,3397.5,4797.42,30.4566,100,0,0),
(30501,21,3395.31,4817.08,30.8695,100,0,0),
(30501,22,3390.33,4836.36,30.0611,100,0,0),
(30501,23,3384.28,4848.99,28.6023,100,0,0),
(30501,24,3377.5,4861.94,30.6047,100,0,0),
(30501,25,3368.68,4874.68,29.9492,100,0,0),
(30501,26,3356.22,4886.69,28.5545,100,0,0),
(30501,27,3342.85,4898.56,28.7696,100,0,0),
(30501,28,3330.59,4906.28,31.1647,100,0,0),
(30501,29,3315.64,4907.9,32.0403,100,0,0),
(30501,30,3301.26,4904.95,31.9639,100,0,0),
(30501,31,3278.02,4897.64,30.9531,100,0,0),
(30501,32,3261.52,4889.69,31.2279,100,0,0),
(30501,33,3253.21,4881.93,30.32,100,0,0),
(30501,34,3245.54,4868.65,30.3353,4.34601,0,0),
(30501,35,3242.84,4855.9,31.2917,100,0,0),
(30501,36,3254.97,4831.77,30.4183,100,0,0),
(30501,37,3262.47,4816.02,31.484,100,0,0),
(30501,38,3270.87,4801.87,29.2574,100,0,0),
(30501,39,3279.84,4792.93,31.5691,100,0,0),
(30501,40,3305.06,4779.12,30.9696,100,0,0),
(30501,41,3321.27,4771.6,32.3079,100,0,0),
(30501,42,3334.09,4765.39,32.8692,100,0,0),
(30501,43,3348.45,4757.22,30.9721,100,0,0),
(30501,44,3362.54,4740.76,31.692,100,0,0),
(30501,45,3370.14,4724.45,32.9,100,0,0),
(30501,46,3378.86,4706.17,32.5636,100,0,0),
(30501,47,3382.17,4682.83,29.893,100,0,0),
(30501,48,3384.02,4664.74,28.894,100,0,0),
(30501,49,3383.4,4645.08,31.1346,100,0,0),
(30501,50,3381.86,4620.17,30.5578,100,0,0),
(30501,51,3377.6,4601.5,31.1784,100,0,0),
(30501,52,3372.38,4580.85,29.3458,100,0,0),
(30501,53,3366.52,4562.43,26.4905,100,0,0),
(30501,54,3358.08,4543.35,28.5541,100,0,0),
(30501,55,3346.68,4526.82,24.9609,100,0,0),
(30501,56,3331.4,4508.99,24.3733,100,0,0),
(30501,57,3318.71,4494.93,24.8349,100,0,0),
(30501,58,3310.16,4486.24,24.5207,100,0,0),
(30501,59,3298.32,4475.49,25.3524,100,0,0),
(30501,60,3290.71,4469.61,26.2255,100,0,0),
(30501,61,3281.96,4454.24,24.9748,100,0,0),
(30501,62,3271.96,4435.57,24.4198,100,0,0),
(30501,63,3267.51,4425.97,25.5649,100,0,0),
(30501,64,3266.63,4405.81,25.1038,100,0,0),
(30501,65,3266.79,4388.28,25.5574,100,0,0),
(30501,66,3268.41,4368.53,25.3934,100,0,0),
(30501,67,3271.12,4346.64,25.3836,100,0,0),
(30501,68,3274.79,4325.51,25.0603,100,0,0),
(30501,69,3280.49,4299.12,24.5814,100,0,0),
(30501,70,3284.86,4280.2,24.3126,100,0,0),
(30501,71,3289.47,4259.72,24.0706,100,0,0),
(30501,72,3294.19,4242.73,25.1865,100,0,0),
(30501,73,3299.07,4227.62,26.2627,100,0,0),
(30501,74,3302.04,4212.09,27.6491,100,0,0),
(30501,75,3305.46,4197.77,27.089,100,0,0),
(30501,76,3310.18,4178.61,27.9085,100,0,0),
(30501,77,3314.16,4162.49,26.409,100,0,0),
(30501,78,3317.97,4149.98,27.0007,100,0,0),
(30501,79,3321.22,4141.77,24.7642,100,0,0),
(30501,80,3324.05,4123.78,25.7773,100,0,0),
(30501,81,3326.01,4108,24.5841,100,0,0),
(30501,82,3327.41,4094.04,25.7667,100,0,0),
(30501,83,3331.14,4075.48,27.0324,100,0,0),
(30501,84,3335.48,4063.47,26.2008,100,0,0),
(30501,85,3343.02,4048.55,25.34,100,0,0),
(30501,86,3350.39,4033.06,26.2421,100,0,0),
(30501,87,3357.04,4020.21,26.3234,100,0,0),
(30501,88,3363.74,4011.08,25.841,100,0,0),
(30501,89,3371.32,4002.03,25.6405,100,0,0),
(30501,90,3388.73,4000.58,25.9124,100,0,0),
(30501,91,3407.46,4001.04,25.5914,100,0,0),
(30501,92,3419.89,4003.01,26.6793,100,0,0),
(30501,93,3435.44,4006.13,27.7684,100,0,0),
(30501,94,3451.63,4009.01,27.8375,100,0,0),
(30501,95,3466.57,4011.6,25.0945,100,0,0),
(30501,96,3484.12,4014.83,26.7312,100,0,0),
(30501,97,3505.2,4022.57,23.6549,100,0,0),
(30501,98,3518.1,4027.11,22.7832,100,0,0),
(30501,99,3524.66,4030.77,22.3717,100,0,0),
(30501,100,3527.82,4041.1,21.0024,100,0,0),
(30501,101,3529.88,4057.64,21.7139,100,0,0),
(30501,102,3536.36,4077.03,21.5962,100,0,0),
(30501,103,3542.18,4093.25,22.2937,100,0,0),
(30501,104,3546.29,4104.98,22.5986,100,0,0),
(30501,105,3552.71,4124.25,21.6095,100,0,0),
(30501,106,3567.34,4133.84,21.7557,100,0,0),
(30501,107,3590.67,4148.98,21.7631,100,0,0),
(30501,108,3607.04,4154.9,23.1325,100,0,0),
(30501,109,3623.8,4160.41,25.164,100,0,0),
(30501,110,3651.11,4166.42,25.2313,100,0,0),
(30501,111,3667.53,4172.44,25.1281,100,0,0),
(30501,112,3683.63,4179.28,25.1817,100,0,0),
(30501,113,3704.66,4190.61,25.04,100,0,0),
(30501,114,3722.49,4203.53,24.8126,100,0,0),
(30501,115,3739.83,4215.37,23.729,100,0,0),
(30501,116,3754.27,4225.24,23.7154,100,0,0),
(30501,117,3771.99,4237.97,25.017,100,0,0),
(30501,118,3783.6,4246.81,25.1818,100,0,0),
(30501,119,3808.67,4242.81,25.2967,100,0,0),
(30501,120,3817.22,4240.91,26.6809,100,0,0),
(30501,121,3824.82,4236.56,27.726,100,0,0),
(30501,122,3840.56,4220.46,26.1561,100,0,0),
(30501,123,3849.31,4211.91,28.4448,100,0,0),
(30501,124,3846.3,4191.87,28.3869,100,0,0),
(30501,125,3839.74,4167.74,27.8821,100,0,0),
(30501,126,3830.58,4163.05,26.8149,100,0,0),
(30501,127,3815.12,4158.71,25.4455,100,0,0),
(30501,128,3800.61,4157.04,27.1541,100,0,0),
(30501,129,3783.34,4164.75,24.3405,100,0,0),
(30501,130,3762.69,4174.52,26.6321,100,0,0),
(30501,131,3746.3,4181.73,25.9559,100,0,0),
(30501,132,3729.75,4185.78,24.6273,100,0,0),
(30501,133,3712.65,4181.17,24.5564,100,0,0),
(30501,134,3690.61,4175.32,25.2078,100,0,0),
(30501,135,3665.74,4166.59,25.1869,100,0,0),
(30501,136,3647.31,4158.92,25.3082,100,0,0),
(30501,137,3632.3,4153.35,25.5061,100,0,0),
(30501,138,3612.67,4156.23,23.8631,100,0,0),
(30501,139,3592.09,4158.77,23.8697,100,0,0),
(30501,140,3573.66,4159.51,23.4792,100,0,0),
(30501,141,3556.37,4159.97,23.253,100,0,0),
(30501,142,3543.75,4159.89,22.0084,100,0,0),
(30501,143,3534.17,4160.15,22.0607,100,0,0),
(30501,144,3524.13,4167.7,13.6784,100,0,0),
(30501,145,3514.61,4179.33,12.4819,100,0,0),
(30501,146,3515.73,4184.94,12.4819,100,0,0),
(30501,147,3527.24,4195.35,12.4755,100,0,0),
(30501,148,3533.63,4187.7,12.4755,100,0,0),
(30501,149,3543.77,4183.23,12.4823,100,0,0),
(30501,150,3551.24,4182.84,12.5076,100,0,0),
(30501,151,3560.52,4185.03,12.5693,100,0,0),
(30501,152,3562.54,4190.24,12.4987,100,0,0),
(30501,153,3558.05,4193.96,12.4756,2.62453,120000,2679001),
(30501,154,3539.3,4185.54,12.4757,100,0,0),
(30501,155,3533.85,4187.81,12.4758,100,0,0),
(30501,156,3528.48,4192.89,12.4758,100,0,0),
(30501,157,3515.83,4185.49,12.4801,100,0,0),
(30501,158,3499.07,4171.9,13.0282,100,0,0),
(30501,159,3487.17,4169.04,17.1931,100,0,0),
(30501,160,3481.7,4167.78,17.1931,100,0,0),
(30501,161,3472.58,4172.49,17.1931,2.67017,14000,2679002),
(30501,162,3464.75,4165.35,17.1931,100,0,0),
(30501,163,3463.04,4144.84,17.1931,100,0,0),
(30501,164,3462.19,4131.31,15.2528,100,0,0),
(30501,165,3448.25,4115.78,15.74,100,0,0),
(30501,166,3440.85,4107.56,15.9471,100,0,0),
(30501,167,3424.03,4084.35,16.4445,100,0,0),
(30501,168,3407.13,4074.74,16.9837,100,0,0),
(30501,169,3391.06,4066.57,18.1046,100,0,0),
(30501,170,3383.86,4062.25,19.6053,100,0,0),
(30501,171,3368.72,4071.96,23.8039,100,0,0),
(30501,172,3355.4,4081.26,25.696,100,0,0),
(30501,173,3345.33,4090.11,26.55,100,0,0),
(30501,174,3327.29,4106.92,24.5978,100,0,0),
(30501,175,3311.11,4121.24,25.5652,100,0,0),
(30501,176,3300.56,4131.48,25.4601,100,0,0),
(30501,177,3291.52,4146.61,25.4591,100,0,0),
(30501,178,3285.97,4160.96,25.4591,100,0,0),
(30501,179,3278.35,4178.17,25.8256,100,0,0),
(30501,180,3271.2,4194.61,25.4875,100,0,0),
(30501,181,3261.63,4214.68,25.4921,100,0,0),
(30501,182,3262.07,4238.25,25.5164,100,0,0),
(30501,183,3260.96,4265.21,25.9062,100,0,0),
(30501,184,3272.43,4287.7,24.3801,100,0,0),
(30501,185,3269.59,4312.74,24.9109,100,0,0),
(30501,186,3266.25,4332.59,25.6763,100,0,0),
(30501,187,3265.81,4353.03,25.5313,100,0,0),
(30501,188,3266.35,4375.85,25.501,100,0,0),
(30501,189,3266.91,4390.57,25.5,100,0,0),
(30501,190,3270.16,4406.95,24.6636,100,0,0),
(30501,191,3274.93,4423.54,24.4789,100,0,0),
(30501,192,3282.43,4438.04,24.3222,100,0,0),
(30501,193,3296.31,4453.94,24.9764,100,0,0),
(30501,194,3310.63,4468.87,24.8352,100,0,0),
(30501,195,3323.54,4482.08,24.9659,100,0,0),
(30501,196,3332.7,4491.07,25.4607,100,0,0);

REPLACE INTO `questgiver_greeting` (`entry`, `type`, `Text`, `EmoteId`, `EmoteDelay`) VALUES (10321, 0, '<Emberstrife acknowledges your presence.>', 0, 0);

UPDATE `gameobject` SET `position_z` = -4.29736 WHERE `id` = 178304;

UPDATE `npc_vendor` SET `maxcount` = 2 WHERE `entry` = 167 AND `item` = 4765;

UPDATE `creature_model_info` SET `bounding_radius`=0.5 WHERE `modelid`=4449;
UPDATE `creature_model_info` SET `bounding_radius`=0.51765 WHERE `modelid`=525;
UPDATE `creature_model_info` SET `bounding_radius`=0.759322 WHERE `modelid`=1307;
UPDATE `creature_model_info` SET `bounding_radius`=0.347 WHERE `modelid`=1657;
UPDATE `creature_model_info` SET `bounding_radius`=0.306 WHERE `modelid`=2383;
UPDATE `creature_model_info` SET `bounding_radius`=0.50915 WHERE `modelid`=2568;
UPDATE `creature_model_info` SET `bounding_radius`=0.347 WHERE `modelid`=3452;
UPDATE `creature_model_info` SET `bounding_radius`=0.4279 WHERE `modelid`=4212;
UPDATE `creature_model_info` SET `bounding_radius`=0.214 WHERE `modelid`=4244;
UPDATE `creature_model_info` SET `bounding_radius`=0.50915 WHERE `modelid`=4267;
UPDATE `creature_model_info` SET `bounding_radius`=0.5 WHERE `modelid`=4317;
UPDATE `creature_model_info` SET `bounding_radius`=0.214 WHERE `modelid`=4494;
UPDATE `creature_model_info` SET `bounding_radius`=0.21 WHERE `modelid`=4566;
UPDATE `creature_model_info` SET `bounding_radius`=0.214 WHERE `modelid`=4731;
UPDATE `creature_model_info` SET `bounding_radius`=1.06575 WHERE `modelid`=5489;
UPDATE `creature_model_info` SET `bounding_radius`=0.372 WHERE `modelid`=8701;
UPDATE `creature_model_info` SET `bounding_radius`=0.306 WHERE `modelid`=8717;
UPDATE `creature_model_info` SET `bounding_radius`=0.3366 WHERE `modelid`=9291;
UPDATE `creature_model_info` SET `bounding_radius`=0.3975 WHERE `modelid`=9993;
UPDATE `creature_model_info` SET `bounding_radius`=0.306 WHERE `modelid`=10354;
UPDATE `creature_model_info` SET `bounding_radius`=0.306 WHERE `modelid`=10638;
UPDATE `creature_model_info` SET `bounding_radius`=1.218 WHERE `modelid`=5564;
UPDATE `creature_model_info` SET `bounding_radius`=1.75 WHERE `modelid`=11460;
UPDATE `creature_model_info` SET `bounding_radius`=2.5 WHERE `modelid`=11564;
UPDATE `creature_model_info` SET `bounding_radius`=3.4725 WHERE `modelid`=13174;
UPDATE `creature_model_info` SET `bounding_radius`=0.347 WHERE `modelid`=13258;
UPDATE `creature_model_info` SET `bounding_radius`=0.347 WHERE `modelid`=13259;
UPDATE `creature_model_info` SET `bounding_radius`=0.2596 WHERE `modelid`=13305;
UPDATE `creature_model_info` SET `bounding_radius`=0.306 WHERE `modelid`=13345;
UPDATE `creature_model_info` SET `bounding_radius`=0.306 WHERE `modelid`=13346;
UPDATE `creature_model_info` SET `bounding_radius`=0.25415 WHERE `modelid`=11651;
UPDATE `creature_model_info` SET `bounding_radius`=0.18785 WHERE `modelid`=11652;
UPDATE `creature_model_info` SET `bounding_radius`=0.372 WHERE `modelid`=12080;
UPDATE `creature_model_info` SET `bounding_radius`=0.65 WHERE `modelid`=12966;
UPDATE `creature_model_info` SET `bounding_radius`=2.09855 WHERE `modelid`=13093;
UPDATE `creature_model_info` SET `bounding_radius`=0.436441 WHERE `modelid`=5985;
UPDATE `creature_model_info` SET `bounding_radius`=0.214 WHERE `modelid`=6630;
UPDATE `creature_model_info` SET `bounding_radius`=0.214 WHERE `modelid`=6631;
UPDATE `creature_model_info` SET `bounding_radius`=2.25 WHERE `modelid`=8390;
UPDATE `creature_model_info` SET `bounding_radius`=0.372 WHERE `modelid`=8699;
UPDATE `creature_model_info` SET `bounding_radius`=0.372 WHERE `modelid`=8700;
UPDATE `creature_model_info` SET `bounding_radius`=2.436 WHERE `modelid`=13444;
UPDATE `creature_model_info` SET `bounding_radius`=0.372 WHERE `modelid`=13773;
UPDATE `creature_model_info` SET `bounding_radius`=0.306 WHERE `modelid`=15749;
UPDATE `creature_model_info` SET `bounding_radius`=0.306 WHERE `modelid`=15750;
UPDATE `creature_model_info` SET `bounding_radius`=0.383 WHERE `modelid`=15951;
UPDATE `creature_model_info` SET `bounding_radius`=0.383 WHERE `modelid`=15952;
UPDATE `creature_model_info` SET `bounding_radius`=0.372 WHERE `modelid`=15954;
UPDATE `creature_model_info` SET `bounding_radius`=0.9747 WHERE `modelid`=15955;
UPDATE `creature_model_info` SET `bounding_radius`=0.383 WHERE `modelid`=16008;
UPDATE `creature_model_info` SET `bounding_radius`=0.306 WHERE `modelid`=15757;
UPDATE `creature_model_info` SET `bounding_radius`=0.4836 WHERE `modelid`=15760;
UPDATE `creature_model_info` SET `bounding_radius`=0.306 WHERE `modelid`=15762;
UPDATE `creature_model_info` SET `bounding_radius`=0.306 WHERE `modelid`=15763;
UPDATE `creature_model_info` SET `bounding_radius`=0.306 WHERE `modelid`=15765;
UPDATE `creature_model_info` SET `bounding_radius`=1 WHERE `modelid`=15879;
UPDATE `creature_model_info` SET `bounding_radius`=0.236 WHERE `modelid`=13774;
UPDATE `creature_model_info` SET `bounding_radius`=0.347 WHERE `modelid`=13781;
UPDATE `creature_model_info` SET `bounding_radius`=0.347 WHERE `modelid`=13782;
UPDATE `creature_model_info` SET `bounding_radius`=0.347 WHERE `modelid`=13783;
UPDATE `creature_model_info` SET `bounding_radius`=0.347 WHERE `modelid`=13784;
UPDATE `creature_model_info` SET `bounding_radius`=0.347 WHERE `modelid`=13795;
UPDATE `creature_model_info` SET `bounding_radius`=0.347 WHERE `modelid`=13796;
UPDATE `creature_model_info` SET `bounding_radius`=0.347 WHERE `modelid`=13797;
UPDATE `creature_model_info` SET `bounding_radius`=0.347 WHERE `modelid`=13798;
UPDATE `creature_model_info` SET `bounding_radius`=0.2568 WHERE `modelid`=14378;
UPDATE `creature_model_info` SET `bounding_radius`=0.306 WHERE `modelid`=14381;
UPDATE `creature_model_info` SET `bounding_radius`=1.2502 WHERE `modelid`=14406;
UPDATE `creature_model_info` SET `bounding_radius`=2.2 WHERE `modelid`=14423;
UPDATE `creature_model_info` SET `bounding_radius`=0.389 WHERE `modelid`=15734;
UPDATE `creature_model_info` SET `bounding_radius`=0.372 WHERE `modelid`=13554;
UPDATE `creature_model_info` SET `bounding_radius`=0.236 WHERE `modelid`=13555;
UPDATE `creature_model_info` SET `bounding_radius`=0.383 WHERE `modelid`=13556;
UPDATE `creature_model_info` SET `bounding_radius`=0.372 WHERE `modelid`=13571;
UPDATE `creature_model_info` SET `bounding_radius`=0.236 WHERE `modelid`=13572;
UPDATE `creature_model_info` SET `bounding_radius`=0.9747 WHERE `modelid`=13573;
UPDATE `creature_model_info` SET `bounding_radius`=0.8725 WHERE `modelid`=13574;
UPDATE `creature_model_info` SET `bounding_radius`=0.372 WHERE `modelid`=13594;
UPDATE `creature_model_info` SET `bounding_radius`=0.236 WHERE `modelid`=13595;
UPDATE `creature_model_info` SET `bounding_radius`=0.372 WHERE `modelid`=13596;
UPDATE `creature_model_info` SET `bounding_radius`=0.236 WHERE `modelid`=13597;

DELETE FROM `creature_template_spells` WHERE `entry` = 11872;
DELETE FROM `creature_template_spells` WHERE `entry` = 9451;


UPDATE `creature_model_info` SET `combat_reach`=0.75 WHERE `modelid`=4449;
UPDATE `creature_model_info` SET `combat_reach`=1.275 WHERE `modelid`=525;
UPDATE `creature_model_info` SET `combat_reach`=0.949153 WHERE `modelid`=1307;
UPDATE `creature_model_info` SET `combat_reach`=1.5 WHERE `modelid`=1657;
UPDATE `creature_model_info` SET `combat_reach`=1.5 WHERE `modelid`=2383;
UPDATE `creature_model_info` SET `combat_reach`=1.0625 WHERE `modelid`=2568;
UPDATE `creature_model_info` SET `combat_reach`=1.5 WHERE `modelid`=3452;
UPDATE `creature_model_info` SET `combat_reach`=1.0625 WHERE `modelid`=4267;
UPDATE `creature_model_info` SET `combat_reach`=0.625 WHERE `modelid`=4317;
UPDATE `creature_model_info` SET `combat_reach`=0.9 WHERE `modelid`=4566;
UPDATE `creature_model_info` SET `combat_reach`=2.625 WHERE `modelid`=5489;
UPDATE `creature_model_info` SET `combat_reach`=3 WHERE `modelid`=5564;
UPDATE `creature_model_info` SET `combat_reach`=0.872881 WHERE `modelid`=5985;
UPDATE `creature_model_info` SET `combat_reach`=0 WHERE `modelid`=6295;
UPDATE `creature_model_info` SET `combat_reach`=0 WHERE `modelid`=6297;
UPDATE `creature_model_info` SET `combat_reach`=2.25 WHERE `modelid`=8390;
UPDATE `creature_model_info` SET `combat_reach`=1.5 WHERE `modelid`=8699;
UPDATE `creature_model_info` SET `combat_reach`=1.5 WHERE `modelid`=8717;
UPDATE `creature_model_info` SET `combat_reach`=0.75 WHERE `modelid`=9993;
UPDATE `creature_model_info` SET `combat_reach`=1.5 WHERE `modelid`=13345;
UPDATE `creature_model_info` SET `combat_reach`=1.5 WHERE `modelid`=13346;
UPDATE `creature_model_info` SET `combat_reach`=1.5 WHERE `modelid`=10354;
UPDATE `creature_model_info` SET `combat_reach`=17.5 WHERE `modelid`=11460;
UPDATE `creature_model_info` SET `combat_reach`=3.75 WHERE `modelid`=11564;
UPDATE `creature_model_info` SET `combat_reach`=1.725 WHERE `modelid`=11651;
UPDATE `creature_model_info` SET `combat_reach`=1.275 WHERE `modelid`=11652;
UPDATE `creature_model_info` SET `combat_reach`=1.5 WHERE `modelid`=12080;
UPDATE `creature_model_info` SET `combat_reach`=6 WHERE `modelid`=13444;
UPDATE `creature_model_info` SET `combat_reach`=1.5 WHERE `modelid`=13554;
UPDATE `creature_model_info` SET `combat_reach`=1.5 WHERE `modelid`=13571;
UPDATE `creature_model_info` SET `combat_reach`=4.05 WHERE `modelid`=13573;
UPDATE `creature_model_info` SET `combat_reach`=3.75 WHERE `modelid`=13574;
UPDATE `creature_model_info` SET `combat_reach`=1.5 WHERE `modelid`=13594;
UPDATE `creature_model_info` SET `combat_reach`=1.5 WHERE `modelid`=13773;
UPDATE `creature_model_info` SET `combat_reach`=1.5 WHERE `modelid`=13781;
UPDATE `creature_model_info` SET `combat_reach`=1.5 WHERE `modelid`=13795;
UPDATE `creature_model_info` SET `combat_reach`=1.8 WHERE `modelid`=14378;
UPDATE `creature_model_info` SET `combat_reach`=1.5 WHERE `modelid`=14381;
UPDATE `creature_model_info` SET `combat_reach`=2.1 WHERE `modelid`=14406;
UPDATE `creature_model_info` SET `combat_reach`=0 WHERE `modelid`=14936;
UPDATE `creature_model_info` SET `combat_reach`=0 WHERE `modelid`=14938;
UPDATE `creature_model_info` SET `combat_reach`=1.8 WHERE `modelid`=15643;
UPDATE `creature_model_info` SET `combat_reach`=1.5 WHERE `modelid`=15951;
UPDATE `creature_model_info` SET `combat_reach`=1.5 WHERE `modelid`=15954;
UPDATE `creature_model_info` SET `combat_reach`=4.05 WHERE `modelid`=15955;
UPDATE `creature_model_info` SET `combat_reach`=0 WHERE `modelid`=16356;
UPDATE `creature_model_info` SET `combat_reach`=0 WHERE `modelid`=16358;
UPDATE `creature_model_info` SET `combat_reach`=1.95 WHERE `modelid`=15760;
UPDATE `creature_model_info` SET `combat_reach`=3 WHERE `modelid`=12818;
UPDATE `creature_model_info` SET `combat_reach`=1.65 WHERE `modelid`=9291;
UPDATE `creature_model_info` SET `combat_reach`=1.65 WHERE `modelid`=4212;
UPDATE `creature_model_info` SET `combat_reach`=3.75 WHERE `modelid`=13174;
UPDATE `creature_model_info` SET `combat_reach`=1.5 WHERE `modelid`=13258;
UPDATE `creature_model_info` SET `combat_reach`=1.65 WHERE `modelid`=13305;
UPDATE `creature_model_info` SET `combat_reach`=1.95 WHERE `modelid`=12966;
UPDATE `creature_model_info` SET `combat_reach`=3.525 WHERE `modelid`=13093;

INSERT INTO `creature_spell_list_entry` (`Id`, `Name`, `ChanceSupportAction`, `ChanceRangedAttack`) VALUES
(1640901, 'Karazhan - Phantom Guest (Engineer)', 0, 0),
(1640902, 'Karazhan - Phantom Guest (Healer)', 0, 0),
(1640903, 'Karazhan - Phantom Guest (Hunter)', 0, 75),
(1640904, 'Karazhan - Phantom Guest (Caster)', 0, 75),
(1640905, 'Karazhan - Phantom Guest (Melee)', 0, 0);
INSERT INTO `creature_spell_list` (`Id`, `Position`, `SpellId`, `Flags`, `CombatCondition`, `TargetId`, `ScriptId`, `Availability`, `Probability`, `InitialMin`, `InitialMax`, `RepeatMin`, `RepeatMax`, `Comments`) VALUES
(1640901, 1, 29579, 0, -1, 1, 0, 100, 0, 2400, 4900, 14600, 21800, 'Phantom Guest (Version - Engineer) - Throw Dynamite - on current'),
(1640901, 2, 29513, 0, -1, 0, 0, 100, 0, 6050, 14550, 8500, 17000, 'Phantom Guest (Version - Engineer) - Goblin Dragon Gun - on current'),
(1640902, 1, 29580, 0, -1, 201, 0, 100, 0, 2000, 9000, 9000, 13000, 'Phantom Guest (Version - Healer) - Heal - Missing 50% including self'),
(1640902, 2, 29514, 0, -1, 1, 0, 100, 0, 8450, 8500, 5000, 10000, 'Phantom Guest (Version - Healer) - Holy Nova - on current'),
(1640903, 3, 29583, 0, -1, 1, 0, 100, 0, 7000, 11000, 7000, 9000, 'Phantom Guest (Version - hunter) - Impale on current - on current'),
(1640903, 4, 29582, 2, -1, 1, 0, 100, 0, 0, 2400, 2400, 3700, 'Phantom Guest (Version - hunter) - Throw on current - on current'),
(1640904, 1, 29928, 0, -1, 1, 0, 100, 0, 9700, 21000, 13000, 23000, 'Phantom Guest (Version - Caster) - Immolate - on current'),
(1640904, 2, 29930, 0, -1, 1, 0, 100, 0, 6000, 25000, 10000, 25000, 'Phantom Guest (Version - Caster) - Curse of Agony - on current'),
(1640904, 3, 29492, 2, -1, 1, 0, 100, 0, 0, 1200, 1200, 2500, 'Phantom Guest (Version - Caster) - Searing Pain - on current'),
(1640905, 1, 29581, 0, -1, 1, 0, 100, 0, 0, 5000, 6000, 9000, 'Phantom Guest (Version - Healer) - Punch - on current');

-- --------------------------------------------------------------------------------------------------------------------------------------------------------------
